{"version":"1.0","dataSet":{"info":{"date":"20230116","occupation":"ICT","channel":"MOCK","place":"ONLINE","gender":"MALE","ageRange":"45-54","experience":"EXPERIENCED"},"question":{"raw":{"text":"지원자님께서는 스스로 생각하기에 숫자와 창의 중에서 어떤 것에 더 가깝다고 생각하시는지 궁금한데요 그 이유와 함께 자세하게 설명해 주시기 바랍니다","wordCount":19},"emotion":[],"intent":[]},"answer":{"raw":{"text":"저는 숫자죠. 네 제 직업의 특성상 저는 뭐 새로운 걸 뭘 뭘 번뜩이는 아이디어를 생각해내고 뭘 또 만들어내고 뭐 이런 쪽은 아니기 때문에 저는 숫자에 가깝죠. 숫자가 더 맞고 그런 걸 봤을 때 더 저는 더 안정돼요 네. 그런 제가 이런 송출 일만 지금 경력으로 따지면 이십 오 년 이상 된 것 같아요. 그래서 이건 당연히 기술직이고 그리고 그냥 오래 하다 보면은 알게 되는 것 같아요. 또 일도 알지만 그냥 이걸 하는 사람에 대해서 알게 되고 그러니까 저도 그 제 주변도 알지만 저 스스로를 다시 한 번 나는 어떤 사람인지도 알게 되고 직업이 그 사람을 설명할 수 있는 자연스러운 게 되는 것 같아서 돌이켜 봤을 때 당연히 저는 숫자가 맞는 사람인 것 같이 같다고 생각합니다.","wordCount":115},"emotion":[],"intent":[{"text":"","expression":"","category":"attitude"}],"summary":{"text":"저는 직업의 특성상 숫자에 가깝고, 경력이 20년 이상 된 것 같습니다. 일을 오래하다 보면 일을 하는 사람에 대해 알게 되고 스스로를 다시 한 번 저는 어떤 사람인지도 알게 되고 직업이 사람을 설명할 수 있는 자연스러운 것이 되어 저는 숫자가 맞는 사람이라고 생각합니다.","wordCount":42}}},"rawDataInfo":{"question":{"fileFormat":"wav","fileSize":428238,"duration":13380,"samplingBit":16,"channelCount":1,"samplingRate":"16kHz","audioPath":"/Mock/05.ICT/Male/Experienced/ckmk_q_ict_m_e_159896.wav"},"answer":{"fileFormat":"wav","fileSize":2521678,"duration":78800,"samplingBit":16,"channelCount":1,"samplingRate":"16kHz","audioPath":"/Mock/05.ICT/Male/Experienced/ckmk_a_ict_m_e_159896.wav"}}}