{"version":"1.0","dataSet":{"info":{"date":"20230116","occupation":"ICT","channel":"MOCK","place":"ONLINE","gender":"MALE","ageRange":"35-44","experience":"EXPERIENCED"},"question":{"raw":{"text":"상사가 회사의 이익에 반하는 행동을 하는 것을 직접 목격했습니다 그때 어떻게 행동하시겠어요","wordCount":12},"emotion":[],"intent":[]},"answer":{"raw":{"text":"아 이제 상사가 업무 간에 회사의 이익 창출이 아닌 이익에 축소되는 행동을 목격했을 때에 대한 답변을 드리겠습니다. 일단 그 상사가 무슨 의도로 무슨 어떤 의도로 그렇게 행동을 하는지에 대해서부터 일단 캐치를 해야 할 것 같습니다. 분명히 또 깊은 뜻이 있을 수도 있습니다. 그게 나중에 더욱더 회사에 그런 이미지나 이런 것들이 또 창출이 돼서 효과가 있을 수도 있기 때문에 상사가 무슨 의도로 그렇게 행동을 했는지에 대해서 일단 알아보고 일단 그게 너무 불합리적이고 어 효과가 없을 것으로 판단됐을 시에는 저는 그 윗 단계에 보고를 할 것 같습니다. 왜 그러냐면 우선 나쁜 의도가 있을 수도 있고 다른 의도가 있을 수도 있기 때문에 그 부분에 대해서는 어 좀 더 연구를 해 보고 알아본 뒤에 도저히 비상신적인 행동이다 라고 느껴졌을 때는 그 윗 단계 상급자에게 보고를 해서 그에 해당한 어 조치가 취해질 수 있도록 해야 회사의 손해가 없을 것으로 판단이 될 것 같습니다. 이상입니다.","wordCount":139},"emotion":[],"intent":[{"text":"","expression":"","category":"attitude"}],"summary":{"text":"상사가 업무 간에 회사의 이익 창출이 아닌 이익에 축소되는 행동을 목격했을 때에 대한 답변을 드리겠습니다. 일단 무슨 의도로 그렇게 행동을 하는지에 대해서부터 일단 캐치해야 할 것 같습니다. 비상식적인 행동이다 라고 느껴졌을 때는 그 윗 단계 상급자에게 보고를 해서 조치가 취해질 수 있도록 해야 회사의 손해가 없을 것으로 판단이 될 것입니다.","wordCount":50}}},"rawDataInfo":{"question":{"fileFormat":"wav","fileSize":350798,"duration":10960,"samplingBit":16,"channelCount":1,"samplingRate":"16kHz","audioPath":"/Mock/05.ICT/Male/Experienced/ckmk_q_ict_m_e_140093.wav"},"answer":{"fileFormat":"wav","fileSize":2690958,"duration":84090,"samplingBit":16,"channelCount":1,"samplingRate":"16kHz","audioPath":"/Mock/05.ICT/Male/Experienced/ckmk_a_ict_m_e_140093.wav"}}}