{"version":"1.0","dataSet":{"info":{"date":"20230116","occupation":"ICT","channel":"MOCK","place":"ONLINE","gender":"MALE","ageRange":"45-54","experience":"EXPERIENCED"},"question":{"raw":{"text":"면접자분께서 팀과 일하는 것과 혼자 일하는 것 중 어느 것을 선호합니까","wordCount":11},"emotion":[],"intent":[]},"answer":{"raw":{"text":"어 이 질문은 그 제가 맡은 제가 해야 될 그 업무 프로젝트가 무엇이냐에 따라서 좀 답변이 달라질 것 같습니다. 어 일을 하다보면 이 팀으로 했을 때 훨씬 효율적인 일이 있고 어 때에 따라서는 혼자서 하는 것이 일의 능률이 능률을 더 높일 수 있는 경우가 있습니다. 그래서 그 프로젝트에 따라서 때로는 팀으로 일해서 일을 할 때 더 시너지를 발휘 할 수도 있고 어 혼자 해서 일을 할 때 더 시너지를 발휘할 수도 있는데 어 그것을 만약에 선택할 수 있고 그게 팀 아닌 어 개인으로 해도 되는 일이라면 저는 가능한 혼자서 일을 하는 걸 더 선호합니다. 그 혼자서 일을 한다라는 것은 제 스스로 시간을 분배해 시간을 좀 자유롭게 쓸 수 있고 그게 나태해진다라는 의미가 아니라 어 일이 안 될 때 억지로 그 일을 뭐 눈치 봐 오면서 잡고 있지 않는다는 뜻입니다. 뭐 탄력 받으면 뭐 밤을 새서라도 그 일을 계속 할 때도 있고 이런 식으로 내 스스로 시간 조절을 할 수 있고 시간을 이용할 수도 있기 때문에 오히려 팀으로 일할 때보다 더 능률이나 효율적에서 더 좋았던 사례가 있었습니다. 그래서 저는 팀과 혼자 하는 거를 그냥 단순히 그 업무 형태를 고를 수 있다라면 저는 혼자 일하는 것을 더 선호합니다.","wordCount":186},"emotion":[],"intent":[{"text":"","expression":"","category":"attitude"}],"summary":{"text":"업무 프로젝트가 팀일 때와 혼자 할 때 중 어떤 것이 더 효율적일지 저는 개인적으로 혼자 하는 것을 더 선호합니다. 혼자 하는 일은 제 스스로 시간을 분배해 시간을 자유롭게 쓸 수 있고 나태해진다라는 뜻이 아니라 일이 안 될 때 억지로 그 일을 눈치 보며 잡고 있지 않다는 의미입니다.","wordCount":47}}},"rawDataInfo":{"question":{"fileFormat":"wav","fileSize":359758,"duration":11240,"samplingBit":16,"channelCount":1,"samplingRate":"16kHz","audioPath":"/Mock/05.ICT/Male/Experienced/ckmk_q_ict_m_e_43199.wav"},"answer":{"fileFormat":"wav","fileSize":2803918,"duration":87620,"samplingBit":16,"channelCount":1,"samplingRate":"16kHz","audioPath":"/Mock/05.ICT/Male/Experienced/ckmk_a_ict_m_e_43199.wav"}}}