{"version":"1.0","dataSet":{"info":{"date":"20230116","occupation":"ICT","channel":"MOCK","place":"ONLINE","gender":"MALE","ageRange":"35-44","experience":"EXPERIENCED"},"question":{"raw":{"text":"지원자님께서는 본인이 팀장에 더 잘 맞을 것 같은지 아니면 팀원에 더 잘 맞을 것 같은지 그렇게 생각하시는 이유와 함께 자세하게 설명해 주시기 바랍니다","wordCount":23},"emotion":[],"intent":[]},"answer":{"raw":{"text":"어 팀장이냐 팀원이냐 둘 중에 하나만을 선택할 수 있다면은 저는 팀원을 선택하고 싶습니다. 어 어떻게 보면 좀 비겁해 보일 수도 있지만 그 팀장에 아 그 어깨에 짐을 짊어지게 될 그런 큰 무게가 어 어 개인적으로 굉장히 어 버겁다고 저는 제 성향상 그렇게 생각하고요. 어 하나의 그런 똘똘한 팀원 중의 하나 한 명으로서 이 팀이 잘 이끌어 잘 전진할 수 있도록 서포트를 하고 그리고 협업을 하고 하는 것이 이제 성향상에 맞는다고 생각을 하고요. 그리고 팀장 팀장님께도 그 누가 되지 않도록 팀장과 팀원에게 누가 되지 않도록 그런 아 같 다 같이 이렇게 큰 그림을 보고 함께 같은 배에 타서 항해를 하는 어떤 그 배처럼 생각을 하고 그렇게 팀원으로서의 제 역할을 톡톡히 잘하는 것에 하는 것에 있어서 저의 성향과 좀 맞는 것 같습니다.","wordCount":120},"emotion":[],"intent":[{"text":"","expression":"","category":"attitude"}],"summary":{"text":"팀원 중 하나로써 이 팀이 잘 이끌어 잘 전진할 수 있도록 서포트하고 협업을 하는 것이 제 성향상 맞다고 생각하며,  팀장님께도 누가 되지 않도록 같은 그림을 보고 팀원으로서의 제 역할을 잘하는 것이 제 성향과 맞는 것 같습니다.","wordCount":36}}},"rawDataInfo":{"question":{"fileFormat":"wav","fileSize":589518,"duration":18420,"samplingBit":16,"channelCount":1,"samplingRate":"16kHz","audioPath":"/Mock/05.ICT/Male/Experienced/ckmk_q_ict_m_e_298686.wav"},"answer":{"fileFormat":"wav","fileSize":2404558,"duration":75140,"samplingBit":16,"channelCount":1,"samplingRate":"16kHz","audioPath":"/Mock/05.ICT/Male/Experienced/ckmk_a_ict_m_e_298686.wav"}}}