{"version":"1.0","dataSet":{"info":{"date":"20230116","occupation":"ICT","channel":"MOCK","place":"ONLINE","gender":"MALE","ageRange":"55-","experience":"EXPERIENCED"},"question":{"raw":{"text":"지원자분께서 대학 생활을 보내시면서 가장 힘들었던 경험이 있으시다면 그것이 무엇인지 답변 부탁드립니다 그리고 그와 같은 경험을 어떻게 극복하셨는지에 대해서도 함께 말씀해 주시면 좋겠습니다","wordCount":23},"emotion":[],"intent":[]},"answer":{"raw":{"text":"지금은 추억이 되었지만 대학 생활 가운데에서 어 힘들었던 상황 중에 주로 그 저학년 때에 특히 이제 일 이 학년 때였던 것 같습니다. 선배들의 강압적인 술자리 또 동문회에서의 군기 잡기 그런 것들이 저는 개인적으로는 굉장히 싫었습니다. 저는 개인의 사생활이 중요하다고 생각했고 또한 어 권위적인 그 시절에 학교를 다녔었고 또 중 고등학교 때 겪었던 그런 어떤 선생님들의 권위적인 문화들이 되기 싫었기 때문에 선배들의 그런 어떤 강압적인 또는 권위적인 그런 행태가 너무 싫어서 어 그런 어떤 동문회에서의 그런 것들 그리고 밤의 술자리 문화 같은 것들이 어 싫었는데요. 그것을 어 동료들에게 또 친구들에게 어 개인적으로 이야기하고 도움을 구하고 또 선배들에게 직접 찾아가 어 저는 이러이러하니 이러 이런 것들은 어 좀 싫다 자제해 주셨으면 좋겠다 라고 직접적인 설득과 또한 어 밤에 그런 그 자리가 예견되는 자리는 참여하지 않는 식으로 해서 어 그 상황을 어 피해가고 어 모면했던 것 같습니다.","wordCount":134},"emotion":[{"text":"선배들의 강압적인 술자리 또 동문회에서의 군기 잡기 그런 것들이 저는 개인적으로는 굉장히 싫었습니다.","expression":"n-distress","category":"negative"},{"text":"저는 개인의 사생활이 중요하다고 생각했고 또한 어 권위적인 그 시절에 학교를 다녔었고 또 중 고등학교 때 겪었던 그런 어떤 선생님들의 권위적인 문화들이 되기 싫었기 때문에 선배들의 그런 어떤 강압적인 또는 권위적인 그런 행태가 너무 싫어서 어 그런 어떤 동문회에서의 그런 것들 그리고 밤의 술자리 문화 같은 것들이 어 싫었는데요.","expression":"n-distress","category":"negative"}],"intent":[{"text":"지금은 추억이 되었지만 대학 생활 가운데에서 어 힘들었던 상황 중에 주로 그 저학년 때에 특히 이제 일 이 학년 때였던 것 같습니다.","expression":"c_private","category":"background"}],"summary":{"text":"대학 생활 가운데에서 힘들었던 상황 중에 주로 저학년 때 선배들의 강압적인 술자리, 동문회의 군기 잡기 그런 것들이 굉장히 싫어서 동료들에게 도움을 구하고 선배에게 직접 찾아가 직접 설득하고, 밤의 자리가 예견되는 자리는 참여하지 않는 식으로 해서 그 상황을 피해야 했던 것 같습니다.","wordCount":41}}},"rawDataInfo":{"question":{"fileFormat":"wav","fileSize":622158,"duration":19440,"samplingBit":16,"channelCount":1,"samplingRate":"16kHz","audioPath":"/Mock/05.ICT/Male/Experienced/ckmk_q_ict_m_e_285343.wav"},"answer":{"fileFormat":"wav","fileSize":3053518,"duration":95420,"samplingBit":16,"channelCount":1,"samplingRate":"16kHz","audioPath":"/Mock/05.ICT/Male/Experienced/ckmk_a_ict_m_e_285343.wav"}}}