{"version":"1.0","dataSet":{"info":{"date":"20230116","occupation":"ICT","channel":"MOCK","place":"ONLINE","gender":"MALE","ageRange":"-34","experience":"EXPERIENCED"},"question":{"raw":{"text":"만약 지원자님께서 지금 지원하신 이 직무가 아니라 다른 부서에 배치 받게 되신다면 어떻게 하실 건가요 그래도 괜찮으실 것 같은가요","wordCount":19},"emotion":[],"intent":[]},"answer":{"raw":{"text":"네 우선 어 다른 부서에 배치되더라도 어 제가 할 수 있는 일이 무엇인지 혹은 제가 해야만 하는 일이 무엇인지를 먼저 명확하게 파악하고 그다음에 혹여나 어 그 부분이 너무 마음에 안 들면 어 팀장님과 면 담을 요청해서 조금 더 제가 나아질 수 있는 방향으로 이 얘기를 해보고 어 결과를 어떤 식으로든 도출할 것 같습니다.","wordCount":53},"emotion":[],"intent":[{"text":"","expression":"","category":"attitude"}],"summary":{"text":"다른 부서에 배치되더라도 제가 할 수 있는 일이 무엇인지, 해야만 하는 일이 무엇인지를 먼저 명확하게 파악 후 결과를 도출할 것 같습니다.","wordCount":21}}},"rawDataInfo":{"question":{"fileFormat":"wav","fileSize":625998,"duration":19560,"samplingBit":16,"channelCount":1,"samplingRate":"16kHz","audioPath":"/Mock/05.ICT/Male/Experienced/ckmk_q_ict_m_e_242825.wav"},"answer":{"fileFormat":"wav","fileSize":1075918,"duration":33620,"samplingBit":16,"channelCount":1,"samplingRate":"16kHz","audioPath":"/Mock/05.ICT/Male/Experienced/ckmk_a_ict_m_e_242825.wav"}}}