{"version":"1.0","dataSet":{"info":{"date":"20230116","occupation":"ICT","channel":"MOCK","place":"ONLINE","gender":"MALE","ageRange":"55-","experience":"EXPERIENCED"},"question":{"raw":{"text":"어 지금까지 남들과는 다른 경쟁력을 위해서 무엇을 하셨는지 궁금합니다 어 본인만의 그러한 경쟁력을 키우기 위해서 어떤 노력을 해 오셨는지 말씀해 주시길 바랍니다","wordCount":22},"emotion":[],"intent":[]},"answer":{"raw":{"text":"아이씨티 분야 삼십 여 년을 되돌아보면 참 많은 변화가 있었습니다. 제가 네트워킹 분야에 처음 발을 담근 이후로 사이버 시큐리티라든지 지능형 네트워크라든지 또한 어 스마트 시티 네트워크 같은 이런 아이씨티가 접목된 분야들이 점점점 다양해져 가고 있었는데요. 그 가운데에서 한 분야에만 머무르기에는 너무나도 생명력도 짧고 또 사회 변화에 또 사업 변화를 대응할 수가 없다 라는 판단 하에 이 이런 사회적인 변화 기술적인 발전 등을 끊임없이 스터디하고 공부하면서 어 제 스스로 새로운 지식에 대한 날리지 습득과 또한 그것을 사업화하는 부분들에 대한 고민을 통해서 지속적인 개발을 해 왔었습니다. 그래서 지금은 어 사 차 산업혁명 시대로 접어들고 있는데 십여 년 전부터 아이씨비엠 인공지능 분야에까지 관심을 가지고 사회 변화 트렌드 변화 사회 발전에 따른 아이씨티 서비스가 어떻게 변화되는지를 보면서 현재 플랫폼 비즈니스가 이렇게 발전된 부분에 이르기까지 어 어 저의 날리쥐와 또한 그 가운데에서 비즈니스라 이끌어내는 그런 어 역량을 키워 왔습니다.","wordCount":134},"emotion":[],"intent":[{"text":"","expression":"","category":"attitude"}],"summary":{"text":"제가 네트워킹 분야에 처음 발을 담근 이후로 아이씨티가 접목된 분야들이 점점 다양해져 가고 있었습니다. 그 가운데서 한 분야에만 머무르기에는 한계가 있다고 판단하였습니다. 그래서 저는 아이씨비엠 인공지능 분야까지 관심을 가지고 플랫폼 비즈니스가 이렇게 발전된 부분에 이르기까지 비즈니스라 이끌어내는 역량을 키워 왔습니다.","wordCount":40}}},"rawDataInfo":{"question":{"fileFormat":"wav","fileSize":642638,"duration":20080,"samplingBit":16,"channelCount":1,"samplingRate":"16kHz","audioPath":"/Mock/05.ICT/Male/Experienced/ckmk_q_ict_m_e_287574.wav"},"answer":{"fileFormat":"wav","fileSize":2766158,"duration":86440,"samplingBit":16,"channelCount":1,"samplingRate":"16kHz","audioPath":"/Mock/05.ICT/Male/Experienced/ckmk_a_ict_m_e_287574.wav"}}}