{"version":"1.0","dataSet":{"info":{"date":"20230116","occupation":"ICT","channel":"MOCK","place":"ONLINE","gender":"MALE","ageRange":"35-44","experience":"EXPERIENCED"},"question":{"raw":{"text":"지원자께서는 지금까지 인생을 살면서 가장 후회되는 일이 있으신지 궁금합니다 한 가지만 골라서 어떠한 일이었는지 말씀해 주시길 바랍니다","wordCount":17},"emotion":[],"intent":[]},"answer":{"raw":{"text":"제 인생에서 가장 후회되는 일은 중학교 삼 학년 때 고등학교 원서 접수를 할 때였습니다. 저는 중학교 삼 학년까지 상위 오 퍼센트에 드는 특목고를 갈 수 있는 수준의 성적이었는데 부모님과 선생님은 당연히 제가 특목고를 지원할 것이라고 예상했습니다. 하지만 저는 마음속에 부담이 너무 많아서 특목고를 가게 되면 하루에 열 다섯 시간씩 공부하고 주말에도 쉬지 못하고 친구들과 놀 수 없어서 특목고 가는 것을 포기하고 공부를 좀 못하지만 남녀공학인 고등학교로 지원을 했습니다. 그때 담임 선생님과 부모님에게 엄청 혼났지만 그래도 저는 뱀에 머리가 돼서 그곳에서 성적을 잘 내겠다고 말씀드렸습니다. 솔직한 마음으론 공부에 대한 부담과 여자친구를 사귈 수 있다 라는 작은 희망 때문에 공부를 못하는 고등학교로 진학을 했지만 고등학교 일 학년 때부터 제 성적은 지속적으로 떨어졌고 결국 제가 수학능력시험을 봤던 고 삼 때는 좋은 대학을 갈 수 있는 점수조차 나오지 않았습니다. 그때 부모님은 저를 붙잡고 왜 그때 그런 선택을 했냐며 마 엄청나게 많이 우셨고 저 또한 그때 부모님의 눈물을 보면서 제가 못 할 짓을 했구나 삼 년 동안 고통스러운 공부에 대한 부담 때문에 이렇게 많은 후회를 하는구나 라고 했던 기억이 있습니다.","wordCount":165},"emotion":[{"text":"그때 부모님은   저를 붙잡고 왜 그때 그런 선택을 했냐며 마 엄청나게 많이 우셨고 저 또한 그때 부모님의 눈물을 보면서 제가 못 할 짓을 했구나   삼 년 동안 고통스러운 공부에 대한 부담 때문에 이렇게 많은 후회를 하는구나 라고 했던 기억이 있습니다.","expression":"n-distress","category":"negative"}],"intent":[{"text":"","expression":"","category":"attitude"}],"summary":{"text":"중학교 삼 학년 때 고등학교 원서 접수를 할 때 가장 후회되는 것은 제가 특목고를 갈 수 있는 수준의 성적이었는데 부모님과 선생님은 당연히 특목고는 지원할 것이라고 예상했습니다. 하지만 저는 마음속에 부담이 너무 많아서 공부를 좀 못하지만 남녀공학인 고등학교로 지원을 했습니다. 당시에 부모님은 제가 못 할 짓을 했다며 엄청 많이 우셨고 저 또한 부모님의 눈물을 보면서 많은 후회를 했었습니다.","wordCount":57}}},"rawDataInfo":{"question":{"fileFormat":"wav","fileSize":482318,"duration":15070,"samplingBit":16,"channelCount":1,"samplingRate":"16kHz","audioPath":"/Mock/05.ICT/Male/Experienced/ckmk_q_ict_m_e_183423.wav"},"answer":{"fileFormat":"wav","fileSize":2799438,"duration":87480,"samplingBit":16,"channelCount":1,"samplingRate":"16kHz","audioPath":"/Mock/05.ICT/Male/Experienced/ckmk_a_ict_m_e_183423.wav"}}}