{"version":"1.0","dataSet":{"info":{"date":"20230116","occupation":"ICT","channel":"MOCK","place":"ONLINE","gender":"MALE","ageRange":"35-44","experience":"EXPERIENCED"},"question":{"raw":{"text":"스터디를 따로 하고 계신 것이 있을까요 만약에 있다면 그것은 어떤 것이고 왜 그것을 하고 계시는지 이유도 말씀해 주시기 바랍니다","wordCount":19},"emotion":[],"intent":[]},"answer":{"raw":{"text":"어 예 최근에는 어 메타버스나 뭐 에이아이 같은 어떤 어 트렌드 그 기술들에 대해서도 좀 관심이 많은 편인데요. 최근에 가장 제일 관심이 있는 분야는 어 결국에는 어 이러한 경제적 자유에 도달하기 위한 고민에서 비롯된 스터디인 것 같습니다. 결국에는 경제 경제 공부를 따로 하고 있고요. 어 매일 아침마다 금융 금융이나 이 세계 경제 국내 경제에 대한 부동산 증권 채권 그리고 금리 이런 것들에 대한 스터디를 하면서 과연 향후에 어떤 방향으로 흘러갈지를 스스로 고민해 보고 그리고 전문가들의 또 포럼이나 어 그 보고서 리포트들을 보면서 서로 저 스스로 경제 관념에 대해서 많이 다지고 있는 중입니다. 어 결국에는 어 사람 누구나 다 어 이제 곧 있으면은 은퇴를 하게 될 것이고 그 은퇴 후의 삶이 중요하기 때문에 경제만큼 가장 중요한 건 없다고 생각을 합니다.","wordCount":119},"emotion":[],"intent":[{"text":"어 매일 아침마다 금융 금융이나 이 세계 경제 국내 경제에 대한 부동산 증권 채권 그리고 금리 이런 것들에 대한 스터디를 하면서 과연 향후에 어떤 방향으로 흘러갈지를 스스로 고민해 보고 그리고 전문가들의 또 포럼이나 어 그 보고서 리포트들을 보면서 서로 저 스스로 경제 관념에 대해서 많이 다지고 있는 중입니다.","expression":"c_imp","category":"personality"}],"summary":{"text":"최근에는 트렌드 기술들에 대해서도 관심이 많은데, 결국에는 경제적 자유에 도달하기 위한 고민에서 비롯된 스터디인 것 같습니다. 결국에는 사람 누구나 은퇴하게 될 것이고 그 은퇴 후의 삶이 중요하기 때문에 경제만큼 중요한 건 없다고 생각합니다.","wordCount":33}}},"rawDataInfo":{"question":{"fileFormat":"wav","fileSize":615758,"duration":19240,"samplingBit":16,"channelCount":1,"samplingRate":"16kHz","audioPath":"/Mock/05.ICT/Male/Experienced/ckmk_q_ict_m_e_298690.wav"},"answer":{"fileFormat":"wav","fileSize":2233678,"duration":69800,"samplingBit":16,"channelCount":1,"samplingRate":"16kHz","audioPath":"/Mock/05.ICT/Male/Experienced/ckmk_a_ict_m_e_298690.wav"}}}