{"version":"1.0","dataSet":{"info":{"date":"20230116","occupation":"ICT","channel":"MOCK","place":"ONLINE","gender":"MALE","ageRange":"35-44","experience":"EXPERIENCED"},"question":{"raw":{"text":"본인의 장점과 단점을 설명해 주시고 어 장점을 특화시키거나 단점을 극복하기 위한 노력을 하셨다면 어 말씀 부탁드립니다","wordCount":16},"emotion":[],"intent":[]},"answer":{"raw":{"text":"네 저의 장점이자 단점이 있는데요. 네 이것은 저의 성격인 것 같습니다. 제 성격이 아 잘 거절을 하지 못하는 스타일이에요. 그래서 어떤 부탁을 사람이 어떤 사람들이 뭐 쪼끔 친한 사람이 저에게 부탁을 하면 제가 그 이야기를 되도록이면은 끝까지 다 들어주는 편이고 그리고 아 부탁에 대해서 거절을 쉽게 못하는 스타일이라서 결국에는 제가 좀 손해를 보더라도 또는 희생을 하더라도 그 사람을 도와주는 것에 대한 성취감이 더 크기 때문에 좀 더 이타적인 삶을 살려고 노력하는 게 저는 저의 그것이 큰 닥 장점이라고 생각을 하고요. 이런 면 때문에 어 정말 어 뒤통수를 많이 맞 몇 번 맞기도 했고 이 사람이 인제 소신이 있는 있게 소신 있는 삶을 살아야 되는데 그 소신에 어긋난 행동까지도 해면서 하면서 저 스스로 손해를 보는 일도 어 몇 번 있었습니다. 이것은 저의 큰 단점이라고 할 수 있죠. 결국에는 장점과 단점이 아 저의 거절하지 못하는 그 우유부단한 성격이라고 할 수 있겠습니다.","wordCount":139},"emotion":[],"intent":[{"text":"결국에는 장점과 단점이 아 저의 거절하지 못하는   그 우유부단한 성격이라고 할 수 있겠습니다.","expression":"c_person","category":"background"}],"summary":{"text":"저는 우유부단한 성격인 장점이자 단점이 있습니다. 친한 사람이 다가오면 끝까지 들어주는 편이고, 손해를 보더라도 그 사람을 도와주는 것에 대한 성취감이 더 크기 때문에 이타적인 삶을 살려고 노력하는 것이 장점이라고 생각합니다. 소신 있는 삶을 살아야 되는데 소신에 어긋난 행동까지 하면서 손해를 보는 일도 있었습니다.","wordCount":43}}},"rawDataInfo":{"question":{"fileFormat":"wav","fileSize":487758,"duration":15240,"samplingBit":16,"channelCount":1,"samplingRate":"16kHz","audioPath":"/Mock/05.ICT/Male/Experienced/ckmk_q_ict_m_e_182615.wav"},"answer":{"fileFormat":"wav","fileSize":2338638,"duration":73080,"samplingBit":16,"channelCount":1,"samplingRate":"16kHz","audioPath":"/Mock/05.ICT/Male/Experienced/ckmk_a_ict_m_e_182615.wav"}}}