{"version":"1.0","dataSet":{"info":{"date":"20230116","occupation":"ICT","channel":"MOCK","place":"ONLINE","gender":"MALE","ageRange":"45-54","experience":"EXPERIENCED"},"question":{"raw":{"text":"네 지원자님께서 인생을 살아오시면서 뭔가 하나에 푹 빠져 가지고 좀 몰두해서 좀 해 보신 적이 있으신지 만약 그런 대상이 있으시다면 그것이 무엇인지 좀 궁금합니다","wordCount":24},"emotion":[],"intent":[]},"answer":{"raw":{"text":"일 말고는 글쎄요. 음 일 빼고 라면 제가 음악을 원래 어렸을 때부터 좋아했었어요. 그래서 근데 제가 색소폰을 좋아해서 저는 클래식을 좋아하기 때문에 그래서 클래식의 그 악기 중에서도 색소폰을 가장 좋아했기 때문에 음 제가 어느 정도 쪼금 이제 익숙해지고 나서 그까 언제죠 그게 사십 대 초중반 쯤부터 그 동호회에 나가서 이제 네 색소폰을 이제 정기적으로 계속 연주를 하고 그리고 그 동호회 내에서 연주회를 가졌어요. 그래서 이게 또 연주회를 가지니까 그냥 가볍게 만나서 그냥 우리끼리 연주하는 거랑은 또 아예 그 무게감이 다르더라고요. 그래서 정말 그 연주회 시기 동안은 준비하는 시기 동안은 어 정말 세상에 제가 유일한 색소포 연주자인 것 마냥 했던 것 같아요. 네 좋은 기억입니다. 유의미해요 저에게.","wordCount":106},"emotion":[],"intent":[{"text":"","expression":"","category":"attitude"}],"summary":{"text":"어릴 적부터 색소폰을 좋아했지만, 동호회에서 정기적으로 색소폰을 연주하고 동호회 내에서 연주회를 가졌는데, 그 무게감이 달라서 제가 유일한 색소폰 연주자인 것 마냥 했습니다. ","wordCount":22}}},"rawDataInfo":{"question":{"fileFormat":"wav","fileSize":522958,"duration":16340,"samplingBit":16,"channelCount":1,"samplingRate":"16kHz","audioPath":"/Mock/05.ICT/Male/Experienced/ckmk_q_ict_m_e_159895.wav"},"answer":{"fileFormat":"wav","fileSize":2828878,"duration":88400,"samplingBit":16,"channelCount":1,"samplingRate":"16kHz","audioPath":"/Mock/05.ICT/Male/Experienced/ckmk_a_ict_m_e_159895.wav"}}}