{"version":"1.0","dataSet":{"info":{"date":"20230116","occupation":"ICT","channel":"MOCK","place":"ONLINE","gender":"MALE","ageRange":"-34","experience":"EXPERIENCED"},"question":{"raw":{"text":"겟 메서드와 포스트 메서드가 어떤 차이점을 가지고 있는지 저한테 풀어서 설명해 주실 수 있으실까요","wordCount":14},"emotion":[],"intent":[]},"answer":{"raw":{"text":"리퀘스트시 웹에 에이치티티피 보안 에이치티티피에스 에 대해 리케스트를 하게 됩니다. 이 중에서 겟 메서드는 문자 그대로 겟 신다. 서버에서 작성된 문서나 이미지 동영상 등과 같은 콘텐츠를 겟을 통해 받아오게 되고 이는 누구든 접근 가능합니다. 이것이 일 세대 웹이었습니다. 하지만 이후 많은 사람들이 인터넷 환경에서 채팅이나 회원 가입 댓글 등 스스로 웹 페이지와 반응하여 내용을 추가하는 상황이 빈번하게 발생하였습니다. 이를 제공하기 위해 포스트 메서드가 탄생하였고 포스트 메소드는 사용자의 로그인 인 등과 같이 혹은 접근 입력과 같이 아이디어와 패스워드를 받거나 혹은 사용자의 입력 댓글을 받습니다. 그러하면 사용자의 입력이 포스트 되고 사용자는 본인이 입력한 포스트 안에 있는 메세지가 반영된 페이지 결과물을 받을 수 있습니다.","wordCount":101},"emotion":[],"intent":[{"text":"","expression":"","category":"attitude"}],"summary":{"text":"겟 메서드는 서버에서 작성된 문서, 이미지 동영상 등과 같은 콘텐츠를 겟을 통해 받아오게 되고 누구든 접근 가능한 것이 일 세대 웹이었지만, 이후 사람들이 스스로 웹 페이지와 반응하여 내용을 추가하는 상황이 빈번하게 발생하였습니다.","wordCount":32}}},"rawDataInfo":{"question":{"fileFormat":"wav","fileSize":313678,"duration":9800,"samplingBit":16,"channelCount":1,"samplingRate":"16kHz","audioPath":"/Mock/05.ICT/Male/Experienced/ckmk_q_ict_m_e_246239.wav"},"answer":{"fileFormat":"wav","fileSize":3832398,"duration":119760,"samplingBit":16,"channelCount":1,"samplingRate":"16kHz","audioPath":"/Mock/05.ICT/Male/Experienced/ckmk_a_ict_m_e_246239.wav"}}}