{"version":"1.0","dataSet":{"info":{"date":"20230116","occupation":"ICT","channel":"MOCK","place":"ONLINE","gender":"MALE","ageRange":"45-54","experience":"EXPERIENCED"},"question":{"raw":{"text":"본인의 장점과 단점을 설명해 주시고 그것을 특화시키고 극복하기 위해서 그동안 해 오셨던 노력도 함께 말씀 부탁드립니다","wordCount":16},"emotion":[],"intent":[]},"answer":{"raw":{"text":"제 성격의 장점 중의 하나는 주어진 환경에 빨리 적응을 하려고 하는 것이 제 장점인 것 같습니다. 제가 어렸을 때 밖에서 텐트를 치면서 사는 것을 되게 좋아했던 적이 있었어요. 그래서 동네 형들하고 텐트를 들고서 뒷산 뒷산에 올라가서 텐트 치고 노는 것을 굉장히 좋아했었어요. 근데 그런 습관이 그런 어떤 놀이의 문화가 저로 하여금 예상할 수 없는 새로운 환경에 적응하는 그런 힘을 길러주었던 것 같애요. 그런 적응력을 바탕으로 저는 항상 새로운 상황에 적응할 수가 있었고 어려운 일이 생겼을 때 저는 항상 어렸을 때 형들과 뒷산에 올라가서 텐트를 치며 놀았던 그 경험을 떠올립니다. 그러면은 어떤 환경도 잘 극복을 할 수 있을 것 같다는 자신감이 드는 것 같습니다.","wordCount":103},"emotion":[{"text":"제가 어렸을 때 밖에서 텐트를 치면서 사는 것을 되게 좋아했던 적이 있었어요.","expression":"p-interest","category":"positive"},{"text":"그래서 동네 형들하고 텐트를 들고서 뒷산 뒷산에 올라가서 텐트 치고 노는 것을 굉장히 좋아했었어요.","expression":"p-interest","category":"positive"}],"intent":[{"text":"제 성격의 장점 중의 하나는 주어진 환경에 빨리 적응을 하려고 하는 것이 제 장점인 것 같습니다.","expression":"c_person","category":"background"},{"text":"제가 어렸을 때 밖에서 텐트를 치면서 사는 것을 되게 좋아했던 적이 있었어요.","expression":"c_private","category":"background"},{"text":"그래서 동네 형들하고 텐트를 들고서 뒷산 뒷산에 올라가서 텐트 치고 노는 것을 굉장히 좋아했었어요.","expression":"c_private","category":"background"}],"summary":{"text":"주어진 환경에 빨리 적응을 하려는 것이 제 성격의 장점 중 하나입니다. 제가 어렸을 때 형들과 뒷산에서 텐트를 치는 것을 굉장히 좋아했던 적이 있었는데 그런 놀이의 문화가 저로 하여금 새로운 환경에 적응하는 힘을 길러주었던 것 같습니다.","wordCount":35}}},"rawDataInfo":{"question":{"fileFormat":"wav","fileSize":606478,"duration":18950,"samplingBit":16,"channelCount":1,"samplingRate":"16kHz","audioPath":"/Mock/05.ICT/Male/Experienced/ckmk_q_ict_m_e_206442.wav"},"answer":{"fileFormat":"wav","fileSize":2493838,"duration":77930,"samplingBit":16,"channelCount":1,"samplingRate":"16kHz","audioPath":"/Mock/05.ICT/Male/Experienced/ckmk_a_ict_m_e_206442.wav"}}}