{"version":"1.0","dataSet":{"info":{"date":"20230116","occupation":"ICT","channel":"MOCK","place":"ONLINE","gender":"MALE","ageRange":"45-54","experience":"EXPERIENCED"},"question":{"raw":{"text":"본인이 가고 싶은 부서나 그 부서를 가고 싶은 이유가 무엇인지 말씀해 보세요","wordCount":12},"emotion":[],"intent":[]},"answer":{"raw":{"text":"어 제가 가고 싶은 부서는 제가 지원한 마케팅 부서입니다. 어 아시다시피 저는 경력직으로 지원을 했고 이 마케팅에 가장 최적화 되어 있다라고 생각을 하고 있습니다. 저는 동종업종에서 이 일을 계속 한 이십 년 넘게 해왔고 이 일을 하면서 나름의 그 노하우를 지니고 있다라고 생각합니다. 이 마케팅은 어 회사에서 물건을 만들어 냈을 때 그것을 가장 효과적으로 어 가장 원하는 사람에게 어 판매를 하고 그것에 대한 책임을 지고 어 하는 일련의 모든 과정을 마케팅이라고 생각을 합니다. 단순히 물건을 팔아먹고 마는 것이 아니라 그것을 팔아서 유지 보수를 해주면서 계속 관계를 유지하고 다른 제품이 나왔을 때 그 제품을 권할 수 있는 어 계속 이어지는 단발성이 아닌 그 유동적이면서 어 서로 유기적인 그런 마케팅을 원하고 있습니다. 제가 가장 자신 있는 것은 마케팅이며 제가 가고 싶은 부서 또한 마케팅 부서입니다.","wordCount":123},"emotion":[],"intent":[{"text":"","expression":"","category":"attitude"}],"summary":{"text":"저는 경력직으로 지원한 마케팅 부서에 가고 싶습니다. 마케팅은 회사에서 물건을 만들어 냈을 때 가장 효과적인 사람에게 판매를 하고 그에 대한 책임을 지고 하는 모든 과정을 마케팅이라고 생각합니다. 유동적이면서 서로 유기적인 마케팅을 원하고 있고 제가 가고 싶은 부서는 마케팅 부서입니다.","wordCount":39}}},"rawDataInfo":{"question":{"fileFormat":"wav","fileSize":269518,"duration":8420,"samplingBit":16,"channelCount":1,"samplingRate":"16kHz","audioPath":"/Mock/05.ICT/Male/Experienced/ckmk_q_ict_m_e_43197.wav"},"answer":{"fileFormat":"wav","fileSize":2265038,"duration":70780,"samplingBit":16,"channelCount":1,"samplingRate":"16kHz","audioPath":"/Mock/05.ICT/Male/Experienced/ckmk_a_ict_m_e_43197.wav"}}}