{"version":"1.0","dataSet":{"info":{"date":"20230116","occupation":"ICT","channel":"MOCK","place":"ONLINE","gender":"MALE","ageRange":"-34","experience":"EXPERIENCED"},"question":{"raw":{"text":"본인의 장점과 단점은 어떤 것이 있는지 말씀해 주시기 바랍니다 그리고 지원자님께서 그것을 특화시키고 극복하기 위하여 함께 동반한 노력도 말씀해 주세요","wordCount":20},"emotion":[],"intent":[]},"answer":{"raw":{"text":"저는 저의 단점을 정확하게 알고 있습니다. 이게 단점이자 장점이기도 한데요. 말씀을 드리면 저는 잠이 굉장히 많습니다. 잠이 굉장히 많아가지고 항상 밥을 먹으면 무조건 어느 일정 시간은 잠을 자야 어느 일정 시간 잠을 자야 다음 일을 해결할 해결해 나갈 수 있어요. 그래서 저는 밖에 나와서 회사 일을 할 때는 밥을 많이 먹지 않습니다. 왜냐하면은 밥을 많이 먹게 되면은 분명히 잠을 자게 될 것을 제가 알고 있기 때문에 간소하게 먹는 편이고요. 그런데 그렇게 적게 먹다 보니까 나름대로의 체력 관리는 꽤 길게 유지되는 편이라고 생각을 하고 있고요. 근데 이게 어느 때는 맛있는 게 먹고 싶을 때가 있잖아요. 팀원들과 함께 있을 때 그렇게 많이 먹을 때는 또 먹으면 바로 졸리기 때문에 빨리 귀가를 해야 돼요. 그런데 그러다 보니까 맛있는 것을 먹을 때는 빨리 귀가를 해야 되니까 사람들과 시간을 길게 잡지 못하다 보니까 그런 것이 아쉬운 점은 있는데 뭐 다음에 또 길게 얘기해야 될 때는 또 안 먹으면 되니까 그런데 저는 그런 저의 장단점을 극복하고자 하는 저의 노력이 저의 체력을 관리하는 데에는 큰 도움이 되고 있다고 지금 생각을 하고 있습니다.","wordCount":165},"emotion":[],"intent":[{"text":"","expression":"","category":"attitude"}],"summary":{"text":"저는잠이 많은 편인데, 항상 밥을 먹으면 무조건 어느 일정 시간 잠을 자야 다음 일을 해결할 해결해 나갈 수 있어서 회사 일을 할 때는 밥을 많이 먹지는 않습니다. 팀원들과 함께 있을 때는 많이 먹으면 졸려 빨리 귀가해야 돼 사람들과 시간을 길게 잡지 못해서 아쉽습니다. 이런 단점을 극복하고자 하는 노력이 체력 관리에 큰 도움이 되고 있다고 생각합니다.","wordCount":55}}},"rawDataInfo":{"question":{"fileFormat":"wav","fileSize":526158,"duration":16440,"samplingBit":16,"channelCount":1,"samplingRate":"16kHz","audioPath":"/Mock/05.ICT/Male/Experienced/ckmk_q_ict_m_e_200087.wav"},"answer":{"fileFormat":"wav","fileSize":2901198,"duration":90660,"samplingBit":16,"channelCount":1,"samplingRate":"16kHz","audioPath":"/Mock/05.ICT/Male/Experienced/ckmk_a_ict_m_e_200087.wav"}}}