{"version":"1.0","dataSet":{"info":{"date":"20230116","occupation":"ICT","channel":"MOCK","place":"ONLINE","gender":"MALE","ageRange":"35-44","experience":"EXPERIENCED"},"question":{"raw":{"text":"만약 이 면접에서 최종 탈락하게 되신다면 어떤 점이 부족해서 탈락했다고 생각하실 것 같으신가요","wordCount":13},"emotion":[],"intent":[]},"answer":{"raw":{"text":"어 제가 만약에 이 면접에서 최종 면접에서 탈락을 하게 된다면은 어 어느 부분이 부족했을까 한 번 생각을 해 보았습니다. 아직은 제가 경험이나 이런 노하우 쪽은 많은데 이쪽 분야에 대한 경험이 아직 없습니다. 이쪽 분야에 대한 경험이 없다 보니까 그런 경험이나 이런 면 뭐 그 이제 그런 개인적인 능력 부분에서 조금은 부족했지 않았을까 라고 생각해 보고 근데 그렇게 되지 않을 거라고 또 생각하고 있습니다. 그래서 지금 이제 준비해 온 것들 앞으로도 준비해야 할 과정들이 있기 때문에 또 제가 갖춰 왔던 또 이런 모습들이 또 어떤 것들이 잘못됐을지를 또 다시 한번 생각해 보면서 방향이 잘못 가고 있지 않은가 이렇게 한번 좀 되새겨보는 그런 자리가 될 수도 있을 것 같습니다. 이유를 뭐 떨어졌다고 해서 뭐 다 포기하고 끝내는 게 아니라 어 이제 무엇이 부족한지를 알았기 때문에 그런 부분에서 보완을 해서 다음 때는 꼭 합격할 수 있도록 그렇게 노력할 것 같습니다. 이상입니다.","wordCount":138},"emotion":[],"intent":[{"text":"","expression":"","category":"attitude"}],"summary":{"text":"최종 면접에서 탈락하게 된다면 어떤 부분이 부족했을까 생각 해 보았습니다. 아직은 경험이나 이런 노하우 쪽에는 많은데 이쪽 분야에 대한 경험이 없어서 그런 부분이 부족하지 않을까 생각해 보고 또 다시 한번 생각해 보면서 방향이 잘못 가고 있지 않는가 되새겨보는 자리가 될 수도 있을 것 같습니다.","wordCount":44}}},"rawDataInfo":{"question":{"fileFormat":"wav","fileSize":307278,"duration":9600,"samplingBit":16,"channelCount":1,"samplingRate":"16kHz","audioPath":"/Mock/05.ICT/Male/Experienced/ckmk_q_ict_m_e_147566.wav"},"answer":{"fileFormat":"wav","fileSize":2515278,"duration":78600,"samplingBit":16,"channelCount":1,"samplingRate":"16kHz","audioPath":"/Mock/05.ICT/Male/Experienced/ckmk_a_ict_m_e_147566.wav"}}}