{"version":"1.0","dataSet":{"info":{"date":"20230116","occupation":"ICT","channel":"MOCK","place":"ONLINE","gender":"MALE","ageRange":"35-44","experience":"EXPERIENCED"},"question":{"raw":{"text":"커뮤니케이션을 잘 할 수 있는 지원자님만의 스킬이 있으시다면 한번 말씀해 주시겠어요 직접 한번 보여주셔도 좋습니다","wordCount":15},"emotion":[],"intent":[]},"answer":{"raw":{"text":"커뮤니케이션 소통의 가장 기본은 공감대 형성입니다. 공감대를 형성하기 위해서는 많은 주제를 알아야 하고 많은 주제를 알기 위해선 많은 독서량이나 대중 매체에 노출이 많이 되어야 됩니다. 제가 많은 내용을 알아야 각 담당자들 또는 주변 사람들과 대화할 때 대화에 참여할 수가 있습니다. 아무 것도 모르고 아는 척을 하면 오히려 역효과가 나기 때문에 그들에게 먼저 다가기 위해서 그 담당자 또는 그 사람이 좋아하는 관심사에 대해서 먼저 파악을 합니다. 예를 들어서 어떤 여성분과 같이 일을 하는데 그분이 커피 마니아라고 하면 커피에 대해서 조금 공부를 해 봅니다. 우리가 생각하는 믹스 커피도 있고 콜드 브루도 있고 라떼도 있고 이디오피아 산도 있고 브라질리한 산도 있는데 어떤 커피를 좋아하십니까 라고 하면 대부분 여자분들은 가리지 않고 드시거나 아니면 스타벅스 또는 어떤 브랜드 커피를 좋아하는데 그 커피는 맛이 어떻고 투샷은 조금 너무 찐하고 이런 얘기들을 하면서 자기도 모르게 소통을 할 수 있습니다. 그러면서 그러면 언제 제가 좋아하는 커피 한 잔 사드릴 테니 같이 한 번 가시죠 라고 하면 거절할 사람이 거의 없습니다. 그렇게 하게 되면 서로 이미 소통을 시작하게 된 것이고 그들과 업무를 하거나 무엇을 할 때 이미 공감대가 형성돼서 어렵지 않게 대화를 이끌어 나갈 수 있습니다.","wordCount":177},"emotion":[],"intent":[{"text":"","expression":"","category":"attitude"}],"summary":{"text":"커뮤니케이션 소통의 기본은 공감대 형성으로, 많은 주제를 알기 위해서는 많은 독서량이나 대중 매체에 노출이 많이 되어야 합니다. 아무 것도 모르는 척을 하면 역효과가 나기 때문에 담당자나 그 사람이 좋아하는 관심사에 대해서 먼저 파악을 합니다. 그렇게 하면 서로 이미 소통을 시작하게 된 것이고 그들과 업무를 하거나 무엇을 할 때 어렵지 않게 대화를 이끌어 나갈 수 있습니다.","wordCount":55}}},"rawDataInfo":{"question":{"fileFormat":"wav","fileSize":427598,"duration":13360,"samplingBit":16,"channelCount":1,"samplingRate":"16kHz","audioPath":"/Mock/05.ICT/Male/Experienced/ckmk_q_ict_m_e_165214.wav"},"answer":{"fileFormat":"wav","fileSize":2802638,"duration":87580,"samplingBit":16,"channelCount":1,"samplingRate":"16kHz","audioPath":"/Mock/05.ICT/Male/Experienced/ckmk_a_ict_m_e_165214.wav"}}}