{"version":"1.0","dataSet":{"info":{"date":"20230116","occupation":"ICT","channel":"MOCK","place":"ONLINE","gender":"MALE","ageRange":"35-44","experience":"EXPERIENCED"},"question":{"raw":{"text":"만약 데이터 센터를 이전하게 되었다면 서버 이전 시에 요구되는 어떤 사항에 대해서 설명하세요","wordCount":13},"emotion":[],"intent":[]},"answer":{"raw":{"text":"데이터 센터 이전이나 그런 뭐 사무실 이전 그러니까 모든 것들이 이 현재 환경에서 새로운 환경으로 변화한다 라는 것 자체에서 가장 중요하게 생각할 포인트는 어 이 업무 연속성이라고 생각합니다. 어 이게 그래서 이제 데이터 센터로 어 그동안의 스토리지 서버를 이 이동을 할 때 정보가 유실되지는 않는지 또 체크를 해야 되고요. 그리고 사람들이 이 우리 회사의 직원들이 그 업무가 중단 가능성이 있는지 그리고 혹시라도 또 중단이 됐을 때 어떤 세컨더리 사이트로 롤 오버가 되는지 잘 되는지 그래서 이런 것들을 잘 파악을 하기 위해서는 어 평소에도 그러니까 연 원래 보통은 인제 어 주기를 그 테스트 주기를 연 단위로 끊기는 하지만 연 최소한 연 일 회에는 그 비씨피 비씨피 를 훈련을 통해서 이 데이터 센터 어 우리의 그 프라이머리 사이트가 어떤 유시 그 셧다운이 됐을 때 세컨더리 사이트로 롤 오버가 자연스럽게 이루어지는지 그리고 사람들이 업무함에 있어서 끊김이 없는지 요런 것들이 가장 고려해야 될 사항이라고 저는 생각을 하고 있습니다.","wordCount":144},"emotion":[],"intent":[{"text":"","expression":"","category":"attitude"}],"summary":{"text":"업무 연속성은 현재 환경에서 새로운 환경으로 변화하는 것 자체에서 가장 중요하게 생각할 포인트입니다. 업무의 중단 가능성, 세컨더리 사이트로의 롤 오버, 업무의 끊김 여부 등을 파악을 위해 연 1회 이상 비씨피를 훈련을 해야 합니다.","wordCount":33}}},"rawDataInfo":{"question":{"fileFormat":"wav","fileSize":325838,"duration":10180,"samplingBit":16,"channelCount":1,"samplingRate":"16kHz","audioPath":"/Mock/05.ICT/Male/Experienced/ckmk_q_ict_m_e_265749.wav"},"answer":{"fileFormat":"wav","fileSize":2757838,"duration":86180,"samplingBit":16,"channelCount":1,"samplingRate":"16kHz","audioPath":"/Mock/05.ICT/Male/Experienced/ckmk_a_ict_m_e_265749.wav"}}}