{"version":"1.0","dataSet":{"info":{"date":"20230116","occupation":"ICT","channel":"MOCK","place":"ONLINE","gender":"MALE","ageRange":"55-","experience":"EXPERIENCED"},"question":{"raw":{"text":"네 개발 프로세스에서 어떤 부분이 가장 재미있었습니까","wordCount":7},"emotion":[],"intent":[]},"answer":{"raw":{"text":"개발 프로세스 과정에서는 어 저희가 하는 일이 프로그램 코딩 과정이라고 봤을 때 어 현존하지 않는 무에서 유를 만들어내는 그런 관점으로 접근을 하기 때문에 저는 항상 어 새로운 것들을 어 창조하고 그것들에 대한 어떤 결과를 통해서 서비스가 이루어질 때 그 효용 가치가 높으면 높을수록 저의 만족감도 좋아집니다. 어 그 과정 가운데 아 물론 제가 하는 부분도 있겠지만 늘 어 개발 프로세스를 하다 보면 어 팀장도 또 중간 관리자도 또 팀원도 있습니다. 이 이 모든 사람들이 함께 하며 협의하고 좋은 방향을 도출해 나가는 그 과정도 매우 중요하다고 생각을 합니다. 그런 과정을 통해서 나온 결과물이 서비스를 이용하는 사람들에게 모두 다 어 보다 좋은 가치와 서비스를 제공하여서 그들이 누리는 어떤 여러 가지 것들이 어 더욱더 우리에게 기쁨을 준다고 생각합니다.","wordCount":115},"emotion":[],"intent":[{"text":"","expression":"","category":"attitude"}],"summary":{"text":"개발 프로세스 과정에서는 새로운 것들을 창조하고 그것들에 대한 어떤 결과를 통해서 서비스가 이루어질 때 그 효용 가치가 높으면 높을수록 저의 만족감도 좋아집니다. 개발 프로세스를 하다 보면 모든 사람들이 함께 협의하고 좋은 방향을 도출해 나가는 과정도 매우 중요하다고 생각합니다.","wordCount":38}}},"rawDataInfo":{"question":{"fileFormat":"wav","fileSize":227918,"duration":7120,"samplingBit":16,"channelCount":1,"samplingRate":"16kHz","audioPath":"/Mock/05.ICT/Male/Experienced/ckmk_q_ict_m_e_287364.wav"},"answer":{"fileFormat":"wav","fileSize":2240718,"duration":70020,"samplingBit":16,"channelCount":1,"samplingRate":"16kHz","audioPath":"/Mock/05.ICT/Male/Experienced/ckmk_a_ict_m_e_287364.wav"}}}