{"version":"1.0","dataSet":{"info":{"date":"20230116","occupation":"ICT","channel":"MOCK","place":"ONLINE","gender":"MALE","ageRange":"35-44","experience":"EXPERIENCED"},"question":{"raw":{"text":"우리 회사와 기존의 업무 스타일이 상이할 수 있습니다 그러한 상황이 되어도 지원자님은 잘 적응하실 수 있나요","wordCount":16},"emotion":[],"intent":[]},"answer":{"raw":{"text":"업무 스타일이 달라지는 것은 저에게 전혀 문제가 되지 않습니다. 그 이유는 업무 스타일이라는 것은 저 또한 오랫동안 그렇게 업무를 해 오면서 저 스스로의 어떤 인식의 틀 또는 업무의 틀이라고 하는 프레임에 갇힌 것입니다. 사람은 어떤 프레임에 갇히는 것이 굉장히 위험해질 수 있고 그렇게 되면 자기만의 세상에서 벗어나지 못하는 경우들이 많습니다. 특히나 저희 같이 기술직에 오래 있던 사람들은 자신만의 틀에서 벗어나지 못하여 편협한 시각으로 세상을 바라보거나 조직 생활을 하는 경우가 많기 땜에 이런 사람들이 조직 관리자가 되면 조직의 성장은 저해되게 되어 있습니다. 다른 업무 스타일에 적응을 해서 이 업무 스타일도 저의 것으로 만들고 여기서 성과를 낼 수 있는 방안을 지속적으로 공부할 것입니다. 성과가 높아지면 높아질수록 저는 업무 스타일이 회사에 익어질 것이고 회사의 익어짐과 동시에 회사에서는 저를 필요로 할 것이기 땜에 업무 스타일이 바뀌는 것은 전혀 문제가 되지 않습니다.","wordCount":127},"emotion":[],"intent":[{"text":"","expression":"","category":"attitude"}],"summary":{"text":"기술직에 오래 있던 사람들은 자신만의 틀에서 벗어나지 못하여 편협한 시각으로 세상을 바라보거나 조직 생활을 하는 경우가 많기 때문에 조직 관리자가 되면 조직의 성장이 저해되게 되어 있습니다. 성과가 높아지면 높아질수록 업무 스타일이 회사에 익어질 것이고 이는 동시에 회사에서는 저를 필요로 할 것이기 때문에 업무 스타일이 바뀌는 것은 문제가 되지 않습니다.","wordCount":49}}},"rawDataInfo":{"question":{"fileFormat":"wav","fileSize":339278,"duration":10600,"samplingBit":16,"channelCount":1,"samplingRate":"16kHz","audioPath":"/Mock/05.ICT/Male/Experienced/ckmk_q_ict_m_e_183427.wav"},"answer":{"fileFormat":"wav","fileSize":1934158,"duration":60440,"samplingBit":16,"channelCount":1,"samplingRate":"16kHz","audioPath":"/Mock/05.ICT/Male/Experienced/ckmk_a_ict_m_e_183427.wav"}}}