{"version":"1.0","dataSet":{"info":{"date":"20230116","occupation":"ICT","channel":"MOCK","place":"ONLINE","gender":"MALE","ageRange":"-34","experience":"EXPERIENCED"},"question":{"raw":{"text":"혹시 이제까지 인생에서 겪었던 갈등들 중 가장 심각했던 갈등은 무엇이었나요 한 가지를 골라서 설명해 주세요","wordCount":15},"emotion":[],"intent":[]},"answer":{"raw":{"text":"가장 갈등이 심했던 것은 가족 간의 갈등이었습니다. 인생에서 정말 사랑하는 배우자를 만났고 배우자와 함께 아름다운 가정을 꾸미기 위해 노력했습니다. 하지만 여러 가지 특히나 고부 갈등에 있어서 적극적인 중재자가 된다는 것은 정말 어려운 일이었습니다. 제 생각과 아내의 생각이 매우 달랐고 서로 간에 가족을 대하는 자세가 매우 달랐습니다. 하나가 되어 가정을 이루는데 많은 힘과 노력이 필요하다고 많이 느꼈습니다. 지금은 굉장히 많이 해소되고 서로 간의 생각을 받아들여 매우 좋은 관계를 다행스럽게도 유지하고 있습니다. 결과론적으로 잘 극복하였기 때문에 저는 제 자신이 한 단계 더 발전했다고 느끼고 생각합니다.","wordCount":83},"emotion":[],"intent":[{"text":"","expression":"","category":"attitude"}],"summary":{"text":"가장 힘들었던 것은 가족 간의 갈등이었습니다. 제 생각과 아내의 생각이 달랐고, 하나가 되어 가정을 이루는데 많은 힘과 노력이 필요하다고 느꼈습니다. 지금은 아주 많이 해소되고 서로 간의 생각을 받아들여 좋은 관계를 유지하고 있습니다.","wordCount":32}}},"rawDataInfo":{"question":{"fileFormat":"wav","fileSize":324878,"duration":10150,"samplingBit":16,"channelCount":1,"samplingRate":"16kHz","audioPath":"/Mock/05.ICT/Male/Experienced/ckmk_q_ict_m_e_252285.wav"},"answer":{"fileFormat":"wav","fileSize":2929358,"duration":91540,"samplingBit":16,"channelCount":1,"samplingRate":"16kHz","audioPath":"/Mock/05.ICT/Male/Experienced/ckmk_a_ict_m_e_252285.wav"}}}