{"version":"1.0","dataSet":{"info":{"date":"20230116","occupation":"ICT","channel":"MOCK","place":"ONLINE","gender":"MALE","ageRange":"35-44","experience":"EXPERIENCED"},"question":{"raw":{"text":"최근에 봤던 뉴스들 중에서 가장 인상 깊었던 뉴스는 무엇인가요 또한 그 뉴스가 인상 깊게 느껴졌던 이유도 말씀 부탁드립니다","wordCount":18},"emotion":[],"intent":[]},"answer":{"raw":{"text":"예 아무래도 예 최근에 있었던 그런 이태원 참사 이태원 사고에 대한 그런 관련된 뉴스가 가장 충격적이었고요. 어 저는 솔직히 저는 어 어렸을 때부터 어떤 그 할로윈이라는 문화에 대해서 참 무지했고 그런 것들을 이해를 잘 못 했는데 요번에 이런 참사가 생긴 것을 보니까 굉장히 충격적이었습니다. 어 요즘 젊은 세대들이 이렇게 할로윈 문화를 많이 즐기 이 정도로 많이 즐긴다는 것도 참 모르고 살아왔고요. 그리고 이태원이라는 그 또 어떻게 보면 작은 공간에 그렇게 어 많은 인파들이 한 방에 모여서 이 압사까지 당하는 그런 그럴 수가 있는지 어떻게 우리 이런 질서의 의식 질서 의식이 이 정도밖에 되지 않을까. 아 어떤 그런 죄책감도 그 죄책감도 생겼습니다. 굉장히 인상 깊은 게 좀 충격적인 뉴스였습니다.","wordCount":108},"emotion":[],"intent":[{"text":"","expression":"","category":"attitude"}],"summary":{"text":"요즘 젊은 세대들이 할로윈 문화를 많이 즐긴다는 것도 참 모르고 살아왔는데 이태원이라는 작은 공간에 많은 인파가 한꺼번에 모여서 압사까지 당했다는 것은 질서 의식이 이 정도일 수 있을까 하는 죄책감이 들었습니다.","wordCount":30}}},"rawDataInfo":{"question":{"fileFormat":"wav","fileSize":607438,"duration":18980,"samplingBit":16,"channelCount":1,"samplingRate":"16kHz","audioPath":"/Mock/05.ICT/Male/Experienced/ckmk_q_ict_m_e_298874.wav"},"answer":{"fileFormat":"wav","fileSize":2281678,"duration":71300,"samplingBit":16,"channelCount":1,"samplingRate":"16kHz","audioPath":"/Mock/05.ICT/Male/Experienced/ckmk_a_ict_m_e_298874.wav"}}}