{"version":"1.0","dataSet":{"info":{"date":"20230116","occupation":"ICT","channel":"MOCK","place":"ONLINE","gender":"MALE","ageRange":"55-","experience":"EXPERIENCED"},"question":{"raw":{"text":"대학에서 배운 지원자님의 전공 과목 중에서 가장 기억에 남는 과목은 무엇인가요 한 가지만 골라서 구체적으로 말씀해 주실 수 있을까요","wordCount":19},"emotion":[],"intent":[]},"answer":{"raw":{"text":"저는 대학에서 산업 공학을 전공을 했습니다. 산업 공학은 이전에 공업 경영학으로 우리나라에 들어왔습니다. 경영학을 기반으로 해서 공학을 접목시킨 어 새로운 학문이라고 말씀드릴 수 있습니다. 이 중에 기억에 남는 과목은 경제성 공학입니다. 영어로 얘기하면 이코노미컬 엔지니어링입니다. 여기에는 어 여러 가지의 프로젝트를 경제성을 분석을 하고 그 경제성 분석을 하는 베이스에는 어 우리가 배우는 여러 가지 기법들이 학문들이 접목이 돼 있습니다. 예를 들어서 통계학이라든지 아니면 뭐 인간 공학이라든지 그러한 학문들이 다 결부가 되어 있기 때문에 종합적으로 우리가 그 추구하는 그러한 학문이라고 볼 수 있습니다. 경제성을 분석하기 위한 기법들에는 여러 가지 기법들이 있고 그 기법을 어 구현하기 위해서는 컴퓨터도 많이 사용을 했습니다. 또 기억에 남는 것은 이름이 경제성 공학이다 보니 어떤 분들은 경제 성공학이다 라고 발음을 하는 경우도 있어서 어 졸업 후에 면접할 때 제가 어 면접관 한때 다시 설명을 드린 그런 기억이 납니다.","wordCount":130},"emotion":[{"text":"저는 대학에서 산업 공학을 전공을 했습니다.","expression":"u-fact","category":"neutral"}],"intent":[{"text":"저는 대학에서 산업 공학을 전공을 했습니다.","expression":"c_private","category":"background"}],"summary":{"text":"산업 공학은 경영학을 기반으로 공학을 접목시킨 새로운 학문입니다. 이 중 경제성 공학은 프로젝트의 경제성을 분석하고 분석하는 베이스에 우리가 배우는 여러 가지 기법들이 접목되어 종합적인 학문이라고 볼 수 있습니다. 경제성 분석을 위한 기법들에는 다양한 기법들이 있고 구현하기 위해 컴퓨터도 많이 사용했습니다.","wordCount":40}}},"rawDataInfo":{"question":{"fileFormat":"wav","fileSize":583118,"duration":18220,"samplingBit":16,"channelCount":1,"samplingRate":"16kHz","audioPath":"/Mock/05.ICT/Male/Experienced/ckmk_q_ict_m_e_287143.wav"},"answer":{"fileFormat":"wav","fileSize":3431118,"duration":107220,"samplingBit":16,"channelCount":1,"samplingRate":"16kHz","audioPath":"/Mock/05.ICT/Male/Experienced/ckmk_a_ict_m_e_287143.wav"}}}