{"version":"1.0","dataSet":{"info":{"date":"20230116","occupation":"ICT","channel":"MOCK","place":"ONLINE","gender":"MALE","ageRange":"-34","experience":"EXPERIENCED"},"question":{"raw":{"text":"지원자분께서는 휴식을 취해야 되는 시간에 주로 어떠한 일들을 하고 계신지 궁금합니다 그리고 왜 그러한 일을 하시는지 그 이유까지 함께 이야기 해 주시면 좋을 것 같습니다","wordCount":25},"emotion":[],"intent":[]},"answer":{"raw":{"text":"저는 주로 휴식을 취할 때 글을 씁니다. 블로그의 글을 주로 쓰는데요. 이러한 글들이 무엇보다 저의 잡생각을 알려줍니다. 글로써 저의 생각을 조금 더 집중해서 그리고 논리적으로 표현을 하면 머릿속에서만 떠돌던 잡생각들이 차분히 정리가 되면서 머릿속에서만 생각했을 때 상상했던 것들이 말이 안 되는 부분을 발견한다거나 혹은 상상한 것들이 글로써 실현되는 겁니다. 또한 글로써 기록을 해 두면 좋은 점은 미래에서 내가 그 당시에 나를 다시 조망해 볼 수 있고 그로 인해 얻는 점이 발생합니다. 또한 이러한 기록물들을 모아서 책으로 출판할 수도 있습니다. 작가로서 생산자로서 저의 독자들이 구매하고 읽어주는 것은 제 삶에 또 다른 큰 기쁨입니다.","wordCount":92},"emotion":[{"text":"작가로서 생산자로서 저의 독자들이 구매하고 읽어주는 것은 제 삶에 또 다른 큰 기쁨입니다.","expression":"p-happiness","category":"positive"}],"intent":[{"text":"","expression":"","category":"attitude"}],"summary":{"text":"휴식 취할 때 쓰는 블로그의 글이 제 잡 생각을 알려줍니다. 논리적으로 표현을 하면 상상했던 것들이 글로 실현되거나, 미래에서 다시 조망할 수 있습니다. 이러한 기록물들을 출판하여 작가로서 생산자로서 독자들이 구매하고 읽어주는 것은 큰 기쁨입니다.","wordCount":33}}},"rawDataInfo":{"question":{"fileFormat":"wav","fileSize":630478,"duration":19700,"samplingBit":16,"channelCount":1,"samplingRate":"16kHz","audioPath":"/Mock/05.ICT/Male/Experienced/ckmk_q_ict_m_e_249205.wav"},"answer":{"fileFormat":"wav","fileSize":3866318,"duration":120820,"samplingBit":16,"channelCount":1,"samplingRate":"16kHz","audioPath":"/Mock/05.ICT/Male/Experienced/ckmk_a_ict_m_e_249205.wav"}}}