{"version":"1.0","dataSet":{"info":{"date":"20230116","occupation":"ICT","channel":"MOCK","place":"ONLINE","gender":"MALE","ageRange":"45-54","experience":"EXPERIENCED"},"question":{"raw":{"text":"본인의 경험 중 가장 그 지원 직무와 유사한 경험은 무엇이 있을지 설명 부탁드리겠습니다","wordCount":13},"emotion":[],"intent":[]},"answer":{"raw":{"text":"제가 저의 경험 중에서 지원 직무와 가장 유사한 경험은 전 전 회사부터겠네요. 거래처 관리 역할이었어요. 시장 개척을 해서 거래처를 발굴을 하고 그다음에 직원들한테 그거를 맡겨서 유지를 시키는 그런 역할을 했었는데 그때 했던 경험 중에 좀 특이했던 경우가 직원이 너무 수동적으로 거래처 관리를 했었어요. 거래처에서 정말 마지막에 까지 요청을 해야 겨우 들어주고 또 거래처 사장이랑 싸우기도 하고 그래서 그거를 해결하기 위해서 저는 그 거래처에 출근을 해서 그 사장하고 같이 뭐 일도 하고 뭐 거들어주고 점심도 같이 먹고 끝나고 소주도 한 잔 하고 이런 식으로 인간적으로 풀었던 그런 기억이 있어요. 그래서 지금 이 회사도 가장 필요한 게 거래처 관리인 것 같고 그러한 경험을 저는 충분히 해 왔고 또 잘 할 수 있는 자신감이 어 있습니다. 이상입니다.","wordCount":114},"emotion":[],"intent":[{"text":"거래처에서 정말 마지막에 까지 요청을 해야 겨우 들어주고   또 거래처 사장이랑 싸우기도 하고 그래서 그거를 해결하기 위해서 저는 그 거래처에   출근을 해서 그 사장하고 같이 뭐 일도 하고 뭐 거들어주고 점심도 같이 먹고   끝나고 소주도 한 잔 하고 이런 식으로 인간적으로 풀었던 그런 기억이 있어요.","expression":"c_confl_mg","category":"personality"}],"summary":{"text":"시장 개척을 해서 거래처를 발굴하고 직원들한테 맡겨서 유지를 시키는 역할을 했었는데 직원이 너무 수동적으로 거래처 관리를 했습니다. 이 회사도 가장 필요한 게 거래처 관리인 것 같고 그것을 충분히 해 왔고 또 잘 할 수 있는 자신감이 어 있습니다.","wordCount":38}}},"rawDataInfo":{"question":{"fileFormat":"wav","fileSize":426958,"duration":13340,"samplingBit":16,"channelCount":1,"samplingRate":"16kHz","audioPath":"/Mock/05.ICT/Male/Experienced/ckmk_q_ict_m_e_87224.wav"},"answer":{"fileFormat":"wav","fileSize":2890958,"duration":90340,"samplingBit":16,"channelCount":1,"samplingRate":"16kHz","audioPath":"/Mock/05.ICT/Male/Experienced/ckmk_a_ict_m_e_87224.wav"}}}