{"version":"1.0","dataSet":{"info":{"date":"20230116","occupation":"ICT","channel":"MOCK","place":"ONLINE","gender":"MALE","ageRange":"35-44","experience":"EXPERIENCED"},"question":{"raw":{"text":"어 일을 하다가 팀원과 불화가 생긴다면 어떻게 해결하실 건가요 그리고 그렇게 해결하시는 해결법과 그 이유도 함께 설명해 주시길 바랍니다","wordCount":19},"emotion":[],"intent":[]},"answer":{"raw":{"text":"아 직장 생활을 하다 보면 어 팀원과의 불화가 간혹가다 생길 수도 있고요 저 역시 아 수 년 전에 한 번 어 그런 불화를 겪어본 적이 있었습니다. 저보다 그 나이가 좀 있으신 분이었는데 직급은 제가 높아서 어 그분이 좀 저를 대하는 게 어려운 어려웠는지 모르겠는데 그러다 보니까 점점 이 게 시 팀 간에 이게 불화가 생겨버리고 말았는데요. 저는 그때 최대한 제가 뭐 상사라서 뭐 이렇게 상사인 행세를 한다기보다 그냥 직장의 동료로서 때로는 그리고 이야기를 그 사람과 진솔한 대화를 시도함에 있어서 그 사람에게 어 내가 더 나이가 어립니다 이 그래도 인생으로서는 인생의 선배님이 아니십니까 라고 하면서 그분에게 먼저 다가가 그 사람을 대우를 해주니 그 사람도 결국에는 아 이렇게 마음을 좀 편안하게 먹고 저를 대해주셨던 걸로 기억을 합니다. 이런 식으로 해결을 했구요. 결국 제일 중요한 건 진솔한 대화가 아닐까 싶습니다.","wordCount":127},"emotion":[],"intent":[{"text":"","expression":"","category":"attitude"}],"summary":{"text":"직장 생활을 하다 보면 팀원과의 불화가 종종가다 생길 수 있고 저 역시 한 번 겪어본 적이 있습니다. 직급이 높은 분이 제게 먼저 다가가 마음을 편안하게 먹고 나를 대해주셨습니다. 결국 가장 중요한 건 진솔한 대화가 아닐까 싶습니다.","wordCount":36}}},"rawDataInfo":{"question":{"fileFormat":"wav","fileSize":475598,"duration":14860,"samplingBit":16,"channelCount":1,"samplingRate":"16kHz","audioPath":"/Mock/05.ICT/Male/Experienced/ckmk_q_ict_m_e_218275.wav"},"answer":{"fileFormat":"wav","fileSize":2281678,"duration":71300,"samplingBit":16,"channelCount":1,"samplingRate":"16kHz","audioPath":"/Mock/05.ICT/Male/Experienced/ckmk_a_ict_m_e_218275.wav"}}}