{"version":"1.0","dataSet":{"info":{"date":"20230116","occupation":"ICT","channel":"MOCK","place":"ONLINE","gender":"MALE","ageRange":"35-44","experience":"EXPERIENCED"},"question":{"raw":{"text":"혹시 지원자님께서 매일매일 공부하고 계시는 분야가 따로 있으신지 궁금합니다 그런 분야가 있으시다고 한다면 그 분야에 대해서 왜 매일매일 공부하고자 하는 열의가 있으신지 설명해 주시면 좋겠습니다","wordCount":25},"emotion":[],"intent":[]},"answer":{"raw":{"text":"저는 서른 살 때부터 영어 공부를 꾸준히 하고 있습니다. 대학교 때는 토익 시험만 잘 보면 모든 것이 일사 천리로 끝날 줄 알았는데 실제로 외국계 회사를 들어와 보니 모든 문서도 영어로 되어있고 이메일 전화회의 또는 대면회의도 영어로 하다보니 제 스스로의 많은 지식을 영어로 표현할 수 없어 많은 힘듦을 겪었습니다.그래서 영어 책을 달달달 외우기 시작한 것부터 통번역 어학원을 다니고 일 주일에 한 번씩은 영어회화 스터디에 가서 네이티브 스티피커들과 영어로 소통을 하고 있습니다. 영어를 많이 하면 할수록 저 스스로 자신감이 쌓이고 어떨 때 어떤 표현을 해야 되고 이럴 때는 이런 표현이 좀 잘못됐다라는 걸 지속적으로 공부하고 있습니다. 그리고 영어 회화 동아리에서 초보들이 오면 그들에게 기본 회화도 가르치기도 하고 아르바이트로 영어 회화 사이트를 운영을 하기도 합니다. 실제로 제가 누구를 가르쳐 보니 어떤 게 부족한지도 많이 느끼게 되었고 많이 느끼다 보니까 그 부분을 더 집중적으로 공부하게 되었고 이제는 영어가 하나의 모국어처럼 하루에 세 시간 이상 안 쓰면 조금 불편한 삶이 되어버렸습니다.","wordCount":146},"emotion":[],"intent":[{"text":"","expression":"","category":"attitude"}],"summary":{"text":"저는 서른 살 때부터 꾸준히 영어 공부를 하고 있습니다. 대학교 때는 모든 문서가 영어로 되어있고, 이메일 전화회의 또는 대면회의도 영어로 하다보니 제 스스로의 많은 지식을 영어로 표현할 수 없어 많은 힘듦을 겪었습니다. 그리고 영어를 많이 하면 할수록 자신감에 쌓였고, 영어 회화 동아리에서 초보들에게 기본 회화도 가르치기도 합니다.","wordCount":47}}},"rawDataInfo":{"question":{"fileFormat":"wav","fileSize":627598,"duration":19610,"samplingBit":16,"channelCount":1,"samplingRate":"16kHz","audioPath":"/Mock/05.ICT/Male/Experienced/ckmk_q_ict_m_e_165219.wav"},"answer":{"fileFormat":"wav","fileSize":2413838,"duration":75430,"samplingBit":16,"channelCount":1,"samplingRate":"16kHz","audioPath":"/Mock/05.ICT/Male/Experienced/ckmk_a_ict_m_e_165219.wav"}}}