{"version":"1.0","dataSet":{"info":{"date":"20230116","occupation":"ICT","channel":"MOCK","place":"ONLINE","gender":"MALE","ageRange":"-34","experience":"EXPERIENCED"},"question":{"raw":{"text":"혹시 본인 스스로가 숫자와 창의 중에 어떤 것에 더 가까운 사람이라고 생각하시는지 그렇게 생각하시는 이유와 함께 설명해 주세요","wordCount":18},"emotion":[],"intent":[]},"answer":{"raw":{"text":"저는 제 자신이 숫자에 더 가깝다고 생각합니다. 어렸을 때부터 수학을 좋아했고 수를 셈하는 법과 수 안에 있는 논리적 규칙을 찾는 것을 매우 좋아했고 즐겼습니다. 이에 공부를 계속하고 고등학교 입학 당시에도 이과를 선택하여 수능을 준비하였습니다. 수능 이후 전기 전자라는 공학 중에서도 가장 전통적이고 숫자와 밀접한 학문을 전공하게 되었습니다. 이에 저 자신이 숫자에 더 가까워졌고 숫자와 더 친밀해지는 그런 시간들이었던 것 같습니다. 이후에 입사를 한 후에도 이전 직장에서 숫자와 관련된 컴퓨터 업무를 수행하였습니다. 매초 매일 매달 서버의 트래픽 부하량을 점검하고 통계를 내었고 서버의 부하에 대한 계산 그리고 그 계산을 바탕으로 앞으로 설계해야 할 서버의 숫자를 판단했습니다.","wordCount":94},"emotion":[{"text":"어렸을 때부터 수학을 좋아했고 수를 셈하는 법과 수 안에 있는 논리적 규칙을 찾는 것을 매우 좋아했고 즐겼습니다.","expression":"p-interest","category":"positive"}],"intent":[{"text":"","expression":"","category":"attitude"}],"summary":{"text":"고등학교 입학 당시 이과를 선택하고 수능 이후 공학 중에서도 전통적이고 숫자와 밀접한 학문을 전공했습니다. 입사 후 이전 직장에서 숫자와 관련된 컴퓨터 업무를 수행했고 매초마다 서버의 트래픽 부하량을 점검하고 통계를 냈습니다.","wordCount":30}}},"rawDataInfo":{"question":{"fileFormat":"wav","fileSize":356558,"duration":11140,"samplingBit":16,"channelCount":1,"samplingRate":"16kHz","audioPath":"/Mock/05.ICT/Male/Experienced/ckmk_q_ict_m_e_246235.wav"},"answer":{"fileFormat":"wav","fileSize":3803278,"duration":118850,"samplingBit":16,"channelCount":1,"samplingRate":"16kHz","audioPath":"/Mock/05.ICT/Male/Experienced/ckmk_a_ict_m_e_246235.wav"}}}