{"version":"1.0","dataSet":{"info":{"date":"20230116","occupation":"ICT","channel":"MOCK","place":"ONLINE","gender":"MALE","ageRange":"-34","experience":"EXPERIENCED"},"question":{"raw":{"text":"입사한 팀이 코드 리뷰 클린 코드 테스트 등 아무 것도 하지 않는다면 지원자님께서는 어떻게 하실 건가요","wordCount":16},"emotion":[],"intent":[]},"answer":{"raw":{"text":"네 입사한 팀이 어 개발자로서 당연히 하는 코드 리뷰 뭐 그다음에 코드에 대한 리펙토링 하는 클린 코드 그다음에 개발했던 코드 테스트 당연시 되는 부분인데 이건 모두 안 하고 있다는 것은 어 물론 시간이 없어서일 가능성도 있다고 생각합니다. 네 그래서 음 필요성은 당연히 모두 인지하고 있다고 생각하고 어 제가 조금 더 어 팀에 기여할 수 있는 방법은 어 코드 리뷰 클린 코드 테스트 이런 것들의 사전 자료를 잘 준비해서 팀 원들과 공유하면 된다고 생각합니다.","wordCount":73},"emotion":[],"intent":[{"text":"","expression":"","category":"attitude"}],"summary":{"text":"개발자로서 당연히 해야하는 코드 리뷰, 클린 코드, 코드테스트를 하지 않는 것은 시간부족의 문제일 수 있으나, 저는 이 부분의 필요성을 알고 있으며, 사전자료를 공유하겠습니다.","wordCount":23}}},"rawDataInfo":{"question":{"fileFormat":"wav","fileSize":373838,"duration":11680,"samplingBit":16,"channelCount":1,"samplingRate":"16kHz","audioPath":"/Mock/05.ICT/Male/Experienced/ckmk_q_ict_m_e_242831.wav"},"answer":{"fileFormat":"wav","fileSize":1363918,"duration":42620,"samplingBit":16,"channelCount":1,"samplingRate":"16kHz","audioPath":"/Mock/05.ICT/Male/Experienced/ckmk_a_ict_m_e_242831.wav"}}}