{"version":"1.0","dataSet":{"info":{"date":"20230116","occupation":"ICT","channel":"MOCK","place":"ONLINE","gender":"MALE","ageRange":"35-44","experience":"EXPERIENCED"},"question":{"raw":{"text":"지금부터 삼 년 이내에 지원자님만의 성장 계획이나 단기적인 목표가 있으신가요 지원자님의 단기적인 목표에 대해서 자세하게 말씀해 주시겠어요","wordCount":17},"emotion":[],"intent":[]},"answer":{"raw":{"text":"예 어 부끄럽게도 이제 어 제 커리어 상에 그 더 이상의 디벨롭먼트 큰 그림은 빅피처는 없습니다. 그러나 제 개인적으로 경제적 자유에 도달하기 위한 그런 구체적인 계획을 짜고 있는데요. 지금 현재 자산 배분을 어떻게 할 것인지 그리고 아 저희에게 자산 포트폴리오를 굉장히 세분화해서 구성을 해 놨고요. 지금부터 삼 년 뒤 삼 년 뒤까지 제가 오 년 치를 짜놨기 때문에 삼 년 뒤에 예 삼 년 뒤까지는 어 저의 자산이 아 지금보다는 거의 사 점 오 배 정도 늘어나지 않을까 생각하고 있구요. 어 네 어 굉장히 이 사람이란 동물이 사람이라는 게 저 이 마인드 컨트롤에 굉장히 약한 동물이기 때문에 그것을 통제하기 위해서 저 혼자 스스로만의 어떤 통제 장치들도 여러 가지 마련해 놨고 삼 년 뒤에는 제 자산이 사 점 오 배로 불어나 있는 그런 계획을 짜고 있습니다. 하지만 뭐 경제적 자유까지 도달할 수는 없을 것 같고요. 향후 십 년 이내 경제적 자유에 도달하지 않을까 싶습니다.","wordCount":143},"emotion":[],"intent":[{"text":"","expression":"","category":"attitude"}],"summary":{"text":"더 이상의 디벨롭먼트 큰 그림은 빅피처는 없지만 개인적으로 경제적 자유를 위한 계획을 짜고 있습니다. 현재 자산 배분을 어떻게 할 것인지 그리고 저희에게 자산 포트폴리오를 세분화해서 구성을 해 놓았기 때문에 향후 십 년 이내 경제적 자유에 도달할 수 있을 것 같습니다.","wordCount":40}}},"rawDataInfo":{"question":{"fileFormat":"wav","fileSize":527726,"duration":16489,"samplingBit":16,"channelCount":1,"samplingRate":"16kHz","audioPath":"/Mock/05.ICT/Male/Experienced/ckmk_q_ict_m_e_175909.wav"},"answer":{"fileFormat":"wav","fileSize":2517198,"duration":78660,"samplingBit":16,"channelCount":1,"samplingRate":"16kHz","audioPath":"/Mock/05.ICT/Male/Experienced/ckmk_a_ict_m_e_175909.wav"}}}