{"version":"1.0","dataSet":{"info":{"date":"20230116","occupation":"ICT","channel":"MOCK","place":"ONLINE","gender":"MALE","ageRange":"35-44","experience":"EXPERIENCED"},"question":{"raw":{"text":"면접자님이 좋아하는 앱이 있으시면 한번 말씀해 보시고 기술적인 측면에서 왜 그 앱을 좋아하는지도 함께 한번 말해 주세요","wordCount":17},"emotion":[],"intent":[]},"answer":{"raw":{"text":"네 요즘 들어서 좋아하는 앱은 어 이 출시된 지 굉장히 오래되기는 했는데 저는 에어비앤비 라는 이 굉장히 좋아해요. 실제로 또 여행을 많이 다니기도 하고 그리고 에어비앤비 에 그런 어 이런 그 수익 창출 모델 자체가 굉장히 트렌디하다고 생각합니다. 그 공 바야흐로 지금 현재 저희는 공유 경제 시대를 살고 있잖아요. 그래 에어비앤비가 그것을 대표하는 어떤 회사라고 생각해서 굉장히 혁신적인 기업이라고 생각을 하고 어 에어비앤비의 앱에 접속을 했을 때 어 기분을 좋게 만들어 줘요. 그러니 어디로 여행할 것입니까 언제 여행합니까 누구와 갑니까 이런 것들을 기본적인 정보를 입력 시키면 그쪽에 대한 지도를 펼쳐주고 그쪽에 숙소가 어떻게 분포가 되어 있는지 어느 가격에 형성이 되어 있는지를 한눈에 굉장히 직관적으로 어 저에게 보여주기 때문에 그걸 보는 것만으로도 이제 여행이 마 저의 그 작 내재적인 그런 여행은 이미 시작됐다고 볼 수 있죠. 그래서 좀 더 그 앱을 들어갈 때마다 좀 더 설레는 마음이 큰 것 같습니다.","wordCount":139},"emotion":[{"text":"그래 에어비앤비가 그것을 대표하는 어떤 회사라고 생각해서 굉장히 혁신적인 기업이라고 생각을 하고 어 에어비앤비의 앱에 접속을 했을 때 어   기분을 좋게 만들어 줘요.","expression":"p-happiness","category":"positive"},{"text":"그래서 좀 더 그 앱을 들어갈 때마다 좀 더 설레는 마음이 큰 것 같습니다.","expression":"p-happiness","category":"positive"}],"intent":[{"text":"","expression":"","category":"attitude"}],"summary":{"text":"공유 경제 시대에 에어비앤비는 혁신적인 기업입니다. 기본적인 정보를 입력 시키면 그곳의 지도를 펼쳐주고 그곳의 숙소의 분포와 가격이 어떻게 형성되어 있는지를 한눈에 보여줍니다. 그 앱을 들어갈 때마다 설레는 마음이 큰 것 같습니다.","wordCount":31}}},"rawDataInfo":{"question":{"fileFormat":"wav","fileSize":323278,"duration":10100,"samplingBit":16,"channelCount":1,"samplingRate":"16kHz","audioPath":"/Mock/05.ICT/Male/Experienced/ckmk_q_ict_m_e_175904.wav"},"answer":{"fileFormat":"wav","fileSize":2393038,"duration":74780,"samplingBit":16,"channelCount":1,"samplingRate":"16kHz","audioPath":"/Mock/05.ICT/Male/Experienced/ckmk_a_ict_m_e_175904.wav"}}}