{"version":"1.0","dataSet":{"info":{"date":"20230116","occupation":"ICT","channel":"MOCK","place":"ONLINE","gender":"MALE","ageRange":"45-54","experience":"EXPERIENCED"},"question":{"raw":{"text":"글로벌 인재에게 필수적인 요소는 무엇일까요 그리고 본인은 그것을 위해서 어떤 것을 노력하셨나요","wordCount":12},"emotion":[],"intent":[]},"answer":{"raw":{"text":"글로벌 시대에는 영어가 제일 중요하다고 생각이 되어서 저는 영어 공부를 굉장히 열심히 했습니다. 예전에는 토익만 토익 점수를 따기 위해서만 열심히 했는데 독해 능력은 실제로 외국에 나가서 그렇게 쓸모가 있다고 생각이 되어지지 않아서 토익 점수를 일정 점수 달성하고 난 뒤에는 영어 회화 학원을 다녔습니다. 영어 회화를 배우기 위해 외국인이랑 통화를 하는 어떤 그런 수업도 들었고요. 영어 회화 스터디를 나가서 영어 회화로만 이야기하는 그런 모임에도 적극적으로 나갔습니다. 그렇게 영어 회화를 열심히 습득하고 나서 저는 혼자서 영국 여행을 다녀왔습니다. 영국 여행을 다니면서 제가 배웠던 영어 회화를 제가 마음껏 거리낌 없이 이렇게 활용하는 것을 보고서 아 이렇게 노력하는 태도를 갖고 있다면 나는 글로벌 인재가 될 수 있겠구나 라는 확신이 들었습니다. 영어를 바탕으로 해서 저는 글로벌 인재가 될 수 있다고 생각을 합니다.","wordCount":117},"emotion":[],"intent":[{"text":"","expression":"","category":"attitude"}],"summary":{"text":"글로벌 시대에는 영어가 제일 중요하다고 생각되어서 영어 공부를 굉장히 열심히 했습니다. 토익 점수를 일정 점수 달성하고 난 뒤에는 영어 회화 학원을 다녔습니다. 그렇게 영어 회화를 열심히 습득하고 나서 혼자 영국 여행을 다니면서 저는 영어를 바탕으로 글로벌 인재가 될 수 있다고 생각합니다.","wordCount":41}}},"rawDataInfo":{"question":{"fileFormat":"wav","fileSize":268878,"duration":8400,"samplingBit":16,"channelCount":1,"samplingRate":"16kHz","audioPath":"/Mock/05.ICT/Male/Experienced/ckmk_q_ict_m_e_205801.wav"},"answer":{"fileFormat":"wav","fileSize":2609998,"duration":81560,"samplingBit":16,"channelCount":1,"samplingRate":"16kHz","audioPath":"/Mock/05.ICT/Male/Experienced/ckmk_a_ict_m_e_205801.wav"}}}