{"version":"1.0","dataSet":{"info":{"date":"20230116","occupation":"ICT","channel":"MOCK","place":"ONLINE","gender":"MALE","ageRange":"55-","experience":"EXPERIENCED"},"question":{"raw":{"text":"만약 사내 스터디를 만들어서 공부할 수 있게 된다면 어떤 것을 공부하고 싶으세요 그것을 공부하고 싶은 이유도 같이 말씀해 주시겠어요","wordCount":19},"emotion":[],"intent":[]},"answer":{"raw":{"text":"과거에도 이런 경험이 있습니다. 제가 젊었을 때 어 좀 더 주니어 개발자였을 때는 주로 새로운 기술을 배우고 학습하기 위해서 스터디 그룹을 만들어서 진행을 해 왔던 경험도 있고요. 그것은 대학 다닐 때 친구들과 스터디 그룹을 함께 했었던 곳에 어 확장판 정도였다면 어 저희 개발자나 기술직에서 근무하는 사람들은 인문학이나 역사학 종교학 등이 굉장히 약한 부분들이 많이 있습니다. 사회를 바라보는 눈도 어 매우 어 적고요. 그러다 보니 우리 사회에서 발생하는 여러 가지 사회적인 문제들 이런 부분들을 바라보는 또 판단하는 어 그런 기준들이 좀 미흡한 것 같습니다. 그래서 저는 만약에 스터디를 만들어 공부할 수 있다면 인문학이나 사회학이나 역사학이나 어 이런 부분들을 우선적으로 어 함께 뭐 독서 클럽 같은 것도 괜찮을 것 같고요. 어 이차적으로는 더 나아가서 어 경제 관념이 매우 중요합니다. 회사도 경제 공동체이고 국가도 어 엄밀하게 따지면 경제 공동체이기 때문에 경제에 대해서 좀 더 잘 알아서 회사와 사회에 도움이 되는 그런 어 것들을 만들고 싶습니다.","wordCount":142},"emotion":[{"text":"제가 젊었을 때 어 좀 더 주니어 개발자였을 때는 주로 새로운 기술을 배우고 학습하기 위해서 스터디 그룹을 만들어서 진행을 해 왔던 경험도 있고요.","expression":"u-fact","category":"neutral"}],"intent":[{"text":"","expression":"","category":"attitude"}],"summary":{"text":"개발자나 기술직에서 일하는 사람들은 인문학이나 역사학, 종교학 등이 취약합니다. 그래서 저는 스터디를 만들어 공부할 수 있다면 인문학이나 사회학, 역사학이나 이런 부분들을 우선적으로 어 독서 클럽 같은 것도 괜찮다고 생각합니다. 더 나아가서 경제에 대해서 좀 더 잘 알아서 회사와 사회에 도움이 되는 것들을 만들고 싶습니다.","wordCount":44}}},"rawDataInfo":{"question":{"fileFormat":"wav","fileSize":350478,"duration":10950,"samplingBit":16,"channelCount":1,"samplingRate":"16kHz","audioPath":"/Mock/05.ICT/Male/Experienced/ckmk_q_ict_m_e_287366.wav"},"answer":{"fileFormat":"wav","fileSize":2866638,"duration":89580,"samplingBit":16,"channelCount":1,"samplingRate":"16kHz","audioPath":"/Mock/05.ICT/Male/Experienced/ckmk_a_ict_m_e_287366.wav"}}}