{"version":"1.0","dataSet":{"info":{"date":"20230116","occupation":"ICT","channel":"MOCK","place":"ONLINE","gender":"MALE","ageRange":"35-44","experience":"EXPERIENCED"},"question":{"raw":{"text":"업무를 하다 보면 상사와 트러블이 생기는 경우가 종종 있을 수도 있는데요 만약에 상사가 혼낸다면 기분이 나쁠 것 같지는 않은지 함께 설명해 주시기 바랍니다","wordCount":23},"emotion":[],"intent":[]},"answer":{"raw":{"text":"어떤 직장을 다니던 상사와 트러블은 필연적인 관계입니다. 상사와 저는 다른 사람이기 때문에 서로를 맞춰가는 과정에서 생기는 트러블은 당연하다고 생각하면 상사가 내는 혼은 기분이 나쁜 것이 아니라 나와 이 사람 간의 교류를 하고 공감대를 형성하는 시간이다 라고 생각을 하게 됩니다. 기분이 나쁠 수 있지만 월급의 십 퍼센트에서 이십 퍼센트는 욕먹는 데 쓰이는 돈이다 라는 말이 있습니다. 그렇기 때문에 기분 나쁘게 듣기보다는 이 기분 나쁜 소리에 의해서 내가 또 성장할 수 있고 상사와 또 한 번 맞출 수 있는 기회를 만들었다고 생각하면 충분히 이해할 수 있다고 생각합니다.","wordCount":85},"emotion":[],"intent":[{"text":"","expression":"","category":"attitude"}],"summary":{"text":"어떤 직장의 상사와 트러블은 필연적 관계입니다. 상사가 내는 혼은 기분 나쁜 것이 아니라 나와 이 사람 간의 교류를 하고 공감대를 형성하는 시간이기 때문입니다. 기분 나쁜 소리에 의해서 성장을 한다고 생각하면 충분히 이해할 수 있습니다.","wordCount":34}}},"rawDataInfo":{"question":{"fileFormat":"wav","fileSize":440398,"duration":13760,"samplingBit":16,"channelCount":1,"samplingRate":"16kHz","audioPath":"/Mock/05.ICT/Male/Experienced/ckmk_q_ict_m_e_156768.wav"},"answer":{"fileFormat":"wav","fileSize":1434958,"duration":44840,"samplingBit":16,"channelCount":1,"samplingRate":"16kHz","audioPath":"/Mock/05.ICT/Male/Experienced/ckmk_a_ict_m_e_156768.wav"}}}