{"version":"1.0","dataSet":{"info":{"date":"20230116","occupation":"ICT","channel":"MOCK","place":"ONLINE","gender":"MALE","ageRange":"45-54","experience":"EXPERIENCED"},"question":{"raw":{"text":"회사와 본인을 어떤 방식으로 연관 짓고 계십니까","wordCount":7},"emotion":[],"intent":[]},"answer":{"raw":{"text":"회사와 본인은 뭐 좀 심하게 얘기하면 운명 공동체라고 생각을 합니다. 어 회사가 잘 되면 그것은 곧 제가 잘 되는 것이고 어 회사가 잘 돼서 이익이 생기면 그거는 어 직원인이나 소속 원인 저한테도 어 도움이 된다라고 생각을 합니다. 반대로 회사가 어렵거나 힘들 때는 서로 그 아픔도 같이 공유해 다 공유해야 된다고 생각을 합니다. 그렇기 때문에 회사와 개 저는 유기적이며 그 어떤 고정 황적인 뭐 회사는 직원들한테 이래야 된다 반대로 직원은 회사에 이렇게 해야 된다 이런 틀이 있는 게 아니라 유기적으로 그때 그때 서로의 상황을 이해하고 같은 공동의 목표를 위 를 두고 노력해 가는 그런 존재라고 생각을 합니다.","wordCount":96},"emotion":[],"intent":[{"text":"","expression":"","category":"attitude"}],"summary":{"text":"회사와 회사와 본인은 운명 공동체라고 생각합니다. 회사가 잘 되면 회사도 잘 되고 이익이 생기면 직원인이나 소속 원인에게도 도움이 되고, 회사가 힘들면 서로 아픔도 같이 공유해야 한다고 생각합니다.","wordCount":27}}},"rawDataInfo":{"question":{"fileFormat":"wav","fileSize":243278,"duration":7600,"samplingBit":16,"channelCount":1,"samplingRate":"16kHz","audioPath":"/Mock/05.ICT/Male/Experienced/ckmk_q_ict_m_e_44297.wav"},"answer":{"fileFormat":"wav","fileSize":1829198,"duration":57160,"samplingBit":16,"channelCount":1,"samplingRate":"16kHz","audioPath":"/Mock/05.ICT/Male/Experienced/ckmk_a_ict_m_e_44297.wav"}}}