{"version":"1.0","dataSet":{"info":{"date":"20230116","occupation":"ICT","channel":"MOCK","place":"ONLINE","gender":"MALE","ageRange":"55-","experience":"EXPERIENCED"},"question":{"raw":{"text":"최근 공부하고 있는 분야가 있으신가요 있다면 그것을 왜 공부하는지 지금까지는 어떤 것들을 배웠는지도 함께 말씀해 주세요","wordCount":16},"emotion":[],"intent":[]},"answer":{"raw":{"text":"지금 공부하고 있는 것은 기술적으로는 앱을 만드는 공부를 하고 있습니다. 앱은 제가 만들고 싶은 앱도 있고 또 앱을 쉽게 만드는 그런 툴을 제가 공부하고 있기 때문에 어 어떤 고객이 원하는 그런 앱이 있다면 만들어주는 그러한 앱 프로듀싱 일도 앞으로 기획을 하고 있습니다. 해서 스마트 메이커를 지금 공부를 하고 있고 또한 자기 계발을 위해서 여러 가지 그 자기 계발 서적들도 지금 어 읽고 있습니다. 지금까지 제가 해왔던 일들은 여러 가지가 있지만 그 기본은 아이티에서 제가 프로그램 개발을 했었고 얼마 전에는 파이선이나 에스큐엘 또 판다스 주피터 등과 같은 그 새로운 그 랭귀지에 대한 그 공부를 해서 어 사 차 산업 혁명에 대비하는 그런 그 일을 했습니다. 물론 그것을 배운 이유는 앞으로 지금 진행이 되고 있고 앞으로 도래할 사 차 산업 시대에 그 보조를 맞추기 위해서 거기서 또 제가 할 수 있는 일의 기회를 찾기 위해서입니다.","wordCount":133},"emotion":[],"intent":[{"text":"지금까지 제가 해왔던 일들은 여러 가지가 있지만 그 기본은 아이티에서 제가 프로그램 개발을 했었고 얼마 전에는 파이선이나 에스큐엘 또 판다스 주피터 등과 같은 그 새로운 그 랭귀지에 대한 그 공부를 해서 어 사 차 산업 혁명에 대비하는 그런 그 일을 했습니다.","expression":"i_prg","category":"technology"}],"summary":{"text":"기술적으로는 앱을 만드는 공부를 하고 있고 앱을 쉽게 만드는 앱 프로듀싱 일도 기획하고 있습니다. 지금까지 해왔던 일은 아이티에서 프로그램 개발을 했었고 얼마 전에는 파이선이나 에스큐엘, 판다스 주피터 등과 같은 새로운 랭귀지에 대한 공부를 해서 사차 산업 혁명에 대비하는 일을 했습니다.","wordCount":40}}},"rawDataInfo":{"question":{"fileFormat":"wav","fileSize":328718,"duration":10270,"samplingBit":16,"channelCount":1,"samplingRate":"16kHz","audioPath":"/Mock/05.ICT/Male/Experienced/ckmk_q_ict_m_e_287150.wav"},"answer":{"fileFormat":"wav","fileSize":3300558,"duration":103140,"samplingBit":16,"channelCount":1,"samplingRate":"16kHz","audioPath":"/Mock/05.ICT/Male/Experienced/ckmk_a_ict_m_e_287150.wav"}}}