{"version":"1.0","dataSet":{"info":{"date":"20230116","occupation":"ICT","channel":"MOCK","place":"ONLINE","gender":"MALE","ageRange":"45-54","experience":"EXPERIENCED"},"question":{"raw":{"text":"일하시면서 많은 위기를 접할 수 있을 거 같은데 위기 관리 경험이 특별히 있었나요","wordCount":13},"emotion":[],"intent":[]},"answer":{"raw":{"text":"지금 생각해보면 가장 기억에 남는 것이 외환 위기 때의 경험입니다. 외환 위기 때 뭐 나라뿐 아니라 회사에서는 달라가 많이 부족했고 어 우리는 수출을 하기 위해서 원자재라든지 대금 지급 혹은 또 우리가 수출한 물건에 대한 대금을 받아야 되는 상황이었습니다. 일단은 우리가 해외로부터 받아야 될 때는 최대한 그것을 달러로 받았고 반대로 우리가 지불해야 될 것은 가능한 한 원자재를 통해 원자재를 통해서 지급을 했습니다. 그 원자재라는 것이 결국은 반도체 쪽이었는데 우리나라에서 가장 나름 손쉽게 구하면서도 꼭 필요한 제품인 반도체를 원자재 값 대행으로 물건을 주면서 어 반대로 그 해외에서 우리가 받아야 될 것은 달러로 받으면서 그 환율차를 가장 줄여서 줄여 줄일 수가 있었습니다. 그것으로 인해서 약 한 육 개월 동안에 나름 회사에서는 그 달러 지출을 막을 수 있었고 그때 그나마 달러를 좀 회사에서 확보를 해 가지고 나름의 위기를 경험 위기를 이렇게 극복할 수 있었던 것으로 생각합니다.","wordCount":132},"emotion":[],"intent":[{"text":"","expression":"","category":"attitude"}],"summary":{"text":"외환 위기 때 우리는 수출을 위해 달러로 받을 때는 최대한 달러로 받고, 지불해야 될 것은 가능한 한 원자재를 통해 원자재를 통해서 지급했습니다. 그로 인해 회사에서는 그 달러 지출을 막을 수 있었고 그때 그나마 달러를 좀 회사에서 확보를 해 가지고 나름의 위기를 극복할 수 있었던 것으로 생각합니다.","wordCount":46}}},"rawDataInfo":{"question":{"fileFormat":"wav","fileSize":273038,"duration":8530,"samplingBit":16,"channelCount":1,"samplingRate":"16kHz","audioPath":"/Mock/05.ICT/Male/Experienced/ckmk_q_ict_m_e_43193.wav"},"answer":{"fileFormat":"wav","fileSize":2489038,"duration":77780,"samplingBit":16,"channelCount":1,"samplingRate":"16kHz","audioPath":"/Mock/05.ICT/Male/Experienced/ckmk_a_ict_m_e_43193.wav"}}}