{"version":"1.0","dataSet":{"info":{"date":"20230116","occupation":"ICT","channel":"MOCK","place":"ONLINE","gender":"MALE","ageRange":"35-44","experience":"EXPERIENCED"},"question":{"raw":{"text":"지원자님은 이전 직장에서 퇴사한 후 퇴사한 것을 후회하신 적이 있으신가요 있다면 왜인지도 함께 말씀해 주세요","wordCount":15},"emotion":[],"intent":[]},"answer":{"raw":{"text":"전 직장을 다닐 때 상사가 너무 무능력해서 저의 발전을 할 수 없다라는 것을 너무 많이 깨닫고 십 년 이상 다니는 회사를 퇴사한 적이 있습니다. 그런데 그 회사를 퇴사할 때는 새로운 회사에 가서 더 좋은 더 똑똑한 직장 상사 및 대표 이사 밑에서 제 스스로의 발전과 미래를 도모할 수 있을 것이라고 생각했습니다. 그런데 예전에 구관이 명관이라는 말이 있듯이 새로운 회사를 가니 거기에 있는 상사는 이전에 있던 회사의 상사보다 더 무능력하고 도덕적으로 부패한 사람이었습니다. 새로운 직장을 찾아서 간 사람들의 칠십 오 퍼센트 이상이 기존의 직장이 훨씬 더 좋다는 것을 깨닫고 다시 돌아갈려고 하는 사람이 있다는 것을 알았는데요. 저 역시도 다시 돌아가고 싶었지만 한 번 퇴사한 회사는 다시는 돌아갈 수 없다 라는 전 회사의 규정 때문에 많이 후회하고 있지만 그래도 현재 회사에 만족을 하며 다니고 있습니다.","wordCount":123},"emotion":[],"intent":[{"text":"","expression":"","category":"attitude"}],"summary":{"text":"전 직장을 다닐 때 상사의 무능력을 깨닫고 십 년 이상 다니는 회사를 퇴사한 적이 있습니다. 새로운 회사를 가니 이전의 상사보다 더 무능력하고 도덕적으로 부패한 사람이었습니다. 새로운 직장을 찾아 간 사람들의 70% 이상이 기존의 직장이 더 좋다는 것을 깨닫고 다시 돌아갈려고 하는 사람이 있었습니다.","wordCount":43}}},"rawDataInfo":{"question":{"fileFormat":"wav","fileSize":389198,"duration":12160,"samplingBit":16,"channelCount":1,"samplingRate":"16kHz","audioPath":"/Mock/05.ICT/Male/Experienced/ckmk_q_ict_m_e_156767.wav"},"answer":{"fileFormat":"wav","fileSize":2023118,"duration":63220,"samplingBit":16,"channelCount":1,"samplingRate":"16kHz","audioPath":"/Mock/05.ICT/Male/Experienced/ckmk_a_ict_m_e_156767.wav"}}}