{"version":"1.0","dataSet":{"info":{"date":"20230116","occupation":"ICT","channel":"MOCK","place":"ONLINE","gender":"MALE","ageRange":"45-54","experience":"EXPERIENCED"},"question":{"raw":{"text":"지원자분께 질문 하나 하겠습니다 만약에 입사 후 직무가 적성에 맞지 않는다면 그때는 어떻게 하겠는지 말씀해 주십시오","wordCount":16},"emotion":[],"intent":[]},"answer":{"raw":{"text":"직무가 적성에 맞지 않을 수는 없다고 생각하고요. 왜냐하면 이 직무를 어 제가 모르고 입사 지원을 한 게 아니기 때문에 어 적성에 맞지 않을 수는 없다고 생각하고 맞지 않는다면 어 제가 생각했던 회사 제가 생각했던 사람들이 제 생각과 좀 다를 경우는 있다고 생각합니다. 그렇다면 저는 음 만들어 나가야죠. 회사가 제가 어떤 직무를 하고 성과를 올렸을 때 저한테 어떤 대우를 해주느냐 이것도 어느 정도 만들 수 만들어 나갈 수 있는 부분이 있구요. 어 사람들 또 상사 또 마찬가지로 어 저는 친화력이 굉장히 좋고 소통 능력이 굉장히 좋다고 생각을 하고 그게 저의 장점이라고 생각을 하는데 사람들은 제 마음대로 움직인다고 표현하기보다는 어 소통을 할 수 있는 그런 능력이 어 저는 있다고 생각해서 충분히 사람들과의 문제 회사과의 문제는 저는 어렵지 않게 해결해 나갈 수 있다고 그렇게 생각하고 있습니다.","wordCount":123},"emotion":[],"intent":[{"text":"어 사람들 또 상사   또 마찬가지로 어 저는 친화력이 굉장히 좋고   소통 능력이 굉장히 좋다고 생각을 하고 그게 저의 장점이라고 생각을 하는데 사람들은   제 마음대로 움직인다고 표현하기보다는 어 소통을 할 수 있는 그런 능력이   어 저는 있다고 생각해서 충분히 사람들과의 문제 회사과의 문제는   저는 어렵지 않게 해결해 나갈 수 있다고 그렇게 생각하고 있습니다.","expression":"c_person","category":"background"}],"summary":{"text":"저는 친화력, 소통 능력이 장점이라고 생각하는데 사람들은 제 마음대로 움직인다고 표현하기보다는 소통 능력이 있다고 생각해서 사람들과의 문제 회사와의 문제는 어렵지 않게 해결해 나갈 수 있다고 생각하고 있습니다.","wordCount":27}}},"rawDataInfo":{"question":{"fileFormat":"wav","fileSize":437198,"duration":13660,"samplingBit":16,"channelCount":1,"samplingRate":"16kHz","audioPath":"/Mock/05.ICT/Male/Experienced/ckmk_q_ict_m_e_87115.wav"},"answer":{"fileFormat":"wav","fileSize":2889358,"duration":90290,"samplingBit":16,"channelCount":1,"samplingRate":"16kHz","audioPath":"/Mock/05.ICT/Male/Experienced/ckmk_a_ict_m_e_87115.wav"}}}