{"version":"1.0","dataSet":{"info":{"date":"20230116","occupation":"ICT","channel":"MOCK","place":"ONLINE","gender":"MALE","ageRange":"35-44","experience":"EXPERIENCED"},"question":{"raw":{"text":"개발 업무를 참 오랫동안 하셨는데요 본인이 생각하는 좋은 개발자란 어떤 것일까요 그리고 본인은 앞으로 어떤 개발자가 되고 싶으신가요","wordCount":18},"emotion":[],"intent":[]},"answer":{"raw":{"text":"네 저는 몰두하는 개발자가 되고 싶습니다. 네 어느 한 군데 몰두한다는 거는 굉장히 사람 인간으로서 굉장히 매력적인 어 매력적인 부분인 라고 할 수 있는데요. 특히 개발자로서는 그 몰두 라는 그 덕목 자체가 굉장히 중요하다고 생각해요. 저도 그래서 그 쪽을 그 몰두하는 개발자가 되기 위해서 어 코드 하나하나를 좀 꼼꼼하게 살펴보고 특히나 어 모든 개발자들이 반드시 염두해 둬야 염두를 해야 하는 것 중의 하나가 그 유저 인터페이스라고 생각을 하고 있거든요. 그래서 이 내가 개발한 이 프로덕트가 얼마나 사용자와 친숙한지 그리고 사용자 입장에서 보았을 때 어 편안하게 이 편리하게 사용할 수 있는지가 관건일 것 같애요. 그래서 이 모든 것들을 잘 만들어내기 위해서는 어 하나씩 하나씩 아주 어 코드 하나하나를 깊게 생각하고 따져볼 줄 아는 그런 개발자가 되고 싶습니다.","wordCount":116},"emotion":[],"intent":[{"text":"","expression":"","category":"attitude"}],"summary":{"text":"개발자로서 몰두하는 개발자가 되기 위해서는 코드 하나하나를 꼼꼼하게 살펴보고 특히 유저 인터페이스를 염두해 두어야 합니다. 제가 개발한 프로덕트가 얼마나 사용자와 친숙한지 그리고 편리하게 사용할 수 있는지가 관건일 것입니다.","wordCount":28}}},"rawDataInfo":{"question":{"fileFormat":"wav","fileSize":516558,"duration":16140,"samplingBit":16,"channelCount":1,"samplingRate":"16kHz","audioPath":"/Mock/05.ICT/Male/Experienced/ckmk_q_ict_m_e_230064.wav"},"answer":{"fileFormat":"wav","fileSize":2256718,"duration":70520,"samplingBit":16,"channelCount":1,"samplingRate":"16kHz","audioPath":"/Mock/05.ICT/Male/Experienced/ckmk_a_ict_m_e_230064.wav"}}}