{"version":"1.0","dataSet":{"info":{"date":"20230116","occupation":"ICT","channel":"MOCK","place":"ONLINE","gender":"MALE","ageRange":"35-44","experience":"EXPERIENCED"},"question":{"raw":{"text":"만약 일을 하다가 타 부서와 갈등 상황이 발생한다면 면접자님께서는 어떻게 해결하실 계획이십니까 직접 상황을 가정하고 말씀해 주시기 바랍니다","wordCount":18},"emotion":[],"intent":[]},"answer":{"raw":{"text":"예 타 부서와의 갈등이 어 보통은 일을 하면서 어 이런 협업을 협업이나 같은 프로젝트를 진행을 하게 되면서 충분히 갈등이 발생할 수 있는 있다고 보고 있고요. 어 저 역시도 어 그동안에 그런 경험들이 어 몇 차례 있었던 것으로 기억을 하는데요. 그럴 때는 일단 어 해당 그 프로젝트 매니저에게 아 이런 갈등 상황에 대해서 좀 상세하게 보고를 해야 된다고 생각을 합니다. 그래서 이 프로젝트 매니저가 이 이 갈등 상황을 중재해 중재를 해 줄 것이고 아 이렇게 중재해 달라고 요청을 간곡하게 해야 되는 것이 맞구요. 그리고 이 프로젝트를 어 진행하기에 앞서 먼저 어 이 이 우리 부서만의 어떤 롤이 분명히 정의가 돼 있을 겁니다. 그 정의 그 정의된 정의서에 따라서 어 그 갈등이 생긴 그 부서와에도 부서와 커뮤니케이션도 충분히 이루어져야 된다고 생각을 하고 있습니다.","wordCount":121},"emotion":[],"intent":[{"text":"","expression":"","category":"attitude"}],"summary":{"text":"타 부서와의 갈등은 일을 하며 충분히 발생할 수 있습니다. 따라서 갈등 상황에 대한 상세한 보고를 프로젝트 매니저에게 하고 중재 요청을 간곡하게 해야 합니다. 또한 갈등이 생긴 부서와 커뮤니케이션도 충분히 이루어져야 한다고 생각합니다.","wordCount":32}}},"rawDataInfo":{"question":{"fileFormat":"wav","fileSize":560398,"duration":17510,"samplingBit":16,"channelCount":1,"samplingRate":"16kHz","audioPath":"/Mock/05.ICT/Male/Experienced/ckmk_q_ict_m_e_298689.wav"},"answer":{"fileFormat":"wav","fileSize":2288078,"duration":71500,"samplingBit":16,"channelCount":1,"samplingRate":"16kHz","audioPath":"/Mock/05.ICT/Male/Experienced/ckmk_a_ict_m_e_298689.wav"}}}