{"version":"1.0","dataSet":{"info":{"date":"20230116","occupation":"ICT","channel":"MOCK","place":"ONLINE","gender":"MALE","ageRange":"35-44","experience":"EXPERIENCED"},"question":{"raw":{"text":"만약 어 오늘 이 면접에서 최종으로 탈락하신다면 어떤 점이 부족해서 탈락했다고 생각을 하시겠습니까","wordCount":13},"emotion":[],"intent":[]},"answer":{"raw":{"text":"네 탈락의 이유는 아 저의 자만심이라고 생각합니다. 제가 직장생활을 오래 하진 않았지만 십 년 정도 하면서 십 년 좀 넘게 하면서 어 저 나름대로의 그런 조직에 익숙해 지기 위한 노하우 그리고 어떻게 하면은 이 우리 팀원들에게 잘 보일 수 있을까 예쁨을 받을까 라는 어떤 지혜를 많이 가졌다고 생각을 했는데요. 아 그래서 이 지금 제가 임하고 있는 이 면접도 저는 제가 백 프로 어 구십 구 점 구 프로는 합격을 할 거라고 예상을 하면서 이 면접에 임하고 있습니다. 근데 이런 것들이 바로 저의 자만심이겠죠. 자만심 때문에 아 이런 면접관님께서 저의 이런 자만심을 안 좋게 평가를 하시고 저를 탈락을 주셨을 거라고 생각합니다.","wordCount":100},"emotion":[],"intent":[{"text":"","expression":"","category":"attitude"}],"summary":{"text":"직장생활을 십 년 정도 하면서 조직에 익숙해지기 위한 노하우와 팀원들에게 잘 보이기 위한 지혜를 많이 가졌습니다. 그래서 이 면접에 임하고 있는데, 이 자만심이 탈락의 이유가 된 것 같습니다.","wordCount":28}}},"rawDataInfo":{"question":{"fileFormat":"wav","fileSize":448718,"duration":14020,"samplingBit":16,"channelCount":1,"samplingRate":"16kHz","audioPath":"/Mock/05.ICT/Male/Experienced/ckmk_q_ict_m_e_182510.wav"},"answer":{"fileFormat":"wav","fileSize":1756878,"duration":54900,"samplingBit":16,"channelCount":1,"samplingRate":"16kHz","audioPath":"/Mock/05.ICT/Male/Experienced/ckmk_a_ict_m_e_182510.wav"}}}