{"version":"1.0","dataSet":{"info":{"date":"20230116","occupation":"ICT","channel":"MOCK","place":"ONLINE","gender":"MALE","ageRange":"55-","experience":"EXPERIENCED"},"question":{"raw":{"text":"일을 하다 보면 상사와 트러블이 생기게 될 수도 있는데 그럴 때는 어떻게 할 건가요 그리고 상사가 본인을 혼내면 기분 나쁘지는 않을까요","wordCount":21},"emotion":[],"intent":[]},"answer":{"raw":{"text":"일을 하면서 당연히 상사와 트러블이 생깁니다. 어 트러블의 원인은 다양하게 있겠지만 어 일단 직무 관련성에 그 트러블인 경우에는 어 자신의 의견을 정확히 개진을 해야 된다고 생각을 합니다. 어 저의 의견을 정확하게 전달을 하고 왜 그렇게 생각을 하는지 어 분명하게 저의 의견을 전달을 하고 또한 상사의 의견도 청취를 해야 되겠죠. 그래서 어 서로 간에 어 많은 대화를 통해서 어 차이가 났던 부분들은 다시 조정을 하고 또 합치점이 있다면 그것들을 좀 더 계속 발전해 나가면서 어 트러블이 생겼던 원인들을 해결을 해야 된다고 생각을 합니다. 그리고 만일 상사가 혼을 낸다면 어 당연히 기분은 나쁠 수 있지만 그게 뭐 어 저의 잘못에 의해서 혼이 나는 거라면 뭐 감내할 수 있는 부분이고요. 어 다만 어 어 저의 잘못이 아닌데 상사가 어 감정적으로나 기분적으로나 에 해서 그런 부분들로 혼이 난다면 어 그건 당연히 기분이 나쁘고 그 부분에 대해서는 어필을 할 것 같습니다.","wordCount":136},"emotion":[],"intent":[{"text":"","expression":"","category":"attitude"}],"summary":{"text":"일을 하며 상사와 트러블이 생기면 자신의 의견을 정확히 전달해야 합니다. 서로 차이를 조정하고 합치점이 있다면 계속 발전해 나가며 트려블이 생겼던 원인들을 해결해야 합니다. 만일 상사가 혼을 낸다면 기분 나쁠 수 있지만 감내할 수 있는 부분이고, 그렇지 않다면 기분 나빠할 것입니다.","wordCount":40}}},"rawDataInfo":{"question":{"fileFormat":"wav","fileSize":332878,"duration":10400,"samplingBit":16,"channelCount":1,"samplingRate":"16kHz","audioPath":"/Mock/05.ICT/Male/Experienced/ckmk_q_ict_m_e_287573.wav"},"answer":{"fileFormat":"wav","fileSize":2750158,"duration":85940,"samplingBit":16,"channelCount":1,"samplingRate":"16kHz","audioPath":"/Mock/05.ICT/Male/Experienced/ckmk_a_ict_m_e_287573.wav"}}}