{"version":"1.0","dataSet":{"info":{"date":"20230116","occupation":"ICT","channel":"MOCK","place":"ONLINE","gender":"MALE","ageRange":"55-","experience":"EXPERIENCED"},"question":{"raw":{"text":"면접자분이 생각하시는 내장 소프트웨어에 대해 답변해 주시고 사용해 본 내장 오에스에 관해 이야기해 보세요","wordCount":14},"emotion":[],"intent":[]},"answer":{"raw":{"text":"매장 소프트웨어는 일반 우리가 이야기하는 어플리케케이션과는 좀 성격이 다른 것 같습니다. 하드웨어와 밀착되어서 운용되는 소프트웨어로 그 모듈의 크기도 일반 어플리케이션에 비해서 상대적으로 작고 가볍고 컴팩트하다고 생각됩니다. 그렇기에 하드웨어가 운용을 함에 있어 가지고 빠르게 동작을 해서 원하는 기능을 릴레이 없이 정확하게 제공해 주는 게 목적이라고 생각이 됩니다. 저는 윈도우스와 리눅스의 내장 오에스를 보았고 실제로 어 코딩에 관여하지는 않았지만 그걸 통해서 무기체계라든지 또는 어떤 하드웨어 기반의 운용을 하기 위해서 소프트웨어적인 기능이 필요로 할 때 그 내장 소프트웨어 기반으로 개발하는 것들을 어 옆에서 많이 보았습니다. 그렇기에 어 일반 어플리케이션과는 영역이 좀 다르게 스터디 해야 될 부분이 있고 또 구현함에 있어서 굉장히 효율성과 성능을 많이 고민하면서 개발을 해야 하는 것으로 알고 있습니다.","wordCount":108},"emotion":[{"text":"하드웨어와 밀착되어서 운용되는 소프트웨어로 그 모듈의 크기도 일반 어플리케이션에 비해서 상대적으로 작고 가볍고 컴팩트하다고 생각됩니다.","expression":"u-fact","category":"neutral"},{"text":"그렇기에 하드웨어가 운용을 함에 있어 가지고 빠르게 동작을 해서 원하는 기능을 릴레이 없이 정확하게 제공해 주는 게 목적이라고 생각이 됩니다.","expression":"u-fact","category":"neutral"}],"intent":[{"text":"","expression":"","category":"attitude"}],"summary":{"text":"매장 소프트웨어는 일반적으로 우리가 말하는 어플리케케이션과는 성격이 다르며 일반 어플리케이션보다 작고 가볍고 컴팩트합니다. 그래서 하드웨어가 운용을 함에 있어 원하는 기능을 딜레이 없이 정확하게 제공해 주는 게 목적이며 효율성과 성능을 많이 고민하면서 개발을 해야 하는 것으로 알고 있습니다.","wordCount":37}}},"rawDataInfo":{"question":{"fileFormat":"wav","fileSize":353678,"duration":11050,"samplingBit":16,"channelCount":1,"samplingRate":"16kHz","audioPath":"/Mock/05.ICT/Male/Experienced/ckmk_q_ict_m_e_296588.wav"},"answer":{"fileFormat":"wav","fileSize":2565198,"duration":80160,"samplingBit":16,"channelCount":1,"samplingRate":"16kHz","audioPath":"/Mock/05.ICT/Male/Experienced/ckmk_a_ict_m_e_296588.wav"}}}