{"version":"1.0","dataSet":{"info":{"date":"20230116","occupation":"ICT","channel":"MOCK","place":"ONLINE","gender":"MALE","ageRange":"35-44","experience":"EXPERIENCED"},"question":{"raw":{"text":"개인적으로 평소 공부를 어떻게 하시는지 말씀해 주실 수 있을까요 강의나 책을 활용한 공부법처럼 구체적인 방법을 말씀 부탁드립니다","wordCount":17},"emotion":[],"intent":[]},"answer":{"raw":{"text":"네 제가 뭐 공부 머리는 많이 없어서 공부를 많이 하지는 않았던 걸로 기억이 되는 나는데요. 아 그래도 그동안에 어떻게 공부를 했는지를 떠올려보면 보통은 뭐 동영상 강의나 책을 많이 읽었죠. 그런데 요즘 들어서는 어 그런 요즘 트렌드에 맞게 요즘 굉장히 복잡한 새 시대에 우리가 살고 있기 때문에 어 꼭 어딘가에 앉아서 책을 읽고 동영상 강의를 보는 것이 굉장히 곤욕 이더라구요. 그래서 저는 이동하는 시간을 최대한 아끼기 위해서 또 오디오를 통해서 학습을 하고 있습니다. 어 유튜브나 뭐 뭐 팟빵 뭐 팟캐스트 같은 그런 플랫폼을 통해서 충분히 그 공부를 할 수 있는 환경이 많이 마련되어 있기 때문에 그래서 최대한 시간을 절약하고 아끼기 위해서 이동하면서 보통 공부를 하는 편이구요. 예 어 뭐 음악을 듣는다기보다는 보통 그럴 때 이제 감이나 뭐 시사점이나 어 아 이 시대에 제가 이제 학습하고자 하는 것들을 찾아서 많은 정보가 있기 때문에 그 플랫폼에서 그래서 오디오를 통해서 많이 공부를 하고 있습니다.","wordCount":140},"emotion":[],"intent":[{"text":"","expression":"","category":"attitude"}],"summary":{"text":"요즘 트렌드에 맞게 사람들은 동영상 강의나 책을 읽기보다는 이동 시간을 최대한 아끼기 위해 오디오를 통해서 공부를 하고 있습니다. 그 이유는 유튜브나 팟빵 같은 플랫폼을 통해서 공부를 할 수 있는 환경이 많이 있기 때문입니다.","wordCount":33}}},"rawDataInfo":{"question":{"fileFormat":"wav","fileSize":631758,"duration":19740,"samplingBit":16,"channelCount":1,"samplingRate":"16kHz","audioPath":"/Mock/05.ICT/Male/Experienced/ckmk_q_ict_m_e_265746.wav"},"answer":{"fileFormat":"wav","fileSize":2594638,"duration":81080,"samplingBit":16,"channelCount":1,"samplingRate":"16kHz","audioPath":"/Mock/05.ICT/Male/Experienced/ckmk_a_ict_m_e_265746.wav"}}}