{"version":"1.0","dataSet":{"info":{"date":"20230116","occupation":"ICT","channel":"MOCK","place":"ONLINE","gender":"MALE","ageRange":"35-44","experience":"EXPERIENCED"},"question":{"raw":{"text":"역사적인 인물 중 본인이 가장 존경하는 인물에 대해 말씀해 주시고 그 인물을 존경하는 이유에 대해서도 함께 설명해 주세요","wordCount":18},"emotion":[],"intent":[]},"answer":{"raw":{"text":"어 이 역사적으로 존경하는 인물은 갑자기 이 떠오르지는 않고 저는 근대사를 꽤 좋아하는 편인데 아 지금 지금 우리가 누구나 어 이름을 말하면 알 만한 그런 대기업의 초대 회장님들을 굉장히 존경하는 편입니다. 특히 지금 막 떠오르는 인물은 그 롯데가에 신격호 회장님이 떠오르고요. 신격호 회장님은 재일 교포라고 알고 있는데 어 그 어린 나이에 그런 음 일본이라는 타국에 가서 그 자신만의 사업을 작은 가게에서부터 시작해서 지금의 그런 롯데를 만들기 위 만들어낸 것 자체가 굉장히 존경스러운 부분이고요. 신격호 회장 뿐만이 아니라 모든 뭐 삼성가나 현대가 모든 그런 어 현재 대기업 그 초대 회장님들께서는 굉장히 존경심이 큰 편입니다. 그 그들에게는요. 네","wordCount":96},"emotion":[{"text":"어 이 역사적으로 존경하는 인물은 갑자기 이 떠오르지는 않고 저는 근대사를 꽤 좋아하는 편인데 아 지금 지금 우리가 누구나 어 이름을 말하면 알 만한 그런 대기업의 초대 회장님들을 굉장히 존경하는 편입니다.","expression":"p-affection","category":"positive"},{"text":"신격호 회장님은 재일 교포라고 알고 있는데 어 그 어린 나이에 그런 음 일본이라는 타국에 가서 그 자신만의 사업을 작은 가게에서부터 시작해서 지금의 그런 롯데를 만들기 위 만들어낸 것 자체가 굉장히 존경스러운 부분이고요.","expression":"p-affection","category":"positive"},{"text":"신격호 회장 뿐만이 아니라 모든 뭐 삼성가나 현대가 모든 그런 어 현재 대기업 그 초대 회장님들께서는 굉장히 존경심이 큰 편입니다.","expression":"p-affection","category":"positive"}],"intent":[{"text":"","expression":"","category":"attitude"}],"summary":{"text":"근대사를 좋아하는 저는 대기업의 초대 회장님들을 굉장히 존경합니다. 특히 신격호 롯데그룹 회장께서 가장 존경스럽습니다. 이는 어린 나이에 일본에서 작은 가게를 시작하고 지금의 롯데를 만들었습니다. 모든 대기업 초대 회장님들께 존경심이 큰 편입니다.","wordCount":31}}},"rawDataInfo":{"question":{"fileFormat":"wav","fileSize":371278,"duration":11600,"samplingBit":16,"channelCount":1,"samplingRate":"16kHz","audioPath":"/Mock/05.ICT/Male/Experienced/ckmk_q_ict_m_e_245728.wav"},"answer":{"fileFormat":"wav","fileSize":2054158,"duration":64190,"samplingBit":16,"channelCount":1,"samplingRate":"16kHz","audioPath":"/Mock/05.ICT/Male/Experienced/ckmk_a_ict_m_e_245728.wav"}}}