{"version":"1.0","dataSet":{"info":{"date":"20230116","occupation":"ICT","channel":"MOCK","place":"ONLINE","gender":"MALE","ageRange":"35-44","experience":"EXPERIENCED"},"question":{"raw":{"text":"회사에서 업무를 하다 보면 어 아이티 쪽이 아닌 즉 비아이티 전공한 동료와도 어 같이 업무할 기회가 많이 있습니다 이러한 동료와 효과적으로 의사소통을 하려면 어떻게 해야 될까요","wordCount":26},"emotion":[],"intent":[]},"answer":{"raw":{"text":"우선 문과 출신들 특히나 아이티 업계에 종사하지 않는 여직원들은 아이티 업계에 대한 기본적인 이해도가 많이 부족합니다. 그러나 이제 이십 일 세기 에이아이 와 빅데이터 모든 것들이 디지털 트랜스포메이션이 이뤄진 시대에 아이티는 특별히 한 부서의 업무가 아닌 모든 사람들이 같이 공유하고 해결해 나가야 될 업계가 되었습니다. 그래서 요즘은 각 부서에서 아이티 관련된 세미나를 정기적으로 여는 것으로 알고 있습니다. 예를 들어 빅데이터란 무엇인지 데이터가 쌓여서 빅데이터가 어떻게 이루어지는지 에이아이는 무엇인지 머신 러닝 딥 러닝은 무엇인지에 대한 정기적인 발행 간행물도 발행을 하는 것은 좋고 또는 정기적인 세미나 및 웹 세미나를 통해서 많은 사람들에게 아이티 업계에 대한 어 빠른 소식을 전해주는 것도 하나의 좋은 의사소통의 방법이라고 생각을 합니다.","wordCount":104},"emotion":[],"intent":[{"text":"","expression":"","category":"attitude"}],"summary":{"text":"디지털 트랜스포메이션 시대에 아이티는 모든 사람들이 같이 공유하고 해결해 나가야 될 업계가 되었기에 각 부서에서 아이티와 관련된 세미나를 정기적으로 여는 것으로 알고 있습니다. 정기적인 세미나 및 웹 세미나를 통해 아이티 업계에 대한 빠른 소식을 전해주는 것도 좋은 의사소통의 방법이라고 생각합니다.","wordCount":40}}},"rawDataInfo":{"question":{"fileFormat":"wav","fileSize":636238,"duration":19880,"samplingBit":16,"channelCount":1,"samplingRate":"16kHz","audioPath":"/Mock/05.ICT/Male/Experienced/ckmk_q_ict_m_e_156772.wav"},"answer":{"fileFormat":"wav","fileSize":2085198,"duration":65160,"samplingBit":16,"channelCount":1,"samplingRate":"16kHz","audioPath":"/Mock/05.ICT/Male/Experienced/ckmk_a_ict_m_e_156772.wav"}}}