{"version":"1.0","dataSet":{"info":{"date":"20230116","occupation":"ICT","channel":"MOCK","place":"ONLINE","gender":"MALE","ageRange":"55-","experience":"EXPERIENCED"},"question":{"raw":{"text":"최근에 가장 재미있게 하고 있는 일이 무엇인지 궁금합니다 그리고 왜 그 일에서 흥미를 느끼는지도 함께 설명해 주세요","wordCount":17},"emotion":[],"intent":[]},"answer":{"raw":{"text":"사 차 산업 혁명 시대를 맞이해서 어 모든 산업이 정보화가 되어 가고 디지털화가 되어가고 있는 어 경험을 지금 하고 있는데요. 그것을 제가 한 십 여 년 가까이 하다 보니까 많은 부분에서 성장과 발전이 일어나고 있는데 유독 어 이런 정보화 부분이 잘 되어 있지만 아이씨티 컨셉에서 사 차 산업 혁명으로 넘어감에 있어 어 좀 뒤떨어져 있다 라고 표현을 해야 될까요. 좀 더 적극적으로 이렇게 변화되고 있지 않은 부분이 의료 영역이라고 생각이 됩니다. 사람에 생명을 다루는 분야이다 보니까 어 특히나 이제 정보 관리에 대한 어떤 보안적인 측면과 관리적인 측면에 통제도 심하고 규제도 심해서 어떤 새로운 서비스 새로운 산업이 많이 나타날 수 있는 있음에도 불구하고 그런 규제들로 인해서 어 성장을 하지 못하고 있다 라고 생각이 됩니다. 그래서 그 분야에 어 스터디를 열심히 하고 있고 비지니스 포인트들을 정리해 나가고 있습니다. 특히 개인 의료 정보 관리 부분에 관심을 가지고 준비하고 있습니다.","wordCount":136},"emotion":[],"intent":[{"text":"","expression":"","category":"attitude"}],"summary":{"text":"사차 산업 혁명 시대를 맞이해 모든 산업이 정보화와 디지털화가 되어가고 있는데, 의료 영역은 특히 정보 관리에 대한 통제와 규제로 인해 새로운 서비스 산업이 많이 나타날 수 있음에도 성장을 하지 못하고 있습니다. 그래서 그 분야에 스터디를 열심히 하고 있고, 개인 의료 정보 관리 부분에 관심을 가지고 준비 중입니다.","wordCount":47}}},"rawDataInfo":{"question":{"fileFormat":"wav","fileSize":312398,"duration":9760,"samplingBit":16,"channelCount":1,"samplingRate":"16kHz","audioPath":"/Mock/05.ICT/Male/Experienced/ckmk_q_ict_m_e_287922.wav"},"answer":{"fileFormat":"wav","fileSize":2818638,"duration":88080,"samplingBit":16,"channelCount":1,"samplingRate":"16kHz","audioPath":"/Mock/05.ICT/Male/Experienced/ckmk_a_ict_m_e_287922.wav"}}}