{"version":"1.0","dataSet":{"info":{"date":"20230116","occupation":"ICT","channel":"MOCK","place":"ONLINE","gender":"MALE","ageRange":"35-44","experience":"EXPERIENCED"},"question":{"raw":{"text":"남들과는 다른 지원자님의 경쟁력을 설명해 주세요 그 경쟁력을 키우기 위해 어떤 노력을 하셨나요","wordCount":13},"emotion":[],"intent":[]},"answer":{"raw":{"text":"네 제가 가지고 있는 어 담들 남들과는 다른 저만의 경쟁력은요. 아 체계적인 시간 관리라고 할 수 있습니다. 예 저는 아무리 많은 업무들이 저에게 배정이 돼도 그것을 그것에 대한 우선순위를 선별할 수 있는 그 능력이 저 좀 탁월하다고 생각하고 있고요. 어 어 업무를 하다 보면은 어 많은 일들 때문에 그런 타임스케줄이 제가 예상했던 것과는 다른 방향으로 흘러갈 때가 있는데 그런 제가 정해 놓은 우선순위에 따라서 만들어진 타임 타임 스케줄이 어 흐트러질 때 그 멘탈을 멘탈을 저의 멘탈마저도 흔들리지 않도록 하기 위해서 어 마음을 다잡는 훈련을 평소에도 많이 하고 있구요. 어 잔잔한 그런 일들에도 그 훈련을 어떻게 하냐면 그 잔잔한 일들에 마음에 흔들리지 않도록 마음을 다잡는 것을 꽤 자주 하면서 저 자신을 다독거리고 있습니다.","wordCount":112},"emotion":[],"intent":[{"text":"","expression":"","category":"attitude"}],"summary":{"text":"저만의 경쟁력은 체계적인 시간 관리입니다. 제가 정해 놓은 우선순위에 따라서 만들어진 타임 타임 스케줄이 흐트러질 때 그 멘탈마저도 흔들리지 않도록 하기 위해서 마음을 다루는 훈련을 평소에도 많이 하고 있습니다.","wordCount":29}}},"rawDataInfo":{"question":{"fileFormat":"wav","fileSize":371278,"duration":11600,"samplingBit":16,"channelCount":1,"samplingRate":"16kHz","audioPath":"/Mock/05.ICT/Male/Experienced/ckmk_q_ict_m_e_201443.wav"},"answer":{"fileFormat":"wav","fileSize":2075278,"duration":64849,"samplingBit":16,"channelCount":1,"samplingRate":"16kHz","audioPath":"/Mock/05.ICT/Male/Experienced/ckmk_a_ict_m_e_201443.wav"}}}