{"version":"1.0","dataSet":{"info":{"date":"20230116","occupation":"ICT","channel":"MOCK","place":"ONLINE","gender":"MALE","ageRange":"35-44","experience":"EXPERIENCED"},"question":{"raw":{"text":"일을 하면서 가장 어려울 것으로 예상되는 것은 무엇인가요 또한 이것에 대해서 어떻게 대처하실 건지도 말씀해 주시기 바랍니다","wordCount":17},"emotion":[],"intent":[]},"answer":{"raw":{"text":"일을 하면서 아무래도 가장 어려운 건 어 이 사람 간의 커뮤니케이션이 아닐까 싶습니다. 예 어 이게 사람들이 어 인제 계속 배우고 어 그리고 그 자기만의 나이가 들어 가면서 자기만의 소신과 가치관이 굉장히 견고해지기 나름이잖아요. 저 역시 그러고 있구요. 그래서 이런 사람 계속 세월이 흐르면 흐를수록 이 사람 간의 대화가 가장 어렵지 않나 싶구요. 어 일을 하면서 그렇게 분명 어 저의 주장과 그 상대방의 주장이 많이 상반되는 경우가 있을 텐데 그럴 때는 중재자가 필요하다고 생각하고요. 그 중재자는 어 어 어떤 팀장님이 될 수도 있고 또 임원진이 될 수도 있는데 어 보통은 저는 이런 본부장급의 임원을 임원님께 어 이런 어려움에 대해서 고민 상담을 하고 그리고 당사자들끼리도 물론 대화가 필요하지만 어 그렇게 당사자들끼리 이야기를 하고 해결이 되는 경우가 가장 베스트겠죠. 하지만 이게 사람이 나이가 들어가면 들으면 들을수록 그게 이제 해결되기 어렵기 때문에 결국에는 중재자가 반드시 필요하다고 생각합니다.","wordCount":134},"emotion":[],"intent":[{"text":"","expression":"","category":"attitude"}],"summary":{"text":"일을 하면서 사람과의 커뮤니케이션이 가장 어렵습니다. 저의 주장과 상대방의 주장이 많이 상반될 때는 중재자가 필요합니다. 보통 본부장급의 임원께 고민을 상담하고 당사자들끼리 이야기를 하고 해결이 되는 경우가 좋습니다. 나이가 들면 들수록 해결이 어렵기 때문에 결국에는 중재자가 반드시 필요합니다.","wordCount":37}}},"rawDataInfo":{"question":{"fileFormat":"wav","fileSize":606798,"duration":18960,"samplingBit":16,"channelCount":1,"samplingRate":"16kHz","audioPath":"/Mock/05.ICT/Male/Experienced/ckmk_q_ict_m_e_298880.wav"},"answer":{"fileFormat":"wav","fileSize":2591758,"duration":80990,"samplingBit":16,"channelCount":1,"samplingRate":"16kHz","audioPath":"/Mock/05.ICT/Male/Experienced/ckmk_a_ict_m_e_298880.wav"}}}