{"version":"1.0","dataSet":{"info":{"date":"20230116","occupation":"ICT","channel":"MOCK","place":"ONLINE","gender":"MALE","ageRange":"45-54","experience":"EXPERIENCED"},"question":{"raw":{"text":"저희 회사의 복지 중 사내 스터디가 있습니다 지원자분은 입사 후 후에 사내 스터디에서 어떤 것을 공부하고 싶은지 그 이유도 함께 말씀해 주시기 바랍니다","wordCount":23},"emotion":[],"intent":[]},"answer":{"raw":{"text":"사내에 영어 회화 스터디가 있다 그러면 저는 꼭 사내 영어 영어 스터디에 가입을 해 가지고 영어 스터디를 하고 싶습니다. 요즘은 뭐 당연한 거지만 뭐 글로벌 시대입니다. 뭐 요즘은 단순히 뭐 거래나 거래를 하는 사람이 국내 사람뿐만 아니라 전 세계를 상대로 영업을 하다 보니 그 뭐 영어는 뭐 비록 그 나라 말을 직접 못한다고 하더라도 영어는 기본적으로 무조건 해야 되는 언어라고 생각하고 있습니다. 그래서 저는 개인적으로 그 영어 스터디를 계속 예전에도 좀 치 해왔고 앞으로도 가능하다면 사내에서 영어 스터디를 좀 더 비즈니스 영어로 어 좀 더 이렇게 체계화해서 어 공부하고 싶은 마음이 있습니다. 어 영어는 뭐 꾸준히 해 와서 지금 뭐 뭐 어느 정도 제가 뭐 하고 싶은 말 정도는 하지만 아무래도 이게 회화하고 문서하고는 좀 다르다 보니 문서를 볼 때 좀 영어가 많이 부족하다고 느낍니다. 그래서 저는 어 영어 스터디에서 서류 작성할 때 서류를 작성하는 방법이라든지 어 서류를 보고 해독하고 하는 그런 스터디를 영어 스터디를 하고 싶습니다.","wordCount":147},"emotion":[],"intent":[{"text":"","expression":"","category":"attitude"}],"summary":{"text":"글로벌 시대에서 영어는 기본적으로 무조건 해야 되는 언어이기 때문에 사내 영어 영어 스터디에 가입을 해 가지고 비즈니스 영어로 체계화해서 공부하고 싶은 마음이 있습니다. 영어는 회화와 문서하고는 다르니 문서를 볼 때 영어가 많이 부족하다고 느낍니다. 그래서 서류 작성 방법, 서류 보고 해독하는 방법 등에 대한 영어스터디를 하고 싶습니다.","wordCount":47}}},"rawDataInfo":{"question":{"fileFormat":"wav","fileSize":388558,"duration":12140,"samplingBit":16,"channelCount":1,"samplingRate":"16kHz","audioPath":"/Mock/05.ICT/Male/Experienced/ckmk_q_ict_m_e_43952.wav"},"answer":{"fileFormat":"wav","fileSize":2737998,"duration":85560,"samplingBit":16,"channelCount":1,"samplingRate":"16kHz","audioPath":"/Mock/05.ICT/Male/Experienced/ckmk_a_ict_m_e_43952.wav"}}}