{"version":"1.0","dataSet":{"info":{"date":"20230116","occupation":"ICT","channel":"MOCK","place":"ONLINE","gender":"MALE","ageRange":"35-44","experience":"EXPERIENCED"},"question":{"raw":{"text":"오늘 면접 준비하느라 굉장히 고생이 많으셨을 텐데 어떤 방식으로 면접을 준비하셨는지 궁금하거든요 아 편하게 답변 부탁드릴게요","wordCount":16},"emotion":[],"intent":[]},"answer":{"raw":{"text":"저의 십 오 년 넘은 직장 경력을 토대로 또는 제가 저희 회사에 면접을 받던 인터뷰워와 인터뷰의 입장으로 그런 내용들을 하나씩 정리 했었습니다. 어차피 회사라는 것은 하는 업무의 범위나 하는 업무에 스타일이 거의 비슷합니다 다만 어떤 사람과 어떤 시스템에서 일하느냐를 논하는 것들이 많고 또 이 회사의 특징은 다른 회사의 특징과 비슷하거나 완전 다른 경우들이 있기 때문에 그거에 입각해서 제가 지금까지 면접 받던 내용 면접자로서 면접을 준비했던 사람으로서의 내용들을 준비해서 지금까지 답변을 준비했습니다.","wordCount":71},"emotion":[],"intent":[{"text":"","expression":"","category":"attitude"}],"summary":{"text":"회사라는 것은 하는 업무의 범위나 스타일은 비슷합니다. 하지만 다른 회사의 특징과 비슷한 부분이 있어서 그에 입각해서 면접자로서 면접을 준비했던 사람으로서의 내용들을 준비해서 지금까지 답변을 준비했습니다.","wordCount":25}}},"rawDataInfo":{"question":{"fileFormat":"wav","fileSize":449998,"duration":14060,"samplingBit":16,"channelCount":1,"samplingRate":"16kHz","audioPath":"/Mock/05.ICT/Male/Experienced/ckmk_q_ict_m_e_165221.wav"},"answer":{"fileFormat":"wav","fileSize":1324558,"duration":41390,"samplingBit":16,"channelCount":1,"samplingRate":"16kHz","audioPath":"/Mock/05.ICT/Male/Experienced/ckmk_a_ict_m_e_165221.wav"}}}