{"version":"1.0","dataSet":{"info":{"date":"20230116","occupation":"ICT","channel":"MOCK","place":"ONLINE","gender":"MALE","ageRange":"35-44","experience":"EXPERIENCED"},"question":{"raw":{"text":"스트레스를 받으면 주로 어떻게 하시나요 또한 왜 그런 방법으로 본인의 스트레스를 해소하고 계시는지 구체적으로 말씀해 주실 수 있나요","wordCount":18},"emotion":[],"intent":[]},"answer":{"raw":{"text":"예 저의 유일한 거의 유일무이한 스트레스 해소법이 하나 있는데 어 무작정 걷기입니다. 근데 그냥 아무 말 아무 생각 없이 음악을 들으면서 걷는 게 아니라 아 귀를 항상 열어두고 사색의 사색을 즐기면서 어 걷는 걸으면서 스트레스를 해소를 하는데 이 사색을 하다 보면 내가 왜 그랬을까 하는 것을 독백을 많이 하는 편이에요. 그래서 혼잣말로 중얼중얼하면서 독백을 하면서 어 계속 길을 걷다 보면 어느 정도 내 제 머릿속에 그런 복잡했던 생각들이 하나둘씩 정리가 되기도 하고 그리고 큰 어떤 인제 이 문제에 봉착했을 때 그 해결점을 찾기 위해서 어 굉장히 이 머리가 말끔해지기 때문에 그런 해결 해결법을 해결법에 도달하기 위한 아주 좋은 방법이라고 어 이걸 예 스무 살 이전 이후부터는 계속 이 방법을 쓰고 있습니다. 그러다 보니 가끔 어 길 가다가 이상한 사람으로 보일 수도 있어요. 혼자 중얼중얼거리니까요.","wordCount":124},"emotion":[],"intent":[{"text":"","expression":"","category":"attitude"}],"summary":{"text":"스트레스 해소법이 있는데 하나는 무작정 걷기입니다. 걷다가 사색을 하게 되는데 그러다 보면 왜 그런 고민을 했을까 되짚어보게 됩니다. 그러다보면 머리가 말끔해지고  해결법에 도달하게 되는 아주 좋은 방법이라고 생각합니다.","wordCount":28}}},"rawDataInfo":{"question":{"fileFormat":"wav","fileSize":617678,"duration":19300,"samplingBit":16,"channelCount":1,"samplingRate":"16kHz","audioPath":"/Mock/05.ICT/Male/Experienced/ckmk_q_ict_m_e_194110.wav"},"answer":{"fileFormat":"wav","fileSize":2215758,"duration":69240,"samplingBit":16,"channelCount":1,"samplingRate":"16kHz","audioPath":"/Mock/05.ICT/Male/Experienced/ckmk_a_ict_m_e_194110.wav"}}}