{"version":"1.0","dataSet":{"info":{"date":"20230116","occupation":"ICT","channel":"MOCK","place":"ONLINE","gender":"MALE","ageRange":"45-54","experience":"EXPERIENCED"},"question":{"raw":{"text":"최근에 본 뉴스들 가운데 가장 인상 깊었던 뉴스는 무엇인가요 또한 무엇인지와 이유도 함께 말씀해 주세요 어떤 것들이 가장 인상 깊었습니까","wordCount":20},"emotion":[],"intent":[]},"answer":{"raw":{"text":"어 저는 우선 뭐 우주 관련된 거를 좋아해서 최근에 그 아르테미스 네 탐사선 이제 쪼금 있으면 발사를 한다고 해서 일 호를 고게 지금 기억에 남는 것 같아요. 뭐 아무래도 우리나라도 그 프로젝트에 참여하고 있는 국가이기도 하니까 또 관심이 가더라고요. 그래서 제가 또 이렇게 직접 뭔가 그 과정을 이렇게 또 인터넷이라는 것으로 인해 조금 빠르고 상세하게 그 소식을 접할 수 있다는 게 음 오랫동안 그런 우주 관련 음 부분 분야에 대해서 좋아하는 사람으로서 참 즐겁고 어 참 신기하다고 생각을 합니다. 그래서 그 발사 날 저는 잠도 안 자고 볼 수 있을 정도로 아주 고대하고 있고요. 이 호 발사하는 것도 계속 이천 이십 사 년에 이 호가 발사 발사가 되거든요. 그래서 그것도 지금 아주 고대하며 제가 지금 기다리고 있습니다.","wordCount":117},"emotion":[],"intent":[{"text":"","expression":"","category":"attitude"}],"summary":{"text":"아르테미스 탐사 사업이 인터넷의 활용으로 빠르고 상세하게 소식을 접할 수 있어 참 즐겁고 신기하다고 생각합니다. 이호 발사도 이천이십사년에 이루어지기 때문에 지금 고대하고 있습니다.","wordCount":23}}},"rawDataInfo":{"question":{"fileFormat":"wav","fileSize":547598,"duration":17110,"samplingBit":16,"channelCount":1,"samplingRate":"16kHz","audioPath":"/Mock/05.ICT/Male/Experienced/ckmk_q_ict_m_e_159902.wav"},"answer":{"fileFormat":"wav","fileSize":2523598,"duration":78860,"samplingBit":16,"channelCount":1,"samplingRate":"16kHz","audioPath":"/Mock/05.ICT/Male/Experienced/ckmk_a_ict_m_e_159902.wav"}}}