{"version":"1.0","dataSet":{"info":{"date":"20230116","occupation":"ICT","channel":"MOCK","place":"ONLINE","gender":"MALE","ageRange":"35-44","experience":"EXPERIENCED"},"question":{"raw":{"text":"어 업무를 하다 보면 스케줄에 없던 일이 생길 때가 많습니다 어 이런 돌발적인 상황이 발생한다면 지원자님께서는 어떻게 대처하실 건가요","wordCount":19},"emotion":[],"intent":[]},"answer":{"raw":{"text":"예 인생살이 자체가 한 치 앞을 모르는 게 인생살이라고 생각을 해요.그래서 내일 제가 어떤 모습일지 모르고 일 년 후에 또는 오 년 후에 갑자기 제가 뭐 어디서 뭘하고 있을지는 누구도 예상을 할 수가 없습니다. 그래서 업무적으로도 어 당연히 그렇게 스케줄링 되지 않은 어 어떤 갑작스러운 그런 테스크가 저한테 부여될 수도 있고 그럴 때에는 어 물론 당황이 되겠지만 어 모든 것들에는 우선순위가 있습니다. 그 우선순위에 따라서 그 스케줄을 다시 리 스케줄을 하면 된다고 생각을 하고 있고요. 어 이 이 사 업무함에 있어서 가장 우선순위를 어떻게 부여를 하느냐 하면 저 같은 그런 아이티 결국엔 아이티는 아 이 회사에 어 가장 필수적인 지원 부서 중의 하나라고 생각을 하고 있어요. 이 아이티가 무너지면 그 사람들의 업무 적으로 바로 즉시 어 임팩이 가기 때문에 그 유저 임팩이 있는 있냐 없느냐가 가장 큰 우선순위로 저는 부여를 하고 있습니다. 그래서 어떠한 그런 에드 혹적인 일이 생기더라도 그런 우선순위를 가만히 생각을 해보면 무엇이 급한지 어떻게 어떤 절차를 밟아야 할지가 머릿속으로 정리가 되기 때문에 그 큰 문제는 없을 것 같습니다.","wordCount":161},"emotion":[],"intent":[{"text":"","expression":"","category":"attitude"}],"summary":{"text":"업무적으로 갑작스러운 테스크가 부여될 때에는 우선순위가 있습니다. 우선순위에 따라 그 일정을 다시 리 스케줄화하고, 업무적으로 아이티가 무너지면 바로 즉시 임팩이 가기 때문에 유저 임팩의 유무가 가장 큰 우선순위입니다. 우선순위를 생각을 하면 무엇이 급한지 절차도 정리가 되기 때문에 큰 문제는 없을 것 같습니다.","wordCount":42}}},"rawDataInfo":{"question":{"fileFormat":"wav","fileSize":514638,"duration":16079,"samplingBit":16,"channelCount":1,"samplingRate":"16kHz","audioPath":"/Mock/05.ICT/Male/Experienced/ckmk_q_ict_m_e_265751.wav"},"answer":{"fileFormat":"wav","fileSize":3006798,"duration":93960,"samplingBit":16,"channelCount":1,"samplingRate":"16kHz","audioPath":"/Mock/05.ICT/Male/Experienced/ckmk_a_ict_m_e_265751.wav"}}}