{"version":"1.0","dataSet":{"info":{"date":"20230116","occupation":"ICT","channel":"MOCK","place":"ONLINE","gender":"MALE","ageRange":"35-44","experience":"EXPERIENCED"},"question":{"raw":{"text":"본인이 생각했을 때 십 년 뒤에 본인의 모습은 어떨 것 같나요 지금 저희 회사에 계속 다니고 있을 것 같나요","wordCount":19},"emotion":[],"intent":[]},"answer":{"raw":{"text":"네 결론부터 말씀드리자면요 저는 이 회사에 계속 다니고 있을 것 같습니다. 제가 지금까지 이직을 한 네 다섯 번 정도 한 것 같은데요. 어 더 이상의 이제 이직은 어 의미가 없고 오히려 저를 마이너스가 저에게 있어서 제 커리어에 있어서는 마이너스 요인이 될 것이기 때문에 충분히 저는 많은 조직에서 경험을 했다고 생각하구요. 지금 지원하고 있는 이 회사가 이 세 이 회사의 비전을 굉장히 크게 보고 있거든요. 그래서 이 회사가 지금은 어 규모가 이 정도라도 어 조만간에 조만간은 아니지만 향후 십 년 이내에는 지금보다 훨씬 더 발전되고 그리고 직원 간의 그런 그 그 케이피아이 가 굉장히 많이 올라가 있을 것이라고 생각합니다. 그래서 저 역시 이 십 년 후에는 아 이 회사에서 어 이 아이티 아이티를 총괄할 수 있는 그런 위치에 있지 않을까 그리고 어 사용자들은 절대 그 이 시스템은 안정화 됐더라도 전혀 이 현실에 안주하지는 않을 겁니다. 이 사용자들에 조금 보다 편리한 그런 업무 환경을 구축하기 위해서 끊임없이 노력하고 있을 것 같습니다.","wordCount":149},"emotion":[],"intent":[{"text":"","expression":"","category":"attitude"}],"summary":{"text":"저는 이 회사에 계속 다니고 있을 것 같습니다. 이 회사가 향후 십 년 이내에는 지금보다 훨씬 더 발전되고 직원 간의 그 케이피아이가 많이 올라가 있을 것이라고 생각합니다. 그래서 저 역시 이 회사에서 아이티 아이티를 총괄할 수 있는 위치에 있지 않을까 생각합니다.","wordCount":41}}},"rawDataInfo":{"question":{"fileFormat":"wav","fileSize":423118,"duration":13220,"samplingBit":16,"channelCount":1,"samplingRate":"16kHz","audioPath":"/Mock/05.ICT/Male/Experienced/ckmk_q_ict_m_e_230149.wav"},"answer":{"fileFormat":"wav","fileSize":2531278,"duration":79100,"samplingBit":16,"channelCount":1,"samplingRate":"16kHz","audioPath":"/Mock/05.ICT/Male/Experienced/ckmk_a_ict_m_e_230149.wav"}}}