{"version":"1.0","dataSet":{"info":{"date":"20230116","occupation":"ICT","channel":"MOCK","place":"ONLINE","gender":"MALE","ageRange":"55-","experience":"EXPERIENCED"},"question":{"raw":{"text":"면접자님께서 그동안 인생에서 겪었던 갈등들 중에 가장 심각했던 갈등이 있다면 무엇인지 말씀해 주세요","wordCount":13},"emotion":[],"intent":[]},"answer":{"raw":{"text":"제 인생에서 가장 심한 갈등이라고 할 수 있는 것은 제가 독자적인 사업을 진행하고 나서 제 회사 내부적인 갈등과 또 내 가정 내에서의 그 갈등이 많았습니다. 그것은 왜 그러냐 하면 계획대로 사업이 진행이 되지 않았고 그 원인 중의 하나는 그 당시의 아이엠에프 충격이 에 가장 컸던 이유이고 그 당시에 제가 정신을 차리고 대비를 할 수 있었음에도 그 충격에 대한 그 어떤 절망적인 절망적인 그 느낌 때문에 참 헤어나지 못했다 라는 그런 생각을 합니다. 과정에서 어 갈등의 요소는 상당히 많이 있었습니다. 대기업에 다니면서 안정적인 그런 급여를 받던 그러한 가장이 사업으로 인해서 상당히 불안한 존재가 되어 그 가게에 미치는 영향은 상당히 컸었고 내부적인 갈등은 상당히 심했던 것으로 지금도 지금도 그 아픔은 기억이 납니다.","wordCount":110},"emotion":[],"intent":[{"text":"","expression":"","category":"attitude"}],"summary":{"text":"저는 독자적인 사업을 진행하고 난 후 회사 내부적인 갈등과 가정 내의 갈등이 많았습니다. 계획대로 사업이 진행되지 않았고 그 원인 중 하나는 아이엠에프 충격이 컸던 이유입니다. 대기업에 다니며 안정적인 급여를 받던 가장이 사업으로 인해 상당히 불안한 존재가 되었습니다.","wordCount":37}}},"rawDataInfo":{"question":{"fileFormat":"wav","fileSize":326478,"duration":10200,"samplingBit":16,"channelCount":1,"samplingRate":"16kHz","audioPath":"/Mock/05.ICT/Male/Experienced/ckmk_q_ict_m_e_287151.wav"},"answer":{"fileFormat":"wav","fileSize":3532878,"duration":110400,"samplingBit":16,"channelCount":1,"samplingRate":"16kHz","audioPath":"/Mock/05.ICT/Male/Experienced/ckmk_a_ict_m_e_287151.wav"}}}