{"version":"1.0","dataSet":{"info":{"date":"20230116","occupation":"ICT","channel":"MOCK","place":"ONLINE","gender":"MALE","ageRange":"35-44","experience":"EXPERIENCED"},"question":{"raw":{"text":"지원자님께서 인생을 살면서 무엇인가 하나에 푹 빠져서 몰두해 본 경험이 있으신가요 있다면 그것이 무엇인지 말씀 부탁드립니다","wordCount":16},"emotion":[],"intent":[]},"answer":{"raw":{"text":"어 인생을 바 살면서 뭔가에 푹 빠져서 했었던 경험이 어 그때가 기억에 많이 남는 것 같습니다. 인제 군 생활할 때 제가 직업 군인으로서 한 육 년 인가 생활했는데 어 어느 정도되다 보니까 이런 뭐 권위나 뭐 이런 직책 뭐 이런 것들을 좀 더 영향력 있게 좀 해 보고 싶다 이런 생각이 들었던 것 같습니다. 그 단계에서 어 인제 진급의 시즌이 왔었는데 그런 진급을 하기 위해서 뭔가의 업무적이거나 사람적이거나 이런 것들이 다 진급하고 관련된 것들을 몰두하다 보면 그러니까 그렇게 집중하다 보니까 이 삼 년이 후딱 갔던 것 같습니다. 그렇게 인제 진급을 하기 위해서 사람 간의 관계 아니면 나와의 상급자에 대한 좋은 이미지를 보여주기 위한 그런 모습 그리고 당연히 인제 업무적으로도 놓치는 부분이 없도록 위에서 업무적으로 꼼꼼하게 인제 체크해 나가는 그런 모습을 보면서 역시 사람은 목표가 있어야 또 몰두가 되는 거 같고 또 자기 뭐 개인적인 성장이나 뭐 이런 것으로 봤을 때 저의 미래상을 봤을 때가 제일 뭔가에 한 가지 몰두하면서 지냈던 그런 경험이 있었던 것 같습니다. 이상입니다.","wordCount":156},"emotion":[],"intent":[{"text":"","expression":"","category":"attitude"}],"summary":{"text":"직업군인으로서 군 생활할 때 권위나 이런 것들을 좀 더 영향력 있게 해 보고 싶다 이런 생각이 들었고, 진급을 하기 위해서 업무적인 것이나 사람적인 것들을 다 진급하고 관련된 것들을 집중하다 보니 이 삼 년이 금방갔습니다. 업무적으로 꼼꼼하게 체크해 나가는 모습을 보면서 저는 미래상을 봤을 때가 제일 몰두하면서 지냈던 경험이 있었던 것 같습니다.","wordCount":51}}},"rawDataInfo":{"question":{"fileFormat":"wav","fileSize":419918,"duration":13120,"samplingBit":16,"channelCount":1,"samplingRate":"16kHz","audioPath":"/Mock/05.ICT/Male/Experienced/ckmk_q_ict_m_e_147572.wav"},"answer":{"fileFormat":"wav","fileSize":2655118,"duration":82970,"samplingBit":16,"channelCount":1,"samplingRate":"16kHz","audioPath":"/Mock/05.ICT/Male/Experienced/ckmk_a_ict_m_e_147572.wav"}}}