{"version":"1.0","dataSet":{"info":{"date":"20230116","occupation":"ICT","channel":"MOCK","place":"ONLINE","gender":"MALE","ageRange":"-34","experience":"EXPERIENCED"},"question":{"raw":{"text":"이름은 말씀하지 마시구요 주변 친구들 중에 한 명을 골라서 칭찬을 해 주시기 바랍니다 구체적이고 자세한 칭찬일수록 좋습니다","wordCount":17},"emotion":[],"intent":[]},"answer":{"raw":{"text":"제 친구 중 한 명은 굉장히 뛰어난 엔지니어 입니다. 모든 엔지니어링에 대해 관심이 크고 특히나 어렸을 때부터 컴퓨터를 스스로 조립하고 엔지니어링에 대한 공부를 스스로 자기 주도적으로 했으며 현재도 훌륭한 파이썬 백엔드 엔지니어로 활동하고 있습니다. 무엇보다 문제의 본질에 가까운 기술적 해답을 찾아내려 노력하고 본인이 맡은 바에 대한 책임감이 매우 강하다는 것이 이 친구의 최고의 장점입니다. 기타 취미도 매우 고상하고 훌륭하다고 생각합니다.","wordCount":60},"emotion":[],"intent":[{"text":"","expression":"","category":"attitude"}],"summary":{"text":"제 친구 중 한 명은 굉장히 뛰어난 엔지니어 인데, 문제의 본질에 가까운 기술적 해답을 찾아내려 노력하고 본인의 맡은 바에 대한 책임감이 매우 강하다는 것이 최고의 장점입니다.","wordCount":26}}},"rawDataInfo":{"question":{"fileFormat":"wav","fileSize":488718,"duration":15270,"samplingBit":16,"channelCount":1,"samplingRate":"16kHz","audioPath":"/Mock/05.ICT/Male/Experienced/ckmk_q_ict_m_e_253241.wav"},"answer":{"fileFormat":"wav","fileSize":2885838,"duration":90180,"samplingBit":16,"channelCount":1,"samplingRate":"16kHz","audioPath":"/Mock/05.ICT/Male/Experienced/ckmk_a_ict_m_e_253241.wav"}}}