{"version":"1.0","dataSet":{"info":{"date":"20230116","occupation":"ICT","channel":"MOCK","place":"ONLINE","gender":"MALE","ageRange":"35-44","experience":"EXPERIENCED"},"question":{"raw":{"text":"지원자님께서 가지고 있는 어 상위 일 퍼센트의 능력이 있다면 그 능력을 어 최대한 자세하게 좀 설명 부탁드립니다","wordCount":17},"emotion":[],"intent":[]},"answer":{"raw":{"text":"저의 상위 일 퍼센트 능력은 바로 사람들의 관상을 볼 수 있다는 것입니다. 관상은 예전 몇 백 년 전 마의 상법이라고 하는 그 상법에서 나온 것을 최근에 영화를 통해서도 많이 나왔고 많은 젊은이들이 관심을 갖고 있습니다. 지금 우리가 말하고 있는 관상은 미신도 아니고 우리가 잘 알고 있는 데이터들에 대한 정보의 총체입니다. 그래서 요즘은 그걸 빅데이터라고 말하는데요. 관상도 역시 수천 만 명의 얼굴을 하나하나 분석해서 그 데이터를 기록해 낸 빅데이터를 책화 책으로 만드는 것 뿐입니다. 그 빅데이터를 가지고 사람의 생김새 말투 행동 스타일 걸음걸이 웃음소리 등을 가지고 그 사람을 판단할 수 있는 적절한 근거를 제시하는 겁니다. 빅데이터 역시 많은 데이터를 가지고 그 중에서 컴퓨터가 그와 비슷한 것을 끄집어내서 거기에서 유출을 하는 것이기 때문에 저는 이 관상학이 빅데이터와도 연관돼 있고 그게 저의 일 퍼센트의 능력이라고 생각합니다.","wordCount":123},"emotion":[],"intent":[{"text":"","expression":"","category":"attitude"}],"summary":{"text":"빅데이터는 많은 데이터를 가지고 그 중에서 컴퓨터가 그와 비슷한 것을 끄집어내서 거기에서 유출을 하는 것이기 때문에 이 관상학이 빅데이터와도 연관돼 있고 그것이 저의 일 퍼센트의 능력이라고 생각합니다.","wordCount":27}}},"rawDataInfo":{"question":{"fileFormat":"wav","fileSize":454478,"duration":14200,"samplingBit":16,"channelCount":1,"samplingRate":"16kHz","audioPath":"/Mock/05.ICT/Male/Experienced/ckmk_q_ict_m_e_156764.wav"},"answer":{"fileFormat":"wav","fileSize":2190798,"duration":68460,"samplingBit":16,"channelCount":1,"samplingRate":"16kHz","audioPath":"/Mock/05.ICT/Male/Experienced/ckmk_a_ict_m_e_156764.wav"}}}