{"version":"1.0","dataSet":{"info":{"date":"20230116","occupation":"ICT","channel":"MOCK","place":"ONLINE","gender":"MALE","ageRange":"55-","experience":"EXPERIENCED"},"question":{"raw":{"text":"공동체에 가치에 입각을 해서요 무형 문화유산의 보호에 있어 적용되는 사회적 관념은 뭐라고 생각을 하시는지 말씀해 주시기 바랍니다","wordCount":17},"emotion":[],"intent":[]},"answer":{"raw":{"text":"무형 문화유산이라고 하면 한 나라나 한 조직이 역사적으로 가지고 왔던 어떤 정신적인 사상 세계라고 생각을 합니다. 그게 눈에 보이지 않는 영역에서의 문화이고 또 그것이 전통적으로 우리가 온고지신할 수 있는 그런 영역으로 생각을 해 보았을 때 우리는 문화유산을 잘 지키고 계승 발전 보존해야 되는 그런 필요성이 많이 있다고 생각을 합니다. 특히나 어 전통 무용이라든지 전통 그림 어 그런 문화적인 요소에 들어가는 부분들을 사실 소홀하기 쉬운데 이런 부분들이 우리들의 내면에 깊숙히 들어가 있는 부분이어서 잘 계승 발전하는 게 중요하다고 생각합니다.","wordCount":78},"emotion":[{"text":"특히나 어 전통 무용이라든지 전통 그림 어 그런 문화적인 요소에 들어가는 부분들을 사실 소홀하기 쉬운데 이런 부분들이 우리들의 내면에 깊숙히 들어가 있는 부분이어서 잘 계승 발전하는 게 중요하다고 생각합니다.","expression":"u-belief","category":"neutral"}],"intent":[{"text":"","expression":"","category":"attitude"}],"summary":{"text":"무형 문화유산은 눈에 보이지 않는 정신적 사상 세계로, 이를 잘 지키고 계승 발전 보존해야 합니다. 특히 전통 무용이나 전통 그림 같은 문화적인 요소들은 우리들의 내면에 깊숙히 들어가 있는 부분이기에 잘 계승 발전하는 게 중요합니다.","wordCount":34}}},"rawDataInfo":{"question":{"fileFormat":"wav","fileSize":420878,"duration":13150,"samplingBit":16,"channelCount":1,"samplingRate":"16kHz","audioPath":"/Mock/05.ICT/Male/Experienced/ckmk_q_ict_m_e_296860.wav"},"answer":{"fileFormat":"wav","fileSize":1996238,"duration":62380,"samplingBit":16,"channelCount":1,"samplingRate":"16kHz","audioPath":"/Mock/05.ICT/Male/Experienced/ckmk_a_ict_m_e_296860.wav"}}}