{"version":"1.0","dataSet":{"info":{"date":"20230116","occupation":"ICT","channel":"MOCK","place":"ONLINE","gender":"MALE","ageRange":"-34","experience":"EXPERIENCED"},"question":{"raw":{"text":"회사에 입사하게 된다면 지원자님께서 하고 싶은 업무가 있으십니까 있으시다면 왜 그 업무가 하고 싶은지 함께 설명해 주세요","wordCount":17},"emotion":[],"intent":[]},"answer":{"raw":{"text":"회사에 입사하게 된다면 저는 제 역량과 그간의 프로젝트로 쌓은 경력을 더해 회사 업무에 융합시키고 싶습니다. 저는 오 년여 간 네트워크 엔지니어로 일을 했으며 이후 직무 전환을 통해 이 년여 간 에이아이 엔지니어로 업무를 수행하였습니다. 에이아이 엔지니어로서 회사의 데이터에 보다 많은 인 사이트를 제공할 수 있으며 특히나 엠엘과 디엘의 관 강점인 학습을 통해 지속적으로 모델이 발전하고 유저의 경험을 개선시킵니다. 이에 더해 유저의 피드백을 다시 학습하여 모델이 더욱 발전하고 있는 유저의 리텐션을 높일 수 있습니다. 이렇게 유저의 리텐션이 올라가게 되면 회사의 매출은 자동적으로 상승할 것이고 캐린 캐퍼시티에 의해서 유저의 순 유입이 늘어 결국 회사에 매출 풀 자체가 더욱 넓고 깊고 풍부해질 것입니다. 이는 매우 좋은 결과입니다.","wordCount":104},"emotion":[],"intent":[{"text":"이렇게 유저의 리텐션이 올라가게 되면 회사의 매출은 자동적으로 상승할 것이고 캐린 캐퍼시티에 의해서 유저의 순 유입이 늘어 결국 회사에 매출 풀 자체가 더욱 넓고 깊고 풍부해질 것입니다.","expression":"c_sincere_co","category":"etc"}],"summary":{"text":"에이아이 엔지니어로서 회사의 데이터에 보다 많은인 사이트를 제공할 수 있으며 특히 엠엘과 디엘의 강점인 학습을 통해 지속적으로 모델이 발전하고 유저의 경험을 개선시키는데, 유저의 피드백을 다시 학습하여 모델이 더욱 발전하고 있는 유저의 리텐션을 높일 수 있습니다.","wordCount":35}}},"rawDataInfo":{"question":{"fileFormat":"wav","fileSize":377678,"duration":11800,"samplingBit":16,"channelCount":1,"samplingRate":"16kHz","audioPath":"/Mock/05.ICT/Male/Experienced/ckmk_q_ict_m_e_249204.wav"},"answer":{"fileFormat":"wav","fileSize":3866958,"duration":120840,"samplingBit":16,"channelCount":1,"samplingRate":"16kHz","audioPath":"/Mock/05.ICT/Male/Experienced/ckmk_a_ict_m_e_249204.wav"}}}