{"version":"1.0","dataSet":{"info":{"date":"20230116","occupation":"ICT","channel":"MOCK","place":"ONLINE","gender":"MALE","ageRange":"55-","experience":"EXPERIENCED"},"question":{"raw":{"text":"이제까지 인생을 살면서 제일 후회되는 일이 있다면 그것이 무엇인가요 한 가지를 골라서 말씀해 주세요","wordCount":14},"emotion":[],"intent":[]},"answer":{"raw":{"text":"제 인생을 살면서 가장 후회되는 일은 아 아주 좋은 대기업을 다니다가 나와서 자기 사업을 한 일인데 사실은 한 일에 대해서는 가장 큰 후회는 아닙니다. 자기 사업을 했을 때에 실패를 했고 그 원인을 지금도 이제 아이엠에프 핑계를 대긴 하는데 사실은 뭐 아이엠에프 핑계가 전부 다는 아닙니다. 제 잘못이죠. 근데 그 이후에 실패를 했을 때에 제가 그 실패에 대처하는 그 저의 태도 저의 조치 이런 것들이 가장 후회가 됩니다. 실패가 분명히 있었음에도 기회도 분명히 있었습니다 그 당시에. 어 이천 년도에 들어가면서 와이 투 케이 프로젝트가 시작이 됐고 와이 투 케이 그 프로젝트에 저도 어 사업 분야를 가지고 일을 했으므로 그거를 꾸준히 개척을 해 나갔으면 어땠을까 그리고 좀 더 정신을 차리고 성실하게 대처를 했으면은 그 난관을 잘 헤쳐 나갈 수 있었지 않을까 하는 그러한 후회가 지금도 듭니다. 제 잘못이죠.","wordCount":126},"emotion":[],"intent":[{"text":"","expression":"","category":"attitude"}],"summary":{"text":"자기 사업을 했을 때 가장 후회되는 일은 아주 좋은 대기업을 다니다가 나와서 자기 사업을 한 일인데, 아이엠에프 핑계가 전부 다는 아니고 그 이후에 실패를 했을 때에 제가 그 실패에 대처하는 태도 저의 조치 이런 것들이 가장 후회가 됩니다.","wordCount":38}}},"rawDataInfo":{"question":{"fileFormat":"wav","fileSize":279758,"duration":8740,"samplingBit":16,"channelCount":1,"samplingRate":"16kHz","audioPath":"/Mock/05.ICT/Male/Experienced/ckmk_q_ict_m_e_287147.wav"},"answer":{"fileFormat":"wav","fileSize":3403918,"duration":106370,"samplingBit":16,"channelCount":1,"samplingRate":"16kHz","audioPath":"/Mock/05.ICT/Male/Experienced/ckmk_a_ict_m_e_287147.wav"}}}