{"version":"1.0","dataSet":{"info":{"date":"20230116","occupation":"ICT","channel":"MOCK","place":"ONLINE","gender":"MALE","ageRange":"45-54","experience":"EXPERIENCED"},"question":{"raw":{"text":"본인이 꼭 하고 싶은 업무가 있다면 그 업무는 어떠한 업무일까요 좀 말씀해 주시겠습니까","wordCount":13},"emotion":[],"intent":[]},"answer":{"raw":{"text":"제가 가장 하고 싶은 업무라고 하면 바로 제가 지금 지원하고 있는 이 업무입니다. 이 업무는 제가 약 한 이십 여 년간 해왔고 앞으로도 계속 하고 하면서도 어 가장 자신 있는 업무입니다. 저는 이십 여 년 동안 동종업종에서 일을 해왔으며 이 일을 할 때마다 나름의 성과를 이루었고 노하우를 쌓왔습니다 그 노하우로 인해서 어 새로운 문제가 발생하거나 새로운 문제가 생겼을 때 그것으로 극복할 수 있는 어 토대가 되었고 그러면서 동종업종의 나름의 네트워크를 구성하고 있어서 어려움이 닥쳤을 때 그것을 극복할 수 있는 어 어드바이스를 받을 수 있다라고 생각합니다. 제가 가장 하고 싶은 업무는 제가 바로 지원한 이 업무입니다.","wordCount":95},"emotion":[],"intent":[{"text":"","expression":"","category":"attitude"}],"summary":{"text":"저는 동종업계에서 일을 할 때마다 성과를 이루었고 노하우를 쌓아왔습니다. 그 노하우로 새로운 문제가 발생하거나 생겼을 때 그것을 극복하는 토대가 되었고 동종업종의 네트워크를 구성하고 있어서 어려움이 닥쳤을 때 극복할 수 있는어드바이스를 받을 수 있다고 생각합니다.","wordCount":34}}},"rawDataInfo":{"question":{"fileFormat":"wav","fileSize":377998,"duration":11810,"samplingBit":16,"channelCount":1,"samplingRate":"16kHz","audioPath":"/Mock/05.ICT/Male/Experienced/ckmk_q_ict_m_e_43194.wav"},"answer":{"fileFormat":"wav","fileSize":1753678,"duration":54800,"samplingBit":16,"channelCount":1,"samplingRate":"16kHz","audioPath":"/Mock/05.ICT/Male/Experienced/ckmk_a_ict_m_e_43194.wav"}}}