{"version":"1.0","dataSet":{"info":{"date":"20230116","occupation":"ICT","channel":"MOCK","place":"ONLINE","gender":"MALE","ageRange":"-34","experience":"EXPERIENCED"},"question":{"raw":{"text":"지금까지 협업을 하면서 가장 어려웠던 점은 무엇이었나요 그리고 그 어려움을 어떻게 해결했는지도 함께 말씀해 주시길 바랍니다","wordCount":16},"emotion":[],"intent":[]},"answer":{"raw":{"text":"지금까지 협업을 하면서 가장 어려웠던 것과 그 어려움을 어떻게 해결했는지 함께 말씀해 주세요. 협업에 있어서 가장 어려운 것은 모두가 어떤 일을 하고 있는지 실시간으로 확인이 불가능하다는 것이었습니다. 저희는 이 불편함을 해소하기 위해 레드마인이라는 시스템을 구축하고 모든 업무를 기록하고 검토 요청을 하게끔 업무 전반의 시스템을 변경했습니다. 처음에는 다들 익숙하지 않고 불편한 과정이 많아 힘들어 했지만 익숙해지고 나서는 서로가 어떤 업무를 하고 있고 어떤 업무에 어려움을 겪고 있는지 확인할 수 있어서 오히려 전보다 더 빠르게 협동이 가능했습니다.","wordCount":75},"emotion":[],"intent":[{"text":"","expression":"","category":"attitude"}],"summary":{"text":"협업에 있어 가장 어려웠던 것은 모두가 어떤 업무를 하고 있는지 실시간으로 확인이 불가능하다는 것이었습니다. 저희는 레드마인이라는 시스템을 구축하고 모든 업무를 기록하고 검토 요청을 하도록 업무 전반의 시스템을 변경하였습니다.","wordCount":28}}},"rawDataInfo":{"question":{"fileFormat":"wav","fileSize":457678,"duration":14300,"samplingBit":16,"channelCount":1,"samplingRate":"16kHz","audioPath":"/Mock/05.ICT/Male/Experienced/ckmk_q_ict_m_e_270096.wav"},"answer":{"fileFormat":"wav","fileSize":1899598,"duration":59360,"samplingBit":16,"channelCount":1,"samplingRate":"16kHz","audioPath":"/Mock/05.ICT/Male/Experienced/ckmk_a_ict_m_e_270096.wav"}}}