{"version":"1.0","dataSet":{"info":{"date":"20230116","occupation":"ICT","channel":"MOCK","place":"ONLINE","gender":"MALE","ageRange":"-34","experience":"EXPERIENCED"},"question":{"raw":{"text":"본인은 어떤 개발자가 되고 싶으십니까","wordCount":5},"emotion":[],"intent":[]},"answer":{"raw":{"text":"개발자가 된다면 우선 목표한 기능의 구현을 최대한 빠르게 해내는 개발자가 되고 싶습니다. 빠르게란 던 이즈 베러 댄 원 헌드레드 퍼센트와 같이 완벽함을 추구하는 것이 아닌 애자일하게 민첩하게 제가 원하는 기능을 러프 하더라도 핵심 기능을 우선적으로 최대한 빠르게 구현을 하는 것입니다. 이러한 구현이 중요한 이유는 피드백을 최대한 빠르게 받고 수용 가능한 상태이기 때문입니다. 어느 정도 필수적인 기능이 구현되어 빠르게 피드백을 받을 수 있다면 그 결과물은 계속 피드백이 더해짐으로써 더욱 훌륭해질 것입니다. 다 완성해 논 뒤 피드백을 받고 수정하는 작업은 굉장히 어렵습니다. 하지만 필수 기능부터 개념을 계속 피드백 해 가며 개발을 완료한다면 이 결과물은 좋을 수 밖에 없습니다. 저 자신만의 의견이 아닌 다른 사람들의 의견이 피드백된 결과물이기 때문이죠. 그렇게 항상 빠른 결과물을 내놓는 개발자가 되고 싶습니다.","wordCount":114},"emotion":[],"intent":[{"text":"","expression":"","category":"attitude"}],"summary":{"text":"완벽함을 추구하는 것이 아니라 핵심 기능을 최대한 빠르게 구현하는 개발자가 되고 싶습니다. 필수적인 기능이 구현되어 빠르게 피드백을 받을 수 있다면 그 결과물은 더욱 훌륭해질 것입니다. 항상 빠른 결과물을 내는 개발자가 되겠습니다.","wordCount":31}}},"rawDataInfo":{"question":{"fileFormat":"wav","fileSize":220238,"duration":6880,"samplingBit":16,"channelCount":1,"samplingRate":"16kHz","audioPath":"/Mock/05.ICT/Male/Experienced/ckmk_q_ict_m_e_249210.wav"},"answer":{"fileFormat":"wav","fileSize":3806158,"duration":118940,"samplingBit":16,"channelCount":1,"samplingRate":"16kHz","audioPath":"/Mock/05.ICT/Male/Experienced/ckmk_a_ict_m_e_249210.wav"}}}