{"version":"1.0","dataSet":{"info":{"date":"20230116","occupation":"ICT","channel":"MOCK","place":"ONLINE","gender":"MALE","ageRange":"-34","experience":"EXPERIENCED"},"question":{"raw":{"text":"이 직무에 지원한 이유가 무엇인지 말씀해 주세요 그리고 본인이 왜 적합한 인재인지도 설명해 주세요","wordCount":14},"emotion":[],"intent":[]},"answer":{"raw":{"text":"저는 끊임없이 적응하고 발전하며 앞으로 나아가는 사람입니다. 그리고 또한 엠엘디엘 에이아이 분야도 이러한 특성이 필요하고 심지어는 엠엘디엘 분야에서에 주요 알고리즘 또한 이러한 방향을 채택하고 있습니다. 따라서 저는 계속 발전하고 바뀌는 기술 흐름에 트렌드를 매우 잘 따라가고 있으며 흐름을 놓치지 않고 있습니다. 그러므로 저는 이 직무에 적합하고 또한 훌륭한 역량을 보유하고 있다고 생각합니다. 제 역량을 증명하고 평가 받기 위해 미카이 챌린지에 도전하게 되었고 저는 종합 이 위라는 훌륭한 성적을 챌린지에서 달성할 수 있었습니다. 이에 제 자신이 현재 직무에 적합하다고 생각합니다.","wordCount":79},"emotion":[],"intent":[{"text":"","expression":"","category":"attitude"}],"summary":{"text":"저는 끊임없이 적응하고 발전하며 앞으로 나아가는 사람이라 기술 흐름에 트렌드를 잘 따라가고 있습니다. 그래서 이 직무에 적합하고 또한 훌륭한 역량을 보유하고 있다고 생각합니다.","wordCount":23}}},"rawDataInfo":{"question":{"fileFormat":"wav","fileSize":287438,"duration":8980,"samplingBit":16,"channelCount":1,"samplingRate":"16kHz","audioPath":"/Mock/05.ICT/Male/Experienced/ckmk_q_ict_m_e_252292.wav"},"answer":{"fileFormat":"wav","fileSize":3446478,"duration":107700,"samplingBit":16,"channelCount":1,"samplingRate":"16kHz","audioPath":"/Mock/05.ICT/Male/Experienced/ckmk_a_ict_m_e_252292.wav"}}}