{"version":"1.0","dataSet":{"info":{"date":"20230116","occupation":"ICT","channel":"MOCK","place":"ONLINE","gender":"MALE","ageRange":"35-44","experience":"EXPERIENCED"},"question":{"raw":{"text":"사내 스터디를 만들어서 공부를 할 수 있다면 어떤 것을 공부하고 싶으신지 말씀해 주시구요 이유와 함께 저에게 말씀해 주시기 바랍니다","wordCount":19},"emotion":[],"intent":[]},"answer":{"raw":{"text":"아 네 사내 스터디라고 하면은 어 업무 외적인 것을 스터디 해야지 실질적인 사내 스터리 동호 동호회 동아리라고 저는 생각을 합니다. 그러다 보니까 보통은 다 운동을 하고 뭐 악기 연주를 하고 뭐 취미 활동을 공유를 하는데 저는 그것보다는 좀 더 실생활에 그리고 어 이 부를 창출하기 위한 그런 아 그런 스터디 동아리가 좀 더 효율적 그 조 저에게는 좋을 것 같아요. 그래서 제가 사내 스터디를 만든다면은 어 경제 동아리를 만들고 싶습니다. 경제 실질적으로 주식 투자도 있고 부동산 투자도 있고 어떤 파생 상품 투자도 있을 텐데 여러 가지 이 근로 소득 이외에 소득을 어떻게 어 올릴 수 있을까를 함께 고민하고 저희가 다 은퇴 후에 삶을 삼 사십 년을 어떻게 살 수 있을까를 같이 고민해 보고 그거에 대해서 함께 아 준비를 해보는 게 아주 유익한 시간이 될 것 같아서 사내 스터디는 경제 스터디 동아리를 만들고 싶습니다.","wordCount":133},"emotion":[],"intent":[{"text":"","expression":"","category":"attitude"}],"summary":{"text":"사내 스터디는 실질적인 사내 동호회 동아리라고 생각하며, 부를 창출하기 위한 동아리가 더 효율적일 것 같습니다. 그래서 저는 사내스터디를 만들 경우 경제 동아리를 만들고 싶습니다. 소득 향상 방법과 은퇴 후 삶에 대한 고민을 함께 하는 것이 유익할 것 같기 때문입니다.","wordCount":39}}},"rawDataInfo":{"question":{"fileFormat":"wav","fileSize":403278,"duration":12600,"samplingBit":16,"channelCount":1,"samplingRate":"16kHz","audioPath":"/Mock/05.ICT/Male/Experienced/ckmk_q_ict_m_e_218277.wav"},"answer":{"fileFormat":"wav","fileSize":2208078,"duration":69000,"samplingBit":16,"channelCount":1,"samplingRate":"16kHz","audioPath":"/Mock/05.ICT/Male/Experienced/ckmk_a_ict_m_e_218277.wav"}}}