{"version":"1.0","dataSet":{"info":{"date":"20230116","occupation":"ICT","channel":"MOCK","place":"ONLINE","gender":"MALE","ageRange":"35-44","experience":"EXPERIENCED"},"question":{"raw":{"text":"일을 하다 보면 업무량이 과도하게 많아질 수도 있는데 그래도 잘 버틸 수 있는 자신이 있을까요","wordCount":15},"emotion":[],"intent":[]},"answer":{"raw":{"text":"네 저는 그 이 직장 생활을 함에 있어서 가장 큰 것은 결코 성취감이라고 봅니다. 어 업무량이 과도하게 많아졌다 라는 것은 아 제가 그렇게 해야 할 일이 저의 그 역할이 굉장히 많은 것이라고 생각하고 있고요. 그것을 해내는 것이 제 역할과 책임이라고 생각을 합니다. 하지만 그 업무량이 과도하다는 게 제가 계속 근무하는 거 근무하는 내내 그렇게 되는 것은 정말 문제가 크고요. 아 그 저의 건강 상태에도 분명히 이상이 생길 것이기 때문에 그런 그런 상황이 된다면 그러면 잘 버틸 자신이 없습니다. 솔직히 하지만 이 업무량 과도한 업무량이 이 단발성인 그런 프로젝트를 수행하기 위한 어떤 어 어떤 중요한 그 업무 수행에 있어서 중요한 기간이 정해져 있는 그런 그런 업무라고하면은 저는 기꺼이 이 저의 성취감을 위해서 해야 한다고 생각합니다. 그리고 잘 버틸 수 있습니다.","wordCount":119},"emotion":[],"intent":[{"text":"","expression":"","category":"attitude"}],"summary":{"text":"업무량이 과도하게 많아졌다는 것은 제가 해야 할 일이 굉장히 많은 것이라고 생각하며 그것을 해내는 것이 제 역할과 책임이라고 생각합니다. 업무량이 과도하다는 것이 건강 상태에도 문제가 생길 것이기 때문에 잘 버틸 자신이 없습니다.","wordCount":32}}},"rawDataInfo":{"question":{"fileFormat":"wav","fileSize":282318,"duration":8820,"samplingBit":16,"channelCount":1,"samplingRate":"16kHz","audioPath":"/Mock/05.ICT/Male/Experienced/ckmk_q_ict_m_e_218279.wav"},"answer":{"fileFormat":"wav","fileSize":2153038,"duration":67280,"samplingBit":16,"channelCount":1,"samplingRate":"16kHz","audioPath":"/Mock/05.ICT/Male/Experienced/ckmk_a_ict_m_e_218279.wav"}}}