{"version":"1.0","dataSet":{"info":{"date":"20230116","occupation":"ICT","channel":"MOCK","place":"ONLINE","gender":"MALE","ageRange":"35-44","experience":"EXPERIENCED"},"question":{"raw":{"text":"지원자님 지금 공부하고 있는 분야는 무엇이며 지원자님은 왜 그걸 공부하는지 지금까지 무엇을 배웠는지 설명과 말씀해 주세요","wordCount":16},"emotion":[],"intent":[]},"answer":{"raw":{"text":"예 저는 대학을 졸업하고 취업 그 직장 직장 생활을 하면서 계속 아이티 쪽에 그 서 그 경력을 쌓고 있는데요. 뭐 이 아이티 관련된 공부를 놓지 않았습니다. 지금 요즘에 공부를 하고 있는 거는 정보 시스템 감사자라는 그 아이티 분야에서도 거의 최상단에 있는 권위적인 자격 사항에 대해서 공부를 하고 있구요. 이 아이티 감사사는 어 일반적인 아이티 운영이나 그 개발 쪽 보다는 조금 더 한청 위인 감사인의 시선에서 어 이 시 소프트웨어 개발이 잘 되었는지 그리고 이 조직이 아 보완적으로 어떤지 어떻게 잘 아 그런 외부 위협으로부터 잘 보호되고 있는지 그리고 사용자들은 어떤 아 운영 어떤 환경에서 어 근무를 하고 있는지 이런 것들을 통 통찰하면서 이 이 감사인의 시선에서 보는 자격증이기 때문에 조금 더 저의 그 아이티 커리어에 굉장히 그 업그레이드 할 수 있는 그런 자격이라고 생각해서 이제 현재는 그 아이티 자격 씨아이에스에이 라는 정보 시스템 감사자에 대해서 어 공부를 하고 있습니다.","wordCount":139},"emotion":[],"intent":[{"text":"이 아이티 감사사는 어 일반적인 아이티 운영이나 그 개발 쪽 보다는 조금 더 한청 위인 감사인의 시선에서 어 이 시 소프트웨어 개발이 잘 되었는지 그리고 이 조직이 아 보완적으로 어떤지 어떻게 잘 아 그런 외부 위협으로부터 잘 보호되고 있는지 그리고 사용자들은 어떤 아 운영 어떤 환경에서 어 근무를 하고 있는지 이런 것들을 통 통찰하면서 이 이 감사인의 시선에서 보는 자격증이기 때문에 조금 더 저의 그 아이티 커리어에 굉장히 그 업그레이드 할 수 있는 그런 자격이라고 생각해서 이제 현재는 그 아이티 자격 씨아이에스에이 라는 정보 시스템 감사자에 대해서 어 공부를 하고 있습니다.","expression":"i_hwsw_prfi","category":"attitude"}],"summary":{"text":"저는 대학을 졸업하고 취업하여 직장 생활을 하면서 계속 아이티 쪽에 경력을 쌓고 있습니다. 지금은 정보 시스템 감사자라는 아이티 분야에서도 권위적인 자격 사항에 대해 공부를 하고 있는데, 일반적인 아이티 운영이나 개발 쪽 보다는 감사인의 시선에서 보는 자격증이기 때문에 지금은 아이티 자격 씨아이에스에이에 대해 공부 중입니다.","wordCount":44}}},"rawDataInfo":{"question":{"fileFormat":"wav","fileSize":467278,"duration":14600,"samplingBit":16,"channelCount":1,"samplingRate":"16kHz","audioPath":"/Mock/05.ICT/Male/Experienced/ckmk_q_ict_m_e_230069.wav"},"answer":{"fileFormat":"wav","fileSize":2667918,"duration":83370,"samplingBit":16,"channelCount":1,"samplingRate":"16kHz","audioPath":"/Mock/05.ICT/Male/Experienced/ckmk_a_ict_m_e_230069.wav"}}}