{"version":"1.0","dataSet":{"info":{"date":"20230116","occupation":"ICT","channel":"MOCK","place":"ONLINE","gender":"MALE","ageRange":"35-44","experience":"EXPERIENCED"},"question":{"raw":{"text":"자 우리 회사가 어 데이터 센터를 이제 다른 곳으로 이 건물을 이전하게 됐어요 그런데 이제 여러 가지 이전을 해야 되잖아요 이사를 해야 되는데 서버를 이전하는 데서 생각해야 될 거에 대해서 한 번 설명해 보세요","wordCount":34},"emotion":[],"intent":[]},"answer":{"raw":{"text":"데이터 센터를 이전할 경우에 가장 고려해야 될 점은 서버 뿐만이 아니라 서버에 서버와 연결된 모든 네트워크 장비들이 있겠죠. 가장 중요하죠. 써 서버는 스토리지를 어 스토리지니까 모든 정보들이 다 있는 것이고 그 가장 중요한 것은 업무의 업무 연속성입니다. 결국에는 어 업무가 어 끊기지 않는 것이 가장 중요하고요. 어 물론 웬만하면은 어 되도록이면은 그 비 영업일에 보통 데이터 센터를 이전을 하기 마련이고 그 불가피하게 대전에서 영업일에 하게 된다면 이중화 이중화에서 이중화를 시켜서 서버에 그 유실이 없도록 계속 운영될 수 있도록 프라이머리 세컨더리를 좀 명확하게 구분하고 그것을 효율적으로 운영하는 것이 가장 고려할 사항이라고 생각합니다.","wordCount":91},"emotion":[],"intent":[{"text":"","expression":"","category":"attitude"}],"summary":{"text":"데이터 센터를 이전할 경우, 서버와 연결된 모든 네트워크 장비들의 유실이 없도록 이중화 해서 서버에 업무가 끊임 없이 계속될 수 있도록 하는 것이 가장 중요한 사항이라고 생각합니다.","wordCount":26}}},"rawDataInfo":{"question":{"fileFormat":"wav","fileSize":630158,"duration":19690,"samplingBit":16,"channelCount":1,"samplingRate":"16kHz","audioPath":"/Mock/05.ICT/Male/Experienced/ckmk_q_ict_m_e_182617.wav"},"answer":{"fileFormat":"wav","fileSize":1842318,"duration":57570,"samplingBit":16,"channelCount":1,"samplingRate":"16kHz","audioPath":"/Mock/05.ICT/Male/Experienced/ckmk_a_ict_m_e_182617.wav"}}}