{"version":"1.0","dataSet":{"info":{"date":"20230116","occupation":"ICT","channel":"MOCK","place":"ONLINE","gender":"MALE","ageRange":"35-44","experience":"EXPERIENCED"},"question":{"raw":{"text":"사람들과 협업할 때 가장 어려웠던 점이 있었나요 있다면 무엇이었는지와 어떻게 극복하셨는지 지원자님의 경험을 답해 주세요","wordCount":15},"emotion":[],"intent":[]},"answer":{"raw":{"text":"사람들과 협업할 때 어 간혹가다가 이런 갈등이 생기기 마련이죠. 특히 조직 사 조직 사회에서는 당연히 그렇게 생길 수 밖에 없는 게 너무 어 순리인 것 같습니다. 그럴 때는 어 결국에는 그 원인은 어 서로 서로 이제 주장하는 바가 다르다 결국에는 커뮤니케이션이 어렵다 커뮤니케이션이 어렵기 때문에 이런 갈등이 생기고 그런 것인데 이런 것들을 제가 어 극복했던 그런 노하우는 어 일단은 서로 서로의 그런 아 서로의 서로가 요구하는 바를 명확하게 짚고 나갈 필요가 있기 때문에 일단은 저는 경청을 해주는 편이고요 .그리고 저의 주장도 어 절대 함구 하지 않고 제 주장도 최대한 부드럽게 어 정말 말 이 사람의 말이라는 게 아 다르고 어 다르기 때문에 그 아무리 안 좋은 그림 좀 주장이 강한 이야기를 하더라도 어 이런 태도와 어감 말투를 존중하면서 주면은 그 사람 그쪽 상대방도 들어줄 수 밖에 없구요. 이런 식으로 결국에는 대화를 푸는 게 가장 현명한 방법이 아닐지 싶습니다.","wordCount":138},"emotion":[],"intent":[{"text":"","expression":"","category":"attitude"}],"summary":{"text":"조직 사회에서는 협업할 때 갈등이 생기기 마련인데, 그 원인은 커뮤니케이션의 어려움 때문입니다. 제가 극복했던 노하우는 서로의 요구를 명확하게 짚고 나갈 필요가 있기 때문에 경청을 해주는 편입니다. 그리고 제 주장도 최대한 부드럽게 해 주면은 상대방도 들어줄 수 밖에 없습니다.","wordCount":38}}},"rawDataInfo":{"question":{"fileFormat":"wav","fileSize":634318,"duration":19820,"samplingBit":16,"channelCount":1,"samplingRate":"16kHz","audioPath":"/Mock/05.ICT/Male/Experienced/ckmk_q_ict_m_e_241971.wav"},"answer":{"fileFormat":"wav","fileSize":2478798,"duration":77460,"samplingBit":16,"channelCount":1,"samplingRate":"16kHz","audioPath":"/Mock/05.ICT/Male/Experienced/ckmk_a_ict_m_e_241971.wav"}}}