{"version":"1.0","dataSet":{"info":{"date":"20230116","occupation":"ICT","channel":"MOCK","place":"ONLINE","gender":"MALE","ageRange":"35-44","experience":"EXPERIENCED"},"question":{"raw":{"text":"회사의 덕목이 무엇이라고 생각하세요 면접자님은 어떤 회사가 좋은 회사라고 생각하시나요","wordCount":10},"emotion":[],"intent":[]},"answer":{"raw":{"text":"그 이 요즘 뭐 이에스지 다 뭐다 하면서 그런 기업의 윤리적 경영을 굉장히 강조하는 사회가 됐는데요. 저는 아직까지도 회사의 가장 중요한 덕목은 직원을 존중하는 태도라고 생각을 합니다. 아 아직까지도 어떤 어 안 좋은 기업들은 직원을 어 이 소모품으로 생각하는 기업들이 꽤 있다고 저는 알고 있습니다. 직원을 들에게 대한 복지도 굉장히 안 좋고 그리고 어 뭐 꼬으면 나가든가 나가면 뭐 다시 뽑으면 되지 우리 회사 들어올 사람 줄서 있어 라고 이런 마인드로 경영진들이 이 회사를 경영을 한다면 결국에는 결국에는 그 회사는 몰락하게 될 거라고 생각을 하고요. 더군다나 더욱이 요즘 같은 그런 인터넷 네트워크 시대에서는 이런 안 좋은 소문들이 굉장히 급속도로 전파되고 어 뭐 블라인드 같은 그런 그런 앱도 있듯이 그런 회사의 안 좋은 부조리들을 다 고발하는 채널들이 굉장히 다양하기 때문에 어 회사에서도 굉장히 신경을 많이 써야 되는 부분 이구요. 어 회사의 직원들에게 대한 복지 그리고 어떤 리워드를 충분히 보상해주고 그 사람들이 근로를 해서 우리 회사에서 일을 해줘서 고맙다는 그런 표현을 많이 해 준다면 아주 훌륭한 회사라고 생각을 합니다.","wordCount":157},"emotion":[],"intent":[{"text":"","expression":"","category":"attitude"}],"summary":{"text":"현재 윤리적 경영을 강조하는 사회가 됐습니다. 하지만 아직도 직원 복지가 안 좋은 기업들도 많이 있습니다. 이런 마인드로 경영진들이 경영을 한다면 회사는 몰락하게 될 것입니다. 또한 인터넷 네트워크 시대에는 회사의 부조리들을 고발하는 채널들이 많기 때문에 회사에서도 신경을 써야 합니다. 직원 복지, 리워드 등을 충분히 보장해주면 아주 훌륭한 회사라고 생각합니다.","wordCount":48}}},"rawDataInfo":{"question":{"fileFormat":"wav","fileSize":282318,"duration":8820,"samplingBit":16,"channelCount":1,"samplingRate":"16kHz","audioPath":"/Mock/05.ICT/Male/Experienced/ckmk_q_ict_m_e_175999.wav"},"answer":{"fileFormat":"wav","fileSize":2717518,"duration":84920,"samplingBit":16,"channelCount":1,"samplingRate":"16kHz","audioPath":"/Mock/05.ICT/Male/Experienced/ckmk_a_ict_m_e_175999.wav"}}}