{"version":"1.0","dataSet":{"info":{"date":"20230116","occupation":"ICT","channel":"MOCK","place":"ONLINE","gender":"MALE","ageRange":"35-44","experience":"EXPERIENCED"},"question":{"raw":{"text":"우리 회사가 해외 무대로 진출하게 된다면 어디로 진출하는 것이 좋을 것 같나요 어 그리고 그렇게 생각하시는 이유도 함께 말씀해 주시길 바랍니다","wordCount":21},"emotion":[],"intent":[]},"answer":{"raw":{"text":"어 이 회사가 해외로 진출을 하게 된다면 어 저는 어 무슨 미국이나 캐나다 같은 선진국으로 진출을 한다기보다 저희보다는 좀 후진국인 동남아나 베트남 그리고 인도 이쪽으로 출 진출을 하는 게 좋을 것 같습니다. 그쪽에서는 아직 개발이 되지 않은 것들이 많기 때문에 이 회사의 기술력 그리고 인프라를 그 다른 타 지역에서도 충분히 아 가시화된 그까 어 눈에 띌 정도로 어 성장하는 모습을 어 그런 퍼포먼스를 낼 것이라고 생각을 하기 때문이죠. 어쨌든 선진국에서 선진국으로 진출한다면 거기에 또 무한한 경쟁자들이 있고 어 세계 일류 그런 기업들이 많이 있기 때문에 저희가 이 조금 더 효율적으로 아 우리 회사를 더 발전시키고 큰 성과를 내기 위해서는 아 이렇게 베트남이나 인도 쪽으로 가는 게 더 좋을 것 같습니다.","wordCount":110},"emotion":[],"intent":[{"text":"","expression":"","category":"attitude"}],"summary":{"text":"회사가 선진국으로 진출하게 되면 무한한 경쟁자들이 있고 세계 일류 기업들이 많기 때문에 저희 회사를 더 발전시키고 큰 성과를 내기 위해서는 베트남이나 인도 쪽으로 가는 게 좋을 것 같습니다.","wordCount":28}}},"rawDataInfo":{"question":{"fileFormat":"wav","fileSize":474318,"duration":14820,"samplingBit":16,"channelCount":1,"samplingRate":"16kHz","audioPath":"/Mock/05.ICT/Male/Experienced/ckmk_q_ict_m_e_298688.wav"},"answer":{"fileFormat":"wav","fileSize":2154318,"duration":67320,"samplingBit":16,"channelCount":1,"samplingRate":"16kHz","audioPath":"/Mock/05.ICT/Male/Experienced/ckmk_a_ict_m_e_298688.wav"}}}