{"version":"1.0","dataSet":{"info":{"date":"20230116","occupation":"ICT","channel":"MOCK","place":"ONLINE","gender":"MALE","ageRange":"35-44","experience":"EXPERIENCED"},"question":{"raw":{"text":"남들과는 다른 본인만의 경쟁력을 설명해 주세요 그리고 본인이 그 경쟁력을 키우기 위해서 어떤 노력을 했는지도 말씀해 주세요","wordCount":17},"emotion":[],"intent":[]},"answer":{"raw":{"text":"저의 가장 큰 경쟁력은 빅데이터 온라인 디지털 마케팅에 외국어를 겸비한 능력이라는 것입니다. 거기다가 어떤 프로젝트가 발생했을 때 저는 그것에 대한 엄청나게 빠른 솔루션과 추진력을 가지고 있습니다. 이 세 가지를 가지고 지금 팩터리 오토메이션 공장 자동화에 대한 업무를 맡고 있었습니다. 공장 자동화란 많은 생산 인력들이 필요 없이 소프트웨어 팀 하드웨어 팀 기구 설계팀 결국 생산 라인 팀까지 그것을 한 대에 모아 어떻게 하면 최소의 인력으로 최대의 효과를 낼 수 있을까 하는 인공 지능 프로그램을 덧붙이는 것입니다. 예전에는 모든 사람들이 값비싼 인력으로 생산 물품들을 전부 다 제조하고 포장하고 입고까지 하는 시스템이었지만 이제는 프로그램 하나만 있으면 프로그램과 로봇 팔들이 전부 다 생산을 하고 그 생산을 하여 출고까지 하는 시스템을 모두 갖춘 것이 팩터리 오토메이션입니다. 저의 가장 큰 장점인 추진력에 의해서 팩터리 오토메이션은 전 회사에서 일 년 만에 모든 것이 구축되었고 그런 알피에이 시스템과 팩터리 오토메이션을 통해서 현재는 생산 비용의 단가가 기존보다 사십 퍼센트가 낮춰지는 경험을 했었습니다.","wordCount":143},"emotion":[{"text":"공장 자동화란 많은 생산 인력들이 필요 없이 소프트웨어 팀   하드웨어 팀 기구 설계팀 결국 생산 라인 팀까지 그것을 한 대에 모아 어떻게 하면 최소의 인력으로 최대의 효과를 낼 수 있을까 하는 인공 지능 프로그램을   덧붙이는 것입니다.","expression":"u-fact","category":"neutral"},{"text":"저의 가장 큰 장점인 추진력에 의해서 팩터리 오토메이션은 전 회사에서   일 년 만에 모든 것이 구축되었고 그런 알피에이 시스템과 팩터리 오토메이션을 통해서 현재는 생산 비용의 단가가 기존보다 사십 퍼센트가 낮춰지는 경험을 했었습니다.","expression":"u-fact","category":"neutral"}],"intent":[{"text":"저의 가장 큰 장점인 추진력에 의해서 팩터리 오토메이션은 전 회사에서   일 년 만에 모든 것이 구축되었고 그런 알피에이 시스템과 팩터리 오토메이션을 통해서 현재는 생산 비용의 단가가 기존보다 사십 퍼센트가 낮춰지는 경험을 했었습니다.","expression":"i_prg","category":"technology"}],"summary":{"text":"공장 자동화란 많은 생산 인력들이 필요 없이 소프트웨어 팀 하드웨어 팀 기구 설계팀 생산 라인 팀을 한 대에 모아 인공 지능 프로그램을 덧붙이는 것입니다. 프로그램 하나만 있으면 프로그램과 로봇 팔들이 전부 다 생산을 하고 그 생산을 하여 출고까지 하는 시스템을 모두 갖춘 것이 팩터리 오토메이션입니다.","wordCount":45}}},"rawDataInfo":{"question":{"fileFormat":"wav","fileSize":367438,"duration":11480,"samplingBit":16,"channelCount":1,"samplingRate":"16kHz","audioPath":"/Mock/05.ICT/Male/Experienced/ckmk_q_ict_m_e_172041.wav"},"answer":{"fileFormat":"wav","fileSize":2740558,"duration":85640,"samplingBit":16,"channelCount":1,"samplingRate":"16kHz","audioPath":"/Mock/05.ICT/Male/Experienced/ckmk_a_ict_m_e_172041.wav"}}}