{"version":"1.0","dataSet":{"info":{"date":"20230116","occupation":"ICT","channel":"MOCK","place":"ONLINE","gender":"MALE","ageRange":"35-44","experience":"EXPERIENCED"},"question":{"raw":{"text":"태어나서 지금까지 한 일들 중 가운데 가장 후회했던 일이 있다면 한 가지만 골라 말씀해 주실 수 있나요","wordCount":17},"emotion":[],"intent":[]},"answer":{"raw":{"text":"아 네 오 육 년 전에 있었던 일인데 아 제 죽마고우였던 친구와 어 친구에게 제가 큰 실수를 한 적이 있었어요. 그 친구는 이제 이게 이별의 아픔을 많이 느끼고 있 그 가지고 있는 상황이었는데 당시에 어 이 결혼을 해서 어 이혼의 아픔을 갖고 또 또 자기가 이제 자기 딸과도 자기의 친딸과도 그런 생이별을 겪어야만 했던 그런 친구가 있었는데 그 친구에게 어 만약 그 고된 시간을 견뎌내고 어 그 이제 새로운 연인이 생겨서 저에게 제 제일 먼저 소개를 시켜주는 자리였는데 제가 너무 경솔하게도 어 제 그때 저의 연인과 그 친구 앞에서 굉장히 어 분위기를 좀 망치는 행위를 많이 했었어요. 해 가지고 그 친구도 굉장히 난감해 하고 새로운 여자친구도 난감해 하고 굉장히 제가 여기 자리를 불편하게 해서 어 지금이라도 이제 정말 그 당시에 제가 사과를 사과를 크게 명확하게 못 했던 것이 굉장히 후회가 되는 되고 있고요. 지금 오 육 년이 지난 지금까지도 그 친구와 이제 연락이 되지 않는데 어 정말 좋았던 그런 학창 시절을 같이 했던 친구인데 너무 저의 그런 경손한 행동이 후회가 많이 됩니다.","wordCount":162},"emotion":[],"intent":[{"text":"","expression":"","category":"attitude"}],"summary":{"text":"이별의 아픔을 가지고 있었던 죽마고우였던 친구에게 제가 큰 실수를 한 적이 있었는데, 그 친구에게 제가 가장 먼저 소개를 시켜주는 자리였는데, 제가 너무 경솔하게도 그 친구 앞에서 분위기를 망치는 행위를 많이 했었어요. 지금이라도 사과를 명확하게 하지 못한 것이 후회가 되고 있습니다.","wordCount":40}}},"rawDataInfo":{"question":{"fileFormat":"wav","fileSize":366158,"duration":11440,"samplingBit":16,"channelCount":1,"samplingRate":"16kHz","audioPath":"/Mock/05.ICT/Male/Experienced/ckmk_q_ict_m_e_241967.wav"},"answer":{"fileFormat":"wav","fileSize":2815118,"duration":87970,"samplingBit":16,"channelCount":1,"samplingRate":"16kHz","audioPath":"/Mock/05.ICT/Male/Experienced/ckmk_a_ict_m_e_241967.wav"}}}