{"version":"1.0","dataSet":{"info":{"date":"20230116","occupation":"ICT","channel":"MOCK","place":"ONLINE","gender":"MALE","ageRange":"45-54","experience":"EXPERIENCED"},"question":{"raw":{"text":"면접자분이 생각하시는 협업할 때 에 가장 어려운 점이 어 있었는 있었다면 그건 어떤 점이 어려웠는지에 대해서 어 말씀 부탁드리겠습니다","wordCount":19},"emotion":[],"intent":[]},"answer":{"raw":{"text":"개인적으로 협업할 때 어려운 점은 없습니다. 왜냐하면 저는 소통 능력을 굉장히 저의 장점이라고 생각을 하고 있는 사람이고 어 어떠한 사람도 뭐 이런 거죠 제 것만 추구하면 안 됩니다. 사람 사이에서 제가 어느 정도 주고 또 어느정도 받아야 되겠죠. 그거를 상대방이 어 무한한 욕심으로 모든 걸 다 가질라고 할 수도 있습니다. 그래 하지만 저는 그런 상황에서 이 사람의 것을 뺏어 올 수 있는 능력이 있구요. 그 사람을 설득시킬 수 있는 능력도 가지고 있습니다. 그래서 어 협업할 때 가장 어려운 경험은 인간관계죠. 인간관계가 항상 가장 어려운 문제로 대두가 되고 또 그거를 어 어떻게 해결하느냐 그것이 또 능력이 될 수도 있고 역량이나 역량이 될 수도 있겠죠. 그래서 어 회복할 때 가장 어려운 점은 인간관계 있지만 저는 그 인간관계를 좋은 쪽으로 소통을 해서 어 해결해 나갈 수 있는 능력을 가지고 있다고 말씀드릴 수가 있고 어 어떠한 사람과도 소통이 가능하다고 말씀드립니다.","wordCount":136},"emotion":[],"intent":[{"text":"","expression":"","category":"attitude"}],"summary":{"text":"협업할 때 가장 어려운 경험은 인간관계입니다. 인간관계가 항상 가장 어려운 문제로 대두가 되고 그것을 어떻게 해결하느냐가 능력이나 역량이 될 수 있죠. 그래서 저는 인간관계를 좋은 쪽으로 소통을 해서 해결해 나갈 수 있는 능력을 가지고 있고 어떤 사람과도 소통이 가능하다고 말씀합니다.","wordCount":40}}},"rawDataInfo":{"question":{"fileFormat":"wav","fileSize":431438,"duration":13480,"samplingBit":16,"channelCount":1,"samplingRate":"16kHz","audioPath":"/Mock/05.ICT/Male/Experienced/ckmk_q_ict_m_e_86522.wav"},"answer":{"fileFormat":"wav","fileSize":2826318,"duration":88320,"samplingBit":16,"channelCount":1,"samplingRate":"16kHz","audioPath":"/Mock/05.ICT/Male/Experienced/ckmk_a_ict_m_e_86522.wav"}}}