{"version":"1.0","dataSet":{"info":{"date":"20230116","occupation":"ICT","channel":"MOCK","place":"ONLINE","gender":"MALE","ageRange":"-34","experience":"EXPERIENCED"},"question":{"raw":{"text":"기차가 운행을 하다가 산사태로 삼십 분 동안 정차가 되었습니다 이때 어 본인이 관리 책임의 위치에 있다면 지원자님께서는 어떻게 조치하실 건가요","wordCount":20},"emotion":[],"intent":[]},"answer":{"raw":{"text":"기차나 비행기 등 대중 많은 대중들을 운반하는 관리 책임자는 좀 무엇보다 승객들의 안전 최선으로 생각해야 합니다. 왜냐하면 이전 코로나 이전 세월호 이천 십 사 년 경이 삼 년 경이 세월호 사건이 이를 말해줍니다. 그 승객들을 안심시키고 이 후에 상황에 대에 명확하게 설명을 해 주어야 합니다. 혹여나 승객들의 안전이 큰 위험이 된다고 판단하면 즉시 공지를 하여 승객들을 최우선적으로 대피시켜야 할 것입니다. 하지만 잠깐의 기차 설비 조정이 필요한 부분이라고 하면 예상 대기 시간과 또한 지연에 따른 책임을 어떻게 보상할 것인지 명확하게 설명해야 합니다. 이것이 관리자의 의무입니다.","wordCount":84},"emotion":[],"intent":[{"text":"","expression":"","category":"attitude"}],"summary":{"text":"대중 많은 대중을 운반하는 관리 책임자는 승객들의 안전을 최우선으로 생각해야 합니다. 또한 관리자 의무는 대기 시간과 지연에 따른 책임에 대한 명확한 설명을 하는 것입니다.","wordCount":24}}},"rawDataInfo":{"question":{"fileFormat":"wav","fileSize":485518,"duration":15170,"samplingBit":16,"channelCount":1,"samplingRate":"16kHz","audioPath":"/Mock/05.ICT/Male/Experienced/ckmk_q_ict_m_e_245631.wav"},"answer":{"fileFormat":"wav","fileSize":3766798,"duration":117710,"samplingBit":16,"channelCount":1,"samplingRate":"16kHz","audioPath":"/Mock/05.ICT/Male/Experienced/ckmk_a_ict_m_e_245631.wav"}}}