{"version":"1.0","dataSet":{"info":{"date":"20230116","occupation":"ICT","channel":"MOCK","place":"ONLINE","gender":"MALE","ageRange":"35-44","experience":"EXPERIENCED"},"question":{"raw":{"text":"혹시 지금까지 협업을 하면서 가장 어려웠던 점과 그 어려운 점은 어떻게 해결하셨는지 궁금합니다","wordCount":13},"emotion":[],"intent":[]},"answer":{"raw":{"text":"예 다른 팀이나 어 다른 팀이나 다른 다른 부서 다른 팀 원들과 협업을 할 때 아 항상 발생을 하죠. 그 갈등들이 이 갈등은 보통은 어 대화에서 많이 발생을 하는 것 같애요. 특히나 이 프로젝트 기간이 뭐 기한이 거의 임박했을 때는 모두 다 예민한 순간이기 때문에 그때는 좀 더 감정이 이성을 컨트롤 이성이 감정을 컨트롤 못하는 그런 상황이 되버려서 그는 어 아다르 어 다르 듯이 한 마디가 아 내가 던졌던 한 마디가 그쪽에 상대방에게는 기분이 나빠 나쁘게 들렸을 수도 있구요. 그래서 결과적으로는 협업에서 가장 어려운 건 어 커뮤니케이션이라고 생각을 하구요. 이 커뮤니케이션을 좀 더 원활하게 하고 싶으면 좀 더 이성적인 사고를 가지구 있어야 하고 당연히 그 역할과 책임 그리고 이 업무 분장에 대해서 어 명확하게 명확하게 어 그 기술 해 놓은 그런 문서를 서로 같이 리뷰를 하고 예 상급자에게 리뷰를 부탁드리기도 하구요. 그리고 조정을 요청하면서 이 커뮤니케이션에 대한 어려움을 극복해 나갈 것이라고 생각합니다.","wordCount":142},"emotion":[],"intent":[{"text":"","expression":"","category":"attitude"}],"summary":{"text":"협업에서 가장 어려운 커뮤니케이션을 원활하게 하기 위해서는 좀 더 이성적인 사고를 가지고 있어야 하고 역할과 책임 그리고 업무 분장에 대해서 명확하게 기술 해 놓은 문서를 서로 같이 리뷰를 하고 상급자에게 리뷰를 부탁하기도 하며 조정을 요청하면서 커뮤니케이션에 대한 어려움을 극복해 나가야 합니다.","wordCount":41}}},"rawDataInfo":{"question":{"fileFormat":"wav","fileSize":281678,"duration":8800,"samplingBit":16,"channelCount":1,"samplingRate":"16kHz","audioPath":"/Mock/05.ICT/Male/Experienced/ckmk_q_ict_m_e_230146.wav"},"answer":{"fileFormat":"wav","fileSize":2616398,"duration":81760,"samplingBit":16,"channelCount":1,"samplingRate":"16kHz","audioPath":"/Mock/05.ICT/Male/Experienced/ckmk_a_ict_m_e_230146.wav"}}}