{"version":"1.0","dataSet":{"info":{"date":"20230116","occupation":"ICT","channel":"MOCK","place":"ONLINE","gender":"MALE","ageRange":"35-44","experience":"EXPERIENCED"},"question":{"raw":{"text":"어 만약에 지원자님이 하고 싶은 직무 말고 다른 직무를 맡게 되신다면 어 어떻게 하시겠습니까","wordCount":14},"emotion":[],"intent":[]},"answer":{"raw":{"text":"제가 원하는 직무 말고 다른 직무를 맡는다고 하더라도 저는 최선을 다해서 열심히 할 것입니다. 이 직무가 좋아서 입사를 지원한 것도 있지만 이 회사가 좋아서 지원한 것도 있기 때문에 일단은 이 회사에 입사를 하게 된다면 다른 직무를 하더라도 그 업무에 대해서 일 년에서 이 년 동안은 최선을 다해서 업무에 적응을 하고 실적을 내기 위한 노력을 할 것입니다. 왜냐하면 전화위복이라고 했습니다. 제가 여기서 원하지 않던 일을 하면서 저에게 더 잘 맞는 적성을 찾거나 더 성과를 많이 내거나 또는 저의 업무의 인식의 틀을 넓힐 수 있는 또 다른 기회가 될 수도 있습니다. 사람은 언제 어디서 어떻게 기회를 맞이할 수 없기 때문에 내가 항상 생각하는 대로 흘러가지 않고 내가 생각하는 대로 사는 것 또는 직장 생활을 하는 것이 최고가 아니라는 것을 기존의 직장 생활을 하면서 많이 깨달았습니다. 그리고 이 년 삼 년 정도 했을 때 업무의 성과가 나면 제가 그래도 그 원래의 업무로 돌아가고 싶다고 하면 본부장님이나 대표 이사님에게 정식으로 건의를 할 것입니다. 대표 이사님 제가 원래 하고 싶은 업무가 아니라 다른 업무를 배치받아서 이 년 정도 했는데 생각보다 성과가 너무 잘 나오고 이 성과를 기반으로 이 업무와 함께 제가 원래 하고던 하고자 했던 업무로 다시 돌아간다면 회사에 더 발전이 될 것 같습니다. 이렇게 보직 전환에 대한 건의를 하겠습니다.","wordCount":195},"emotion":[],"intent":[{"text":"이 직무가 좋아서 입사를 지원한 것도 있지만 이 회사가 좋아서 지원한 것도 있기 때문에 일단은 이 회사에 입사를 하게 된다면   다른 직무를 하더라도 그 업무에 대해서 일 년에서 이 년 동안은 최선을 다해서 업무에 적응을 하고   실적을 내기 위한 노력을 할 것입니다.","expression":"c_sincere_co","category":"etc"}],"summary":{"text":"이 회사에 입사를 하게 된다면 다른 직무를 하더라도 그 업무에 대해서 일 년에서 이 년 동안은 최선을 다해서 업무에 적응을 하고 실적을 내기 위한 노력을 할 것입니다. 사람은 언제 어디서 어떻게 기회를 맞이할 수 없기 때문에 제가 생각하는 대로 사는 것 또는 직장 생활을 하는 것이 최고가 아니라는 것을 기존의 직장 생활을 하면서 많이 깨달았습니다. 그리고 이렇게 보직 전환에 대한 건의를 하겠습니다.","wordCount":62}}},"rawDataInfo":{"question":{"fileFormat":"wav","fileSize":355278,"duration":11100,"samplingBit":16,"channelCount":1,"samplingRate":"16kHz","audioPath":"/Mock/05.ICT/Male/Experienced/ckmk_q_ict_m_e_183431.wav"},"answer":{"fileFormat":"wav","fileSize":2753038,"duration":86030,"samplingBit":16,"channelCount":1,"samplingRate":"16kHz","audioPath":"/Mock/05.ICT/Male/Experienced/ckmk_a_ict_m_e_183431.wav"}}}