{"version":"1.0","dataSet":{"info":{"date":"20230116","occupation":"ICT","channel":"MOCK","place":"ONLINE","gender":"MALE","ageRange":"45-54","experience":"EXPERIENCED"},"question":{"raw":{"text":"이십 대 관점에서 앞으로의 세계 시장을 바라볼 때 우리 회사가 해외로 진출한다면 어디로 진출하는 게 좋을 것 같아요","wordCount":18},"emotion":[],"intent":[]},"answer":{"raw":{"text":"만약 해외로 진출을 한다면 저는 동남아시아가 좋을 것 같고 동남아시아 중에 미안마를 또 진출을 하고 싶습니다. 이유는 아 아무래도 어 개발도상국 발전이 되고 있는 나라가 기회가 많다고 생각을 하구요. 근데 그중에서도 민족성이 좋아야 된다고 생각합니다. 예를 들어서 베트남은 외세의 침공에 져 본 적이 없는 나라에요. 태국도 마찬가지고 베트남은 미국을 이긴 나라잖아요. 그래서 그 내면에 자신감이 있어요. 자존심이라고 그럴까 그게 굉장히 강합니다. 그리고 태국은 한 번도 외세에 굴복해 본 적도 없는 나라 다른 나라에는 뭐 그냥 그냥 그렇고 그런데 미안마는 국민성이 약간 우리나라와 비슷한 면이 많지 않나 싶고 사람들이 일단 근면 성실하고 그리고 불의에 대항할 수 있는 그런 민족성을 가지고 있어서 저는 미안마로 진출을 해서 사업을 한 번 해보고 싶은 게 제 꿈입니다.","wordCount":112},"emotion":[],"intent":[{"text":"","expression":"","category":"attitude"}],"summary":{"text":"미안마로 진출을 하고 싶은 이유는 개발도상국 발전이 되고 있는 나라 중에서 민족성이 좋아야 된다고 생각하기 때문입니다. 예를 들면 베트남은 외세의 침공에 져 본 적이 없는 나라이고 태국도 마찬가지인데 미안마는 우리나라와 비슷한 민족성을 가지고 있어서 사업을 한 번 해보고 싶은 꿈입니다.","wordCount":40}}},"rawDataInfo":{"question":{"fileFormat":"wav","fileSize":522318,"duration":16320,"samplingBit":16,"channelCount":1,"samplingRate":"16kHz","audioPath":"/Mock/05.ICT/Male/Experienced/ckmk_q_ict_m_e_87223.wav"},"answer":{"fileFormat":"wav","fileSize":2862798,"duration":89460,"samplingBit":16,"channelCount":1,"samplingRate":"16kHz","audioPath":"/Mock/05.ICT/Male/Experienced/ckmk_a_ict_m_e_87223.wav"}}}