{"version":"1.0","dataSet":{"info":{"date":"20230116","occupation":"ICT","channel":"MOCK","place":"ONLINE","gender":"MALE","ageRange":"55-","experience":"EXPERIENCED"},"question":{"raw":{"text":"최근에 보셨던 뉴스들 중에서 가장 인상 깊었던 뉴스는 무엇인가요 또한 그것이 인상 깊었던 이유도 함께 말씀해 주실 수 있을까요","wordCount":19},"emotion":[],"intent":[]},"answer":{"raw":{"text":"열흘 전에 어 경상도 지역에서 광부 두 명이 어 광산 매몰 사고로 인하여서 어 갇혀 있다 라는 소식을 접했습니다. 어 그와 동시에 이태원의 사고도 같이 났었는데 어 두 가지 사건을 보면서 참 참담하고 마음의 안타까움이 어 많던 와중에 어 열흘이 가까이 되도록 어 구조 당국의 노력에도 불구하고 어 여러 가지 이 상황들이 해결되지 않고 특히나 어 오래된 어 지도에 의지하여서 잘못된 정보에 의지가 된 거죠. 정확하게 어 구출 지점을 찾지 못하고 힘들어 하던 와중에 어 그 두 명이 극적으로 구조되었다는 소식을 듣게 되었습니다. 그런데 그 두 명의 광부가 어 생존하는 방법이 기존에 가지고 있었던 경험치와 또 어 오래된 그 노하우를 통해서 살 수 있는 환경이 어떤 곳인지 대피를 하고 어 특히나 컴 어 봉지 커피 어 삼십 개로 버텼다는 말에 참 대단한 어 지혜라고 생각이 됩니다.","wordCount":126},"emotion":[{"text":"열흘 전에 어 경상도 지역에서 광부 두 명이 어 광산 매몰 사고로 인하여서 어 갇혀 있다 라는 소식을 접했습니다.","expression":"u-fact","category":"neutral"}],"intent":[{"text":"","expression":"","category":"attitude"}],"summary":{"text":"경상도 지역 광부 두 명이 광산 매몰 사고로 갇혀 있다는 소식을 접했고, 동시에 이태원의 사고도 같이 났었는데 여러 가지 상황들이 해결되지 않고 오래된 지도에 의지해 구조되었다는 소식에 참담함과 안타까움이 많던 와중에 이 두 명이 극적으로 구조되었습니다.","wordCount":36}}},"rawDataInfo":{"question":{"fileFormat":"wav","fileSize":588878,"duration":18400,"samplingBit":16,"channelCount":1,"samplingRate":"16kHz","audioPath":"/Mock/05.ICT/Male/Experienced/ckmk_q_ict_m_e_287370.wav"},"answer":{"fileFormat":"wav","fileSize":2745038,"duration":85780,"samplingBit":16,"channelCount":1,"samplingRate":"16kHz","audioPath":"/Mock/05.ICT/Male/Experienced/ckmk_a_ict_m_e_287370.wav"}}}