{"version":"1.0","dataSet":{"info":{"date":"20230116","occupation":"ICT","channel":"MOCK","place":"ONLINE","gender":"MALE","ageRange":"35-44","experience":"EXPERIENCED"},"question":{"raw":{"text":"아 우리는 아이티 경험이 없는 그래서 어 아이티 전문 용어를 잘 모르는 비 아이티 동료와도 어 의사소통할 기회가 많습니다 아 이들과 효과적으로 의사소통을 하려면 어떻게 해야 할까요","wordCount":27},"emotion":[],"intent":[]},"answer":{"raw":{"text":"비아이티 동료들을 위한 정기적인 세미나 및 컨퍼런스를 만들고 그것을 이해시킬 때까지 교육을 해야 된다고 생각합니다. 예전에는 비아이티 전공자들을 위해서 아이티 전공자라든가 컴퓨터 프로그래밍 엔지니어들이 수준을 낮춰서 말을 했던 기억이 있습니다. 하지만 이제는 그런 소통의 시대는 지났습니다. 컴퓨터 데이터 서버 머신 러닝 빅데이터 모든 것들이 이제는 필수가 필수가 필수를 넘어서 모든 사람에게 유비쿼터스가 되었습니다. 그런데 비전공자들이 못 알아듣는다고 해서 그럼 어떤 언어나 어떤 생활 용어를 바꿔서 말할 수는 없습니다. 이제는 비전공자들에게 컨퍼런스나 또 다른 포럼 같은 세션을 정기적으로 열어서 아이티 시스템에 익숙해지도록 만드는 것 밖에 없습니다. 왜냐하면 이제 모든 관리자 모든 사무직들은 빅데이터와 머신 러닝 구글 러닝에 익숙해져야 그 시스템을 운영할 수 있고 회사를 경영하는데 필수적인 요소가 되었기 때문입니다.","wordCount":108},"emotion":[],"intent":[{"text":"","expression":"","category":"attitude"}],"summary":{"text":"모든 관리자 모든 사무직들은 빅데이터와 머신 러닝 구글 러닝에 익숙해져야 그 시스템을 운영할 수 있고 회사를 경영하는데 필수적인 요소가 되었기 때문에 비전공자들을 위한 정기적인 세미나 및 컨퍼런스를 만들고 그것을 이해시킬 때까지 교육을 해야 합니다.","wordCount":34}}},"rawDataInfo":{"question":{"fileFormat":"wav","fileSize":637518,"duration":19920,"samplingBit":16,"channelCount":1,"samplingRate":"16kHz","audioPath":"/Mock/05.ICT/Male/Experienced/ckmk_q_ict_m_e_172034.wav"},"answer":{"fileFormat":"wav","fileSize":2281998,"duration":71310,"samplingBit":16,"channelCount":1,"samplingRate":"16kHz","audioPath":"/Mock/05.ICT/Male/Experienced/ckmk_a_ict_m_e_172034.wav"}}}