{"version":"1.0","dataSet":{"info":{"date":"20230116","occupation":"ICT","channel":"MOCK","place":"ONLINE","gender":"MALE","ageRange":"35-44","experience":"EXPERIENCED"},"question":{"raw":{"text":"업무 이외에 매일 공부하고 있는 분야가 있나요 그렇다면 그것을 왜 공부하고 있는지 무엇이 목표인지 함께 설명 부탁드립니다","wordCount":17},"emotion":[],"intent":[]},"answer":{"raw":{"text":"네 최근에 많이 공부하고 있는 거는 제 전문 분야인 아이티 분야라기보다는 아 저는 경제 공부를 매일매일 하고 있습니다. 매일 아침에 일어나면 그 경제 관련 뉴스를 보고 그리고 미국 증시가 어땠는지 그리고 국내 증시가 장이 열리면 국내 증시의 흐름은 어떤지 그리고 어 정책은 이 국가에서 나오는 어 뭐 동 부동산 정책이라든가 또는 이제 금융 관련된 그런 정책들을 많이 리뷰를 하는 편이고요. 어 그리고 최근에는 아무래도 뭐니 뭐니 해도 주식시장이 가장 큰 문제인 것 같습니다. 금리가 많이 상승을 하다 보니 그래서 이런 쪽으로 많이 그 매일매일 루틴을 세워서 공부를 하려고 하고 있고 그렇게 하고 있습니다. 되도록이면 매일매일 하루도 빠지지 않고 경제 공부를 하고 있는 편입니다.","wordCount":103},"emotion":[],"intent":[{"text":"","expression":"","category":"attitude"}],"summary":{"text":"저는 경제 공부를 매일 하고 있습니다. 매일 경제 관련 뉴스를 보고, 미국 증시와 국내 증시의 흐름, 정책을 리뷰하고, 주식시장이 가장 큰 문제이기 때문에 매일 경제 공부를 하는 편입니다.","wordCount":28}}},"rawDataInfo":{"question":{"fileFormat":"wav","fileSize":515278,"duration":16100,"samplingBit":16,"channelCount":1,"samplingRate":"16kHz","audioPath":"/Mock/05.ICT/Male/Experienced/ckmk_q_ict_m_e_245729.wav"},"answer":{"fileFormat":"wav","fileSize":1893518,"duration":59170,"samplingBit":16,"channelCount":1,"samplingRate":"16kHz","audioPath":"/Mock/05.ICT/Male/Experienced/ckmk_a_ict_m_e_245729.wav"}}}