{"version":"1.0","dataSet":{"info":{"date":"20230116","occupation":"ICT","channel":"MOCK","place":"ONLINE","gender":"MALE","ageRange":"-34","experience":"EXPERIENCED"},"question":{"raw":{"text":"본인은 팀장에 더 잘 맞는 사람인지 팀원에 더 잘 맞는 사람인지 그렇게 생각하는 이유와 함께 설명해 주세요","wordCount":17},"emotion":[],"intent":[]},"answer":{"raw":{"text":"저는 제가 팀장이 더 잘 맞을 것 같다고 생각합니다. 왜냐하면 저는 다양한 정보를 취합하여 결론을 내고 유의미한 결과물을 도출하는 것에 매우 강합니다. 특히나 다양한 정보 종류가 다른 정보 임에도 정보에 대한 습득력이 매우 빠르며 정보에 대한 처리는 연산 능력이 훌륭합니다. 이와 함께 사람의 감정과 감정의 공유 서로 간의 유대감을 쌓는 것에 강합니다. 또한 대학 시절 농구 동아리를 이끌었던 경험 현재도 농구 활동을 하며 모두가 원 팀이 되어 하나의 결과물을 바라보는 관점 등 많은 부분에서 원 팀으로 나아가는 방향을 만들고 훌륭한 결과물을 도출하는 방법을 잘 알고 있습니다.","wordCount":86},"emotion":[],"intent":[{"text":"","expression":"","category":"attitude"}],"summary":{"text":"저는 다양한 정보를 취합하여 결론을 내고 유의미한 결과물을 도출하는 것에 매우 강합니다. 또한 사람의 감정과 감정의 공유, 서로 간의 유대감을 쌓는 것에도 강해 제가 팀장이 더 잘 맞을 것 같다고 생각합니다.","wordCount":31}}},"rawDataInfo":{"question":{"fileFormat":"wav","fileSize":285198,"duration":8910,"samplingBit":16,"channelCount":1,"samplingRate":"16kHz","audioPath":"/Mock/05.ICT/Male/Experienced/ckmk_q_ict_m_e_252288.wav"},"answer":{"fileFormat":"wav","fileSize":2921678,"duration":91300,"samplingBit":16,"channelCount":1,"samplingRate":"16kHz","audioPath":"/Mock/05.ICT/Male/Experienced/ckmk_a_ict_m_e_252288.wav"}}}