{"version":"1.0","dataSet":{"info":{"date":"20230116","occupation":"ICT","channel":"MOCK","place":"ONLINE","gender":"MALE","ageRange":"35-44","experience":"EXPERIENCED"},"question":{"raw":{"text":"지원자님의 의견을 주장하실 때 강하게 주장을 하시는 편인가요 어떤 스타일로 자신의 의견을 주장하는지 어 궁금합니다","wordCount":15},"emotion":[],"intent":[]},"answer":{"raw":{"text":"저는 어떤 주장을 처음에 강하게 하지 않는 편입니다. 그 이유는 제가 아무리 강하게 처음 주장을 한다고 하더라도 받아들이는 상대방 입장에서 받아들일 준비가 안 되었으면 그 주장은 먹히지 않기 때문입니다. 또는 제가 강하게 주장했던 내용이 혹시나 저의 오류라던가 아니면 예전에 추세에서는 그게 옳은 내용이었지만 현지에선 그게 통용되지 않는 트렌드에 뒤쳐지는 내용일 수 있기 때문입니다. 사람은 항상 돌다리도 두들겨 건너 라는 우리 선조의 속담이 있듯이 그 주장에 뒷받침할 수 있는 근거를 적절히 찾아서 제시를 한 다음에 그게 백 퍼센트 맞다고 하면 그때 저는 조금 주장을 하는 편입니다. 그리고 사람은 모든 주장이나 어떤 의견을 강하게 얘기하면 상대방은 그것에 대한 거부감이 들게 되어 있습니다. 그래서 강한 바람을 부는 어떤 강풍 정책보다는 햇볕 정책으로 온화하고 따뜻하게 접근을 해야 사람들에게 효과적이고 효율적으로 통할 수 있는 것입니다.","wordCount":120},"emotion":[],"intent":[{"text":"","expression":"","category":"attitude"}],"summary":{"text":"사람은 모든 주장이나 의견을 강하게 하면 상대방은 그것에 대한 거부감이 들게 되어 있습니다. 그래서 강한 바람을 부는 어떤 강풍 정책보다는 햇볕 정책으로 온화하고 따뜻하게 접근을 해야 사람들에게 효과적이고 효율적으로 통할 수 있는 것입니다.","wordCount":33}}},"rawDataInfo":{"question":{"fileFormat":"wav","fileSize":413518,"duration":12920,"samplingBit":16,"channelCount":1,"samplingRate":"16kHz","audioPath":"/Mock/05.ICT/Male/Experienced/ckmk_q_ict_m_e_172035.wav"},"answer":{"fileFormat":"wav","fileSize":2362958,"duration":73840,"samplingBit":16,"channelCount":1,"samplingRate":"16kHz","audioPath":"/Mock/05.ICT/Male/Experienced/ckmk_a_ict_m_e_172035.wav"}}}