{"version":"1.0","dataSet":{"info":{"date":"20230116","occupation":"ICT","channel":"MOCK","place":"ONLINE","gender":"MALE","ageRange":"-34","experience":"EXPERIENCED"},"question":{"raw":{"text":"지원자님이 생각하시기에 좋은 개발 문화라는 것은 어떤 것이라고 생각하시는지 그 이유와 함께 말씀해 주시겠습니까","wordCount":14},"emotion":[],"intent":[]},"answer":{"raw":{"text":"좋은 개발 문화란 상호 간에 자주 빈번하고 거리낌없는 코드 리뷰 라고 생각합니다. 서로 상대방이 코드를 투명하고 언제든 접근 가능하며 언제든 리뷰 시간을 요청이 코드에 대한 설명 혹은 코드에 대한 보완을 해야 합니다. 하지만 이 과정에서 감정을 잘 조절하고 서로 간의 감정이 상하면 안 됩니다. 따라서 개발자들은 서로의 언어를 이해하고 그 사람의 특성을 이해해서 상대방과 공격하는 것이 아닌 더 좋은 발전을 위해 나아감을 공감대를 가지고 얘기해야 합니다. 이에 더해 꾸준한 코드 리뷰와 이후 서비스나 개발 환경의 변화로 인해 개발 전체의 코드를 리펙스토링 하는 작업도 수시로 부지런히 이루어지는 개발 문화가 제 생각에는 가장 좋은 개발 문화라고 생각합니다.","wordCount":95},"emotion":[],"intent":[{"text":"","expression":"","category":"attitude"}],"summary":{"text":"좋은 개발 문화란 상호 간에 자주 빈번하고 거리낌없는 코드 리뷰 라고 생각합니다. 개발자들은 서로의 언어를 이해하고 그 사람의 특성을 이해하여 더 좋은 발전을 위해 나아감을 공감대를 가지고 얘기해야 합니다. 개발 전체의 코드를 리펙스토링 하는 작업도 수시로 이루어집니다.","wordCount":37}}},"rawDataInfo":{"question":{"fileFormat":"wav","fileSize":343118,"duration":10720,"samplingBit":16,"channelCount":1,"samplingRate":"16kHz","audioPath":"/Mock/05.ICT/Male/Experienced/ckmk_q_ict_m_e_246238.wav"},"answer":{"fileFormat":"wav","fileSize":3845198,"duration":120160,"samplingBit":16,"channelCount":1,"samplingRate":"16kHz","audioPath":"/Mock/05.ICT/Male/Experienced/ckmk_a_ict_m_e_246238.wav"}}}