{"version":"1.0","dataSet":{"info":{"date":"20230116","occupation":"ICT","channel":"MOCK","place":"ONLINE","gender":"MALE","ageRange":"55-","experience":"EXPERIENCED"},"question":{"raw":{"text":"휴식을 취할 때는 주로 어떤 일들을 하시나요 왜 그 일을 하시는지 특별한 이유가 있으신가요 본인의 이유도 말씀 부탁드립니다","wordCount":18},"emotion":[],"intent":[]},"answer":{"raw":{"text":"휴식을 취하는 방법은 세 가지 정도 있는데요. 가장 좋은 휴식 방법은 맑은 공기를 쐬면서 멍 때리기를 하는 거고요. 두 번째는 산책이나 자전거 라이딩을 합니다. 산책이나 자전거 라이딩을 하게 되면 머릿속에 들어있던 많은 것들이 어 감쪽같이 시원하게 사라지는 그런 효과가 있습니다. 어 한 번은 자전거를 타다가 다쳐서 심하게 다친 적도 있는데 어 가족들은 그것 때문에 힘들어 했지만 어 저는 또 타고 싶은 생각이 들 정도로 어 스트레스 해소에도 좋고 휴식을 취함에 있어 스포츠가 가미된 아 자전거 라이딩을 좋아하고 있습니다. 마지막으로는 음악을 듣는 것을 좋아하구요. 뭐 씨씨엠이라든지 어 칠 공 팔 공 노래라든지 이런 것들을 청취하면서 어 업되었던 마음들과 생각들을 내려놓을 수 있고 스트레스 받았고 피곤한 것들을 내려놓을 수 있는 좋은 방편인 것 같습니다.","wordCount":112},"emotion":[{"text":"어 한 번은 자전거를 타다가 다쳐서 심하게 다친 적도 있는데 어 가족들은 그것 때문에 힘들어 했지만 어 저는 또 타고 싶은 생각이 들 정도로 어 스트레스 해소에도 좋고 휴식을 취함에 있어 스포츠가 가미된 아 자전거 라이딩을 좋아하고 있습니다.","expression":"p-interest","category":"positive"},{"text":"마지막으로는 음악을 듣는 것을 좋아하구요.","expression":"p-interest","category":"positive"}],"intent":[{"text":"","expression":"","category":"attitude"}],"summary":{"text":"휴식 취하는 방법으로는 맑은 공기 쐬기, 산책이나 자전거 라이딩, 음악을 듣는 것 등이 있습니다. 스트레스를 해소하고 피곤한 것들을 내려놓을 수 있는 좋은 방법입니다.","wordCount":23}}},"rawDataInfo":{"question":{"fileFormat":"wav","fileSize":615758,"duration":19240,"samplingBit":16,"channelCount":1,"samplingRate":"16kHz","audioPath":"/Mock/05.ICT/Male/Experienced/ckmk_q_ict_m_e_296862.wav"},"answer":{"fileFormat":"wav","fileSize":2713038,"duration":84780,"samplingBit":16,"channelCount":1,"samplingRate":"16kHz","audioPath":"/Mock/05.ICT/Male/Experienced/ckmk_a_ict_m_e_296862.wav"}}}