{"version":"1.0","dataSet":{"info":{"date":"20230116","occupation":"ICT","channel":"MOCK","place":"ONLINE","gender":"MALE","ageRange":"35-44","experience":"EXPERIENCED"},"question":{"raw":{"text":"시간이 남을 때 지원자님은 무슨 일을 하시나요 또한 그 일을 하시는 이유에 대해서도 함께 설명해 주실 수 있을까요","wordCount":18},"emotion":[],"intent":[]},"answer":{"raw":{"text":"예 저에게 약간의 여유 시간이 있다면 저는 보통은 이것을 창작 활동으로 시간을 대부분의 시간을 보내고 있고요. 이 창작 활동에는 글을 쓴다든가 일기를 쓴다든가 또는 음악을 만든다든가 요즘에는 어플리케이션이 굉장히 잘 나와서 휴대폰 하나만으로도 저만의 음악을 창작할 수 있는 환경이 됐기 때문에 보통 음악을 만들기도 하고요. 또 이제 제가 한 육 개월 전부터 시작한 그런 이제 유투브 채널도 있기 때문에 그런 제가 인제 촬영했던 영상들을 영상 편집하면서 시간을 보낸다던가 이 편집한 영상을 유튜브 업로드를 하고 이러한 것들로 이건 창작 활동 등으로 보통 시간이 남는 남는 시간대로 활용을 하고 있습니다. 이러면은 아 이렇게 창작 활동을 통해서 저에게 굉장히 큰 그런 어 동기 부여가 되고 어 어 성취감이 어마어마한 것 같아요. 어떤 결과물을 만든다는 게 그래서 이거에 대해서 많이 이런 창작 활동들을 굉장히 좋아하는 편입니다.","wordCount":122},"emotion":[],"intent":[{"text":"","expression":"","category":"attitude"}],"summary":{"text":"휴대폰 하나로 저만의 음악을 만들 수 있는 환경이 있어서 창작 활동으로 시간을 보내고 있습니다. 또 유튜브 채널이 있어서 촬영했던 영상들을 편집하면서 시간을 보내는 창작 활동을 하고 있는데, 이렇게 어떤 결과물을 만들면서 성취감을 느끼고 있습니다.","wordCount":34}}},"rawDataInfo":{"question":{"fileFormat":"wav","fileSize":618958,"duration":19340,"samplingBit":16,"channelCount":1,"samplingRate":"16kHz","audioPath":"/Mock/05.ICT/Male/Experienced/ckmk_q_ict_m_e_194109.wav"},"answer":{"fileFormat":"wav","fileSize":2317198,"duration":72410,"samplingBit":16,"channelCount":1,"samplingRate":"16kHz","audioPath":"/Mock/05.ICT/Male/Experienced/ckmk_a_ict_m_e_194109.wav"}}}