{"version":"1.0","dataSet":{"info":{"date":"20230116","occupation":"ICT","channel":"MOCK","place":"ONLINE","gender":"MALE","ageRange":"-34","experience":"EXPERIENCED"},"question":{"raw":{"text":"회사의 덕목은 무엇이라고 생각하나요 어떤 회사가 좋은 회사라고 생각하는지 말씀해 주세요","wordCount":11},"emotion":[],"intent":[]},"answer":{"raw":{"text":"좋은 회사라는 말 자체가 너무 가치 판단적이고 주관적이어 가지고 말씀을 드릴 수 있을지 모르겠지만 일단 뭐 객관적인 어떤 구체적인 사실로서 말씀을 드리자면은 좋은 회사라는 것은 멈추지 않고 계속 움직이는 회사가 좋은 회사라고 생각을 합니다. 그러니까 일거리가 끊이지 않는 회사 무언가를 새로운 가치를 계속 만들어낼 수 있는 능력이 있는 회사 그렇지 않고 더 이상 만들 것이 없어서 멈춰야 되는 회사가 된다고 하면은 그것은 회사가 아니겠죠. 만들 것이 없는 회사는 회사라고 말하기가 조금 어려운 것 같습니다. 근데 이게 근데 이제 그것에 이제 그것이 존재의 이유라고 생각을 해요. 인간도 무언것을 무언가를 계속 증명하기 위해서 자기의 존재가 죄를 존재 가치를 증명하기 위해서 무언가를 계속 만들잖아요. 그런 것처럼 확대해서 인간이 그렇듯 회사도 무언가를 계속 만드는 행위를 통해서 존재 가치를 증명해야 된다고 생각합니다.","wordCount":117},"emotion":[],"intent":[{"text":"","expression":"","category":"attitude"}],"summary":{"text":"일거리가 끊이지 않는 회사, 새로운 가치를 계속 만들어낼 수 있는 능력이 있는 회사, 더 이상 만들 것이 없어 멈춰야 되는 회사는 좋은 회사가 아닙니다. 인간이 그러하듯 회사도 무언가를 계속 만드는 행위를 통해서 존재 가치를 증명해야 한다고 생각합니다.","wordCount":37}}},"rawDataInfo":{"question":{"fileFormat":"wav","fileSize":282318,"duration":8820,"samplingBit":16,"channelCount":1,"samplingRate":"16kHz","audioPath":"/Mock/05.ICT/Male/Experienced/ckmk_q_ict_m_e_200091.wav"},"answer":{"fileFormat":"wav","fileSize":2876558,"duration":89890,"samplingBit":16,"channelCount":1,"samplingRate":"16kHz","audioPath":"/Mock/05.ICT/Male/Experienced/ckmk_a_ict_m_e_200091.wav"}}}