{"version":"1.0","dataSet":{"info":{"date":"20230116","occupation":"ICT","channel":"MOCK","place":"ONLINE","gender":"MALE","ageRange":"55-","experience":"EXPERIENCED"},"question":{"raw":{"text":"지원자님이 좋아하는 앱이 있다면 말씀해 주시고 기술적인 측면에서 왜 그 앱을 좋아하는지도 설명해 주세요","wordCount":14},"emotion":[],"intent":[]},"answer":{"raw":{"text":"저는 제일 많이 사용하고 있는 앱 순위를 보니까 카카오톡 앱이 나왔습니다. 그 이야기는 음 제가 좋아하든 좋아하지 않든 가장 많이 사용을 하고 있다는 측면으로도 보이는데 어 카카오톡은 생활의 일부인 거 같습니다. 어 좋아하는 것을 넘어 넘어서 카카오톡이 빠지면 일상생활이 되지 않는 것 같구요. 카카옥을 통해서 어 친구들과 지인들과 언제 어디서든지 편리하게 소식을 주고 받을 수 있고 거기서 제공되는 음 음성 통화 또 비디오 통화를 통해서 해외에 있는 자녀들과 친척들과 아 아주 편리하게 과거 같으면 뭐 국제요금 때문에 항상 할 수 없었던 그런 일들을 어 구현을 하고 있구요. 또한 선물하기 기능이라든지 뭐 상품 구매 기능이라든지 이런 것들을 통해서 일상생활을 편리하게 해주는 그 앱이 어 참 좋은 거 같습니다. 또한 제가 그 관련 분야에에 근무하고 있는 입장으로서 그 많은 서비스를 가능하게 하는 대형 시스템을 기획하고 구조를 잡고 서비스하고 있다는 게 어 대단한 거 같습니다.","wordCount":132},"emotion":[],"intent":[{"text":"","expression":"","category":"attitude"}],"summary":{"text":"저는 카카오톡을 가장 많이 사용하고 있습니다. 카카오톡은 일상생활의 일부라고 볼 수 있으며, 친구들과 지인들과의 소식을 주고 받을 수 있고, 음성 통화, 비디오 통화 등을 통해서 해외 자녀들과 친척들과 편리하게 통화할 수 있습니니다. 또한 선물하기 기능, 상품 구매 기능 등을 통해서 일상생활을 편리하게 해주는 앱이 참 좋습니다.","wordCount":46}}},"rawDataInfo":{"question":{"fileFormat":"wav","fileSize":332878,"duration":10400,"samplingBit":16,"channelCount":1,"samplingRate":"16kHz","audioPath":"/Mock/05.ICT/Male/Experienced/ckmk_q_ict_m_e_287914.wav"},"answer":{"fileFormat":"wav","fileSize":2860558,"duration":89390,"samplingBit":16,"channelCount":1,"samplingRate":"16kHz","audioPath":"/Mock/05.ICT/Male/Experienced/ckmk_a_ict_m_e_287914.wav"}}}