{"version":"1.0","dataSet":{"info":{"date":"20230116","occupation":"ICT","channel":"MOCK","place":"ONLINE","gender":"MALE","ageRange":"-34","experience":"EXPERIENCED"},"question":{"raw":{"text":"본인이 창의적으로 어떤 문제를 해결해 본 경험이 있나요 그 과정을 최대한 자세하게 말씀해 주세요","wordCount":14},"emotion":[],"intent":[]},"answer":{"raw":{"text":"새로운 부서에 왔을 때 그곳에는 서버를 다루는 시스템 엔지니어가 없었습니다. 그래서 저는 시스템 엔지니어적으로 생각을 했고 그 부분이 저희 새로운 팀에는 창의적으로 다가왔을 것으로 생각합니다. 즉 단순 서버를 활용해서 개발을 하는 개발자 적인 마인드 뿐만 아니라 서버에 대한 관리 즉 메모리 씨피유 파워 그리고 쥐피유에 이르기까지 포괄적으로 서버를 관리하여 서버의 사용량을 확인할 수 있는 데시 보드를 만들었습니다. 저의 오 년 여 간의 서버 엔지니어로서의 경험이 저희 팀에게 새로운 시각 창의적인 시각을 제공했다고 생각합니다. 또한 일을 통해 팀원들에게 인정을 받았습니다. 이상입니다.","wordCount":80},"emotion":[],"intent":[{"text":"즉 단순 서버를 활용해서 개발을 하는 개발자 적인 마인드 뿐만 아니라 서버에 대한 관리 즉 메모리 씨피유 파워 그리고 쥐피유에 이르기까지 포괄적으로 서버를 관리하여 서버의 사용량을 확인할 수 있는 데시 보드를 만들었습니다.","expression":"i_hwsw_prfi","category":"attitude"}],"summary":{"text":"서버를 관리하는 시스템 엔지니어가 없어, 저는 시스템 엔지니어적으로 생각했고 그것이 팀에게 창의적으로 다가왔을 것입니다. 서버를 활용해서 개발을 하는 개발자적인 마인드 뿐만 아니라, 서버에 대한 관리까지 관리하여 서버의 사용량을 확인할 수 있었습니다.","wordCount":31}}},"rawDataInfo":{"question":{"fileFormat":"wav","fileSize":332878,"duration":10400,"samplingBit":16,"channelCount":1,"samplingRate":"16kHz","audioPath":"/Mock/05.ICT/Male/Experienced/ckmk_q_ict_m_e_244679.wav"},"answer":{"fileFormat":"wav","fileSize":3793358,"duration":118540,"samplingBit":16,"channelCount":1,"samplingRate":"16kHz","audioPath":"/Mock/05.ICT/Male/Experienced/ckmk_a_ict_m_e_244679.wav"}}}