{"version":"1.0","dataSet":{"info":{"date":"20230116","occupation":"ICT","channel":"MOCK","place":"ONLINE","gender":"MALE","ageRange":"-34","experience":"EXPERIENCED"},"question":{"raw":{"text":"지원자분만이 가지고 계시는 스트레스 해소 방법이 있다면 그것이 무엇인지 궁금합니다 왜 그와 같은 방법으로 본인의 스트레스를 해소하고 계신지도 같이 이야기해 주시면 좋겠습니다","wordCount":22},"emotion":[],"intent":[]},"answer":{"raw":{"text":"저는 가까운 친구들과 만나서 카페 가는 것을 좋아합니다. 카페에 가서 그냥 있었던 일에 대해서 얘기를 나누고 또 친구는 무슨 일이 있는지 또 듣고 하는 뭐 그런 과정들이 그냥 사람 사는 것들은 다 똑같구나 그렇게 살고 있구나 나도 그렇게 살고 있는데 라는 뭔가 어떤 좀 연 연민이랄까요. 사람 사는 게 다 똑같구나 하는 생각이 들면은 내가 사는 것도 그렇게 힘들게 힘들 힘든 게 아니구나 내가 너무 힘들게 받아들이고 있구나 라는 생각이 들면서 조금 이겨낼 수 있는 그런 힘을 친구들과 이런 대화를 통해서 많이 얻어내는 것 같아요. 그래서 예로부터 어른들이 이렇게 모여 가지고 이렇게 담소를 나누시고 하는 것들이 아 다 이래서 이렇게 사는 얘기들을 나누는 거구나. 그래서 나이가 들수록 말이 많아진다 고 하잖아요. 그것이 어느정도 이해가 되게는 되더라고요. 저는 그래서 주로 이제 카페에서 친구들과 대화를 나누는 것으로 저희 스트레스를 많이 품니다.","wordCount":129},"emotion":[],"intent":[{"text":"","expression":"","category":"attitude"}],"summary":{"text":"사람 사는 게 다 똑같구나 라는 생각이 들면 조금 힘든 것을 이겨내는 힘을 친구들과의 대화를 통해서 많이 얻습니다. 그래서 예로부터 어른들은 이렇게 모여 담소를 나누시고 하는 것들이 아 다 이렇게 사는 얘기들을 나누는 구나 라고 생각하게 됐습니다.","wordCount":37}}},"rawDataInfo":{"question":{"fileFormat":"wav","fileSize":632398,"duration":19760,"samplingBit":16,"channelCount":1,"samplingRate":"16kHz","audioPath":"/Mock/05.ICT/Male/Experienced/ckmk_q_ict_m_e_200084.wav"},"answer":{"fileFormat":"wav","fileSize":2880078,"duration":90000,"samplingBit":16,"channelCount":1,"samplingRate":"16kHz","audioPath":"/Mock/05.ICT/Male/Experienced/ckmk_a_ict_m_e_200084.wav"}}}