{"version":"1.0","dataSet":{"info":{"date":"20230116","occupation":"ICT","channel":"MOCK","place":"ONLINE","gender":"MALE","ageRange":"55-","experience":"EXPERIENCED"},"question":{"raw":{"text":"지원자분께서도 아이패드를 알고 계실 거라 믿습니다 그러면 아이패드와 같이 시장에서 관심을 받는 제품들의 특징이 있다면 그것에 대해서 설명해 보십시오","wordCount":19},"emotion":[],"intent":[]},"answer":{"raw":{"text":"아이패드 맥북 에어팟은 애플 제품이 되겠고 제트플립은 삼성에서 만든 제품이 되겠습니다. 음 특징을 말씀을 드리면 아이패드나 맥북 어 이것은 비주얼 디스플레이 분야에서 상당히 고급 사양으로 어 소비자들의 마음을 사로잡는 그러한 제품이라고 말씀드릴 수 있습니다. 에어팟은 그 소리죠 소리 분야에서 또 고객의 그 만족도를 어 높여주는 그러한 제품이라고 할 수 있고 제트플립은 삼성에서 개발한 건데 접었다 폈다 하면서 그 활용도 이용을 편한 편하게 할 수 있는 그러한 활용도를 높인 제품이라고 말씀드릴 수 있습니다. 전체적으로 보면 인간의 그 시각과 청각 그 시청각에 대한 그 만족도 예를 들어서 어 색상도 아이패드나 맥북 같은 경우에 상당히 뛰어나다고 지금 돼 있죠. 또 소리 분야에서도 그 미세한 소리 또 방수 방수가 된다든가 이런 분야들이 소비자의 만족도를 어 높여주는 그러한 제품이라고 할 수 있고 제트플립의 그 디자인의 그 고급은 뭐 말할 것도 없이 그 상당히 좋은 그 소비자 반응을 일으키고 있습니다. 이런 것들이 특징이라고 할 수 있습니다.","wordCount":140},"emotion":[{"text":"아이패드 맥북 에어팟은 애플 제품이 되겠고 제트플립은 삼성에서 만든 제품이 되겠습니다.","expression":"u-fact","category":"neutral"}],"intent":[{"text":"","expression":"","category":"attitude"}],"summary":{"text":"에어팟은 소리 분야에서 만족도를 높여주는 제품이며, 제트플립은 활용도를 높인 제품입니다. 시각과 청각에 대한 만족도가 뛰어나고, 소리 분야에서도 미세한 소리나 방수가 된다는 점이 만족도를 높이며, 디자인의 고급도 소비자의 반응을 일으키고 있습니다.","wordCount":30}}},"rawDataInfo":{"question":{"fileFormat":"wav","fileSize":460878,"duration":14400,"samplingBit":16,"channelCount":1,"samplingRate":"16kHz","audioPath":"/Mock/05.ICT/Male/Experienced/ckmk_q_ict_m_e_287144.wav"},"answer":{"fileFormat":"wav","fileSize":3633358,"duration":113540,"samplingBit":16,"channelCount":1,"samplingRate":"16kHz","audioPath":"/Mock/05.ICT/Male/Experienced/ckmk_a_ict_m_e_287144.wav"}}}