{"version":"1.0","dataSet":{"info":{"date":"20230116","occupation":"ICT","channel":"MOCK","place":"ONLINE","gender":"MALE","ageRange":"45-54","experience":"EXPERIENCED"},"question":{"raw":{"text":"어 회사 내에서나 회사 내에서 다른 팀하고 뭐 일을 한다거나 아니면 회사대 회사로 만난 다른 어 뭐 회사들하고 같이 뭐 프로젝트를 하게 됐을 때 그 사교성이 어때요 좋은 것 같아요","wordCount":30},"emotion":[],"intent":[]},"answer":{"raw":{"text":"네 저는 대체적으로 사교성이 좋은 편입니다. 어 협업할 때 사교성은 어 매우 중요한 요소가 됩니다. 협업이라는 것이 어 여럿이서 같이 공동의 목적을 위해서 노력하고 서로 돕고 어 서로 도우는 일이다 서로 도움을 주고 받는 것이다 보니까 사교성은 협업할 때 가장 중요한 덕목 중의 하나라고 생각을 합니다. 저는 사교성을 높이기 위해서 가능하면 팀원들과 많은 이야기를 합니다. 뭐 물론 그게 업무적인 이야기도 있고 때로는 사적인 이야기일 수도 있지만 그런 식으로 소통을 많이 하고 대화를 많이 함으로써 어 서로에게 어 신뢰를 줄 수 있고 어 서로를 의지할 수 있게 만듭니다. 어 대화를 많이 하면 그 상대방이 어떤 뭐 업무를 진행함에 있어서 뭐 어떤 애로 사항이 있는지 또 반대로 제가 애로사항이 있을 경우 그것을 좀 더 쉽게 동료에게 도움을 청할 수 있기 때문입니다. 저는 대체적으로 사교성이 좋은 편이며 어 스스로도 사교성을 높이기 위해서 노력을 많이 합니다.","wordCount":132},"emotion":[],"intent":[{"text":"","expression":"","category":"attitude"}],"summary":{"text":"협업할 때 사교성은 매우 중요한 요소입니다. 그래서 저는 사교성을 높이기 위해 팀원들과 많은 대화를 통해 신뢰를 주고 의지할 수 있게 만듭니다. 대화를 많이 하면 상대방의 애로사항이나 자신의 애로사항을 쉽게 동료에게 도움을 청할 수 있기 때문입니다.","wordCount":35}}},"rawDataInfo":{"question":{"fileFormat":"wav","fileSize":563278,"duration":17600,"samplingBit":16,"channelCount":1,"samplingRate":"16kHz","audioPath":"/Mock/05.ICT/Male/Experienced/ckmk_q_ict_m_e_44295.wav"},"answer":{"fileFormat":"wav","fileSize":2220878,"duration":69400,"samplingBit":16,"channelCount":1,"samplingRate":"16kHz","audioPath":"/Mock/05.ICT/Male/Experienced/ckmk_a_ict_m_e_44295.wav"}}}