{"version":"1.0","dataSet":{"info":{"date":"20230116","occupation":"ICT","channel":"MOCK","place":"ONLINE","gender":"MALE","ageRange":"35-44","experience":"EXPERIENCED"},"question":{"raw":{"text":"네 지원자님 요즘 고령화 사회로 가면서 저희가 좀 치매로 인한 문제가 많이 대두되고 있지 않습니까 어 이런 문제에 대해 건보공단이 하는 일과 개선 방안에 대해 말씀을 부탁드립니다","wordCount":27},"emotion":[],"intent":[]},"answer":{"raw":{"text":"예 치매 환자들이 굉장히 많이 늘어나고 있는 것으로 알고 있구요. 사실은 건보 건강보험공단이 어떤 일을 하는지는 아주 디테일하게 알 수는 없지만 일단 홍보가 부족한 거는 맞다고 생각합니다. 치매 환자들이 어 어떻게 지원을 받아야 할지 그리고 또 어떻게 치매를 인지하고 그거에 대한 교육을 받아야 할지 그 사람들이 접근 방법을 아 접근 접근의 그런 아 채널이 좀 부족하다고 저는 보고 있거든요. 어 그래서 보다 일 일상에서도 쉽게 접근할 수 있도록 쉽게 어 마치 나에 어 부모님이 또는 나에 형 나에 그런 형제들이 나에 가까운 친지들이 혹시는 내가 어떤 치매 의심을 받는다면 즉각적으로 어떻게 어 어디서부터 시작을 해야 할지 좀 직관적으로 알 수 있도록 건강보험공단에서 보다 쉽게 어 시민들에게 전 이런 교육을 전파할 수 있는 홍보를 전파할 수 있는 일을 많이 했으면 좋겠습니다.","wordCount":120},"emotion":[],"intent":[{"text":"","expression":"","category":"attitude"}],"summary":{"text":"치매 환자들을 위한 건강보험공단의 홍보가 부족한 것은 맞습니다. 건강보험공단은 치매에 대한 지원과 인지, 교육에 대한 접근성을 높일 수 있는 홍보를 전파할 수 있는 일을 많이 해야 합니다.","wordCount":27}}},"rawDataInfo":{"question":{"fileFormat":"wav","fileSize":609998,"duration":19060,"samplingBit":16,"channelCount":1,"samplingRate":"16kHz","audioPath":"/Mock/05.ICT/Male/Experienced/ckmk_q_ict_m_e_182511.wav"},"answer":{"fileFormat":"wav","fileSize":2349518,"duration":73420,"samplingBit":16,"channelCount":1,"samplingRate":"16kHz","audioPath":"/Mock/05.ICT/Male/Experienced/ckmk_a_ict_m_e_182511.wav"}}}