{"version":"1.0","dataSet":{"info":{"date":"20230116","occupation":"ICT","channel":"MOCK","place":"ONLINE","gender":"MALE","ageRange":"35-44","experience":"EXPERIENCED"},"question":{"raw":{"text":"여러 가지 직무 중에 왜 하필 개발자가 되기로 결심을 하셨는지 그 계기와 함께 이유를 한번 말씀해 주시겠습니까","wordCount":17},"emotion":[],"intent":[]},"answer":{"raw":{"text":"어 개발자는 결국에는 창조자입니다. 무에서 유를 창조한다고 할 수 있죠. 그래서 그런 것 그 아무 것도 없는 어 아무 것도 없는 그런 그 에디터에 제가 스스로 어 코딩을 하나씩 하나씩 하면서 어떤 결과물을 만들어 낸다는 거에 굉장히 큰 성취감을 저는 느낍니다. 개발 뿐만이 아니라 어떤 창작 활동 자체도 많이 그 성취감을 느끼는 타입이기 때문에 제가 어 전공이 이제 컴퓨터학이다 보니 결국에는 개발자라는 그 길이 굉장히 저한테 저 스스로 스스로의 그런 가치와 자존감을 높여준다는 그런 포지션이라고 생각을 했고요. 그래서 개발자가 되기로 저는 결심을 했습니다. 그래서 실제로도 어 제가 만들어낸 그런 그 산출물들을 보면서 어 아직까지도 제가 뭐 십 년 전에 만들었던 이십 년 전에 만들었던 그런 코딩들 코드를 보고 결과물들을 보면서 굉장히 어 때로 이렇게 삶에 지쳐 있을 때 그런 것들을 보면서 많이 저 스스로를 달래곤 하거든요. 그래서 그 정도로 이렇게 개발자라는 그 아 포지션 자체가 굉장히 매력적이라고 저는 생각을 하고 있습니다.","wordCount":141},"emotion":[],"intent":[{"text":"","expression":"","category":"attitude"}],"summary":{"text":"개발자는 무에서 유를 창조하는 창조자로, 개발 뿐만 아니라 창작 활동 자체도 많이 성취감을 느끼는 타입이기 때문에 저는 개발자가 되기로 결심을 했습니다. 실제로도 제가 만들어낸 결과물들을 보면서 많이 스스로를 달래곤 하는데 그런 포지션 자체가 굉장히 매력적이라고 생각합니다.","wordCount":36}}},"rawDataInfo":{"question":{"fileFormat":"wav","fileSize":382478,"duration":11950,"samplingBit":16,"channelCount":1,"samplingRate":"16kHz","audioPath":"/Mock/05.ICT/Male/Experienced/ckmk_q_ict_m_e_265752.wav"},"answer":{"fileFormat":"wav","fileSize":2695118,"duration":84220,"samplingBit":16,"channelCount":1,"samplingRate":"16kHz","audioPath":"/Mock/05.ICT/Male/Experienced/ckmk_a_ict_m_e_265752.wav"}}}