{"version":"1.0","dataSet":{"info":{"date":"20230116","occupation":"ICT","channel":"MOCK","place":"ONLINE","gender":"MALE","ageRange":"55-","experience":"EXPERIENCED"},"question":{"raw":{"text":"지원자분께서 이전 직장 혹은 대학에서 어떤 프로젝트를 해 보셨는지 지금 생각나시는 게 있으시다면 그 프로젝트에 대해서 한 번 이야기해 주실 수 있으실까요","wordCount":22},"emotion":[],"intent":[]},"answer":{"raw":{"text":"개인적으로 많은 프로젝트를 해 보았는데요. 어 가장 기억에 남는 프로젝트는 지난번 직장에서 빅 데이터 분석 비즈니스를 만들고 수행하고 운영했던 그 경험이 가장 큰 기억이고 큰 경험이었다고 생각이 됩니다. 보안 분야에서 상당히 많은 보안 솔루션이 데이터들을 추출해 내고 있는데 저희들이 머신 데이터라고 부르는데요. 그 데이터들을 취합을 하면 매우 많은 종류의 데이터들이 쌓이게 되고 매우 큰 종류의 큰 사이즈의 데이터가 쌓이게 됩니다. 현재 컴퓨팅 환경에서 이것들을 분석해 내는 데에는 어 상당히 제약점이 많았는데 어 굉장히 어 훌륭한 툴을 하나 발견하게 되어서 그 툴을 일 년 정도 어 준비를 하고 연습을 통해서 저희가 그 대용량 다종의 데이터를 어 잘 관리하고 어 여러 가지 시나리오를 통해서 문제 원인 분석을 하기 위한 쿼리문들을 많이 만들어 가고 그것을 프로젝트화해서 삼성을 비롯한 수많은 대기업에 상당히 많은 카피술을 프로젝트로 진행을 해서 회사에도 많은 기여를 하고 어 수익도 많이 높였던 그런 어 기억이 있습니다.","wordCount":135},"emotion":[],"intent":[{"text":"","expression":"","category":"attitude"}],"summary":{"text":"개인적으로 빅 데이터 분석 비즈니스를 만들고 수행, 운영했던 경험이 가장 큰 기억이고 큰 경험이었다고 생각합니다. 보안 분야에서 많은 보안 솔루션이 데이터들을 추출해 내고 있는데 머신 데이터라고 부르며, 그 데이터들을 취합하면 매우 큰 종류의 큰 사이즈의 데이터가 쌓이게 됩니다.","wordCount":38}}},"rawDataInfo":{"question":{"fileFormat":"wav","fileSize":522318,"duration":16320,"samplingBit":16,"channelCount":1,"samplingRate":"16kHz","audioPath":"/Mock/05.ICT/Male/Experienced/ckmk_q_ict_m_e_303039.wav"},"answer":{"fileFormat":"wav","fileSize":3168718,"duration":99020,"samplingBit":16,"channelCount":1,"samplingRate":"16kHz","audioPath":"/Mock/05.ICT/Male/Experienced/ckmk_a_ict_m_e_303039.wav"}}}