{"version":"1.0","dataSet":{"info":{"date":"20230116","occupation":"ICT","channel":"MOCK","place":"ONLINE","gender":"MALE","ageRange":"45-54","experience":"EXPERIENCED"},"question":{"raw":{"text":"많은 사람들이 스트레스를 받고 그 스트레스를 풀기 위해 정말 다양한 활동을 하는데요 혹시 본인만의 스트레스 해소 방법이 있을까요","wordCount":18},"emotion":[],"intent":[]},"answer":{"raw":{"text":"어 저만의 스트레스 해소 방법이라고 하면 그냥 제가 하고 싶은 일을 하는 겁니다. 저는 취미로 낚시를 하는데 어 낚시는 제 생활에 저에게 힐링을 줍니다. 어 낚시는 뭐 고기를 많이 잡으면 잡은 대로 즐겁고 많이 못 잡아도 그 낚시를 준비하는 과정에서 저는 힐링을 느낍니다. 어 낚시를 하면서 많은 것을 생각할 수 있고 제 스스로를 뒤돌아볼 수 있는 시간을 가질 수 있습니다. 이것은 어 저한테 다시 업무에 뛰어들어서 일할 수 있는 에너지를 주고 재충전의 시간을 줍니다. 어 개인적으로는 영화 보는 것도 되게 좋아합니다. 영화를 볼 때에는 뭐 주말이나 금요일 저녁 같이 이렇게 뭐 사람이 많을 때 영화를 보는 것이 아니라 그 평일 낮에 가능하면 혼자서 영화를 봅니다. 제가 좋아하는 장르의 영화를 가서 혼자서 오롯이 즐기면 영화에 집중할 수도 있고 그것만으로도 저한테는 스트레스 해소가 됩니다. 그래서 저는 어 영화 보기와 낚시를 낚시를 통해서 스트레스를 해소하고 있습니다.","wordCount":133},"emotion":[{"text":"저는 취미로 낚시를 하는데 어 낚시는 제 생활에 저에게 힐링을 줍니다.","expression":"p-happiness","category":"positive"},{"text":"어 낚시는 뭐 고기를 많이 잡으면 잡은 대로 즐겁고 많이 못 잡아도 그 낚시를 준비하는 과정에서 저는 힐링을 느낍니다.","expression":"p-happiness","category":"positive"},{"text":"어 개인적으로는 영화 보는 것도 되게 좋아합니다.","expression":"p-interest","category":"positive"},{"text":"제가 좋아하는 장르의 영화를   가서 혼자서 오롯이 즐기면 영화에 집중할 수도 있고 그것만으로도 저한테는 스트레스 해소가 됩니다.","expression":"p-achievement","category":"positive"}],"intent":[{"text":"","expression":"","category":"attitude"}],"summary":{"text":"저는 취미로 낚시를 하며 힐링을 느낍니다. 낚시를 통해 제 스스로를 뒤돌아볼 수 있고, 일할 수 있는 에너지를 주고 재충전의 시간을 줍니다. 개인적으로 영화 보는 것도 되게 좋아하는데, 평일 낮에 혼자 오롯이 즐기면 스트레스 해소가 됩니다. 그래서 저는 영화 보기와 낚시를 통해서 스트레스를 해소하고 있습니다.","wordCount":44}}},"rawDataInfo":{"question":{"fileFormat":"wav","fileSize":490318,"duration":15320,"samplingBit":16,"channelCount":1,"samplingRate":"16kHz","audioPath":"/Mock/05.ICT/Male/Experienced/ckmk_q_ict_m_e_44294.wav"},"answer":{"fileFormat":"wav","fileSize":2291278,"duration":71600,"samplingBit":16,"channelCount":1,"samplingRate":"16kHz","audioPath":"/Mock/05.ICT/Male/Experienced/ckmk_a_ict_m_e_44294.wav"}}}