{"version":"1.0","dataSet":{"info":{"date":"20230116","occupation":"ICT","channel":"MOCK","place":"ONLINE","gender":"MALE","ageRange":"55-","experience":"EXPERIENCED"},"question":{"raw":{"text":"입사한 팀이 코드 리뷰 클린 코드 테스트와 같이 점검을 하지 않는다면 어떻게 하실 것이고 또 그 프로세스를 잡아가는 방법은 무엇이 있을까요","wordCount":21},"emotion":[],"intent":[]},"answer":{"raw":{"text":"컴퓨터 프로그래밍에서도 시스템을 구축하고 프로그램 개발을 하는 것들이 건설 현장과 비슷하다고 생각을 합니다. 설계한 것들을 리뷰하고 코딩을 한 것들을 또한 리뷰를 하고 요즘 같이 보안의 문제가 심각한 경우에 그 가운데에서 어떤 어 보완적인 위협이 될 만한 어 그런 허술한 코드가 들어있는지 또한 그 가비지 같은 것들이 있는지 그런 것들을 중간 중간에 분석을 하고 테스트를 해서 좀 더 품질이 높고 향상된 그런 어 결과물들을 만들어 낼 수 있는 것들이 어 굉장히 중요하다고 생각을 합니다. 우리나라 건설 현장에서 어 설계에 따르지 않고 뭐 부실 설계라든지 이런 것들로 인해서 어 사고가 나고 그로 인한 인명과 재산 피해가 나는 것들을 보면서 참 답답한 생각을 많이 하고 있었는데요. 어 프로그램 코딩에서도 어 같은 부분들이 적용된다고 생각을 하고 있습니다. 그래서 이런 부분들을 적극적으로 개진하고 어 스스로 주도적으로 이런 것들을 프로세스화해서 항상 점검하면서 완전하고 완성된 코드를 할 수 있도록 어 격려하도록 하겠습니다.","wordCount":135},"emotion":[{"text":"우리나라 건설 현장에서 어 설계에 따르지 않고 뭐 부실 설계라든지 이런 것들로 인해서 어 사고가 나고 그로 인한 인명과 재산 피해가 나는 것들을 보면서 참 답답한 생각을 많이 하고 있었는데요.","expression":"n-distress","category":"negative"}],"intent":[{"text":"","expression":"","category":"attitude"}],"summary":{"text":"컴퓨터 프로그래밍에서도 시스템을 구축하고 프로그램 개발을 하는 것들이 건설 현장과 비슷하다고 생각을 합니다. 보안 문제가 심각한 경우 허술한 코드나 가비지 같은 것들을 중간 중간에 분석하고 테스트를 해서 좀 더 품질이 높고 향상된 결과물들을 만들어 내는 것들이 중요하다고 생각합니다.","wordCount":38}}},"rawDataInfo":{"question":{"fileFormat":"wav","fileSize":470798,"duration":14710,"samplingBit":16,"channelCount":1,"samplingRate":"16kHz","audioPath":"/Mock/05.ICT/Male/Experienced/ckmk_q_ict_m_e_285344.wav"},"answer":{"fileFormat":"wav","fileSize":2607438,"duration":81480,"samplingBit":16,"channelCount":1,"samplingRate":"16kHz","audioPath":"/Mock/05.ICT/Male/Experienced/ckmk_a_ict_m_e_285344.wav"}}}