{"version":"1.0","dataSet":{"info":{"date":"20230116","occupation":"ICT","channel":"MOCK","place":"ONLINE","gender":"MALE","ageRange":"35-44","experience":"EXPERIENCED"},"question":{"raw":{"text":"본인의 장점과 단점에 대해서 설명해 주시고 그것을 특화시키고 극복하기 위해서 그동안 어떤 노력을 해 오셨는지 함께 말씀해 주세요","wordCount":18},"emotion":[],"intent":[]},"answer":{"raw":{"text":"네 제 장점은 어 인종 타입에 대한 배려가 좀 많은 편인데요. 어 무엇을 어떤 행동이나 말을 하기 전에 항상 그 사람의 입장에서 생각하는 버릇이 좀 습관이 생겨서 그 사람 어 그러다 보니까 이제 배려심이 맘에 있게 어 제 태도에 그런 일상에 배어있다고 볼 수 있고요. 그런 피드백도 많이 받았습니다. 아 그러다 보니까 어 이게 인제 이거를 악용하려는 이 저의 이런 이런 거절 못하는 심리 이런 배려심 강한 배려심 이런 것들을 악용하려는 사람들이 아 간혹 가다가 있어서 그 사람들에 대해서 마음의 상처도 많이 있고 했구요. 그렇게 이 이걸 이제 단점으로 이야기하다 하자면 어 거절을 못한다는 거 이게 저의 큰 단점이라고 볼 수 있습니다. 그래서 이거를 극복하기 위해서 어 좀 더 이성적인 이성적인 사고를 가질 수 있도록 어 이 자기 개발서도 많이 읽고 그리고 다음에 수양을 많이 하고 있습니다.","wordCount":127},"emotion":[],"intent":[{"text":"","expression":"","category":"attitude"}],"summary":{"text":"저는 인종타입에 대한 배려가 많은데 이를 악용하려는 사람이 종종 있어서 마음의 상처도 많이 받았습니다. 이것을 극복하기 위해서 자기 개발서를 많이 읽고, 수양을 많이 하고 있습니다.","wordCount":25}}},"rawDataInfo":{"question":{"fileFormat":"wav","fileSize":610638,"duration":19080,"samplingBit":16,"channelCount":1,"samplingRate":"16kHz","audioPath":"/Mock/05.ICT/Male/Experienced/ckmk_q_ict_m_e_194108.wav"},"answer":{"fileFormat":"wav","fileSize":2346958,"duration":73340,"samplingBit":16,"channelCount":1,"samplingRate":"16kHz","audioPath":"/Mock/05.ICT/Male/Experienced/ckmk_a_ict_m_e_194108.wav"}}}