{"version":"1.0","dataSet":{"info":{"date":"20230116","occupation":"ICT","channel":"MOCK","place":"ONLINE","gender":"MALE","ageRange":"35-44","experience":"EXPERIENCED"},"question":{"raw":{"text":"지원자님께서는 자신에 노년의 모습에 대해서 생각해 보신 적이 있으신가요 본인이 생각할 때 자신의 노년은 어떤 모습이었으면 좋으시겠습니까 이상적인 노년의 모습에 대해서 말씀해 주시기 바랍니다","wordCount":24},"emotion":[],"intent":[]},"answer":{"raw":{"text":"네 지금부터도 저는 어 저의 꿈은 일단 파이어족인데 어 그것을 어 그것을 뭐 이루 이룰지 안 이룰지는 아직 장담할 수는 없지만 계속 스터디를 하고 음 그거에 대해서 연구함으로써 어 제가 아주 멀지 않은 미래에는 그 경제적 자유에 도달하지 않을까 하는 희망을 갖고 있고요. 아 그 경제적 자유에 도달해서 어 축적한 그 부를 어 효율적으로 굴려 불 그 운용해서 제 노년에는 충분히 부를 축적한 그런 노인이 될 것이라고 예상하고 있구요. 어 제가 생각하는 저의 노년은 어 일단 외모적으로도 굉장히 준수하고 그리고 제 지인들에게 많은 것을 베풀 수 있는 그러한 노년을 꿈꾸고 있습니다. 그게 제가 상상하는 그 이상적인 노년의 모습입니다.","wordCount":98},"emotion":[],"intent":[{"text":"","expression":"","category":"attitude"}],"summary":{"text":"파이어족에 대한 연구로 경제적 자유에 도달할 것 같습니다. 그 경제적 자유에서 얻은 부를 효율적으로 운용해 노년에는 충분히 부를 축적한 노인이 될 것입니다. 외모도 준수하고 지인들에게 많은 것을 베풀 수 있는 노년을 꿈집니다.","wordCount":32}}},"rawDataInfo":{"question":{"fileFormat":"wav","fileSize":643278,"duration":20100,"samplingBit":16,"channelCount":1,"samplingRate":"16kHz","audioPath":"/Mock/05.ICT/Male/Experienced/ckmk_q_ict_m_e_258286.wav"},"answer":{"fileFormat":"wav","fileSize":1982798,"duration":61960,"samplingBit":16,"channelCount":1,"samplingRate":"16kHz","audioPath":"/Mock/05.ICT/Male/Experienced/ckmk_a_ict_m_e_258286.wav"}}}