{"version":"1.0","dataSet":{"info":{"date":"20230116","occupation":"ICT","channel":"MOCK","place":"ONLINE","gender":"MALE","ageRange":"35-44","experience":"EXPERIENCED"},"question":{"raw":{"text":"네트워크 서비스라고 하는 디엔에스에 대해서 지원자님께서 아시는 대로 구체적으로 한 번 설명해 주시겠습니까","wordCount":13},"emotion":[],"intent":[]},"answer":{"raw":{"text":"예 도메인 네임스 시스템 디엔에스라고 하는데 이제 결국은 이제 도메인이나 뭐 개인적인 이름을 갖고 서버 운영을 진행하는 것입니다. 그런 이제 서버 운영권 식에서 인제 자기의 인제 사이트의 이름이나 자기의 시스템을 갖고 있는 그 사이트에 그 공식 명칭을 다들 인제 배정을 받게 되는데 그런 공식 명칭을 하나의 인제 플랫폼이나 뭐 이러한 회사 아이디를 인제 사이트의 이름을 만들게 되어서 그 부분을 인제 인터넷을 이용해서 이용되는 방식이 되겠습니다. 네 이상 이상입니다.","wordCount":68},"emotion":[],"intent":[{"text":"","expression":"","category":"attitude"}],"summary":{"text":"도메인 네임스 시스템 디엔에스라고 하는 것은 도메인이나 개인 이름을 갖고 서버를 운영하는 것입니다. 공식 명칭을 하나의 플랫폼이나 회사 아이디로 만들어 인터넷을 이용해 이용합니다.","wordCount":23}}},"rawDataInfo":{"question":{"fileFormat":"wav","fileSize":467918,"duration":14620,"samplingBit":16,"channelCount":1,"samplingRate":"16kHz","audioPath":"/Mock/05.ICT/Male/Experienced/ckmk_q_ict_m_e_147567.wav"},"answer":{"fileFormat":"wav","fileSize":1331918,"duration":41620,"samplingBit":16,"channelCount":1,"samplingRate":"16kHz","audioPath":"/Mock/05.ICT/Male/Experienced/ckmk_a_ict_m_e_147567.wav"}}}