{"version":"1.0","dataSet":{"info":{"date":"20230116","occupation":"ICT","channel":"MOCK","place":"ONLINE","gender":"MALE","ageRange":"35-44","experience":"EXPERIENCED"},"question":{"raw":{"text":"지원자님께서는 일을 하게 되시면 다른 지역에서 업무를 수행할 수 있으신데요 그렇다면 타 지역 근무도 문제없이 가능하신 지에 대해서 답변을 부탁드립니다","wordCount":20},"emotion":[],"intent":[]},"answer":{"raw":{"text":"타 지역에서의 근무는 저에게 전혀 문제가 없습니다. 타 지역에서 근무를 하다 보면 타 지역에 대한 문화적인 특색 지역적인 특색 사람들의 특색들을 전부 다 파악할 수 있고 지역 문화에선 어떤 부분이 저에게 잘 맞고 어떤 부분이 이 회사와 잘 맞는지에 대한 것도 파악할 수 있습니다. 한곳에서 오랫동안 일을 하다 보면 사람은 타성에 젖게 돼 있고 타성에 젖게 되면 업무의 효율은 반드시 떨어지게 되어 있습니다. 우리는 이것을 고인물이라고 하는데요. 고인물이 되지 않기 위해서 사람은 적정한 텐션을 유지해야 되고 적당한 스트레스를 받아야 됩니다. 그런 의미에서 타 지역으로 발 발령이 나거나 전출이 나는 것은 전혀 문제가 없지만 타 지역에 가게 되면 그것에 대한 회사에서의 보상안이 따랐으면 좋겠습니다. 예를 들어서 주거 생활비 지원 주거 안정비 지원 퇴근 후에 스트레스를 풀 수 있는 어떤 동호회비 지원 같은 복리 후생을 지원해 준다고 하면 더 할 나위 없이 타 지역 근무에 대해서 문제 없이 할 수 있을 것 같습니다.","wordCount":141},"emotion":[],"intent":[{"text":"","expression":"","category":"attitude"}],"summary":{"text":"한 곳에서 오랫동안 일을 하다 보면 사람은 타성에 젖게 돼 있고 업무의 효율은 반드시 떨어지게 되어 있습니다. 고인물이 되지 않기 위해서 사람은 적정한 텐션을 유지해야 되고 적당한 스트레스를 받아야 됩니다. 그런 의미에서 타 지역에 가게 되면 그것에 대한 회사에서의 보상안이 따랐으면 좋겠습니다.","wordCount":42}}},"rawDataInfo":{"question":{"fileFormat":"wav","fileSize":542798,"duration":16960,"samplingBit":16,"channelCount":1,"samplingRate":"16kHz","audioPath":"/Mock/05.ICT/Male/Experienced/ckmk_q_ict_m_e_183425.wav"},"answer":{"fileFormat":"wav","fileSize":2081358,"duration":65040,"samplingBit":16,"channelCount":1,"samplingRate":"16kHz","audioPath":"/Mock/05.ICT/Male/Experienced/ckmk_a_ict_m_e_183425.wav"}}}