{"version":"1.0","dataSet":{"info":{"date":"20230116","occupation":"ICT","channel":"MOCK","place":"ONLINE","gender":"MALE","ageRange":"35-44","experience":"EXPERIENCED"},"question":{"raw":{"text":"어떤 문제에 부딪쳤을 때 혼자 해결하시는 편이신가요 아님 다른 사람들에게 이야기를 하여 해결하시는 편이신가요","wordCount":14},"emotion":[],"intent":[]},"answer":{"raw":{"text":"문제에 봉착했을 때 가장 좋은 솔루션은 많은 사람들에게 알리는 것입니다. 원래 큰 병이 걸려도 병 병을 많은 사람들에게 알리라고 했던 이유는 많은 사람들에게 알리면 여기저기서 좋은 얘기 안 좋은 얘기가 나오지만 그건 제가 걸러 들으면 됩니다. 어떤 문제에 봉착했을 때 혼자 해결하라고 하다 보면 이게 나중에 시간이 지나고 났을 때 어렵지 않은 문제를 나 혼자 끙끙대고 해결하지 못하는 경우도 있기 때문에 저의 시각에서 저의 프레임에서 벗어나서 멀리서 바라보는 사람 또는 전문가의 눈 또는 경험자의 눈으로 그 시각을 바라보면 분명히 해결점을 찾으는 경우가 상당히 많습니다. 예를 들어 우리가 장기나 바둑을 둘 때 혼자서 두다 보면 아무 것도 못하고 그냥 지게 되는 경우가 많은데요. 훈수를 두는 사람들 입장에서는 여러 가지의 묘수라든가 방법들이 있다는 것입니다. 즉 사람은 혼자 모든 것을 해결하려고 하다 보면 나도 모르게 나 자신의 프레임에 갇히게 되고 그 프레임에 갇히게 되면 저는 절대로 이 넓은 시각으로 해결책을 찾지 못합니다. 하지만 많은 사람들에게 알리면 많은 사람들은 그 솔루션을 찾기 위해 그들이 알고 있는 다른 네트워크도 활용할 것이고 그 네트워크를 통해 또 다른 또 다른 네트워크를 통해 생각지도 못한 곳에서 해결책을 찾는 경우를 종종 경험했기 때문에 저는 많은 사람들에게 이야기를 하는 편입니다.","wordCount":180},"emotion":[],"intent":[{"text":"어떤 문제에 봉착했을 때 혼자 해결하라고 하다 보면 이게 나중에 시간이 지나고 났을 때 어렵지 않은 문제를 나 혼자 끙끙대고 해결하지 못하는 경우도 있기 때문에   저의 시각에서 저의 프레임에서 벗어나서 멀리서 바라보는 사람 또는 전문가의 눈   또는 경험자의 눈으로 그 시각을 바라보면 분명히 해결점을 찾으는 경우가 상당히 많습니다.","expression":"c_adp","category":"personality"},{"text":"하지만 많은 사람들에게 알리면 많은 사람들은 그 솔루션을 찾기 위해 그들이 알고 있는 다른 네트워크도 활용할 것이고 그 네트워크를 통해   또 다른 또 다른 네트워크를 통해 생각지도 못한 곳에서 해결책을 찾는 경우를 종종 경험했기 때문에 저는 많은 사람들에게 이야기를 하는 편입니다.","expression":"c_adp","category":"personality"}],"summary":{"text":"문제에 봉착했을 때 가장 좋은 솔루션은 많은 사람들에게 알리는 것입니다. 혼자 모든 것을 해결하려고 하다 보면 나 자신의 프레임에 갇히게 되면 저는 절대로 넓은 시각으로 해결책을 찾지 못합니다. 하지만 많은 사람들에게 알리면 많은 사람들은 그 솔루션을 찾기 위해 그들이 알고 있는 다른 네트워크도 활용할 것이고 또 다른 네트워크를 통해 해결책을 찾는 경우를 종종 경험했기 때문에 저는 많은 사람들에게 이야기를 하는 편입니다.","wordCount":61}}},"rawDataInfo":{"question":{"fileFormat":"wav","fileSize":367118,"duration":11470,"samplingBit":16,"channelCount":1,"samplingRate":"16kHz","audioPath":"/Mock/05.ICT/Male/Experienced/ckmk_q_ict_m_e_165217.wav"},"answer":{"fileFormat":"wav","fileSize":2812878,"duration":87900,"samplingBit":16,"channelCount":1,"samplingRate":"16kHz","audioPath":"/Mock/05.ICT/Male/Experienced/ckmk_a_ict_m_e_165217.wav"}}}