{"version":"1.0","dataSet":{"info":{"date":"20230116","occupation":"ICT","channel":"MOCK","place":"ONLINE","gender":"MALE","ageRange":"-34","experience":"EXPERIENCED"},"question":{"raw":{"text":"지원자님은 본인 스스로가 교번 근무에 잘 적응할 수 있는 사람이라고 생각하시나요 그렇다면 왜 그렇게 생각하시는지 그 근거도 같이 말씀해 주세요","wordCount":20},"emotion":[],"intent":[]},"answer":{"raw":{"text":"네 저는 제가 교번 근무에 매우 잘 적응할 수 있다고 생각합니다. 왜냐하면 우선 교번 근무의 경험이 매우 많습니다. 제일 처음으로 교번 근무를 했던 경험은 군대에서 있었습니다. 당시 제 부대는 후방 훈련 부대가 아닌 경계 근무 부대였습니다. 철책을 이 개 조 혹은 삼 개 조로 이십 사 시간 감시 및 경계하는 업무였고 이에 이 교대 혹은 삼 교대로 교번 근무를 했습니다. 이 당시 큰 무리없이 주야간 근무를 모두 안정적으로 수행했습니다. 또한 아이티 업무 중 교대 근무를 수행한 경험도 있습니다. 당시에도 큰 무리 없이 잘 해냈습니다. 그러므로 저는 제가 교번 근무에 잘 적응할 수 있다고 생각합니다.","wordCount":94},"emotion":[],"intent":[{"text":"","expression":"","category":"attitude"}],"summary":{"text":"군대 경계 근무 부대에서 철책을 이 개 조 혹은 삼 개 조로 이십 사 시간 감시 및 경계하는 업무였고 이에 교대 혹은 삼 교대로 교번 근무를 했습니다. 당시 큰 무리없이 주야간 근무를 모두 안정적으로 수행했으므로 제가 교번 근무에 잘 적응할 수 있습니다.","wordCount":42}}},"rawDataInfo":{"question":{"fileFormat":"wav","fileSize":358478,"duration":11200,"samplingBit":16,"channelCount":1,"samplingRate":"16kHz","audioPath":"/Mock/05.ICT/Male/Experienced/ckmk_q_ict_m_e_251805.wav"},"answer":{"fileFormat":"wav","fileSize":3832078,"duration":119750,"samplingBit":16,"channelCount":1,"samplingRate":"16kHz","audioPath":"/Mock/05.ICT/Male/Experienced/ckmk_a_ict_m_e_251805.wav"}}}