{"version":"1.0","dataSet":{"info":{"date":"20230116","occupation":"ICT","channel":"MOCK","place":"ONLINE","gender":"MALE","ageRange":"55-","experience":"EXPERIENCED"},"question":{"raw":{"text":"우리 회사에 입사를 했는데 업무 내용이나 강도가 예상했던 것과 전혀 다르다면 어떻게 하실 건지 이유와 함께 말씀해 주시기 바랍니다","wordCount":19},"emotion":[],"intent":[]},"answer":{"raw":{"text":"과거의 직장에서도 이런 경험이 있습니다. 직장을 옮겼는데 제가 원했던 업무 내용과 회사가 하고자 하는 일의 방향성이 표면적으로는 같았는데 한 겹을 까고 들어가서 확인을 해 보니 너무나도 달랐습니다. 항상 이런 일은 발생한다고 생각을 하고 있고요. 업무의 내용과 강도가 진정 나의 경험과 내가 해왔던 일들과 비교를 했을 때 어 진정 어 맞추어서 또 어 화합을 해서 할 수 있는 부분을 먼저 적극적으로 찾아서 검토를 해 보도록 하겠습니다. 하루 이틀 조직을 본다고 해서 저 부분이 과연 다른 것이 정말 많이 다른 것이고 내가 근무를 할 수 없을 정도로 다르다고 생각을 하진 않구요. 시간을 두고 함께 조직원들과 이야기를 해보고 필요하다면 상사와 업무 협의를 통해서 진정 할 수 있는 일과 할 수 없는 일 업무 강도에 대한 조절 등을 소통을 통해서 해결할 수 있을 것으로 생각합니다.","wordCount":121},"emotion":[],"intent":[{"text":"","expression":"","category":"attitude"}],"summary":{"text":"업무 내용과 하고자 하는 일의 방향성이 표면상으로는 달랐지만 진정 저의 경험과 해왔던 일들과 비교를 했을 때 진정 어 맞추어서 또 어 화합을 해서 할 수 있는 부분을 먼저 찾아 보도록 하겠습니다.","wordCount":31}}},"rawDataInfo":{"question":{"fileFormat":"wav","fileSize":615118,"duration":19220,"samplingBit":16,"channelCount":1,"samplingRate":"16kHz","audioPath":"/Mock/05.ICT/Male/Experienced/ckmk_q_ict_m_e_295821.wav"},"answer":{"fileFormat":"wav","fileSize":2731598,"duration":85360,"samplingBit":16,"channelCount":1,"samplingRate":"16kHz","audioPath":"/Mock/05.ICT/Male/Experienced/ckmk_a_ict_m_e_295821.wav"}}}