{"version":"1.0","dataSet":{"info":{"date":"20230116","occupation":"RND","channel":"MOCK","place":"ONLINE","gender":"FEMALE","ageRange":"-34","experience":"NEW"},"question":{"raw":{"text":"입사 후에 근무를 하면서 정작 지원한 분야가 자신과 잘 맞지 않는다면 어떻게 하실 건지 솔직하게 답변해 주실 수 있을까요","wordCount":19},"emotion":[],"intent":[]},"answer":{"raw":{"text":"제가 호기롭게 지원을 했는데 제가 지원한 분야가 저와 맞지 않는다면 저는 일 년 정도 버텨 본 뒤 다른 직무로 가거나 혹은 이 일을 그만둘 것 같습니다. 제가 일을 하는 이유는 제가 행복해지기 위함입니다. 매일매일 행복하게 보내고 또 그 속에서 활력을 찾기 위해서 일을 하는 것이고 제가 어릴 적부터 꿈꿔왔던 그런 업무를 하는 것인데 막상 맞지 않는다면 어 슬플 것 같고 그 실망감이 배로 돌아올 것 같습니다. 이렇게 매일 하루를 실망감서 보내면 저의 정서에도 굉장히 좋지 않을 것이라 들고 주변 상황황들 그리고 주변 지인들 그리고 팀원들에게 큰 피해를 줄 것이라고 생각이 되기 때문에 잘 맞지 않는다면 저는 조금 해본 뒤에 어 이 업무를 지속할 수 없을 것 같습니다.","wordCount":107},"emotion":[],"intent":[{"text":"","expression":"","category":"attitude"}],"summary":{"text":"제가 지원한 분야가 저와 맞지 않는다면 저는 일 년 정도 버텨 본 뒤 다른 직무로 가거나 이 일을 그만둘 것 같습니다. 매일 하루를 실망감서 보내면 주변 상황황들 그리고 팀원들에게 큰 피해를 줄 것이라고 생각되기 때문입니다.","wordCount":35}}},"rawDataInfo":{"question":{"fileFormat":"wav","fileSize":603278,"duration":18850,"samplingBit":16,"channelCount":1,"samplingRate":"16kHz","audioPath":"/Mock/04.RND/Female/New/ckmk_q_rnd_f_n_290170.wav"},"answer":{"fileFormat":"wav","fileSize":2218318,"duration":69320,"samplingBit":16,"channelCount":1,"samplingRate":"16kHz","audioPath":"/Mock/04.RND/Female/New/ckmk_a_rnd_f_n_290170.wav"}}}