{"version":"1.0","dataSet":{"info":{"date":"20230116","occupation":"RND","channel":"MOCK","place":"ONLINE","gender":"FEMALE","ageRange":"-34","experience":"NEW"},"question":{"raw":{"text":"만약 함께 일하는 동료 가운데 이직을 생각하는 동료가 있다면 그 동료에게 뭐라고 말씀하시겠습니까 그리고 왜 그렇게 말씀하실지에 대해서도 설명해 주시기 바랍니다","wordCount":21},"emotion":[],"intent":[]},"answer":{"raw":{"text":"저는 회사에 도움이 되고 그리고 회사도 동료에게 장기적으로 봤을 때 좋은 영향을 줄 것이라고 판단된다면 이직을 재고해 보라고 할 것 같습니다. 만약 그렇지 않다면 동료의 안정적인 이직을 온 마음을 다해 응원할 것입니다. 대부분에 사람들이 이직을 고려하는 이유는 동료나 회사의 문화 때문이라고 생각합니다. 회사의 처우나 복지에 관련해서는 이미 회사를 입사할 때 분명 확인을 했을 것입니다. 그러나 동료나 회사내 문화는 바로 알기란 어렵습니다. 하지만 이 두 문제는 우리가 함께 도운다면 분명 시간이 흐름에 따라 더 좋은 방향으로 나아질 수 있을 것입니다. 문제가 무엇인지 개선점을 생각해 본 것이 있는지 차근차근 대화로 풀어나가 본다면 분명히 이직을 생각하던 동료도 이직을 재고할 것이라고 믿습니다.","wordCount":98},"emotion":[],"intent":[{"text":"","expression":"","category":"attitude"}],"summary":{"text":"대부분 이직을 고려하는 이유는 동료나 회사의 문화 때문이라고 생각합니다. 처우나 복지에 관해서는 회사 입사시 분명히 확인을 했을 것이지만 동료나 회사내 문화는 알기란 어렵습니다. 이 두 문제는 함께 도우면 분명 좋은 방향으로 나아질 수 있을 것입니다.","wordCount":35}}},"rawDataInfo":{"question":{"fileFormat":"wav","fileSize":621838,"duration":19430,"samplingBit":16,"channelCount":1,"samplingRate":"16kHz","audioPath":"/Mock/04.RND/Female/New/ckmk_q_rnd_f_n_260889.wav"},"answer":{"fileFormat":"wav","fileSize":1902798,"duration":59460,"samplingBit":16,"channelCount":1,"samplingRate":"16kHz","audioPath":"/Mock/04.RND/Female/New/ckmk_a_rnd_f_n_260889.wav"}}}