{"version":"1.0","dataSet":{"info":{"date":"20230116","occupation":"RND","channel":"MOCK","place":"ONLINE","gender":"FEMALE","ageRange":"35-44","experience":"NEW"},"question":{"raw":{"text":"연구 개발 아이디어를 탐색하는 본인의 방법 노하우에 대해 관해 설명해 주시겠습니까","wordCount":11},"emotion":[],"intent":[]},"answer":{"raw":{"text":"저 만의 특별한 방법이라면 어 제 일 단계는 저의 상상력을 마음껏 내달라도록 하여 당시 내가 되고 싶은 것 하고 싶은 것 갖고 싶은 것 모든 것을 생각나는 대로 종이에 적어보는 것입니다. 여기에 있는 대략 한 시간 정도가 걸립니다. 그런데 반드시 종이 기록해야 되는 것입니다. 두 번째는 이십 사 시간 내지 사십 팔 시간을 기다리는 것입니다. 이틀 후에 제가 적은 목표에 대해 왜 그것이 되고 싶고 갖고 싶은지 단 한 문장을 답변할 수 있는 것만 남겨두고 나머지는 모두 지우는 것입니다. 단 한 마디로 말할 수 없는 것들은 이유가 분명치 않고 제가 진정으로 바라는 것이 아닙니다. 세 번째는 그것이 저의 진정한 목표인지 또는 그 목표가 도덕적으로 옳은 것인지 그 누구이게도 정당한 것인지 생각해보는 것입니다. 이 목표에 도달하면 나는 더 행복한 지 와 더 풍요로워지는지 친구들을 더 많이 사귈 수 있는 건지 이런 것들의 목표를 여러 가지로 나누어서 하는 방법이 있습니다.","wordCount":138},"emotion":[],"intent":[{"text":"","expression":"","category":"attitude"}],"summary":{"text":"제 일 단계는 제가 되고 싶은 것들을 생각나는 대로 종이에 적어보는 것입니다. 두 번째는 제가 적은 목표에 대해 단 한 문장만 남기고 나머지는 모두 지우는 것입니다. 세 번째는 그것이 저의 진정한 목표인지 정당한 것인지 생각해보는 것입니다.","wordCount":36}}},"rawDataInfo":{"question":{"fileFormat":"wav","fileSize":461198,"duration":14410,"samplingBit":16,"channelCount":1,"samplingRate":"16kHz","audioPath":"/Mock/04.RND/Female/New/ckmk_q_rnd_f_n_214415.wav"},"answer":{"fileFormat":"wav","fileSize":2404558,"duration":75140,"samplingBit":16,"channelCount":1,"samplingRate":"16kHz","audioPath":"/Mock/04.RND/Female/New/ckmk_a_rnd_f_n_214415.wav"}}}