{"version":"1.0","dataSet":{"info":{"date":"20230116","occupation":"RND","channel":"MOCK","place":"ONLINE","gender":"FEMALE","ageRange":"-34","experience":"NEW"},"question":{"raw":{"text":"일을 하다 보면 다른 지역에서 업무를 수행하게 될 수도 있습니다 지원자님은 타 지역 근무도 문제 없이 하실 수 있나요","wordCount":19},"emotion":[],"intent":[]},"answer":{"raw":{"text":"다른 지역에서 업무를 수행하게 될 수도 있다고 말씀을 주셨는데요. 저는 타 지역 근무도 문제 없이 가능합니다. 타 지역에서 근무를 한다고 하면 보통은 연고가 없거나 혹은 외로워서 퇴사를 많이 한다고 하는데요. 저는 사실 고양이 한 마리를 키우고 있습니다. 그래서 고양이 한 마리를 키우고 난 순간부터는 외로움을 느낄 새가 없었습니다. 집에 있는 시간도 길어졌을 뿐만 아니라 제 삶의 균형도 가져왔기 때문에 저는 어느 곳에서나 고양이와 함께라면 타 지역 근무도 문제 없이 가능하다고 생각을 합니다. 인간관계 또한 중요하겠지만 저는 제 집에 있어서의 삶도 굉장히 중요하다 라고 생각을 하는 사람이기 때문에 타 지역을 근무해도 저는 무리 없이 가능하다고 생각을 합니다. 다른 지역에서 업무를 수행하게 되는 것은 굉장히 흥미로운 일이라고 생각을 합니다. 같은 대한민국 안이지만 정말 다른 문화가 있고 그들만의 음식 문화가 있기 때문에 이런 것들을 보고 느끼는 것은 또 재미있는 일이라고 생각을 합니다. 그렇기 때문에 저는 타 지역 근무도 무리 없이 문제 없이 업무 수행이 가능합니다. 저는 항상 준비되어 있는 인재라고 생각을 합니다.","wordCount":149},"emotion":[{"text":"저는 사실 고양이 한 마리를 키우고 있습니다.","expression":"u-fact","category":"neutral"}],"intent":[{"text":"집에 있는 시간도 길어졌을 뿐만 아니라 제 삶의 균형도 가져왔기 때문에 저는 어느 곳에서나 고양이와 함께라면 타 지역 근무도 문제 없이 가능하다고 생각을 합니다.","expression":"c_adp","category":"personality"},{"text":"다른 지역에서 업무를 수행하게 되는 것은 굉장히 흥미로운 일이라고 생각을 합니다.","expression":"c_adp","category":"personality"}],"summary":{"text":"다른 지역에서 업무를 수행하게 될 수도 있다고 말씀을 주셨는데 저는 고양이 한 마리를 키우고 있습니다. 집에 있는 시간이 길어졌고 제 삶의 균형도 가져왔기 때문에 타 지역 근무도 문제 없이 가능하다고 생각합니다. 다른 지역의 업무는 흥미로운 일이기 때문에 저는 항상 준비되어 있는 인재라고 생각합니다.","wordCount":43}}},"rawDataInfo":{"question":{"fileFormat":"wav","fileSize":579278,"duration":18100,"samplingBit":16,"channelCount":1,"samplingRate":"16kHz","audioPath":"/Mock/04.RND/Female/New/ckmk_q_rnd_f_n_270147.wav"},"answer":{"fileFormat":"wav","fileSize":3738318,"duration":116820,"samplingBit":16,"channelCount":1,"samplingRate":"16kHz","audioPath":"/Mock/04.RND/Female/New/ckmk_a_rnd_f_n_270147.wav"}}}