{"version":"1.0","dataSet":{"info":{"date":"20230116","occupation":"RND","channel":"MOCK","place":"ONLINE","gender":"FEMALE","ageRange":"-34","experience":"NEW"},"question":{"raw":{"text":"남들과는 다른 자신만의 경쟁력에 대해서 설명해 주시기 바랍니다 그리고 경쟁력을 키우기 위해 어떤 노력을 했는지도 말씀해 주시기 바랍니다","wordCount":18},"emotion":[],"intent":[]},"answer":{"raw":{"text":"남들과는 다른 저만의 경쟁력에 대해 말씀드리겠습니다. 저만의 경쟁력은 많은 경험이 있다 라는 것입니다. 저는 대학교 시절부터 많은 것을 경험했습니다. 인도에 봉사 활동도 다녀왔고 졸업하기 전에 호주로 워킹 홀리데이도 다녀왔습니다. 그리고 필리핀에서 육 개월간 매니징을 하기도 했습니다. 필리핀 화상 센터에서 서른 여 명의 필리핀 선생님들을 관리하는 매니저 일을 했습니다. 그리고 한국으로 돌아와 비영리 단체인 아름다운 가게에서 일을 하였고 그 후 저만의 사업을 열어 저의 수제청 수제잼을 만드는 사업을 원주에서 이 년간 하였습니다. 그리고 청년 창업을 하여서 청년들과 함께 전통 시장을 이끌어 나가는 일도 하였습니다. 이와 같이 저는 다양한 분야에서 많은 경험을 했습니다. 이것은 저만의 경쟁력이라고 생각합니다. 왜냐하면 경험은 돈으로 주고 살 수도 없다 라고 생각합니다. 그래서 많은 경험은 저의 시 시간과 많은 도전과 그런 많은 경험들이 쏟아 부어진 것이라고 생각합니다. 그것의 결과로 저는 다양한 경험들을 하였고 조금 더 많은 것들을 보면서 더 많은 인문 지식을 키웠다 라고 생각합니다. 그래서 저의 경쟁력이 높다 라고 말씀드릴 수 있겠습니다.","wordCount":145},"emotion":[{"text":"인도에 봉사 활동도 다녀왔고 졸업하기 전에 호주로 워킹 홀리데이도 다녀왔습니다.","expression":"u-fact","category":"neutral"},{"text":"그리고 필리핀에서 육 개월간 매니징을 하기도 했습니다.","expression":"u-fact","category":"neutral"},{"text":"필리핀 화상 센터에서 서른 여 명의 필리핀 선생님들을 관리하는 매니저 일을 했습니다.","expression":"u-fact","category":"neutral"},{"text":"그리고 한국으로 돌아와 비영리 단체인 아름다운 가게에서 일을 하였고 그 후 저만의 사업을 열어 저의 수제청 수제잼을 만드는 사업을 원주에서 이 년간 하였습니다.","expression":"u-fact","category":"neutral"},{"text":"그리고 청년 창업을 하여서 청년들과 함께 전통 시장을 이끌어 나가는 일도 하였습니다.","expression":"u-fact","category":"neutral"}],"intent":[{"text":"인도에 봉사 활동도 다녀왔고 졸업하기 전에 호주로 워킹 홀리데이도 다녀왔습니다.","expression":"c_private","category":"background"},{"text":"필리핀 화상 센터에서 서른 여 명의 필리핀 선생님들을 관리하는 매니저 일을 했습니다.","expression":"c_private","category":"background"},{"text":"그리고 한국으로 돌아와 비영리 단체인 아름다운 가게에서 일을 하였고 그 후 저만의 사업을 열어 저의 수제청 수제잼을 만드는 사업을 원주에서 이 년간 하였습니다.","expression":"c_private","category":"background"},{"text":"그리고 청년 창업을 하여서 청년들과 함께 전통 시장을 이끌어 나가는 일도 하였습니다.","expression":"c_private","category":"background"},{"text":"왜냐하면 경험은 돈으로 주고 살 수도 없다 라고 생각합니다.","expression":"c_value","category":"background"}],"summary":{"text":"저만의 경쟁력은 많은 경험이다 라는 것입니다. 대학교 때부터 많은 경험을 했고, 비영리 단체인 아름다운 가게에서 일을 했으며, 청년 창업을 하여서 청년들과 함께 전통 시장을 이끌어 나가는 일도 했습니다. 이렇게 다양한 경험들을 하였고 더 많은 것들을 보면서 더 많은 인문 지식을 키워서 저의 경쟁력이 높다 라고 말할 수 있겠습니다.","wordCount":48}}},"rawDataInfo":{"question":{"fileFormat":"wav","fileSize":536078,"duration":16750,"samplingBit":16,"channelCount":1,"samplingRate":"16kHz","audioPath":"/Mock/04.RND/Female/New/ckmk_q_rnd_f_n_275548.wav"},"answer":{"fileFormat":"wav","fileSize":2899918,"duration":90620,"samplingBit":16,"channelCount":1,"samplingRate":"16kHz","audioPath":"/Mock/04.RND/Female/New/ckmk_a_rnd_f_n_275548.wav"}}}