{"version":"1.0","dataSet":{"info":{"date":"20230116","occupation":"RND","channel":"MOCK","place":"ONLINE","gender":"FEMALE","ageRange":"-34","experience":"NEW"},"question":{"raw":{"text":"혹시 전공 외에 자신에 수준급의 실력이 될 정도로 노력한 것들이 있나요 있다면 그것이 전공과 관련해서 어떤 도움을 주고 있는지도 궁금합니다","wordCount":20},"emotion":[],"intent":[]},"answer":{"raw":{"text":"전공 외에 수준급 실력이 될 정도로 노력한 것은 저는 그림을 많이 노력을 해 봤습니다. 어 예술 분야에 그렇게 관심이 있는 편은 아니고 단순히 그 그림 선으로 무언가를 그리는 것 자체를 굉장히 좋아하고 또 만화를 좋아하다 보니까 그 캐릭터를 예쁘게 따라 그리고 싶은 마음에 노력을 해 봤던 것 같습니다. 전공과 관련되어서 어떤 도움을 주었는지 아무래도 전공에 관해서 스트레스 받는 일도 많고 제가 제 전공이 능력 발휘를 하지 못하고 또 다른 분께 뒤쳐진다고 생각하면 스트레스를 많이 받았던 편인데 그런 스트레스를 이제 그림을 그리면서 많이 풀었던 것 같아서 네 스트레스를 푸는데 많은 도움을 받았던 것 같습니다.","wordCount":93},"emotion":[],"intent":[{"text":"","expression":"","category":"attitude"}],"summary":{"text":"저는 그림을 그리기 위해 노력을 해왔습니다. 전공과 관련해서는 스트레스를 많이 받았던 편인데 그림을 그리면서 스트레스를 많이 풀었던 것 같아 스트레스를 푸는데 많은 도움을 받았던 것 같습니다.","wordCount":26}}},"rawDataInfo":{"question":{"fileFormat":"wav","fileSize":403918,"duration":12620,"samplingBit":16,"channelCount":1,"samplingRate":"16kHz","audioPath":"/Mock/04.RND/Female/New/ckmk_q_rnd_f_n_178192.wav"},"answer":{"fileFormat":"wav","fileSize":1662798,"duration":51960,"samplingBit":16,"channelCount":1,"samplingRate":"16kHz","audioPath":"/Mock/04.RND/Female/New/ckmk_a_rnd_f_n_178192.wav"}}}