{"version":"1.0","dataSet":{"info":{"date":"20230116","occupation":"RND","channel":"MOCK","place":"ONLINE","gender":"FEMALE","ageRange":"45-54","experience":"NEW"},"question":{"raw":{"text":"연구 개발을 위해서는 지켜야 할 덕목이 몇 가지 있는데요 이 덕목을 제시하고 가장 우선순위부터 차례대로 순위를 매겨서 말씀해 주세요","wordCount":19},"emotion":[],"intent":[]},"answer":{"raw":{"text":"연구 개발을 진행할 때 연구 개발자가 갖춰야 할 덕목은 여러 가지가 있겠습니다. 그중에서 지금 이제 생각나는 대로 먼저 말씀드리면 기초 지식을 많이 쌓아야 할 것 같고 두 번째로는 문제해결 능력이 좋아야 할 것 같습니다. 그리고 좋은 의사소통 능력도 필요할 것 같습니다. 이걸 우선순위로 정하라고 하시면 어 기초 지식을 쌓는 일이 첫 번째 두 번째가 좋은 의사소통능력 세 번째는 문제해결 능력으로 전 정해 보겠습니다.","wordCount":63},"emotion":[],"intent":[{"text":"","expression":"","category":"attitude"}],"summary":{"text":"연구 개발을 진행할 때 연구 개발자가 갖춰야 할 덕목은 기초 지식, 문제해결 능력, 좋은 의사소통 능력이야 말로 우선순위로 정할 수 있습니다.","wordCount":21}}},"rawDataInfo":{"question":{"fileFormat":"wav","fileSize":516558,"duration":16140,"samplingBit":16,"channelCount":1,"samplingRate":"16kHz","audioPath":"/Mock/04.RND/Female/New/ckmk_q_rnd_f_n_185715.wav"},"answer":{"fileFormat":"wav","fileSize":1239118,"duration":38720,"samplingBit":16,"channelCount":1,"samplingRate":"16kHz","audioPath":"/Mock/04.RND/Female/New/ckmk_a_rnd_f_n_185715.wav"}}}