{"version":"1.0","dataSet":{"info":{"date":"20230116","occupation":"RND","channel":"MOCK","place":"ONLINE","gender":"FEMALE","ageRange":"-34","experience":"NEW"},"question":{"raw":{"text":"지원자님이 해외에 파견 근무를 나가게 된다면 어느 나라에서 일을 하고 싶으신가요 그 이유도 말씀해 주시겠습니까","wordCount":15},"emotion":[],"intent":[]},"answer":{"raw":{"text":"아무래도 패션의 본고장인 어 프랑스에서 일을 배워보고 싶습니다. 어 물론 패션과 또 의류 제조는 서로 좀 다른 영역이라고 생각이 들 수 있지만 어 그래도 프랑스에서 어 장인 분들에 어 어떤 노하우를 한 땀 한 땀 이제 녹여서 제작하는 그런 오드 꼬 뛰르의 어떤 재봉 기술이라던가 그분들의 그런 어떤 삶의 지혜들을 좀 많이 두 눈으로 보고 담아오고 싶은 마음이 있습니다. 어 그 외에도 섬유 제작 업체가 많이 이제 밀집되어 있는 베트남이나 뭐 중국 등지에서도 또 다양한 대량 생산의 노하우가 이렇게 담겨있는 것으로 알고 있습니다. 그렇기 때문에 해당 국가에서도 어 나름의 노하우를 배우고 어 재단사로서의 어떤 전문적인 기술을 습득하고 어 제 것으로 만들고 싶은 그런 욕망이 있습니다.","wordCount":105},"emotion":[],"intent":[{"text":"","expression":"","category":"attitude"}],"summary":{"text":"패션의 본고장인 프랑스에서 일을 배워보고 싶습니다. 그 외에도 섬유 제작 업체가 밀집되어 있는 베트남, 중국 등지에서도 어 나름의 노하우를 배우고 전문적인 기술을 습득하고 제 것으로 만들고 싶은 욕망이 있습니다.","wordCount":29}}},"rawDataInfo":{"question":{"fileFormat":"wav","fileSize":412238,"duration":12880,"samplingBit":16,"channelCount":1,"samplingRate":"16kHz","audioPath":"/Mock/04.RND/Female/New/ckmk_q_rnd_f_n_133453.wav"},"answer":{"fileFormat":"wav","fileSize":2258318,"duration":70570,"samplingBit":16,"channelCount":1,"samplingRate":"16kHz","audioPath":"/Mock/04.RND/Female/New/ckmk_a_rnd_f_n_133453.wav"}}}