{"version":"1.0","dataSet":{"info":{"date":"20230116","occupation":"RND","channel":"MOCK","place":"ONLINE","gender":"FEMALE","ageRange":"45-54","experience":"NEW"},"question":{"raw":{"text":"일을 하다 보면 다른 지역에서 업무를 수행하게 될 수도 있습니다 지원자님께서는 타 지역 근무도 문제없이 가능하십니까 대답해 보세요","wordCount":18},"emotion":[],"intent":[]},"answer":{"raw":{"text":"업무를 하다보면 다른 지역에 출장을 가거나 아니면 파견 근무를 가는 경우가 생길 수도 있다는 걸 잘 알고 있습니다. 어 저는 타지역에 근무하는 것에도 문제가 없고 충분히 수행할 수 있습니다. 기존에 저는 어 여행도 많이 다녔고 제가 여러 지역에서 살아본 경험도 있습니다. 또한 저는 어느 지역에 가서든 어느 사람들과도 잘 어울릴 수 있고 적응할 수 있는 어 일명 저는 적응의 동물입니다. 그러타보니 저는 제 업무가 주어지는 어떤 곳이라도 어 그곳에서 저의 업무 능력을 키울 수 있도록 잘 수행할 수 있다고 자부하고 있습니다. 그래서 어 다른 지역 어 해외 근무도 가능하구요. 지방 근무도 제가 갈수 있는 범위에 에서는 충분히 수행할 수 있습니다. 어 일을 하는데 있어서의 다른 지역 근무라는 것이 사실은 어 결혼한 저로서는 좀 부담스럽기도 하지만 어 이미 저는 아이들도 다 커서 성인이 되어 있기 때문에 저에게 주어지는 어떤 일이라도 잘 수행할 수 있게 그렇게 조건을 만들어 보도록 하겠습니다.","wordCount":138},"emotion":[],"intent":[{"text":"","expression":"","category":"attitude"}],"summary":{"text":"저는 적응의 동물이고 업무가 주어지는 곳 어디든지 잘 수행할 수 있다고 자부합니다. 그래서 다른 지역 해외 근무도 가능하고 지방 근무도 제가 갈 수 있는 범위에서는 충분히 할 수 있습니다. 다른 지역 근무가 부담스럽기도 하지만 아이들이 커서 어떤 일이라도 잘 수행할수 있게 조건을 만들어 보겠습니다.","wordCount":44}}},"rawDataInfo":{"question":{"fileFormat":"wav","fileSize":639438,"duration":19980,"samplingBit":16,"channelCount":1,"samplingRate":"16kHz","audioPath":"/Mock/04.RND/Female/New/ckmk_q_rnd_f_n_142144.wav"},"answer":{"fileFormat":"wav","fileSize":2749518,"duration":85920,"samplingBit":16,"channelCount":1,"samplingRate":"16kHz","audioPath":"/Mock/04.RND/Female/New/ckmk_a_rnd_f_n_142144.wav"}}}