{"version":"1.0","dataSet":{"info":{"date":"20230116","occupation":"RND","channel":"MOCK","place":"ONLINE","gender":"FEMALE","ageRange":"-34","experience":"NEW"},"question":{"raw":{"text":"평소에 검색을 자주 하시는 편이라면 어떤 검색을 주로 하시는지 그 검색을 왜 하시는지 말씀해 주시기 바랍니다","wordCount":16},"emotion":[],"intent":[]},"answer":{"raw":{"text":"저는 평소에 검색을 굉장히 자주 합니다. 어 주로 그날 그날 궁금한 상황들에 대해서 검색을 하는데요. 날씨가 왜 이런지 저 동물은 왜 저렇게 행동을 하는 건지 이 공부를 하다가 단어가 궁금해서 검색을 한 적이 있고요. 또 어떠한 뉴스가 궁금해서 검색을 한 적이 있습니다. 이런 검색을 하다 보면은 제 지식의 폭이 넓어진다는 것을 체감할 수 있더라고요. 검색을 하면 정말 다양한 정보를 한눈에 파악할 수 있고요. 제가 원하는 정보를 한 번에 얻을 수 있어서 저는 이 검색 기능을 굉장히 유용하고 잘 쓰고 있습니다. 서 주로 궁금한 게 있으면 검색을 하는 편이고 궁금한 게 없더라도 무료한 일이 생기면은 그날 그날 궁금하거나 이슈 상황에 대해서 주로 검색을 하곤 합니다.","wordCount":104},"emotion":[],"intent":[{"text":"","expression":"","category":"attitude"}],"summary":{"text":"저는 검색을 굉장히 자주 하는데, 다양한 정보를 한눈에 파악할 수 있고 원하는 정보를 한 번에 얻을 수 있어서 굉장히 유용하고 잘 쓰고 있습니다. 주로 궁금한 게 있으면 검색을 하는 편이고, 무료한 일이 생기면은 그날 그날 궁금하거나 이슈 상황에 대해서 주로 검색을 하곤 합니다.","wordCount":43}}},"rawDataInfo":{"question":{"fileFormat":"wav","fileSize":431438,"duration":13480,"samplingBit":16,"channelCount":1,"samplingRate":"16kHz","audioPath":"/Mock/04.RND/Female/New/ckmk_q_rnd_f_n_290514.wav"},"answer":{"fileFormat":"wav","fileSize":2072398,"duration":64760,"samplingBit":16,"channelCount":1,"samplingRate":"16kHz","audioPath":"/Mock/04.RND/Female/New/ckmk_a_rnd_f_n_290514.wav"}}}