{"version":"1.0","dataSet":{"info":{"date":"20230116","occupation":"RND","channel":"MOCK","place":"ONLINE","gender":"FEMALE","ageRange":"45-54","experience":"NEW"},"question":{"raw":{"text":"소통 능력을 키우기 위해서는 어떤 일을 할 수 있을까요 지원자분께서 생각나시는 방법들을 자세하게 설명해 주시기 바랍니다","wordCount":16},"emotion":[],"intent":[]},"answer":{"raw":{"text":"소통 능력을 키우기 위해서 할 수 있는 일은 먼저 잘 듣는 일인 것 같습니다. 소통을 한다 라는 것은 상대방과 나의 대화나 어떤 마음이 서로 통하는 것을 말하는데요. 그럴려면 일단 귀를 열고 상대방의 말을 잘 들어줘야 한다고 생각합니다. 그렇게 들음으로 인해서 상대방과 나의 의견과 말이 일치되는 부분과 그렇지 않은 부분을 찾아낼 수 있고 그것을 통해서 서로 보완해 나가거나 아니면 토론할 수 있다고 생각합니다. 또한 그렇게 귀를 열어서 이야기를 들은 다음에는 그 이야기에 공감할 수 있는 공감 능력 또한 필요하다고 생각합니다. 공감을 한다 라는 건 그 사람의 마음으로 나도 어 젖어들어서 이해하는 거라고 생각이 되는데요. 어 충분히 그 사람의 마음을 받아들여주고 이해해주다 보면 어 대화가 서로 잘 통하기도 하고 어 일도 더 잘 진행될 수 있다고 생각합니다. 그래서 소통 능력을 키우기 위해선 먼저 듣는 연습과 그리고 듣고 그 이야기에 공감할 수 있는 그런 능력을 키워야 한다고 생각합니다.","wordCount":135},"emotion":[],"intent":[{"text":"","expression":"","category":"attitude"}],"summary":{"text":"소통을 하려면 먼저 귀를 열고 상대방의 말을 잘 들어줘야 합니다. 그래야 서로의 의견과 말이 일치하는 부분과 그렇지 않은 부분을 찾아낼 수 있고, 그것을 통해 서로 보완해 나가거나 토론할 수 있습니다. 또한 그 이야기에 공감할 수 있는 공감 능력 또한 필요하다고 생각합니다.","wordCount":41}}},"rawDataInfo":{"question":{"fileFormat":"wav","fileSize":361358,"duration":11290,"samplingBit":16,"channelCount":1,"samplingRate":"16kHz","audioPath":"/Mock/04.RND/Female/New/ckmk_q_rnd_f_n_149463.wav"},"answer":{"fileFormat":"wav","fileSize":2846798,"duration":88960,"samplingBit":16,"channelCount":1,"samplingRate":"16kHz","audioPath":"/Mock/04.RND/Female/New/ckmk_a_rnd_f_n_149463.wav"}}}