{"version":"1.0","dataSet":{"info":{"date":"20230116","occupation":"RND","channel":"MOCK","place":"ONLINE","gender":"FEMALE","ageRange":"-34","experience":"NEW"},"question":{"raw":{"text":"혹시 매일 공부하고 있는 분야가 있으신가요 있다면 그것은 무엇이고 왜 그것을 공부하고 계시는지도 함께 말씀 부탁드립니다","wordCount":16},"emotion":[],"intent":[]},"answer":{"raw":{"text":"저는 매일 고양이에 대해 공부하고 있습니다. 저희 집에는 두 마리의 고양이가 있습니다. 두 마리의 고양이는 각각 다섯 살 네 살이 되는데요. 저랑 이렇게 함께 한 시간이 늘어나면서 이런 고양이들의 습성 특징 그리고 아플 때 질병 어떠한 것을 먹는지에 대한 궁금증이 생기더라구요. 그러다 보니 매일매일 자연스럽게 고양이에 대한 정보를 탐색하게 되었고요. 이런 고양이의 정보를 알면 알수록 저희 아이들에 대한 이해도가 높아지고 어 고양이가 식빵 굽는 자세를 하네. 고양이가 이런 걸 먹는구나. 어 이런 음식을 좋아하는구나. 이렇게 놀아주면 정말 기뻐하는구나 라는 저희 집 아이들을 관찰하면서 고양이에 대한 공부를 하면서 이런 아이들과 유대감을 형성할 수 있고 이해도가 높아짐에 매일매일 감사하기 때문에 고양이에 대해 공부를 하고 있습니다.","wordCount":103},"emotion":[],"intent":[{"text":"","expression":"","category":"attitude"}],"summary":{"text":"고양이의 습성, 질병, 먹이사에 대한 정보를 탐색하다 보니 아이들의 유대감 형성과 이해도가 높아져서 매일 고양이에 대해 공부하고 있습니다.","wordCount":18}}},"rawDataInfo":{"question":{"fileFormat":"wav","fileSize":615118,"duration":19220,"samplingBit":16,"channelCount":1,"samplingRate":"16kHz","audioPath":"/Mock/04.RND/Female/New/ckmk_q_rnd_f_n_265996.wav"},"answer":{"fileFormat":"wav","fileSize":2113358,"duration":66040,"samplingBit":16,"channelCount":1,"samplingRate":"16kHz","audioPath":"/Mock/04.RND/Female/New/ckmk_a_rnd_f_n_265996.wav"}}}