{"version":"1.0","dataSet":{"info":{"date":"20230116","occupation":"RND","channel":"MOCK","place":"ONLINE","gender":"FEMALE","ageRange":"-34","experience":"NEW"},"question":{"raw":{"text":"만약 본인이 내일 죽는다는 사실을 지금 알게 된다면 당장 무엇을 할 건가요 이 면접은 끝까지 계속 보실 건가요","wordCount":18},"emotion":[],"intent":[]},"answer":{"raw":{"text":"제가 어렸을 때부터 꿈꿔 왔던 기업이기 때문에 어 제가 내일 그렇게 된다고 하더라도 면접을 끝까지 보고 어 제 열정을 그리고 제가 지금까지 준비해 왔던 그런 노력들을 보여드리고 저는 면접을 끝까지 꼭 볼 것 같습니다. 그다음으로는 제가 꼭 하고 싶었던 버킹 리스트들이 있는데요. 세계 여행을 하는 것이었습니다. 아무래도 세계 여행을 하루만에 할 수 있는 것은 아니기 때문에 뭐 음악이나 영상 또는 책을 통해서 다양한 세계와 다양한 사람들을 접하면서 많은 생각과 인생에 대해 좀 통달을 하는 그런 경험을 한번 해보고 싶습니다. 물론 지금 할 수 있는 것들입니다. 어 지금도 충분히 할 수 있는 것이겠지만 마음가짐이 다르다고 생각을 합니다. 어 그래서 저는 중요한 게 늘 마음가짐이라고 생각을 하는데요. 늘 오늘이 마지막이라는 마음을 가지고 살아간다면 하루하루가 달라질 거라고 생각을 하고 있고 저도 그렇게 충실히 하루하루를 살아가고 있습니다.","wordCount":123},"emotion":[],"intent":[{"text":"","expression":"","category":"attitude"}],"summary":{"text":"저는 어렸을 때부터 꿈꿔 왔던 기업이기 때문에 면접을 끝까지 보고 열정을 보여주고 싶습니다. 세계 여행을 하고 싶었는데 음악을 통해 다양한 세계와 사람들을 접하면서 많은 생각과 인생에 대해 통달을 하는 경험을 한번 해보고 싶습니다. 그래서 저는 늘 마음가짐이 다르다고 생각을 합니다.","wordCount":40}}},"rawDataInfo":{"question":{"fileFormat":"wav","fileSize":304718,"duration":9520,"samplingBit":16,"channelCount":1,"samplingRate":"16kHz","audioPath":"/Mock/04.RND/Female/New/ckmk_q_rnd_f_n_262535.wav"},"answer":{"fileFormat":"wav","fileSize":2320078,"duration":72500,"samplingBit":16,"channelCount":1,"samplingRate":"16kHz","audioPath":"/Mock/04.RND/Female/New/ckmk_a_rnd_f_n_262535.wav"}}}