{"version":"1.0","dataSet":{"info":{"date":"20230116","occupation":"RND","channel":"MOCK","place":"ONLINE","gender":"FEMALE","ageRange":"-34","experience":"NEW"},"question":{"raw":{"text":"지원자분께서는 사람들과 협업을 하셨던 경험이 있으실 텐데 그와 같은 협업 과정에서 가장 어려웠던 점이 있으시다면 그게 무엇이고 그리고 어떻게 극복하셨는지 이야기해 주시면 좋겠습니다","wordCount":23},"emotion":[],"intent":[]},"answer":{"raw":{"text":"저는 협업을 할 때 협업팀과의 갈등을 일으키지 않는 것이 가장 중요하다고 생각합니다. 갈등이 생기면 아무래도 가장 힘든 일이 될 것이라고 생각합니다. 갈등이 생기게 되면 업무 지능에도 영향을 줄 뿐만 아니라 신뢰에도 치명적인 영향을 줄 것입니다. 신뢰가 중요한 협업에서 갈등이야말로 가장 경계해야 하는 대상입니다. 만약 팀원과 불화가 생긴다면 일단 잠신간 각자 개인적으로 생각 정리 할 시간을 가질 것입니다. 당장에는 적절한 판단을 하기 어려울 것이기 때문에 저는 그러한 조치를 취할 것입니다. 그 후 제가 먼저 다가가서 서로의 의견에 대한 장점과 차이점을 객관적으로 나열해 보고 앞으로 팀을 위해서 어떤 것이 더 선택이 나을지 다시 처음부터 대화를 풀어나갈 볼 것입니다. 마치 꼬였던 실타래를 천천히 꼬인 부분부터 풀어나가듯이 진행하다 보면 그 과정에서 분명 더 두터운 신뢰가 형성될 것이라고 믿습니다.","wordCount":114},"emotion":[],"intent":[{"text":"만약 팀원과 불화가 생긴다면 일단 잠신간 각자 개인적으로 생각 정리 할 시간을 가질 것입니다.","expression":"c_confl_mg","category":"personality"}],"summary":{"text":"협업을 할 때 협업팀과의 갈등을 일으키지 않는 것이 가장 중요합니다. 갈등이 생기면 업무 지능 뿐만 아니라 신뢰에도 치명적인 영향을 줄 것입니다. 만약 팀원과 불화가 생긴다면 일단 개인적으로 생각 정리 시간을 가질 것입니다. 그 후 서로의 의견에 대한 장점과 차이점을 객관적으로 나열해 보고 대화를 풀어나갈 것입니다.","wordCount":45}}},"rawDataInfo":{"question":{"fileFormat":"wav","fileSize":600718,"duration":18770,"samplingBit":16,"channelCount":1,"samplingRate":"16kHz","audioPath":"/Mock/04.RND/Female/New/ckmk_q_rnd_f_n_261106.wav"},"answer":{"fileFormat":"wav","fileSize":2266958,"duration":70840,"samplingBit":16,"channelCount":1,"samplingRate":"16kHz","audioPath":"/Mock/04.RND/Female/New/ckmk_a_rnd_f_n_261106.wav"}}}