{"version":"1.0","dataSet":{"info":{"date":"20230116","occupation":"RND","channel":"MOCK","place":"ONLINE","gender":"FEMALE","ageRange":"-34","experience":"NEW"},"question":{"raw":{"text":"지금까지 여러 대외활동을 경험해 보셨을 텐데 대외활동에서 무엇을 배웠고 어떤 자세로 임하셨는지 말씀해 주시기 바랍니다","wordCount":15},"emotion":[],"intent":[]},"answer":{"raw":{"text":"저는 주로 대외 활동으로 공모전을 준비하는 모임에 들어가서 왕성한 활동을 해 왔습니다. 아이디어 공모전 분야로 많은 준비와 그리고 출품 경험을 해 왔고 또 주로 팀을 이루어서 업무 분담을 했습니다. 대외 활동을 하면서 가장 크게 느꼈던 것은 바로 제가 하기 나름이라는 것이었습니다. 잘 모르는 사람들과 어울려서 그 사람의 성향을 파악하고 함께 공동 목표를 향해서 작업하는 것은 쉬운 일이 아니었습니다. 서로에 대해 잘 모르기 때문에 오히려 알기 위해서 개방적인 자세로 활동을 해 왔고 덕분에 다양한 사람들과 스스럼 없이 활동할 수 있는 기회를 더 얻어낼 수 있었던 것 같습니다. 대외적으로도 보다 더 적근적인 자세로 성격과 마인드가 바뀌게 되었던 거 같습니다.","wordCount":97},"emotion":[],"intent":[{"text":"저는 주로 대외 활동으로 공모전을 준비하는 모임에 들어가서 왕성한 활동을 해 왔습니다.","expression":"c_private","category":"background"}],"summary":{"text":"저는 주로 공모전을 준비하는 모임에서 왕성하게 활동을 해 왔는데, 주로 팀을 이루어서 업무 분담을 했습니다. 대외적으로도 적근적인 자세로 활동하면서 성격과 마인드가 바뀌게 되었던 거 같습니다.","wordCount":25}}},"rawDataInfo":{"question":{"fileFormat":"wav","fileSize":377678,"duration":11800,"samplingBit":16,"channelCount":1,"samplingRate":"16kHz","audioPath":"/Mock/04.RND/Female/New/ckmk_q_rnd_f_n_261108.wav"},"answer":{"fileFormat":"wav","fileSize":1859918,"duration":58120,"samplingBit":16,"channelCount":1,"samplingRate":"16kHz","audioPath":"/Mock/04.RND/Female/New/ckmk_a_rnd_f_n_261108.wav"}}}