{"version":"1.0","dataSet":{"info":{"date":"20230116","occupation":"RND","channel":"MOCK","place":"ONLINE","gender":"FEMALE","ageRange":"45-54","experience":"NEW"},"question":{"raw":{"text":"학교에서나 혹은 전 직장에서 지원자님께서 본인이 현재 가지고 있는 위치보다 어려운 목표를 달성한 적이 있다면 그 경험에 대해서 말씀해 주세요","wordCount":20},"emotion":[],"intent":[]},"answer":{"raw":{"text":"제가 지금 제 위치에서 보다 어려운 목표를 달성한 적이 있는지 곰곰이 생각해보면 일단 기준적으로 제가 하는 일을 예를 들어보겠습니다. 저의 하는 일은 영업 판매 쪽입니다. 영업 판매는 우리가 살아가면서 회사에서 주어진 기준점이 있겠지만 그 기준점을 목표로 삼고 구 위를 달려갈려다 하다 보면 그 외에 것들이 많이 발생하게 됩니다. 그 목포를 달성하고 나면 그 다음 윗 단계를 생각하게 되는데요. 거기에 대해서 내가 얼마나 노력하는지 얘기할 수 있습니다.","wordCount":66},"emotion":[],"intent":[{"text":"","expression":"","category":"attitude"}],"summary":{"text":"기준적으로 제가 하는 일은 영업 판매인데 기준을 목표로 삼다 보면 다른 것들이 많이 발생합니다. 목포를 달성하고 나면 다음 윗 단계를 생각하게 되는데 거기에 대해 제가 얼마나 노력하는지 말할 수 있습니다.","wordCount":30}}},"rawDataInfo":{"question":{"fileFormat":"wav","fileSize":586958,"duration":18340,"samplingBit":16,"channelCount":1,"samplingRate":"16kHz","audioPath":"/Mock/04.RND/Female/New/ckmk_q_rnd_f_n_115557.wav"},"answer":{"fileFormat":"wav","fileSize":1922638,"duration":60080,"samplingBit":16,"channelCount":1,"samplingRate":"16kHz","audioPath":"/Mock/04.RND/Female/New/ckmk_a_rnd_f_n_115557.wav"}}}