{"version":"1.0","dataSet":{"info":{"date":"20230116","occupation":"RND","channel":"MOCK","place":"ONLINE","gender":"FEMALE","ageRange":"-34","experience":"NEW"},"question":{"raw":{"text":"다른 계열사도 굉장히 많은데요 왜 저희 계열사에 지원해 주셨는지 궁금합니다 지원자님만의 어떤 특별한 이유가 있다면 솔직한 지원 동기 말씀해 주세요","wordCount":20},"emotion":[],"intent":[]},"answer":{"raw":{"text":"제가 이 계열사에 지원한 이유는 바로 이것 때문입니다. 저는 어릴 때부터 이 회사의 만화를 보고 자라왔습니다. 어릴 때 놀이터에서 흙을 파고 친구들과 신나게 놀다가도 저녁 여섯 시만 되면 집으로 들어와 이 만화를 보곤 했습니다. 이 만화가 저에게는 꿈과 희망이자 하나의 놀이였습니다. 이 만화를 보면서 놀이를 하기도 하고 동생과 쌓은 추억이 굉장히 많습니다. 이 만화는 지금까지도 시즌이 잘 이어져 있다고 생각을 하는데요. 특히나 최근에는 캐릭터 스티커까지 다시 나오게 되면서 많은 인기를 얻고 있죠. 저에게는 꿈과 희망이자 하나의 추억이라고 생각을 합니다. 대표적으로 이 만화를 들었지만 이 만화 말고도 저는 가지고 있는 추억이 많습니다. 저의 추억과 희망과 사랑을 이제는 이 회사에서 기여를 하고 싶습니다. 제 꿈을 펼칠 기회를 주신다면 저는 기꺼이 회사에 크게 이바지하고 싶습니다. 지금까지 저는 지원자였습니다. 감사합니다.","wordCount":116},"emotion":[],"intent":[{"text":"저의 추억과 희망과 사랑을 이제는 이 회사에서 기여를 하고 싶습니다.","expression":"c_sincere_co","category":"etc"},{"text":"제 꿈을 펼칠 기회를 주신다면 저는 기꺼이 회사에 크게 이바지하고 싶습니다.","expression":"c_sincere_co","category":"etc"}],"summary":{"text":"어릴 적부터 즐겨보던 이 회사의 만화는 저에게는 꿈과 희망이자 하나의 추억이 되었습니다. 이 만화 외에 가지고 있는 추억과 희망과 사랑을 이 회사에서 기여를 한다면 기꺼이 회사에 크게 이바지하고 싶습니다. ","wordCount":29}}},"rawDataInfo":{"question":{"fileFormat":"wav","fileSize":637518,"duration":19920,"samplingBit":16,"channelCount":1,"samplingRate":"16kHz","audioPath":"/Mock/04.RND/Female/New/ckmk_q_rnd_f_n_272869.wav"},"answer":{"fileFormat":"wav","fileSize":3755278,"duration":117350,"samplingBit":16,"channelCount":1,"samplingRate":"16kHz","audioPath":"/Mock/04.RND/Female/New/ckmk_a_rnd_f_n_272869.wav"}}}