{"version":"1.0","dataSet":{"info":{"date":"20230116","occupation":"RND","channel":"MOCK","place":"ONLINE","gender":"FEMALE","ageRange":"-34","experience":"NEW"},"question":{"raw":{"text":"다음 질문 드리겠습니다 일을 하다 보면 영어로 서류를 작성해야 할 일이 종종 생기곤 합니다 이 때 영어로 서류를 작성하실 수 있으신가요","wordCount":21},"emotion":[],"intent":[]},"answer":{"raw":{"text":"네 영어로 서류 작성하는 것 어 예전에 그 필리핀에서 몇 년 간의 어학 연수를 다녀온 경험이 있기도 하고 또 운 좋게 공모전 선정이 되어서 어 대상의 어떤 수상 기념으로 미국의에 일 년간 어학 연수를 다녀올 수 있는 특전을 좀 받았기 때문에 어 그러한 이제 어학 연수에서에 어떤 경험을 살려서 미국에서의 어 그 해당 영어를 좀 써볼 수 있는 귀중한 기회가 있었고 감사하게도 그런 일련의 경험들 덕분에 운 좋게도 제가 어 영어로 서류를 작성하는 그런 업무 정도는 원활하게 처리할 수 있는 역량을 갖출 수 있다 자신하고 있습니다.","wordCount":86},"emotion":[],"intent":[{"text":"","expression":"","category":"attitude"}],"summary":{"text":"필리핀 어학연수 경험, 공모전 선정으로 미국 어학 연수 특전을 받고 그 경험을 살려서 미국에서의 해당 영어를 써볼 수 있게 되었습니다. 덕분에 영어로 서류 작성 역량을 갖출 수 있을 것 같습니다.","wordCount":30}}},"rawDataInfo":{"question":{"fileFormat":"wav","fileSize":491278,"duration":15350,"samplingBit":16,"channelCount":1,"samplingRate":"16kHz","audioPath":"/Mock/04.RND/Female/New/ckmk_q_rnd_f_n_133459.wav"},"answer":{"fileFormat":"wav","fileSize":1664718,"duration":52020,"samplingBit":16,"channelCount":1,"samplingRate":"16kHz","audioPath":"/Mock/04.RND/Female/New/ckmk_a_rnd_f_n_133459.wav"}}}