{"version":"1.0","dataSet":{"info":{"date":"20230116","occupation":"RND","channel":"MOCK","place":"ONLINE","gender":"FEMALE","ageRange":"-34","experience":"NEW"},"question":{"raw":{"text":"만약 본인이 하고 싶은 직무 말고 다른 직무를 맡게 된다면 그때는 어떻게 하실 건가요 그래도 괜찮으신가요","wordCount":16},"emotion":[],"intent":[]},"answer":{"raw":{"text":"저는 생각을 해 본 적이 없는데요. 그래도 괜찮을 것 같습니다. 사실 물론 제가 원하는 직무를 하게 된다면 좋을 것 같은데 다른 직무를 맡게 되는 건 회사의 상황 때문이라고 생각합니다. 뭐 그 직무를 지원한 사람들이 많아서 제가 다른 직무를 맡게 될 수도 있고 아니면 제 이력서나 제 면접을 고려했을 때 그 직무가 아닌 다른 직무에 조금 더 적합하다고 생각해서 그쪽에 배정될 수도 있는 부분이기 때문입니다. 그렇기 때문에 저는 굳이 다른 직무를 맡게 된다 면 그것도 괜찮을 것 같습니다. 무엇을 하든 간에 회사에 도움이 되는 것이고 회사에서 일을 하는 것이고 무엇인가를 배울 수 있는 부분이기 때문에 저는 제가 맡은 직무가 아닌 다른 직무를 일하게 돼도 괜찮습니다. 물론 그것이 아니라 제가 원하던 직무군을 선택하게 될 때가 조금 더 좋겠지만 굳이 그 부분을 맡지 못하게 된다고 하더라도 저는 크게 불평하거나 불만이 생기지는 않을 것 같습니다. 그러다 언젠가는 제가 해보고 싶었던 일을 맡게 될 수도 있는 것이고 무엇이든 배우는 것에서 기쁨을 찾는 편이라 저는 충분히 회사에서 맡긴 저의 직군에 따라서 그 일을 배우고 그 일에서 성취감을 얻으면서 발전시키려고 노력할 것 같습니다.","wordCount":166},"emotion":[],"intent":[{"text":"그렇기 때문에 저는 굳이 다른 직무를 맡게 된다 면 그것도 괜찮을 것 같습니다.","expression":"c_adp","category":"personality"},{"text":"무엇을 하든 간에 회사에 도움이 되는 것이고 회사에서 일을 하는 것이고 무엇인가를 배울 수 있는 부분이기 때문에 저는 제가 맡은 직무가 아닌 다른 직무를 일하게 돼도 괜찮습니다.","expression":"c_adp","category":"personality"},{"text":"그러다 언젠가는 제가 해보고 싶었던 일을 맡게 될 수도 있는 것이고 무엇이든 배우는 것에서 기쁨을 찾는 편이라 저는 충분히 회사에서 맡긴 저의 직군에 따라서 그 일을 배우고 그 일에서 성취감을 얻으면서 발전시키려고 노력할 것 같습니다.","expression":"c_adp","category":"personality"}],"summary":{"text":"저는 회사가 원하는 직무를 하게 되면 좋겠지만 다른 직무를 맡게 되는 건 회사 상황 때문이라고 생각합니다. 무엇을 하든 회사에 도움이 되는 것이고 회사에서 일을 하는 것이고 무엇인가를 배울 수 있는 부분이기 때문에 저는 제가 맡은 직무가 아닌 다른 직무에서 일하게 되어도 괜찮습니다.","wordCount":42}}},"rawDataInfo":{"question":{"fileFormat":"wav","fileSize":352398,"duration":11010,"samplingBit":16,"channelCount":1,"samplingRate":"16kHz","audioPath":"/Mock/04.RND/Female/New/ckmk_q_rnd_f_n_275881.wav"},"answer":{"fileFormat":"wav","fileSize":3154638,"duration":98580,"samplingBit":16,"channelCount":1,"samplingRate":"16kHz","audioPath":"/Mock/04.RND/Female/New/ckmk_a_rnd_f_n_275881.wav"}}}