{"version":"1.0","dataSet":{"info":{"date":"20230116","occupation":"RND","channel":"MOCK","place":"ONLINE","gender":"FEMALE","ageRange":"-34","experience":"NEW"},"question":{"raw":{"text":"시간이 촉박한 상황이 생기게 되면 어떤 방법으로 시간 관리를 하시나요 본인의 시간 관리법에 대해서 말씀해 주세요","wordCount":16},"emotion":[],"intent":[]},"answer":{"raw":{"text":"시간이 촉박한 상황이 생기면 저는 무조건 스케줄러를 했습니다. 왜냐하면 시간이 촉박한 상황일수록 놓치는 것이 많을 수 있습니다. 그래서 스케줄러를 조금 더 세부적으로 쓰는 편입니다. 무엇이 언제까지 해야 되는지 정확히 스케줄 표를 짭니다. 그에 맞춰서 해야 되는 일을 정확히 적어 놓고 그 시간표에 따르려고 노력합니다. 시간이 촉박해서 긴장하거나 당황해서 놓치는 일이 없도록 미리미리 준비하고 미리미리 계획해서 시간을 관리합니다. 시간 스케줄 표를 잘 쓰다 보면은 해야 될 일을 다 마무리하는 경우가 많고 그렇게 하면 만족감도 더 높아지고 그리고 일에 대한 효율성도 높아진다 라고 생각합니다. 그리고 스케줄러에 있는 것들을 모두 다 한 후에는 더 해야 할 일들을 하거나 미리 그 다른 일들을 하거나 이런 식으로 관리할 수 있기 때문에 투두 리스트와 시간 스케줄 표가 필수라고 생각합니다. 시간 스케줄 표대로 투두 리스트를 작성하고 그것을 해결해 나가다 보면은 시간에 맞게 항상 프로젝트를 마칠 수 있었습니다. 그래서 저는 스케줄 표가 저의 관리법이라고 말씀드리겠습니다.","wordCount":137},"emotion":[],"intent":[{"text":"","expression":"","category":"attitude"}],"summary":{"text":"스케줄러를 조금 더 세부적으로 쓰는 편인데 무엇이 언제까지 해야 되는지 정확히 스케줄표를 짰습니다. 그에 맞춰서 해야 되는 일을 정확히 적어 놓고 그 시간표에 따르려고 노력합니다. 시간 스케줄표를 잘 쓰다 보면 해야 될 일을 다 마무리하는 경우가 많고 그렇게 하면 만족감도 더 높아지고 일에 대한 효율성도 높아집니다.","wordCount":46}}},"rawDataInfo":{"question":{"fileFormat":"wav","fileSize":321998,"duration":10060,"samplingBit":16,"channelCount":1,"samplingRate":"16kHz","audioPath":"/Mock/04.RND/Female/New/ckmk_q_rnd_f_n_275713.wav"},"answer":{"fileFormat":"wav","fileSize":2846158,"duration":88940,"samplingBit":16,"channelCount":1,"samplingRate":"16kHz","audioPath":"/Mock/04.RND/Female/New/ckmk_a_rnd_f_n_275713.wav"}}}