{"version":"1.0","dataSet":{"info":{"date":"20230116","occupation":"RND","channel":"MOCK","place":"ONLINE","gender":"FEMALE","ageRange":"45-54","experience":"NEW"},"question":{"raw":{"text":"지원자님만 가지고 있는 상위 일 퍼센트의 능력이 있다면 그 능력을 최대한 자세히 설명해 주세요","wordCount":14},"emotion":[],"intent":[]},"answer":{"raw":{"text":"제가 가지고 있는 다른 사람들과 다른 상위 일 퍼센트 정도의 능력이라고 한다면 어 어떤 내용을 전달하는 거에 있는 것 같습니다. 그 어 저는 현재 어 덕수궁에서 어 야경 해설을 진행하고 있는데요. 그러다보니 사실 준비하는 과정은 힘들었지만 어 많은 역사나 문화에 관한 내용을 두 시간 정도 어 여러 고객들에게 설명을 해드리고 있습니다. 즉 해설이죠. 어 준비하는 과정 너무 힘들었습니다. 하지만 그 내용을 무조건 외워서 전달하는 게 아니라 그 내용을 모두 제 것으로 만든 다음에 상대방에게 정말 이해하기 쉽게 쉬운 말로 그다음에 거기에 또 재미를 덧붙여서 설명을 해 드리다 보니 그분들께서 어 돌아가셔서 후기를 많이 남겨주고 계신데요. 그 후기를 대부분의 내용들을 보면 정말 쉽게 알기 쉽게 귀에 쏙쏙 들어오게 설명을 해주신다고 하시면서 굉장히 좋아하시는 걸 보고 제가 보람을 많이 느끼고 있습니다. 그래서 어 제가 가지고 있는 능력 중에 정말 뛰어난 능력 중의 하나라고 하면 이야기를 전달하는 데 있지 않나 싶습니다. 그게 저의 상위 일 프로의 능력이라고 생각합니다.","wordCount":145},"emotion":[{"text":"그 후기를 대부분의 내용들을 보면 정말   쉽게 알기 쉽게 귀에 쏙쏙 들어오게 설명을 해주신다고 하시면서 굉장히 좋아하시는   걸 보고 제가 보람을 많이 느끼고 있습니다.","expression":"p-achievement","category":"positive"}],"intent":[{"text":"","expression":"","category":"attitude"}],"summary":{"text":"저는 현재 덕수궁에서 야경 해설을 진행하면서 많은 역사나 문화에 관한 내용을 두 시간 정도 고객들에게 설명을 해 드리고 있습니다. 그 내용을 모두 제 것으로 만들고 상대방에게 이해하기 쉽게 쉬운 말로 그리고 재미를 덧붙여서 설명을 해 드리다 보니 돌아가신 분들께서 후기를 많이 남겨주고 계십니다. 제가 가진 능력 중 가장 뛰어난 능력 중 하나는 이야기를 전달하는 거라 생각합니다.","wordCount":56}}},"rawDataInfo":{"question":{"fileFormat":"wav","fileSize":338318,"duration":10570,"samplingBit":16,"channelCount":1,"samplingRate":"16kHz","audioPath":"/Mock/04.RND/Female/New/ckmk_q_rnd_f_n_142043.wav"},"answer":{"fileFormat":"wav","fileSize":2752078,"duration":86000,"samplingBit":16,"channelCount":1,"samplingRate":"16kHz","audioPath":"/Mock/04.RND/Female/New/ckmk_a_rnd_f_n_142043.wav"}}}