{"version":"1.0","dataSet":{"info":{"date":"20230116","occupation":"RND","channel":"MOCK","place":"ONLINE","gender":"FEMALE","ageRange":"-34","experience":"NEW"},"question":{"raw":{"text":"혼자 하는 과제와 협업하는 과제가 있습니다 이 둘 중에서 어떤 것을 더 선호하시는지 말씀해 주시고 이유와 함께 설명해 주시기 바랍니다","wordCount":20},"emotion":[],"intent":[]},"answer":{"raw":{"text":"저는 혼자 하는 과제를 좀 더 선호합니다. 물론 협업하는 과제도 가치가 있고 어 너무 좋아하고 잘 할 수 있지만 혼자 하는 과제를 통해서 제가 어느 정도의 능력을 가지고 있고 또 어떤 점이 부족한지를 오히려 더 잘 알 수 있기 때문에 혼자 하는 과제를 통해서 그런 것을 깨닫고 더 저를 더 완성시키고 발전해 나가게 하고 싶습니다. 어 그렇게 제가 충분히 능력이 갖춰져 있다고 생각이 들 때 그때 협업을 하면서 제가 오히려 다른 사람들에게 도움을 주는 어 그런 역할을 해보고 싶습니다. 어 그래서 지금은 제가 조금은 능력이 어 선배님들보다는 당연히 부족하기 때문에 최대한 많은 능력을 키운 다음에 어 그리고 부족한 점이 어떤 것인지를 알 수 있는 혼자 하는 과제를 선택할 수 있을 것 같습니다.","wordCount":112},"emotion":[],"intent":[{"text":"","expression":"","category":"attitude"}],"summary":{"text":"협업하는 과제도 가치가 있지만, 저는 혼자 하는 과제를 더 선호합니다. 협업을 하면서 다른 사람들에게 도움을 주는 역할을 해보고 싶습니다. 최대한 많이 능력을 키우고, 부족한 점을 알 수 있는 혼자하는 과제를 선택할 수 있을 것 같습니다.","wordCount":35}}},"rawDataInfo":{"question":{"fileFormat":"wav","fileSize":385678,"duration":12050,"samplingBit":16,"channelCount":1,"samplingRate":"16kHz","audioPath":"/Mock/04.RND/Female/New/ckmk_q_rnd_f_n_262536.wav"},"answer":{"fileFormat":"wav","fileSize":1783758,"duration":55740,"samplingBit":16,"channelCount":1,"samplingRate":"16kHz","audioPath":"/Mock/04.RND/Female/New/ckmk_a_rnd_f_n_262536.wav"}}}