{"version":"1.0","dataSet":{"info":{"date":"20230116","occupation":"RND","channel":"MOCK","place":"ONLINE","gender":"FEMALE","ageRange":"45-54","experience":"NEW"},"question":{"raw":{"text":"어떤 문제에 부딪쳤을 때 혼자 해결하는 편이십니까 혹은 여러 사람들에게 이야기를 하시는 편이십니까","wordCount":13},"emotion":[],"intent":[]},"answer":{"raw":{"text":"어 예전에는 문제에 부딪쳤을 때 혼자 고민하고 생각하고 또 그 생각에 몇 시간씩 빠져내면서 문제를 해결하려고 저 끙끙 앓던 기억이 있습니다. 그러나 나중에 시간이 지나고 돌이 돌이켜보니 한 가지 문제는 너무 집착을 하고 그 문제가 또 별거 아닌 경우들도 굉장히 많더라구요. 어 그래서 요즘은 가급적이면 어 어떤 문제에 부딪쳤을 때 조금 더 생각을 전환을 할 수 있는 뭐 차를 한 잔 한다던가 전화의 시간을 갖고 그래도 풀리지 않은 경우에는 뭐 친한 분과 같이 좀 얘기를 하고 상담도 하고 하면서 혼자 문제를 해결하기보다는 조금 도움을 받으면서 해결할려고 노력을 하고 있습니다. 하지만 이제 다른 사람에게 얘기할 때는 보안이라던가 또 다른 사람에게 실례가 될 수 있기 때문에 그 부분은 굉장히 조심해서 이야기를 하는 게 맞을 것 같습니다.","wordCount":114},"emotion":[],"intent":[{"text":"","expression":"","category":"attitude"}],"summary":{"text":"예전에는 혼자 고민하고 빠져내면서 문제를 해결했지만 지금은 다른 사람의 도움을 받으면서 해결하고 있습니다. 하지만 다른 사람에게 설명할 때는 보안이나 실례가 될 수 있으므로 조심해서 이야기를 하는 게 맞을 것 같습니다.","wordCount":30}}},"rawDataInfo":{"question":{"fileFormat":"wav","fileSize":306638,"duration":9580,"samplingBit":16,"channelCount":1,"samplingRate":"16kHz","audioPath":"/Mock/04.RND/Female/New/ckmk_q_rnd_f_n_200133.wav"},"answer":{"fileFormat":"wav","fileSize":1827918,"duration":57120,"samplingBit":16,"channelCount":1,"samplingRate":"16kHz","audioPath":"/Mock/04.RND/Female/New/ckmk_a_rnd_f_n_200133.wav"}}}