{"version":"1.0","dataSet":{"info":{"date":"20230116","occupation":"RND","channel":"MOCK","place":"ONLINE","gender":"FEMALE","ageRange":"-34","experience":"NEW"},"question":{"raw":{"text":"스트레스를 받을 때 주로 어떻게 하시나요 그리고 왜 그런 방법으로 스트레스를 해소하는지 그 이유도 함께 얘기해 주세요","wordCount":17},"emotion":[],"intent":[]},"answer":{"raw":{"text":"저는 스트레스를 받으면 여러 가지 방법들로 스트레스를 해소합니다. 첫 번째로 하루에 삼십 분 정도는 일광욕을 쐬고 있습니다. 일조량이 적당한 오후 세 시에서 네 시쯤에 한강변을 걸으면서 산책을 하고 조깅을 하면 기분이 너무 좋더라고요. 그런데 그 이유가 있었습니다. 바로 비타민 디 때문에 뼈 건강에도 도움이 될 뿐만이 아니라 우울한 기분에도 도움이 된다고 합니다. 그리고 두 번째로 명상과 복식 호흡 요가를 합니다. 감정이 상하는 일이 생겼거나 마음이 요동치는 일이 생겼을 때 스트레스를 받으면 뇌에서 코트티졸이라는 호르몬이 나온다고 합니다. 이럴 때 이 호르몬을 없애기 위해서 명상과 요가를 하면 도움이 된다고 하는데요. 실제로 정말 요가를 해보니 심신 안정에 정말 도움이 되었습니다. 저는 이런 방법들로 스트레스를 해소하고 있는데요. 가끔은 이 스트레스를 해소하는 것이 정말 필요하다고 생각을 합니다. 스트레스는 만병의 근원이라고 이렇게 해소를 하다 보면 점점 또 다른 나를 발견할 수 있을 것 같습니다. 그렇기 때문에 저는 이런 방법들로 스트레스를 해소하고 있습니다.","wordCount":136},"emotion":[],"intent":[{"text":"","expression":"","category":"attitude"}],"summary":{"text":"저는 스트레스를 받으면 여러 가지 방법들로 스트레스를 해소하고 있습니다. 첫째로 하루에 30분 정도는 일광욕을 쐬고 있고, 둘째로 명상과 복식 호흡 요가를 합니다. 감정을 상하게 되거나 마음이 요동치는 일이 생겼을 때 스트레스로 인해 코트티졸이라는 호르몬이 나오므로 명상과 요가를 하면 도움이 된다고 합니다.","wordCount":41}}},"rawDataInfo":{"question":{"fileFormat":"wav","fileSize":317838,"duration":9930,"samplingBit":16,"channelCount":1,"samplingRate":"16kHz","audioPath":"/Mock/04.RND/Female/New/ckmk_q_rnd_f_n_272872.wav"},"answer":{"fileFormat":"wav","fileSize":3672078,"duration":114750,"samplingBit":16,"channelCount":1,"samplingRate":"16kHz","audioPath":"/Mock/04.RND/Female/New/ckmk_a_rnd_f_n_272872.wav"}}}