{"version":"1.0","dataSet":{"info":{"date":"20230116","occupation":"RND","channel":"MOCK","place":"ONLINE","gender":"FEMALE","ageRange":"35-44","experience":"NEW"},"question":{"raw":{"text":"지원자님께서는 평소에 검색을 자주 하시는 편인가요 그렇다면 어떤 검색을 주로 하시는지 그리고 왜 하시는지 궁금합니다","wordCount":15},"emotion":[],"intent":[]},"answer":{"raw":{"text":"네 저는 평소에 검색을 자주 하는 편입니다. 주로 궁금한 것을 검색하는데요. 최근에 제일 검색을 많이 하는 분야는 경제 분야입니다. 최근 인플레이션과 고환율 주식 하락 등 경제 침체 등으로 인해 경제가 불안정하다 보니 경제 뉴스를 주로 검색합니다. 포털 사이트나 뉴스 사이트에서 주로 기사를 읽거나 궁금하거나 모르는 부분을 주로 검색합니다. 특히 경제 용어 같은 경우는 좀 생소하거나 현실을 반영하여 새롭게 파생되는 단어들이 많기 때문에 계속 접하지 않고 공부하지 않다 보면 경제 흐름을 놓치는 경우가 많아져서 저는 매일매일 검색을 하며 공부하는 편입니다. 어 그러다 보면은 이제 경제 전반 흘러가는 상황을 알게 되고 나아가 이제 기업의 현황이라던가 또 어느 분야가 불황이고 어느 분야가 활황인지 제가 구직하는 입장에서도 큰 도움이 되는 거 같습니다.","wordCount":108},"emotion":[],"intent":[{"text":"","expression":"","category":"attitude"}],"summary":{"text":"저는 경제 분야를 자주 검색합니다. 최근 경제 침체로 인해 경제 뉴스를 주로 검색하고 포털 사이트나 뉴스 사이트에서 경제 용어를 접하지 않다가 경제 흐름을 놓치는 경우가 많아 매일 검색을 합니다. 그러다 보면 경제 전반의 상황을 알게 되고 구직하는 입장에서도 큰 도움이 됩니다.","wordCount":41}}},"rawDataInfo":{"question":{"fileFormat":"wav","fileSize":349198,"duration":10910,"samplingBit":16,"channelCount":1,"samplingRate":"16kHz","audioPath":"/Mock/04.RND/Female/New/ckmk_q_rnd_f_n_236596.wav"},"answer":{"fileFormat":"wav","fileSize":1895758,"duration":59240,"samplingBit":16,"channelCount":1,"samplingRate":"16kHz","audioPath":"/Mock/04.RND/Female/New/ckmk_a_rnd_f_n_236596.wav"}}}