{"version":"1.0","dataSet":{"info":{"date":"20230116","occupation":"RND","channel":"MOCK","place":"ONLINE","gender":"FEMALE","ageRange":"-34","experience":"NEW"},"question":{"raw":{"text":"저희 업무 특성상 야근 잔업 그리고 외근이 많을 수 있는데요 그래도 괜찮으시겠어요","wordCount":12},"emotion":[],"intent":[]},"answer":{"raw":{"text":"일의 특성상 야근이나 잔업 외근이 많아질 수도 있다고 하셨습니다. 저는 야근이 야근이나 잔업이 있는 것에 대해서는 어 그럴 수 있다고 생각을 하는데요. 제가 일을 얼마나 효율적이게 처리하느냐에 따라서 어 조금 줄어들 수 있는 부분이라고도 생각합니다. 하지만 제가 열심히 일을 하더라도 어 회사에서 요구하는 그런 야근이나 잔업이 있을 수 있습니다. 그런 날에는 제가 얼마든지 마음을 내서 어 야근이나 잔업에 임할 자신이 있고 하지만 제가 어 개인적인 일 그리고 가정사로 인해서 빠져야 되는 날이 있다면 어 저의 상황에 대해서 잘 말씀을 드려서 빠질 수 있는 그런 회사의 분위기도 어느 정도 갖추어져 있으면 좋겠다는 생각을 해 봅니다. 외근 같은 경우에는 저는 바깥에서 일을 하는 것을 좋아하고 또 다양한 상황에서도 잘 적응하면서 일을 하는 타입이기 때문에 외근에 관해서는 걱정을 하지 않으셔도 될 것 같습니다. 음 일의 특성상 회사에서 부득이하게 어 야근이나 잔업을 해야 하는 날이면 음 당연히 제가 시간을 내서 해야 하는 것이라고 기본적으로 생각하겠습니다.","wordCount":141},"emotion":[],"intent":[{"text":"","expression":"","category":"attitude"}],"summary":{"text":"일의 특성상 야근이나 잔업 외근이 많아질 수 있다고 하셨습니다. 하지만 업무의 효율성에 따라 줄어들 수 있는 부분이라고 생각합니다. 하지만 개인적인 일, 가정사로 인해서 빠질 수 있는 날이 있다면 회사 분위기도 어느 정도 갖추어져 있으면 좋겠다는 생각을 해 봅니다. 외근은 걱정 안하셔도 될 것 같습니다.","wordCount":44}}},"rawDataInfo":{"question":{"fileFormat":"wav","fileSize":273038,"duration":8530,"samplingBit":16,"channelCount":1,"samplingRate":"16kHz","audioPath":"/Mock/04.RND/Female/New/ckmk_q_rnd_f_n_270313.wav"},"answer":{"fileFormat":"wav","fileSize":2888718,"duration":90270,"samplingBit":16,"channelCount":1,"samplingRate":"16kHz","audioPath":"/Mock/04.RND/Female/New/ckmk_a_rnd_f_n_270313.wav"}}}