{"version":"1.0","dataSet":{"info":{"date":"20230116","occupation":"RND","channel":"MOCK","place":"ONLINE","gender":"FEMALE","ageRange":"-34","experience":"NEW"},"question":{"raw":{"text":"여러 사람들과 함께 일을 하다 보면 구성원들끼리 갈등이 생기게 될 수도 있습니다 그럴 때는 보통 어떻게 해결하시나요","wordCount":17},"emotion":[],"intent":[]},"answer":{"raw":{"text":"다른 사람들과 갈등이 생긴다면 저는 적극적으로 해결하는 편입니다. 갈등이 생기는 이유는 서로 의견이 맞지 않아서 생기는 것인데요. 이 의견을 어떻게 좁히느냐 조율하냐 이런 것이 가장 중요한 것 같습니다. 만약 다른 사람이 의견을 냈다고 하더라도 그 의견에 동의하지 않아도 공감하고 이해하는 것이 중요하다고 생각을 합니다. 그렇기 때문에 내 의견과 맞지 않더라도 그 의견에 어느 정도 공감하고 이해는 하되 내 의견을 펼칠 수 있어야 한다고 생각합니다. 그리고 내가 아닌 다른 사람들이 갈등이 생겼을 경우라면 이것을 또 잘 중재하는 것이 중요한데요. 서로 서로 말이 겹치다 보면 감정적으로 상할 때가 있습니다. 이럴 때 기분이 상하지 않게 서로 서로의 의견을 한 명씩 한 명씩 들어보고 조율하는 것이 중요하다고 생각을 합니다. 그리고 감정은 소모적이라고 생각을 하는 사람이기 때문에 시간이 어느 정도 지나서 다시 소통을 하다 보면 이 갈등을 해결할 수도 있습니다. 그렇기 때문에 저는 갈등이 생겼을 때 보통은 대화로 푸는 편이라고 생각을 합니다.","wordCount":137},"emotion":[],"intent":[{"text":"다른 사람들과 갈등이 생긴다면 저는 적극적으로 해결하는 편입니다.","expression":"c_confl_mg","category":"personality"},{"text":"만약 다른 사람이 의견을 냈다고 하더라도 그 의견에 동의하지 않아도 공감하고 이해하는 것이 중요하다고 생각을 합니다.","expression":"c_confl_mg","category":"personality"},{"text":"그렇기 때문에 내 의견과 맞지 않더라도 그 의견에 어느 정도 공감하고 이해는 하되 내 의견을 펼칠 수 있어야 한다고 생각합니다.","expression":"c_confl_mg","category":"personality"},{"text":"그리고 내가 아닌 다른 사람들이 갈등이 생겼을 경우라면 이것을 또 잘 중재하는 것이 중요한데요.","expression":"c_confl_mg","category":"personality"},{"text":"이럴 때 기분이 상하지 않게 서로 서로의 의견을 한 명씩 한 명씩 들어보고 조율하는 것이 중요하다고 생각을 합니다.","expression":"c_confl_mg","category":"personality"},{"text":"그리고 감정은 소모적이라고 생각을 하는 사람이기 때문에 시간이 어느 정도 지나서 다시 소통을 하다 보면 이 갈등을 해결할 수도 있습니다.","expression":"c_confl_mg","category":"personality"},{"text":"그렇기 때문에 저는 갈등이 생겼을 때 보통은 대화로 푸는 편이라고 생각을 합니다.","expression":"c_confl_mg","category":"personality"}],"summary":{"text":"갈등은 서로 의견이 달라서 생기는 것이므로 의견을 좁히고 조율하는 것이 중요합니다. 제가 아닌 다른 사람들이 갈등이 생겼을 경우에는 잘 중재해야 합니다. 서로 서로의 의견을 듣고 조율해야 갈등도 해소됩니다. 감정은 소모적이라 시간이 지나면 다시 소통하게 됩니다. 그래서 갈등은 대개 대화로 해결하는 편입니다.","wordCount":41}}},"rawDataInfo":{"question":{"fileFormat":"wav","fileSize":327758,"duration":10240,"samplingBit":16,"channelCount":1,"samplingRate":"16kHz","audioPath":"/Mock/04.RND/Female/New/ckmk_q_rnd_f_n_272865.wav"},"answer":{"fileFormat":"wav","fileSize":3697038,"duration":115530,"samplingBit":16,"channelCount":1,"samplingRate":"16kHz","audioPath":"/Mock/04.RND/Female/New/ckmk_a_rnd_f_n_272865.wav"}}}