{"version":"1.0","dataSet":{"info":{"date":"20230116","occupation":"RND","channel":"MOCK","place":"ONLINE","gender":"FEMALE","ageRange":"-34","experience":"NEW"},"question":{"raw":{"text":"이전 직장에서 퇴사한 후에 퇴사한 것을 후회하신 적은 없으신가요 또 후회를 하셨다면 그 이유는 무엇인지 함께 부탁 설명 부탁드립니다","wordCount":19},"emotion":[],"intent":[]},"answer":{"raw":{"text":"음 저는 이전 직장에서 퇴사한 후에 퇴사한 것을 후회한 적이 없습니다. 저는 회사에 이전 회사에 다니면서 그 회사에서 주어진 업무를 열심히 수행을 했고 또 함께하는 팀원들과 함께 협업 협업을 하면서 정말 좋은 결과도 회사에 안겨 주었다고 생각을 합니다. 제가 퇴사를 한 이유가 바로 후회하지 않는 이유와 맥락을 같이 할 수 있을 것 같은데 제가 퇴사한 이유는 바로 이 회사에서 일을 해보고 싶었기 때문입니다. 제가 조금 더 해 보고 싶은 직무가 이 회사에 있고 또 회사가 가지고 있는 비전이 저와 저의 생각과 비슷했기 때문에 이 회사에서 꼭 한번 일해 보고 싶고 또 제가 결혼을 하고 아이를 낳더라도 더 길게 일하고 싶은 회사였기 때문에 퇴사를 하게 되었습니다. 어 후회하지 않을 만큼 열심히 일을 했기 때문에 어 후회한 적이 없고 앞으로 이 회사에서 더 열심히 일하고 이전 회사에서 쌓은 경험들이 이 회사에서 잘 활용이 된다면 더 후회 없이 회사를 다닐 수 있을 것 같습니다.","wordCount":141},"emotion":[],"intent":[{"text":"","expression":"","category":"attitude"}],"summary":{"text":"이전 직장에서 퇴사한 것을 후회한 적이 없습니다. 이전 회사에서 열심히 했고, 협업 협업이 좋은 결과를 회사에 안겨 주었다고 생각합니다. 퇴사한 이유는 이 회사에서 일을 해보고 싶었기 때문입니다. 앞으로 이 회사에서 더 열심히 일하고, 이전의 경험들이 잘 활용된다면 더 후회 없이 다닐 수 있을 것 같습니다.","wordCount":45}}},"rawDataInfo":{"question":{"fileFormat":"wav","fileSize":467278,"duration":14600,"samplingBit":16,"channelCount":1,"samplingRate":"16kHz","audioPath":"/Mock/04.RND/Female/New/ckmk_q_rnd_f_n_264576.wav"},"answer":{"fileFormat":"wav","fileSize":2758158,"duration":86190,"samplingBit":16,"channelCount":1,"samplingRate":"16kHz","audioPath":"/Mock/04.RND/Female/New/ckmk_a_rnd_f_n_264576.wav"}}}