{"version":"1.0","dataSet":{"info":{"date":"20230116","occupation":"RND","channel":"MOCK","place":"ONLINE","gender":"FEMALE","ageRange":"35-44","experience":"NEW"},"question":{"raw":{"text":"몇 년 전에 우버 택시 때문에 수많은 논란이 있었던 거 알고 계실 거라고 생각합니다 지원자님께서는 그 찬반 양론에 대해서 어떻게 생각을 하십니까","wordCount":22},"emotion":[],"intent":[]},"answer":{"raw":{"text":"우버 택시 논란이 있었던 거는 알지 못합니다. 뭐 택시 관련돼서 이제 기사님들이 생계 위협에 있어서 그런 새로운 것들을 좀 거부하는 시위도 많이 했던 걸로 알고 있기는 한데 우버 택시는 일단은 굉장히 편하긴 한데 우리나라에서는 되게 불편하게 시스템이 되어 있더라구요. 여행 갈 때 진짜 우버 택시 없으면 다닐 수가 없을 정도라서 우버 택시 되게 좋아하는 편이고 되게 편하다고 생각을 합니다. 근데 요즘에 전체적으로 한국에서 택시 잡기가 너무 힘들어요.","wordCount":67},"emotion":[],"intent":[{"text":"","expression":"","category":"attitude"}],"summary":{"text":"우버 택시는 우리나라에서는 굉장히 불편하게 시스템이 되어 있습니다. 여행 갈 때 우버 택시 없이는 다닐 수 없을 정도로 편합니다. 그런데 요즘은 한국에서의 택시 잡기가 너무 어렵습니다.","wordCount":26}}},"rawDataInfo":{"question":{"fileFormat":"wav","fileSize":649358,"duration":20290,"samplingBit":16,"channelCount":1,"samplingRate":"16kHz","audioPath":"/Mock/04.RND/Female/New/ckmk_q_rnd_f_n_126041.wav"},"answer":{"fileFormat":"wav","fileSize":1334478,"duration":41700,"samplingBit":16,"channelCount":1,"samplingRate":"16kHz","audioPath":"/Mock/04.RND/Female/New/ckmk_a_rnd_f_n_126041.wav"}}}