{"version":"1.0","dataSet":{"info":{"date":"20230116","occupation":"RND","channel":"MOCK","place":"ONLINE","gender":"FEMALE","ageRange":"-34","experience":"NEW"},"question":{"raw":{"text":"지원자님께서 역사 속에서 가장 존경하는 인물에 대해서 말씀해 주시기 바랍니다 그리고 그 인물을 가장 존경하는 이유에 대해서도 함께 말씀 해주세요","wordCount":20},"emotion":[],"intent":[]},"answer":{"raw":{"text":"저는 뭐 존경한다고 했을 때 제 자신을 되게 존경하구요. 어 딱히 그렇게 역사 속에서 그 많은 업적을 남긴 사람들을 봤을 때 존경한다는 그 마음이 잘 안 들더라구요. 그리고 존경에 대해서 잘 모르겠고 그래서 이런 질문이 올 때를 대비해서 뭔가 하나 정해 놔야 하나 라는 생각도 들었는데 저는 굳이 그렇게 하고 싶지 않았고 아무리 돌이켜 봐도 저는 그냥 제가 열심히 살아온 제 자신이 가장 존경스럽다고 생각이 듭니다. 뭐 이유는 진짜 제가 스스로 자부할 수 있을 정도로 올해가 열심히 되게 살아왔고 어떤 거에도 항상 포기하지 않고 일을 했기 때문에 그리고 성과도 항상 잘 냈다고 생각을 하기 때문에 저 자신을 되게 존경하고 있습니다.","wordCount":100},"emotion":[],"intent":[{"text":"","expression":"","category":"attitude"}],"summary":{"text":"많은 업적을 남긴 사람들을 보면 존경한다는 마음이 잘 들지 않았는데 굳이 그렇게 하고 싶지 않았고 열심히 살아온 제 자신이 가장 존경스럽다고 생각합니다. 어떤 거에도 포기하지 않고 일을 했고 성과도 잘 냈다고 생각하기 때문입니다.","wordCount":33}}},"rawDataInfo":{"question":{"fileFormat":"wav","fileSize":620238,"duration":19380,"samplingBit":16,"channelCount":1,"samplingRate":"16kHz","audioPath":"/Mock/04.RND/Female/New/ckmk_q_rnd_f_n_126292.wav"},"answer":{"fileFormat":"wav","fileSize":2148558,"duration":67140,"samplingBit":16,"channelCount":1,"samplingRate":"16kHz","audioPath":"/Mock/04.RND/Female/New/ckmk_a_rnd_f_n_126292.wav"}}}