{"version":"1.0","dataSet":{"info":{"date":"20230116","occupation":"RND","channel":"MOCK","place":"ONLINE","gender":"FEMALE","ageRange":"-34","experience":"NEW"},"question":{"raw":{"text":"어 과거에 프로젝트를 수행했던 경험이 있으신지 궁금합니다 또 있으시다면 이제 프로젝트 내에서 어떤 역할을 맡으셨는지 설명해 주시길 바랍니다","wordCount":18},"emotion":[],"intent":[]},"answer":{"raw":{"text":"네 저는 과거 프로젝트를 수행했던 경험이 많습니다. 대학 시절부터 이전 회사에서 일을 하기까지 다양한 프로젝트에 참여를 했고 진행을 했었는데 저는 주로 프로젝트 내에서 리더의 역할을 해 왔습니다. 리더의 역할이라 하면 어 팀원들과의 그런 협력 관계를 구축하고 또 그 팀원의 팀원 각각의 역량에 따라서 역할을 부여하고 또 전체 목표에 대한 방향성을 설정하고 그것을 이끌어 나가는 역할까지가 리더의 역할이라고 생각하는데 저는 이 역할을 프로젝트마다 잘 수행을 해서 다양한 성과로 어 저의 역량을 보여주었다고 생각을 합니다. 저는 이런 리더의 역할을 하면서 저의 역량을 펼쳐 보이는 것이 어 가장 보람 있고 즐거운 그런 경험이라서 어 어떤 프로젝트를 맡더라도 그 리더의 자리에 서려고 노력을 했고 다양한 사람들과의 그런 신뢰를 구축하고 친밀감을 쌓는 그 과정까지 함께 즐기면서 과정과 결과를 둘 다 어 긍정적으로 이끄는 힘이 있다고 생각을 합니다.","wordCount":122},"emotion":[],"intent":[{"text":"대학 시절부터 이전 회사에서 일을 하기까지 다양한 프로젝트에 참여를 했고 진행을 했었는데 저는 주로 프로젝트 내에서 리더의 역할을 해 왔습니다.","expression":"c_private","category":"background"}],"summary":{"text":"저는 대학 시절부터 현재까지 주로 프로젝트 내에서 리더의 역할을 해 왔는데, 어떤 프로젝트를 맡더라도 다양한 사람들과의 신뢰를 구축하고 친밀감을 쌓는 과정까지 함께 즐기면서 과정과 결과를 둘 다 긍정적으로 이끄는 힘이 있다고 생각합니다.","wordCount":32}}},"rawDataInfo":{"question":{"fileFormat":"wav","fileSize":570958,"duration":17840,"samplingBit":16,"channelCount":1,"samplingRate":"16kHz","audioPath":"/Mock/04.RND/Female/New/ckmk_q_rnd_f_n_270233.wav"},"answer":{"fileFormat":"wav","fileSize":2736718,"duration":85520,"samplingBit":16,"channelCount":1,"samplingRate":"16kHz","audioPath":"/Mock/04.RND/Female/New/ckmk_a_rnd_f_n_270233.wav"}}}