{"version":"1.0","dataSet":{"info":{"date":"20230116","occupation":"RND","channel":"MOCK","place":"ONLINE","gender":"FEMALE","ageRange":"35-44","experience":"NEW"},"question":{"raw":{"text":"시험 기간 시간이 촉박할 때 어떻게 시간 관리를 하셨나요 지원자님만의 특별한 시간 관리법이 있으시다면 구체적으로 설명해 주세요","wordCount":17},"emotion":[],"intent":[]},"answer":{"raw":{"text":"평소 특별히 시간 관리를 잘하는 편이라고 생각하지는 않지만 어떤 과업을 맡거나 중요한 프로젝트에 참여했을 때는 목표 달성과 성과를 내기 위해 철저히 시간 관리를 합니다. 한마디로 일을 할 때는 대충대충 하는 성격이 못 됩니다. 대입을 준비했던 고등학교 시절부터 중요한 시험이 있을 때는 공부할 시간과 분량을 정확히 따져 보고 계획을 잡는 습관이 있었습니다. 시간 관리를 하기 위해 너무 빡빡하게 일정을 잡기보다는 변수가 발생할 것에 대비해 십 에서 이십 퍼센트 정도에 여유를 두고 계획을 잡고 최종 마무리 시점도 하루나 이틀 정도 앞당겨 마치는 것으로 계획하는 게 제 나름에 비법입니다. 또 중요한 계획이나 시험 시험을 준비할 때에는 웬만하면 약속을 잡지 않고 일상생활에도 단순하게 하려고 노력합니다.","wordCount":101},"emotion":[],"intent":[{"text":"","expression":"","category":"attitude"}],"summary":{"text":"어떤 과업을 맡거나 중요한 프로젝트에 참여했을 때는 목표 달성과 성과를 내기 위해 철저히 시간 관리를 합니다. 또 중요한 계획이나 시험 시험을 준비할 때에는 웬만하면 약속을 잡지 않고 일상생활에도 단순하게 하려고 노력합니다.","wordCount":31}}},"rawDataInfo":{"question":{"fileFormat":"wav","fileSize":615758,"duration":19240,"samplingBit":16,"channelCount":1,"samplingRate":"16kHz","audioPath":"/Mock/04.RND/Female/New/ckmk_q_rnd_f_n_236367.wav"},"answer":{"fileFormat":"wav","fileSize":1858638,"duration":58080,"samplingBit":16,"channelCount":1,"samplingRate":"16kHz","audioPath":"/Mock/04.RND/Female/New/ckmk_a_rnd_f_n_236367.wav"}}}