{"version":"1.0","dataSet":{"info":{"date":"20230116","occupation":"RND","channel":"MOCK","place":"ONLINE","gender":"FEMALE","ageRange":"-34","experience":"NEW"},"question":{"raw":{"text":"면접자님께서 일을 하다가 만약 상사에게 어려운 지시를 받게 된다면 면접자님은 어떻게 하실 생각이십니까 이유도 함께 말씀해 주시기 바랍니다","wordCount":18},"emotion":[],"intent":[]},"answer":{"raw":{"text":"일을 하다가 상사에게 어려운 지시를 받게 된다면 저는 이것을 혼자 해결하려고 하기보다는 우선은 도움을 받을 수 있는 주변 사람이 누군지 확인하겠습니다. 그래서 그분의 도움을 받아 이 업무를 처리할 수 있는 방식에 대한 계획을 세우고 자료를 수집하여 우선 문서를 작성하겠습니다. 그렇게 작성한 후에 저에게 업무 지시를 준 상사에게 가서 준비 과정에 대해 검토를 받아보겠습니다. 그렇게 한다면 업무 지시를 내린 지시자의 의도를 알 수 있을 뿐 아니라 제가 올바른 의도를 이해하고 계획을 잘 세웠는지 확인할 수 있기 때문이에요. 그렇게 확인을 받는 것은 업무를 진행할 때 시행착오를 줄이기 위한 방법이기도 하고 상사의 의도와 잘 맞아 떨어지는지 확인하기 위한 방법이기도 합니다.","wordCount":97},"emotion":[],"intent":[{"text":"","expression":"","category":"attitude"}],"summary":{"text":"업무를 진행할 때 시행착오를 줄이고 상사의 의도와 잘 맞는지 확인하기 위한 방법으로 업무를 처리할 수 있는 방식에 대한 계획을 세우고 자료를 수집하여 우선 문서를 작성하고 업무를 준 상사에게 가서 준비 과정에 대해 검토를 받아보겠습니다.","wordCount":34}}},"rawDataInfo":{"question":{"fileFormat":"wav","fileSize":622798,"duration":19460,"samplingBit":16,"channelCount":1,"samplingRate":"16kHz","audioPath":"/Mock/04.RND/Female/New/ckmk_q_rnd_f_n_284003.wav"},"answer":{"fileFormat":"wav","fileSize":1978958,"duration":61840,"samplingBit":16,"channelCount":1,"samplingRate":"16kHz","audioPath":"/Mock/04.RND/Female/New/ckmk_a_rnd_f_n_284003.wav"}}}