{"version":"1.0","dataSet":{"info":{"date":"20230116","occupation":"RND","channel":"MOCK","place":"ONLINE","gender":"FEMALE","ageRange":"-34","experience":"NEW"},"question":{"raw":{"text":"지원자님께서는 본인의 전공과 관련해서 어 최근에 부족하다고 느끼는 부분이 있으신가요 있으신다면 어떤 부분이시며 또 따로 공부를 하고 계신지도 궁금합니다","wordCount":19},"emotion":[],"intent":[]},"answer":{"raw":{"text":"저는 최근 소프트웨어 부분이 부족하다고 느껴서 소프트웨어 쪽을 공부하고 있습니다. 최근 들어 아이오티 인공 지능과 같은 학문들이 떠오르면서 해당 분야의 인재를 많이 뽑고 있는데요. 그렇다 보니 해당 분야와 관련된 지식이 없는 저로써는 해당 분야 발전이 필요하다고 느꼈고요. 지금 프로그래밍 공부를 시작하면서 큰 재미를 느끼고 있습니다. 어 프로그래밍 공부를 하면서 어 이때는 이렇게 코딩을 하면 이런 결과값이 나오는구나 라고 행복감을 찾을 때도 있고요. 어 다른 한편으로는 이렇게 나왔는데 왜 이런 결과값이 나오지 라는 의문을 품을 때도 있습니다. 어 따로 공부를 하면서 본 전공과 융합해 융합형 인재로서 성장 중입니다.","wordCount":87},"emotion":[{"text":"지금 프로그래밍 공부를 시작하면서 큰 재미를 느끼고 있습니다.","expression":"p-interest","category":"positive"},{"text":"어 프로그래밍 공부를 하면서 어 이때는 이렇게 코딩을 하면 이런 결과값이 나오는구나 라고 행복감을 찾을 때도 있고요.","expression":"p-happiness","category":"positive"}],"intent":[{"text":"어 따로 공부를 하면서 본 전공과 융합해 융합형 인재로서 성장 중입니다.","expression":"c_imp","category":"personality"}],"summary":{"text":"저는 최근 들어 아이오티 인공 지능과 같은 학문들이 떠오르면서 해당 분야의 인재를 많이 뽑으니 해당 분야 발전이 필요하다고 느꼈고 지금 프로그래밍 공부를 시작하면서 큰 재미를 느껴서 따로 공부를 하면서 융합형 인재로서 성장 중입니다.","wordCount":33}}},"rawDataInfo":{"question":{"fileFormat":"wav","fileSize":534798,"duration":16710,"samplingBit":16,"channelCount":1,"samplingRate":"16kHz","audioPath":"/Mock/04.RND/Female/New/ckmk_q_rnd_f_n_266508.wav"},"answer":{"fileFormat":"wav","fileSize":1879118,"duration":58720,"samplingBit":16,"channelCount":1,"samplingRate":"16kHz","audioPath":"/Mock/04.RND/Female/New/ckmk_a_rnd_f_n_266508.wav"}}}