{"version":"1.0","dataSet":{"info":{"date":"20230116","occupation":"RND","channel":"MOCK","place":"ONLINE","gender":"FEMALE","ageRange":"-34","experience":"NEW"},"question":{"raw":{"text":"지원자님은 의견을 주장하실 때 어떤 스타일로 자신의 의견을 주장하십니까 강하게 주장하는 편이실까요","wordCount":12},"emotion":[],"intent":[]},"answer":{"raw":{"text":"어 제가 의견을 주장할 때 저는 원래는 강하게 주장을 하는 편이었는데 회사를 여러 군데 옮겨 다니고 또 일을 해 나가면서 여러 가지 프로젝트를 진행하면서 제가 주장을 어떤 식으로 했을 때 상대방에게 잘 받아들여지는지에 대해서 생각해 보게 되었습니다. 어찌됐든 제가 주장을 하는 이유는 제 의견이 피력되길 원하기 때문인데 그러기 위해서는 어 받아들이는 상대에 대한 관찰이 좀 필요하다고 생각하게 되었습니다. 제가 조금 강하게 얘기했을 때 어 제가 이야기하는 내용을 잘 받아들이는 분이 계시고 또 조금 온화하게 에둘러서 얘기했을 때 그것을 잘 받아들이는 어 상사가 계셨습니다. 그래서 제가 현명하게 제 의견을 피력하고 또 설득하기 위해서는 그 듣는 상대에 따라서 어 상대의 스타일에 따라서 주장을 하는 방법을 조금 변경을 해야 하는 그런 지혜가 있어야 한다고 생각을 하게 되었고 그렇게 그런 연습을 많이 하면서 조금 더 저에게 자연스럽게 받아들여지도록 노력했습니다.","wordCount":125},"emotion":[],"intent":[{"text":"","expression":"","category":"attitude"}],"summary":{"text":"저는 강하게 주장을 하는 편이었는데 회사 여러 군데 옮겨 다니면서 주장을 어떻게 하면 상대방에게 잘 받아들여지는지 생각해 보았습니다. 주장을 하는 이유는 제 의견이 피력되길 원하기 때문인데 그러기 위해서는 받아들이는 상대에 대한 관찰이 좀 필요하다고 생각하게 되었습니다.","wordCount":36}}},"rawDataInfo":{"question":{"fileFormat":"wav","fileSize":442318,"duration":13820,"samplingBit":16,"channelCount":1,"samplingRate":"16kHz","audioPath":"/Mock/04.RND/Female/New/ckmk_q_rnd_f_n_264577.wav"},"answer":{"fileFormat":"wav","fileSize":2933838,"duration":91680,"samplingBit":16,"channelCount":1,"samplingRate":"16kHz","audioPath":"/Mock/04.RND/Female/New/ckmk_a_rnd_f_n_264577.wav"}}}