{"version":"1.0","dataSet":{"info":{"date":"20230116","occupation":"RND","channel":"MOCK","place":"ONLINE","gender":"FEMALE","ageRange":"35-44","experience":"NEW"},"question":{"raw":{"text":"어 지원자님께서는 지금까지 인생을 살면서 가장 후회되는 일이 있으셨나요 있으셨다면 그것이 어떤 일인지 설명해 주시길 바랍니다 한 가지만 골라서 가장 후회되는 일을 말씀해 주시길 바랍니다","wordCount":25},"emotion":[],"intent":[]},"answer":{"raw":{"text":"지금까지 인생을 살면서 가장 후회되었던 일은 공부 좀 더 할 보고 공부 좀 더 할 것 이라고 생각을 합니다. 돈이 없어서 시간이 없어서 노는 것이 더 좋아서 할 일이 많아서 먹고 살기에 바빠서 등등 공부를 못한 이유는 많을 것입니다. 저희 부모님 세대만 해도 정말 먹고살기 바빴었고 가르칠 형편이 안 되서 배우고 싶어도 가르치고 싶어도 할 수 없어 안타까웠던 일들이 더 많았습니다. 하지만 우리 세대만 해도 딱히 그렇지 않았습니다. 칠 팔십 년대 이후에 태어난 저는 어 충분히 배울 수 있었던 나이였습니다. 그런데 왜 공부를 좀 더 할 거리는 후회를 할까요. 저 역시도 그런 후회를 합니다. 학창 시절 공부를 조금만 더 했다면 지금 보다 나은 내가 되어 있지 않을까 한 후회 뭔가 달라져 있지 않을까 하는 후회 아무 걱정도 없고 시간도 많고 에너지도 넘치던 그 시절에 나의 모든 열장을 쏟아 공부를 했다면 그랬다면 지금까지 다른 삶을 살고 있지 않았을까 라는 생각이 듭니다.","wordCount":140},"emotion":[],"intent":[{"text":"","expression":"","category":"attitude"}],"summary":{"text":"우리 부모님 세대는 먹고살기 바빴고 가르칠 형편이 안되어서 배우고 싶어도 가르치고 싶어도 할 수 없어 안타까웠던 일들이 더 많았지만 우리 세대만 해도 딱히 그렇지 않았습니다. 학창 시절 공부를 조금만 더 했다면 지금 보다 나은 제가 되어 있지 않을까 하는 후회를 합니다.","wordCount":41}}},"rawDataInfo":{"question":{"fileFormat":"wav","fileSize":569038,"duration":17780,"samplingBit":16,"channelCount":1,"samplingRate":"16kHz","audioPath":"/Mock/04.RND/Female/New/ckmk_q_rnd_f_n_214414.wav"},"answer":{"fileFormat":"wav","fileSize":2256078,"duration":70500,"samplingBit":16,"channelCount":1,"samplingRate":"16kHz","audioPath":"/Mock/04.RND/Female/New/ckmk_a_rnd_f_n_214414.wav"}}}