{"version":"1.0","dataSet":{"info":{"date":"20230116","occupation":"RND","channel":"MOCK","place":"ONLINE","gender":"FEMALE","ageRange":"35-44","experience":"NEW"},"question":{"raw":{"text":"최근에 본 뉴스들 가운데서 본인에게 가장 인상 깊었던 뉴스가 무엇이었나요 인상 깊었던 뉴스와 그렇게 생각하신 이유도 같이 말씀해 주세요","wordCount":19},"emotion":[],"intent":[]},"answer":{"raw":{"text":"제가 최근에 본 뉴스들 가운데 가장 기억에 남는 것은 어 대만의 기업들이 우리나라 기업보다 먼저 알 이 백을 선언했다는 것입니다. 음 알 이 백이라고 하면 어 기업이 사용하는 어 전력의 백 퍼센트를 재생 에너지로 충당하는 것을 의미하는데요. 어 지금 미국 유럽 뿐 아니라 굉장히 많은 나라에서 어 나라에 있는 기업들이 이 알 이 백을 선언하고 있는 것으로 알고 있습니다. 어 저는 비염이 좀 있고 또 음 파란 하늘 보는 것을 굉장히 좋아해서인지 환경에 관심이 굉장히 많습니다. 그래서 탄소 중립을 선언하고 또 지금에 있는 전력을 신재생 에너지로 바꾸는 것이 인류의 미래를 위해서 굉장히 중요하다고 생각을 합니다. 그래서 점점 세계의 추세가 그렇게 재생 신 재생 에너지로 옮겨가는 것이 어 저는 바람직하고 꼭 그렇게 되어야 한다고 생각을 하는 편입니다. 하지만 다른 나라에 비해서 지금 우리나라가 조금 뒤처져 있는 상황이고 이것은 어 그 기업만의 문제가 아니라 한 나라 전체의 문제이기 때문에 이것을 조금 어 더 빨리 서둘러서 우리나라도 추진할 필요가 있다고 생각을 합니다. 어 지금 어 하는 사용하는 모든 전력을 저희가 신재생 에너지로 단기간에 바꾸는 것은 쉽지가 않습니다. 조금 길게 봐서 하지만 미래에 대한 투자 라고 생각을 하고 어 조금 서둘러서 다른 나라에 비해서 조금 뒤쳐져 있기 때문에 서둘러서 어 신재생 에너지로 전환하는 것이 필요하다고 생각합니다.","wordCount":192},"emotion":[],"intent":[{"text":"그래서 탄소 중립을 선언하고 또 지금에 있는 전력을 신재생 에너지로 바꾸는 것이 인류의 미래를 위해서 굉장히 중요하다고 생각을 합니다.","expression":"c_value","category":"background"},{"text":"그래서 점점 세계의 추세가 그렇게 재생 신 재생 에너지로 옮겨가는 것이 어 저는 바람직하고 꼭 그렇게 되어야 한다고 생각을 하는 편입니다.","expression":"c_value","category":"background"}],"summary":{"text":"세계의 추세가 점점 재생 신 재생 에너지로 옮겨가는 것이 꼭 바람직하고 꼭 그렇게 되어야 한다고 생각을 하는 편이지만, 우리나라는 다른 나라에 비해서 조금 뒤처져 있는 상황이고 이것은 한 나라 전체의 문제이기 때문에 조금 빨리 서둘러서 신재생 에너지로 전환하는 것이 필요합니다.","wordCount":40}}},"rawDataInfo":{"question":{"fileFormat":"wav","fileSize":379598,"duration":11860,"samplingBit":16,"channelCount":1,"samplingRate":"16kHz","audioPath":"/Mock/04.RND/Female/New/ckmk_q_rnd_f_n_250137.wav"},"answer":{"fileFormat":"wav","fileSize":3863758,"duration":120740,"samplingBit":16,"channelCount":1,"samplingRate":"16kHz","audioPath":"/Mock/04.RND/Female/New/ckmk_a_rnd_f_n_250137.wav"}}}