{"version":"1.0","dataSet":{"info":{"date":"20230116","occupation":"RND","channel":"MOCK","place":"ONLINE","gender":"FEMALE","ageRange":"-34","experience":"NEW"},"question":{"raw":{"text":"대한민국의 금융 정책 기관으로서 신용보증기금이 확대해야 할 업무 영역은 무엇이라고 생각하시는지 말씀해 주세요","wordCount":13},"emotion":[],"intent":[]},"answer":{"raw":{"text":"우리 신용보증기금이 해야 할 업무 영역에 대해 말씀드리겠습니다. 신용보증 제도는 기본적으로 신청 기업에 요청에 의하여 기업이 부담하는 각종 채무를 보증함으로써 성장 유망한 기업을 지원합니다. 보증 체계로는 직접 보증이 있고 위탁 보증이 있습니다. 직접 보증은 일반 보증과 유동화 회사 보증이 있고 위탁 보증은 은행에서 직접 취급합니다. 보증 이용에 따른 장점으로는 담보 문제 해소가 됩니다. 은행으로부터 대출 거래처로부로 로부터 물품 공급 등을 받을 때 부족한 담보를 제공해 줍니다. 그리고 비용 절감이 됩니다. 은행은 신용보증서 대출에 따라 우대 금리를 적용하고 부동산 대출에 따른 비용이 절감되며 민간보증 회사보다 보증료가 저렴합니다. 그리고 대외 신용도가 제고됩니다. 우수 기업에서 우수 기업에게 선별적으로 지원됨으로써 보증 받은 기업의 신용도가 제고됩니다. 그리고 기업 경영의 부담이 완화됩니다. 법인 기업의 채무에 대하여 대표자 개인의 연대보증이 면제되기 때문에 경영의 부담도 완화됩니다. 이러한 것처럼 모든 기업이 잘 할 수 있도록 신용보증기금의 업무 영역이라고 필요합니다.","wordCount":130},"emotion":[{"text":"신용보증 제도는 기본적으로 신청 기업에 요청에 의하여 기업이 부담하는 각종 채무를 보증함으로써 성장 유망한 기업을 지원합니다.","expression":"u-fact","category":"neutral"}],"intent":[{"text":"","expression":"","category":"attitude"}],"summary":{"text":"신용보증 제도는 신청 기업에 요청에 의해 기업이 부담하는 각종 채무를 보증함으로써 성장 유망한 기업을 지원합니다. 보증 이용에 따른 장점으로는 담보 문제 해소, 비용 절감, 대외 신용도 제고, 기업 경영의 부담 완화가 있습니다. 신용보증기금은 모든 기업이 잘 할 수 있도록 업무 영역을 해야 합니다.","wordCount":43}}},"rawDataInfo":{"question":{"fileFormat":"wav","fileSize":389198,"duration":12160,"samplingBit":16,"channelCount":1,"samplingRate":"16kHz","audioPath":"/Mock/04.RND/Female/New/ckmk_q_rnd_f_n_275963.wav"},"answer":{"fileFormat":"wav","fileSize":2841678,"duration":88800,"samplingBit":16,"channelCount":1,"samplingRate":"16kHz","audioPath":"/Mock/04.RND/Female/New/ckmk_a_rnd_f_n_275963.wav"}}}