{"version":"1.0","dataSet":{"info":{"date":"20230116","occupation":"RND","channel":"MOCK","place":"ONLINE","gender":"FEMALE","ageRange":"-34","experience":"NEW"},"question":{"raw":{"text":"여러 사람들이 함께 일을 하다 보면 구성원들 간의 갈등이 생기는 경우가 있는데요 이럴 때 지원자님은 어떤 방식으로 해결을 하셨나요","wordCount":19},"emotion":[],"intent":[]},"answer":{"raw":{"text":"갈등은 당연히 발생될 수 있다고 생각합니다. 어 저 역시도 집에서 여러 갈등이 발생하는데요. 아무래도 이제 다른 환경에서 생활을 해 온 사람들이 모인 자리다 보니 이런 갈등은 당연한 것이라 생각이 됩니다. 그래서 이런 갈등을 해결하기 위해서 저는 일주일에 한 번씩 진솔한 대화를 할 수 있는 그런 시간을 마련할 것 같습니다. 어 본인이 하고 싶은 말을 하고 또 내가 쌓인 감정이 있다면 그런 감정을 풀 수 있는 자리를 만들어서 네 아무래도 이런 갈등 없이 프로젝트가 원만하게 해결될 수 있도록 할 것 같은데요. 그래서 일주일에 한 번씩 다 같이 모임을 가지는 자리를 마련하고 갈등을 해결하기 위해 노력을 할 것 같습니다.","wordCount":97},"emotion":[],"intent":[{"text":"","expression":"","category":"attitude"}],"summary":{"text":"다른 환경에서 생활해 온 사람들이 모인 자리에서는 갈등은 당연히 발생합니다. 그래서 갈등 해결을 위해 진솔한 대화를 할 수 있는 시간을 마련하고 갈등 해결을 위한 노력을 해야 합니다.","wordCount":27}}},"rawDataInfo":{"question":{"fileFormat":"wav","fileSize":616718,"duration":19270,"samplingBit":16,"channelCount":1,"samplingRate":"16kHz","audioPath":"/Mock/04.RND/Female/New/ckmk_q_rnd_f_n_290172.wav"},"answer":{"fileFormat":"wav","fileSize":2034638,"duration":63580,"samplingBit":16,"channelCount":1,"samplingRate":"16kHz","audioPath":"/Mock/04.RND/Female/New/ckmk_a_rnd_f_n_290172.wav"}}}