{"version":"1.0","dataSet":{"info":{"date":"20230116","occupation":"RND","channel":"MOCK","place":"ONLINE","gender":"FEMALE","ageRange":"35-44","experience":"NEW"},"question":{"raw":{"text":"전공 외에 자신이 수준급의 실력이 될 정도로 노력한 것이 있으신가요 아님 전공과 관련하여 어떤 도움을 주시나요","wordCount":16},"emotion":[],"intent":[]},"answer":{"raw":{"text":"아직 제가 수준급인 실력이 되는 건 아니지만 현재 꾸준히 하고 있는 거는 영어 공부입니다. 영어 같은 경우에는 해외로 취업을 나갔을 때나 아니면 해외로 출장을 갔을 때 많이 유용하게 쓰이기도 하고 일상생활에서도 영어는 많이 쓰입니다. 그리고 신문을 읽을 때도 어려운 용어 같은 경우에는 영어를 읽어봄으로 영어를 배움으로 해서 많은 도움이 됩니다. 졸업 후에도 사실 제가 영어와 관련된 모든 전공과 관련된 직종이 지원은 하지만 영어를 배움으로 해서 많은 도움을 받았습니다. 혹시라도 제 전공과 무관한 직업을 가진다 해도 영어는 앞으로도 제가 꾸준히 배워야 될 과목이라고 생각합니다. 그리고 제가 해외로 출장을 나갔을 때도 영어는 꼭 쓰 쓰이는 단어이기 때문에 영어를 배워 둠으로 해서 저에게 많은 도움을 주었습니다.","wordCount":103},"emotion":[],"intent":[{"text":"","expression":"","category":"attitude"}],"summary":{"text":"영어는 해외로 취업을 나갔거나 해외로 출장을 갔을 때 유용하게 쓰이기도 하고 일상생활에서도 많이 쓰이는 단어이기 때문에 영어를 배워 둠으로 해서 많은 도움이 됩니다. 졸업 후에도 영어는 전공과 무관한 직업을 가진다 해도 꾸준히 배워야 될 과목입니다.","wordCount":35}}},"rawDataInfo":{"question":{"fileFormat":"wav","fileSize":595278,"duration":18600,"samplingBit":16,"channelCount":1,"samplingRate":"16kHz","audioPath":"/Mock/04.RND/Female/New/ckmk_q_rnd_f_n_116964.wav"},"answer":{"fileFormat":"wav","fileSize":2035918,"duration":63620,"samplingBit":16,"channelCount":1,"samplingRate":"16kHz","audioPath":"/Mock/04.RND/Female/New/ckmk_a_rnd_f_n_116964.wav"}}}