{"version":"1.0","dataSet":{"info":{"date":"20230116","occupation":"RND","channel":"MOCK","place":"ONLINE","gender":"FEMALE","ageRange":"-34","experience":"NEW"},"question":{"raw":{"text":"지금까지 살아가면서 정말 다양한 커뮤니케이션을 해 봤을 텐데요 그중에 가장 어려웠던 경험을 한 가지만 뽑아보자면 어떤 걸까요","wordCount":17},"emotion":[],"intent":[]},"answer":{"raw":{"text":"어 예전에 이제 일본에 봉사활동을 간 적이 있는데 그때 저는 거기에 그냥 이제 속했던 원 중의 하나였었고 어떤 좀 그 단체에 오래 활동을 해 온 남자분께서 어떤 젊은 진짜 한 십 년 이상은 어린 이제 이십 대 초반 아이에게 뭐 성추행을 좀 했던 거 했던 사건이 있었어요. 근데 그 사건이 어쨌든 정도가 중요하다기보다는 그 아이가 느낄 때 불쾌한 부분들이 있었고 그런데 다행히도 그 아이가 그거를 혼자 좀 숨긴다던가 어 좀 그냥 혼자서만 걱정한다던가 그런 거 없이 바로 공론화 시켰던 일이 있었습니다. 그래서 그분에 대해서 어떤 처벌을 내려야 하는지에 대해서 굉장히 크게 딱 앞에 나와서 했던 적이 있는데 저는 되게 멋있는 행동이라고 생각했는데 어 같은 팀원 중에 오래 같이 활동했던 친구 하나가 그 아이를 되게 좋지 않게 보더라구요. 그래서 좀 그런 갈등이 메꿔지지 않았던 적이 있습니다.","wordCount":125},"emotion":[],"intent":[{"text":"","expression":"","category":"attitude"}],"summary":{"text":"봉사활동을 간 적이 있는데, 그 단체에 오래 활동을 해 온 남자분이 어린 아이에게 성추행을 했던 사건이 있었습니다. 그 아이가 불쾌감을 느낄 때 바로 공론화 시켰는데, 처벌에 대해서는 멋져보였지만 같은 팀원 중 한명이 그렇게 생각하여 갈등이 해소되지 않았던 적이 있습니다.","wordCount":39}}},"rawDataInfo":{"question":{"fileFormat":"wav","fileSize":424398,"duration":13260,"samplingBit":16,"channelCount":1,"samplingRate":"16kHz","audioPath":"/Mock/04.RND/Female/New/ckmk_q_rnd_f_n_126285.wav"},"answer":{"fileFormat":"wav","fileSize":2733198,"duration":85410,"samplingBit":16,"channelCount":1,"samplingRate":"16kHz","audioPath":"/Mock/04.RND/Female/New/ckmk_a_rnd_f_n_126285.wav"}}}