{"version":"1.0","dataSet":{"info":{"date":"20230116","occupation":"RND","channel":"MOCK","place":"ONLINE","gender":"FEMALE","ageRange":"-34","experience":"NEW"},"question":{"raw":{"text":"어 만약 지원자님께서 지금 이 직무에 지원을 해 주셨지만 어 다른 부서에 배치가 되실 수도 있는데요 그렇게 된다고 한다면 어떻게 하실 건가요 또 그래도 괜찮으신가요","wordCount":25},"emotion":[],"intent":[]},"answer":{"raw":{"text":"제가 지금 지원한 이 직무가 아닌 다른 부서에 배치되게 된다면 어 저는 그래 그렇다 하더라도 그 직무에 열심히 임하려고 노력을 할 것 같습니다. 제가 이 회사에 지원을 하게 된 이유는 어 비단 이 직무를 하기 위해서가 아니라 음 이 회사에 대한 비전과 그리고 가고자 하는 방향이 저의 삶의 방향과 어느 정도 일치를 했기 때문에 어 지원을 하게 되었고 또 회사가 이 회사가 직원들의 행복에 대해서 정말 신경을 많이 많이 쓰는 회사고 어 그래서 더 애정을 가지고 오래 일할 수 있을 거라 생각해서 지원을 하게 된 것입니다. 그래서 이 직무가 아니더라도 어 다른 직무에 배치가 된다면 그 직무에 대해서 열심히 공부할 의지가 있고 또 함께 일하는 직원들과의 관계도 음 잘 맺어서 재미있고 즐겁게 일할 수 있는 분위기를 만드는 그런 직원이 되고 싶습니다. 어 어떤 직무든 시켜 주신다면 열심히 할 그런 자신감과 어 의지가 있는 사람입니다.","wordCount":134},"emotion":[],"intent":[{"text":"제가 이 회사에 지원을 하게 된 이유는 어 비단 이 직무를 하기 위해서가 아니라 음 이 회사에 대한 비전과 그리고 가고자 하는 방향이 저의 삶의 방향과 어느 정도 일치를 했기 때문에 어 지원을 하게 되었고 또 회사가 이 회사가 직원들의 행복에 대해서 정말 신경을 많이 많이 쓰는 회사고 어 그래서 더 애정을 가지고 오래 일할 수 있을 거라 생각해서 지원을 하게 된 것입니다.","expression":"c_sincere_co","category":"etc"},{"text":"그래서 이 직무가 아니더라도 어 다른 직무에 배치가 된다면 그 직무에 대해서 열심히 공부할 의지가 있고 또 함께 일하는 직원들과의 관계도 음 잘 맺어서 재미있고 즐겁게 일할 수 있는 분위기를 만드는 그런 직원이 되고 싶습니다.","expression":"c_sincere_co","category":"etc"}],"summary":{"text":"이 회사에 지원을 하게 된 이유는 이 회사가 직원들의 행복에 신경을 많이 쓰는 회사이고, 애정을 가지고 오래 일할 수 있을 거라고 생각해서입니다. 이 직무가 아니더라도 다른 직무에 배치된다면 열심히 공부할 의지가 있고 함께 일하는 직원들과의 관계도 잘 맺어 즐겁게 일할 수 있는 분위기를 만드는 직원이 되고 싶습니다.","wordCount":47}}},"rawDataInfo":{"question":{"fileFormat":"wav","fileSize":480078,"duration":15000,"samplingBit":16,"channelCount":1,"samplingRate":"16kHz","audioPath":"/Mock/04.RND/Female/New/ckmk_q_rnd_f_n_264718.wav"},"answer":{"fileFormat":"wav","fileSize":2794638,"duration":87330,"samplingBit":16,"channelCount":1,"samplingRate":"16kHz","audioPath":"/Mock/04.RND/Female/New/ckmk_a_rnd_f_n_264718.wav"}}}