{"version":"1.0","dataSet":{"info":{"date":"20230116","occupation":"RND","channel":"MOCK","place":"ONLINE","gender":"FEMALE","ageRange":"-34","experience":"NEW"},"question":{"raw":{"text":"업무를 하다 보면 협업을 하는 경우가 많이 발생할 때도 있는데요 지원자님께서는 협업을 할 때 가장 중요하게 생각하는 부분이 있다면 어떤 것이 제일 중요한지 이유와 함께 답변해 주시기 바랍니다","wordCount":28},"emotion":[],"intent":[]},"answer":{"raw":{"text":"저는 어 근무 환경이라고 생각을 하는데 어떤 인원에 따라서 이것들을 잘 수용할 수 있는지 그거를 좀 찾아보는 편인데요. 뭐 어떻게 일이 진행되는지는 모르겠지만 어쨌든 굉장히 좀 서로가 모였을 때 답답하지 않고 부담스럽지 않는 그런 근무 공간 환경이 마련되어야 한다고 생각을 합니다. 일단은 그런 것부터 시작을 해야지 같이 서로 이제 뭔가 조율하는 과정에서 공간마저 굉장히 협소하고 열악하다면 좀 그 외적인 스트레스가 더 가미되는 경우가 있는 것 같애서 저는 그런 부분들은 좀 확실하게 챙겨줬으면 합니다.","wordCount":73},"emotion":[],"intent":[{"text":"","expression":"","category":"attitude"}],"summary":{"text":"저는 근무 환경이라고 생각하는데 서로가 모였을 때 불편하지 않는 근무 공간 환경이 마련되어야 한다고 생각합니다. 조율하는 과정에서 공간마저 협소하고 열악하다면 외적인 스트레스가 더 가미되는 경우가 있습니다.","wordCount":26}}},"rawDataInfo":{"question":{"fileFormat":"wav","fileSize":506318,"duration":15820,"samplingBit":16,"channelCount":1,"samplingRate":"16kHz","audioPath":"/Mock/04.RND/Female/New/ckmk_q_rnd_f_n_126286.wav"},"answer":{"fileFormat":"wav","fileSize":1689038,"duration":52780,"samplingBit":16,"channelCount":1,"samplingRate":"16kHz","audioPath":"/Mock/04.RND/Female/New/ckmk_a_rnd_f_n_126286.wav"}}}