{"version":"1.0","dataSet":{"info":{"date":"20230116","occupation":"RND","channel":"MOCK","place":"ONLINE","gender":"FEMALE","ageRange":"-34","experience":"NEW"},"question":{"raw":{"text":"지원자님께서 생각하시는 본인의 장점과 단점을 설명해 주시고 지원자님이 그것을 특화시키고 극복하기 위해 했던 노력도 함께 말씀해 주시기 바랍니다","wordCount":18},"emotion":[],"intent":[]},"answer":{"raw":{"text":"제 장점은 꼼꼼함입니다. 저는 어릴 적부터 학교 준비물 하나 빼놓지 않고 학교에 갔었고 항상 모든 일에 있어서 꼼꼼하게 기록하고 확인을 통해서 일을 처리해 왔는데요. 그래서 저의 이런 꼼꼼한 성격 덕분에 저는 지금까지 매번 좋은 성적을 얻을 수 있었고 좋은 결과물을 도출해 낼 수 있었습니다. 하지만 이 꼼꼼한 성격과는 반대로 저는 굉장히 내성적인 성격을 가지고 있습니다. 제가 이렇게 꼼꼼하게 기록을 했다고 하더라도 이 기록을 남들에게 말하기가 참 어렵더라고요. 그래서 팀 활동에서도 제가 이렇게 자료를 준비하면은 다른 팀원 분들께서 발표를 해 주시곤 했는데요. 어 앞으로는 이런 내성적인 성격을 고치고자 많은 노력을 할 것이고 또 저의 이런 꼼꼼한 성격은 업무에 있어서 많은 분들에게 큰 도움을 드릴 수 있을 것이라 생각이 듭니다.","wordCount":108},"emotion":[],"intent":[{"text":"그래서 저의 이런 꼼꼼한 성격 덕분에 저는 지금까지 매번 좋은 성적을 얻을 수 있었고 좋은 결과물을 도출해 낼 수 있었습니다.","expression":"c_person","category":"background"},{"text":"하지만 이 꼼꼼한 성격과는 반대로 저는 굉장히 내성적인 성격을 가지고 있습니다.","expression":"c_person","category":"background"},{"text":"어 앞으로는 이런 내성적인 성격을 고치고자 많은 노력을 할 것이고 또 저의 이런 꼼꼼한 성격은 업무에 있어서 많은 분들에게 큰 도움을 드릴 수 있을 것이라 생각이 듭니다.","expression":"c_person","category":"background"}],"summary":{"text":"저는 꼼꼼한 성격 덕분에 항상 좋은 성적을 얻을 수 있었습니다. 하지만 저와는 반대로 저는 굉장히 내성적인 성격을 가지고 있습니다. 앞으로 이런 성격을 고치고자 많은 노력을 할 것이고 이 성격은 업무에 있어서 큰 도움을 줄 수 있을 것이라 생각합니다.","wordCount":38}}},"rawDataInfo":{"question":{"fileFormat":"wav","fileSize":557518,"duration":17420,"samplingBit":16,"channelCount":1,"samplingRate":"16kHz","audioPath":"/Mock/04.RND/Female/New/ckmk_q_rnd_f_n_290169.wav"},"answer":{"fileFormat":"wav","fileSize":2312718,"duration":72270,"samplingBit":16,"channelCount":1,"samplingRate":"16kHz","audioPath":"/Mock/04.RND/Female/New/ckmk_a_rnd_f_n_290169.wav"}}}