{"version":"1.0","dataSet":{"info":{"date":"20230116","occupation":"RND","channel":"MOCK","place":"ONLINE","gender":"FEMALE","ageRange":"-34","experience":"NEW"},"question":{"raw":{"text":"기차가 운행을 하다가 산사태로 삼십 분 동안 정차하게 되었습니다 그때 관리 책임의 위치에 있다면 어떤 방법으로 조치하실 건가요","wordCount":18},"emotion":[],"intent":[]},"answer":{"raw":{"text":"기차 운행 시 산사태가 발생한다면 그리고 이때 제가 만약에 관리 책임에 위치해 있다 라면 일단은 사람들의 안전이 가장 우선시 되어야 된다 라고 생각합니다. 사람들이 불안해할 수 있기 때문에 방송을 통해서 열심히 사람들을 안정시키겠습니다. 어떠한 상황인지 정확한 인과관계와 그러한 현 상황들을 사람들에게 말을 해줘서 사람들이 불안에 떨지 않도록 만들겠습니다. 그리고 산사태가 일어났기 때문에 관련 업체에 또는 관련 부서에 일단 연락을 하겠습니다. 그리고 인명 사고가 나지 않도록 지금 상황을 최대한 파악하고 그거에 따라 유두리 있게 사항을 유용성 있게 하겠습니다. 예를 들어 산사태로 인해서 어떠한 구간이 막힌 건 괜찮지만 어떠한 열차 하나가 전복이 됐거나 이러한 사태가 발생했다 라면 그거 먼저 해결하도록 노력하겠습니다. 가장 중요한 것은 인명이라고 생각하기 때문에 인명 구조가 항상 실시되어야 하고 그리고 다른 사람들이 패닉에 빠지거나 동요되지 않도록 어 안내 방송을 통해서 모든 사람들을 잘 진정시키고 통제하는 모습이 필요하다 라고 생각합니다.","wordCount":130},"emotion":[],"intent":[{"text":"가장 중요한 것은 인명이라고 생각하기 때문에 인명 구조가 항상 실시되어야 하고 그리고 다른 사람들이 패닉에 빠지거나 동요되지 않도록 어 안내 방송을 통해서 모든 사람들을 잘 진정시키고 통제하는 모습이 필요하다 라고 생각합니다.","expression":"c_value","category":"background"}],"summary":{"text":"기차 운행 시 산사태가 발생한다면 사람들의 안전을 위해 방송을 통해 열심히 사람들을 안정시키겠습니다. 또한 산사태가 일어났기 때문에 관련 업체에 연락하고 인명 사고가 나지 않도록 유두리 있게 사항을 유용성 있게 하겠습니다. 인명 구조가 항상 실시되어야 하고 안내 방송을 통해서 모든 사람들을 잘 진정시키고 통제하는 모습이 필요하다 라고 생각합니다.","wordCount":47}}},"rawDataInfo":{"question":{"fileFormat":"wav","fileSize":356558,"duration":11140,"samplingBit":16,"channelCount":1,"samplingRate":"16kHz","audioPath":"/Mock/04.RND/Female/New/ckmk_q_rnd_f_n_275722.wav"},"answer":{"fileFormat":"wav","fileSize":2705998,"duration":84560,"samplingBit":16,"channelCount":1,"samplingRate":"16kHz","audioPath":"/Mock/04.RND/Female/New/ckmk_a_rnd_f_n_275722.wav"}}}