{"version":"1.0","dataSet":{"info":{"date":"20230116","occupation":"RND","channel":"MOCK","place":"ONLINE","gender":"FEMALE","ageRange":"-34","experience":"NEW"},"question":{"raw":{"text":"대학에서 배운 지원자님의 전공 과목 중에서 가장 기억에 남는 과목을 한 가지만 골라서 지원자님께서 구체적으로 설명해 주시기 바랍니다","wordCount":18},"emotion":[],"intent":[]},"answer":{"raw":{"text":"대학에서 배운 저의 전공 과목 중에서 가장 기억에 남는 과목은 사회복지조사론입니다. 사회 복지 조사론은 사회 복지를 하 해 나감에 따라서 어 필요한 정보를 수집하는 방법을 알려주는 그런 과목인데 이 과목은 대상에 따라서 어떤 방법으로 조사를 진행했을 때 가장 효과적이고 효율적으로 정보를 수집할 수 있는지에 대해서 알려줍니다. 이 과목이 가장 기억에 남는 이유는 제가 이전 회사에서도 일을 할 때 사회 복지와는 다른 분야에서 일을 했지만 가장 유용하게 그 학문을 써 써 쓸 수 있었던 그런 학문이기 때문에 가장 기억에 남는 과목이 과목으로 꼽게 되었습니다. 어떤 일을 할 때 정보를 수집하는 것은 음 필요한 어느 단계에서나 어느 어느 분야에서나 필요한 단계로 손 꼽힙니다. 이런 어 과정에서 어 제가 조사를 하고자 하는 대상을 고려하고 또 그 대상에 맞는 조사 방법을 고르는 것은 정말 중요한 문제이고 이 조사에 있어서 가장 핵심적인 부분이라고 생각을 합니다. 그래서 이 과목이 가장 기억에 남고 저에게 살아가면서 가장 도움이 되는 그런 과목이었지 않나 하는 생각이 듭니다.","wordCount":147},"emotion":[],"intent":[{"text":"","expression":"","category":"attitude"}],"summary":{"text":"대학에서 배운 사회복지조사론은 필요한 정보를 수집하는 방법을 알려주는 과목입니다. 조사를 하고자 하는 대상을 고려하고, 대상에 맞는 조사 방법을 고르는 것은 중요한 문제이고 이 조사에 있어서 가장 핵심적인 부분이라고 생각합니다. 그래서 이 과목이 가장 기억에 남고 제가 살아가면서 가장 도움이 되는 과목이었다고 생각합니다.","wordCount":42}}},"rawDataInfo":{"question":{"fileFormat":"wav","fileSize":594318,"duration":18570,"samplingBit":16,"channelCount":1,"samplingRate":"16kHz","audioPath":"/Mock/04.RND/Female/New/ckmk_q_rnd_f_n_282933.wav"},"answer":{"fileFormat":"wav","fileSize":3222798,"duration":100710,"samplingBit":16,"channelCount":1,"samplingRate":"16kHz","audioPath":"/Mock/04.RND/Female/New/ckmk_a_rnd_f_n_282933.wav"}}}