{"version":"1.0","dataSet":{"info":{"date":"20230116","occupation":"RND","channel":"MOCK","place":"ONLINE","gender":"FEMALE","ageRange":"-34","experience":"NEW"},"question":{"raw":{"text":"만약 지원자님께서 이제 본인이 원하시던 직무 말고 다른 직무를 맡게 되실 수도 있는데요 그렇게 된다고 한다면 어떻게 대처를 하실 건가요 또 그렇게 된다고 하더라도 괜찮으신가요","wordCount":25},"emotion":[],"intent":[]},"answer":{"raw":{"text":"제가 하고자 하는 직무 말고 다른 직무를 맡게 된다면 조금 고민할 것 같습니다. 이 직무가 제가 원래 하고자 하는 직무와 크게 어긋나지 않고 큰 틀 안에 포함되는 직무라고 한다면 저는 맡겠지만 그게 아니라 정말 다른 분야라면은 어려울 것 같습니다. 제 기량을 온전히 뽐낼 수 없을 것이고요. 또한 다른 팀원들에게도 피해를 줄 것이라고 생각됩니다. 어 저 한 명으로 인해서 다른 분들이 제 업무까지 도맡아 하게 된다면 업무적으로 많이 불평등하고 그분들에게 책임을 전가하는 것이라 생각이 되기 때문에 저는 다른 직무라면 선택을 하지 않고 입사를 포기하는 그런 경우를 선택할 것 같습니다.","wordCount":88},"emotion":[],"intent":[{"text":"","expression":"","category":"attitude"}],"summary":{"text":"한 명으로 인해 다른 분들이 제 업무까지 도맡아 하게 된다면 업무적으로 많이 불평등하고 그분들이 책임 전가하는 것이라 생각되어 저는 다른 직무라면 선택을 하지 않고 입사를 포기하는 그런 경우를 선택할 것 같습니다.","wordCount":31}}},"rawDataInfo":{"question":{"fileFormat":"wav","fileSize":533518,"duration":16670,"samplingBit":16,"channelCount":1,"samplingRate":"16kHz","audioPath":"/Mock/04.RND/Female/New/ckmk_q_rnd_f_n_266504.wav"},"answer":{"fileFormat":"wav","fileSize":1922638,"duration":60080,"samplingBit":16,"channelCount":1,"samplingRate":"16kHz","audioPath":"/Mock/04.RND/Female/New/ckmk_a_rnd_f_n_266504.wav"}}}