{"version":"1.0","dataSet":{"info":{"date":"20230116","occupation":"RND","channel":"MOCK","place":"ONLINE","gender":"FEMALE","ageRange":"45-54","experience":"NEW"},"question":{"raw":{"text":"본인이 지금까지 살면서 이루었던 성과들 중에 가장 큰 성과는 무엇인가요 해당 경험을 구체적으로 말씀해 주시길 바랍니다","wordCount":16},"emotion":[],"intent":[]},"answer":{"raw":{"text":"저는 사람을 그 무엇보다도 어 굉장히 중요하게 생각하는 사람입니다. 그래서 제가 지금까지 살면서 이룬 성과 중에 자랑할 만한 것이 있다 면 저는 제 주변에 저를 좋아하는 사람 그리고 제가 좋아하는 사람이 어 많이 있다는 것입니다. 음 어 사회적 동물로서 사람이 이 사회에서 살아갈 때 다른 사람의 도움을 어 받지 않고 오롯이 혼자 살아갈 수는 없다고 생각합니다. 사회라는 어 어떤 어 체계 안에서 사람이 살아갈 때 음 주변에 어 내가 좋아하고 또 나를 좋아하는 사람이 얼마나 많이 있느냐에 따라서 어 살면서 이룬 성취가 달라진 그 성취감이 달라진다고 생각을 합니다. 한 번은 제가 어 코로나에 걸려서 어 일 주일 동안 어 격리 생활을 한 적이 있습니다. 그때 어떤 국가의 도움을 받거나 그런 것이 아니라 저는 제 주변 사람들의 도움을 굉장히 많이 받았습니다. 제가 격리하고 있는 곳으로 많은 사람들이 음식을 보내 주었고 또 걱정하는 전화와 메세지를 보내 주었습니다. 그래서 격리를 하고 있는 일 주일 동안 어 몸은 굉장히 아팠지만 어 기분도 좋고 또 마음도 굉장히 밝았습니다. 어 사람들의 안부 전화를 받으면 아픈 것도 잊고 기분이 좋아졌고 또 어 혼자 격리 생활을 하고 있지만 먹을 것에 대한 걱정이 전혀 없었습니다. 이처럼 제 주변에 좋은 사람들이 있는 것 그리고 제가 언제든지 내가 좋아하는 사람을 만나서 함께 시간을 보낼 수 있는 그런 사람들이 많이 있다는 것이 제가 지금껏 살면서 이룬 성과 중에 가장 큰 성과라고 생각합니다.","wordCount":210},"emotion":[],"intent":[{"text":"한 번은 제가 어 코로나에 걸려서 어 일 주일 동안 어 격리 생활을 한 적이 있습니다.","expression":"c_private","category":"background"},{"text":"그때 어떤 국가의 도움을 받거나 그런 것이 아니라 저는 제 주변 사람들의 도움을 굉장히 많이 받았습니다.","expression":"c_private","category":"background"},{"text":"제가 격리하고 있는 곳으로 많은 사람들이 음식을 보내 주었고 또 걱정하는 전화와 메세지를 보내 주었습니다.","expression":"c_private","category":"background"},{"text":"어 사람들의 안부 전화를 받으면 아픈 것도 잊고 기분이 좋아졌고 또 어 혼자 격리 생활을 하고 있지만 먹을 것에 대한 걱정이 전혀 없었습니다.","expression":"c_private","category":"background"}],"summary":{"text":"사회적 동물로서 사람이 사회에서 살아갈 때 다른 사람의 도움을 받지 않고 혼자 살아갈 수는 없다고 생각합니다. 코로나에 걸려 격리 생활을 한 적이 있는데, 주변 사람들의 도움으로 음식을 보내 주었고 걱정의 전화와 메세지를 보내 주었습니다. 덕분에 격리하고 있는 일 주일 동안 몸은 아팠지만 기분도 좋고 또 마음도 굉장히 밝았습니다. 이처럼 주변에 좋은 사람들이 있는 것이 제가 살면서 이룬 성과 중에 가장 큰 성과입니다.","wordCount":62}}},"rawDataInfo":{"question":{"fileFormat":"wav","fileSize":605198,"duration":18910,"samplingBit":16,"channelCount":1,"samplingRate":"16kHz","audioPath":"/Mock/04.RND/Female/New/ckmk_q_rnd_f_n_275152.wav"},"answer":{"fileFormat":"wav","fileSize":3780558,"duration":118140,"samplingBit":16,"channelCount":1,"samplingRate":"16kHz","audioPath":"/Mock/04.RND/Female/New/ckmk_a_rnd_f_n_275152.wav"}}}