{"version":"1.0","dataSet":{"info":{"date":"20230116","occupation":"RND","channel":"MOCK","place":"ONLINE","gender":"FEMALE","ageRange":"45-54","experience":"NEW"},"question":{"raw":{"text":"만일 우리 회사가 해외 무대로 진출하게 된다면 어디로 진출하는 것이 가장 좋겠습니까 지원자께서 생각하는 이유를 말씀해 주세요","wordCount":17},"emotion":[],"intent":[]},"answer":{"raw":{"text":"우리 회사가 해외 무대로 만약에 진출을 하게 된다면 저는 동남아를 추천하고 싶습니다. 동남아 중에서도 베트남을 추천하고 싶은데요. 사실은 어 한 십 년 전까지는 중국 시장이 대단히 어 세계 시장에서 발전 방향이 있는 시장이었다고 생각이 합니다. 특히나 저는 어 중국 유학도 다녀왔고 중국어도 할 수 있으며 중국 관련된 어 여행도 많이 해봤습니다. 그런데 지금은 어 우리나라와 중국과의 관계도 좀 껄끄럽기도 하고요. 어 현재는 중국 시장도 굉장히 크지만 제 생각에는 어 십 년 뒤를 더 내다 본다면 중국보다는 동남아 쪽에 베트남이 더 큰 시장이 될 것이라고 생각합니다. 그래서 우리 회사가 미리 다른 회사들보다 먼저 물론 지금도 진출해 있는 회사들이 많이 있을 텐데요. 그래도 지금이라도 저희가 진출을 해서 베트남 시장을 선점한다면 십 년 후에 우리 회사의 어 미래 그리고 비전은 더 커질 것이라고 생각합니다. 그래서 우리 회다 회사가 해외 무대로 진출한다면 베트남으로 진출하는 것이 좋을 것 같습니다.","wordCount":134},"emotion":[],"intent":[{"text":"","expression":"","category":"attitude"}],"summary":{"text":"우리 회사가 해외 무대로 진출하게 된다면 동남아 중에서도 베트남을 추천하고 싶습니다. 한 십 년 전까지는 중국 시장이 세계 시장에서 발전 방향이 있는 시장이었지만 지금은 우리나라와 중국과의 관계가 껄끄럽습니다. 앞으로 중국보다는 동남아 쪽에 베트남이 더 큰 시장이 될 것이라고 생각합니다.","wordCount":39}}},"rawDataInfo":{"question":{"fileFormat":"wav","fileSize":487118,"duration":15220,"samplingBit":16,"channelCount":1,"samplingRate":"16kHz","audioPath":"/Mock/04.RND/Female/New/ckmk_q_rnd_f_n_149674.wav"},"answer":{"fileFormat":"wav","fileSize":2853198,"duration":89160,"samplingBit":16,"channelCount":1,"samplingRate":"16kHz","audioPath":"/Mock/04.RND/Female/New/ckmk_a_rnd_f_n_149674.wav"}}}