{"version":"1.0","dataSet":{"info":{"date":"20230116","occupation":"RND","channel":"MOCK","place":"ONLINE","gender":"FEMALE","ageRange":"-34","experience":"NEW"},"question":{"raw":{"text":"만약 일을 하다가 팀원과 불화가 생기게 된다면 어떻게 해결하실지 궁금합니다 본인의 해결 방법과 그 이유에 대해서 말씀해 주세요","wordCount":18},"emotion":[],"intent":[]},"answer":{"raw":{"text":"어 팀으로서 협업을 하다 보면 불화나 갈등이 생기는 건 당연하다고 생각이 됩니다. 그래서 팀원과 불화가 생겼을 때 저는 그 불화의 원인이 무엇인지 알아볼 것 같습니다. 그 원인이 과연 저에게 있는 것인지 아니면 팀원에게 있는 것인지를 살펴본 뒤 만약 제가 원인이라면은 제가 조금 더 수긍하고 팀원의 기분을 맞춰줄 수 있도록 팀원과 소통을 할 계획이고요. 만약 팀원의 잘못으로 인해서 불화가 생긴 거라면은 팀원에게 어 잘못했어 라고 직접적으로 잘못을 언급하기보다는 돌려서 어 이런 부분이 잘못된 것 같은데 라고 제 책임이 어느 정도 있는 것처럼 팀원에게 말하고 소통한다면 그 불화가 조금 잦아지고 원만하게 해결이 될 것 같습니다.","wordCount":93},"emotion":[],"intent":[{"text":"","expression":"","category":"attitude"}],"summary":{"text":"협업 시 팀원간 불화나 갈등이 생길 수 있는데, 그 원인이 무엇인지 살펴볼 것 같습니다. 만약 제가 원인이라면 수긍하고 팀원의 기분을 맞춰줄 수 있도록 소통할 예정이고, 팀원의 잘못이라면 제 책임처럼 팀원에게 말하고 소통하면 좋겠습니다.","wordCount":33}}},"rawDataInfo":{"question":{"fileFormat":"wav","fileSize":386318,"duration":12070,"samplingBit":16,"channelCount":1,"samplingRate":"16kHz","audioPath":"/Mock/04.RND/Female/New/ckmk_q_rnd_f_n_290474.wav"},"answer":{"fileFormat":"wav","fileSize":2108558,"duration":65890,"samplingBit":16,"channelCount":1,"samplingRate":"16kHz","audioPath":"/Mock/04.RND/Female/New/ckmk_a_rnd_f_n_290474.wav"}}}