{"version":"1.0","dataSet":{"info":{"date":"20230116","occupation":"RND","channel":"MOCK","place":"ONLINE","gender":"FEMALE","ageRange":"45-54","experience":"NEW"},"question":{"raw":{"text":"만약 지원자님께서 께임 속 캐릭터라고 가정했을 때 어떠한 께임에서 어떤 역할을 맡아서 어떤 임무를 수행하고 싶으신지 말씀해 주십시오","wordCount":18},"emotion":[],"intent":[]},"answer":{"raw":{"text":"제가 만약 게임 속의 캐릭터라면 어떤 게임에 어떤 역할을 맡아서 수행하고 싶은지 물어보셨는데요. 사실은 저는 온라인 게임이나 뭐 그런 핸드폰 게임 등을 거의 하지 않습니다. 어 그래서 게임에 대해서는 또한 게임 캐릭터에 대해서는 잘 알지는 못합니다. 하지만 만약에 어 제가 생각하는 이런 게임이 있다면 저는 그 게임 속에 캐릭터가 되고 싶습니다. 어 바로 어 전 세계를 여행하면서 그 세계 속에서 어떤 문화나 어떤 역사 이런 것을 어 알아 맞추고 그 안에서 어떤 그 포인트를 얻거나 이런 캐릭터가 있다면 저는 정말 그 캐리톡 속에 주인공이 되고 싶습니다. 그렇게 하면 전 세계를 여행할 수도 있고 그 세계 속에서 있는 각 나라의 문화나 역사 등을 더 공부하고 알아갈 수 있을 것 같아서 제가 평소에 관심이 많은 세계 여행과 그다음에 역사 문화 등에 대한 그걸 익힐 수 있는 그런 게임 속에 캐릭터가 꼭 되어 보고 싶습니다. 사실 게임을 할 수 없다면 어 실제적으로 세계 여행하고 역사 문화를 공부하는 것 그것 또한 저의 재미이기도 합니다.","wordCount":150},"emotion":[{"text":"사실 게임을 할 수 없다면 어 실제적으로 세계 여행하고 역사   문화를 공부하는 것 그것 또한 저의 재미이기도 합니다.","expression":"p-interest","category":"positive"}],"intent":[{"text":"","expression":"","category":"attitude"}],"summary":{"text":"게임 캐릭터에 대해서는 잘 알지 못하지만 세계 여행이나 역사 문화 등에 대한 공부를 할 수 있는 캐릭터가 있다면캐릭터가 되고 싶습니다. 게임을 할 수 없다면 실제적으로 세계 여행하고 역사 문화를 공부하는 것 또한 저의 재미입니다.","wordCount":34}}},"rawDataInfo":{"question":{"fileFormat":"wav","fileSize":653198,"duration":20410,"samplingBit":16,"channelCount":1,"samplingRate":"16kHz","audioPath":"/Mock/04.RND/Female/New/ckmk_q_rnd_f_n_142233.wav"},"answer":{"fileFormat":"wav","fileSize":2750798,"duration":85960,"samplingBit":16,"channelCount":1,"samplingRate":"16kHz","audioPath":"/Mock/04.RND/Female/New/ckmk_a_rnd_f_n_142233.wav"}}}