{"version":"1.0","dataSet":{"info":{"date":"20230116","occupation":"RND","channel":"MOCK","place":"ONLINE","gender":"FEMALE","ageRange":"-34","experience":"NEW"},"question":{"raw":{"text":"본인은 스트레스를 받으면 그걸 어떻게 해소하시는지 또 왜 그런 방법으로 해소하시는지 저희에게 나눠주시면 되겠습니다","wordCount":14},"emotion":[],"intent":[]},"answer":{"raw":{"text":"네 저는 스트레스를 받으면 운동을 하는데요. 그 이유는 저한테는 운동이야말로 음 오늘 하루 받았던 스트레스를 잘 풀 수 있고 해소할 수 있는 그런 좋은 취미 활동이기 때문입니다. 제가 예전에 아르바이트로 삼교대 근무를 한번 했던 적이 있었는데요. 그 삼교대 근무를 처음 해 봤을 당시에 저는 이제 햇빛을 못 보는 생활을 하다 보니 새벽에 퇴근을 하면 굉장히 좀 우울감이 들 때도 있었습니다. 그때 제 선배들이 이제 추천을 해주기를 어 아침에 퇴근을 하고 나면 바로 집으로 들어가서 자지 말고 삼십 분이라도 운동을 하면 기분이 훨씬 더 상쾌해지고 뭔가 엔돌핀이 나온다 너도 한 번 해봐라 이렇게 추천을 해줘서 시작을 하기 시작했었는데요. 실제로 몸은 좀 피곤했지만 새벽에 퇴근 후에 삼십 분이라도 러닝 머신을 뛰고 맑은 공기를 쐬려고 하는 습관을 들이자 어 하루에 우울감이 많이 걷히는 그런 좋은 영향을 영향들이 나타났습니다. 그래서 저는 입사 후에도 꾸준히 운동을 통해 스트레스 관리를 하겠습니다.","wordCount":135},"emotion":[{"text":"제가 예전에 아르바이트로 삼교대 근무를 한번 했던 적이 있었는데요.","expression":"u-fact","category":"neutral"}],"intent":[{"text":"제가 예전에 아르바이트로 삼교대 근무를 한번 했던 적이 있었는데요.","expression":"c_private","category":"background"}],"summary":{"text":"저는 스트레스를 받으면 운동을 하는데, 그 이유는 오늘 하루 받았던 스트레스를 잘 풀 수 있고 해소할 수 있는 그런 좋은 취미 활동이기 때문입니다. 그래서 저는 입사 후에도 꾸준히 운동을 통해 스트레스 관리를 하겠습니다.","wordCount":33}}},"rawDataInfo":{"question":{"fileFormat":"wav","fileSize":371278,"duration":11600,"samplingBit":16,"channelCount":1,"samplingRate":"16kHz","audioPath":"/Mock/04.RND/Female/New/ckmk_q_rnd_f_n_171016.wav"},"answer":{"fileFormat":"wav","fileSize":2724558,"duration":85140,"samplingBit":16,"channelCount":1,"samplingRate":"16kHz","audioPath":"/Mock/04.RND/Female/New/ckmk_a_rnd_f_n_171016.wav"}}}