{"version":"1.0","dataSet":{"info":{"date":"20230116","occupation":"RND","channel":"MOCK","place":"ONLINE","gender":"FEMALE","ageRange":"-34","experience":"NEW"},"question":{"raw":{"text":"살면서 가장 힘들었던 점은 무엇인가요 또한 그것을 극복하기 위해서 어떤 노력을 해 오셨는지 말씀해 주시기 바랍니다","wordCount":16},"emotion":[],"intent":[]},"answer":{"raw":{"text":"제가 살면서 가장 힘들었을 때는 앞으로 무엇을 해야 될지 정하지 못하고 방황했을 때입니다. 대학교를 졸업하고 전공을 살리는 것으로 할지 아니면 다른 길을 찾을지 매우 고민이 많았습니다. 그래서 그 기간 동안 고민을 하고 방황하는 시간이 있었습니다. 하지만 언제까지 방황하고 고민할 수 없기 때문에 무엇이든 해보자 라는 마인드로 도전했습니다. 그래서 그때는 제가 일단은 많은 경험을 쌓을 수 있도록 외국에 나갔습니다. 외국에 나가서 다른 다양한 사람들과 경험도 해보고 다른 다양한 상황들도 겪어보면서 많은 것을 배울 수 있었습니다. 그래서 자신감을 얻고 돌아올 수 있었고 무엇이든 할 수 있다 라는 자신감이 생겼습니다. 그래서 저는 전공을 살리도록 노력해 볼려고 결심을 하였고 알앤디 분야로 지원을 하게 되었습니다. 그래서 저는 그때가 가장 힘들었던 시기였지만 그래도 그 시기를 잘 보내서 더 넓고 더 넓이 더 넓게 보면서 다양하게 도전할 수 있는 사람이 되었다 라고 생각합니다.","wordCount":126},"emotion":[],"intent":[{"text":"그래서 저는 전공을 살리도록 노력해 볼려고 결심을 하였고 알앤디 분야로 지원을 하게 되었습니다.","expression":"c_sincere_job","category":"etc"}],"summary":{"text":"앞으로 무엇을 해야 할지 정하지 못하고 방황했을 때, 많은 경험을 쌓을 수 있도록 외국에 나가 많은 것을 배울 수 있었고, 자신감을 얻고 돌아올 수 있었습니다. 그래서 전공을 살리도록 노력해 볼려고 결심을 하였고 알앤디 분야로 지원을 하게 되었습니다.","wordCount":37}}},"rawDataInfo":{"question":{"fileFormat":"wav","fileSize":602318,"duration":18820,"samplingBit":16,"channelCount":1,"samplingRate":"16kHz","audioPath":"/Mock/04.RND/Female/New/ckmk_q_rnd_f_n_282326.wav"},"answer":{"fileFormat":"wav","fileSize":2685838,"duration":83930,"samplingBit":16,"channelCount":1,"samplingRate":"16kHz","audioPath":"/Mock/04.RND/Female/New/ckmk_a_rnd_f_n_282326.wav"}}}