{"version":"1.0","dataSet":{"info":{"date":"20230116","occupation":"RND","channel":"MOCK","place":"ONLINE","gender":"FEMALE","ageRange":"-34","experience":"NEW"},"question":{"raw":{"text":"본인의 생각이 아닌 지원자님의 다른 주변 사람들이 생각하거나 얘기하는 지원자님의 단점과 장점을 말씀해 주세요","wordCount":14},"emotion":[],"intent":[]},"answer":{"raw":{"text":"제 주변 사람들이 생각하는 저의 단점은 너무 추진력이 빠르다는 것입니다. 저는 생각 어 일이 주어지면 그 일을 빨리빨리 처리하기 위해서 노력을 많이 하는데 어 그러다 보니까 주변에서 같이 일하는 팀원들이 제 속도에 잘 따라오지 못할 때가 있고 그럴 때마다 저는 조금 답답함을 느끼곤 하는 것이 저의 단점입니다. 어 저의 장점은 회사 내에서 눈치가 빠르고 또 어 다양한 그런 일들을 섬세하게 처리하는 능력을 가지고 있는 것이 저의 장점입니다. 사람들이 생각하고 있는 그런 생각들 그리고 앞으로 처리해야 하는 그런 활동 그리고 프로젝트를 눈치 있게 빠르게 빠르게 처리할 수 있는 그런 능력이 있고 또 제가 어 그 일을 빠르게 해내면서도 섬세하게 일을 하기 때문에 어 놓치는 것 없이 원 완벽하게 그 일을 해내는 편이어서 어 그런 것을 장점이라고 말하는 것 같습니다.","wordCount":118},"emotion":[{"text":"저는 생각 어 일이 주어지면 그 일을 빨리빨리 처리하기 위해서 노력을 많이 하는데 어 그러다 보니까 주변에서 같이 일하는 팀원들이 제 속도에 잘 따라오지 못할 때가 있고 그럴 때마다 저는 조금 답답함을 느끼곤 하는 것이 저의 단점입니다.","expression":"n-distress","category":"negative"}],"intent":[{"text":"제 주변 사람들이 생각하는 저의 단점은 너무 추진력이 빠르다는 것입니다.","expression":"c_person","category":"background"},{"text":"저는 생각 어 일이 주어지면 그 일을 빨리빨리 처리하기 위해서 노력을 많이 하는데 어 그러다 보니까 주변에서 같이 일하는 팀원들이 제 속도에 잘 따라오지 못할 때가 있고 그럴 때마다 저는 조금 답답함을 느끼곤 하는 것이 저의 단점입니다.","expression":"c_person","category":"background"},{"text":"어 저의 장점은 회사 내에서 눈치가 빠르고 또 어 다양한 그런 일들을 섬세하게 처리하는 능력을 가지고 있는 것이 저의 장점입니다.","expression":"c_person","category":"background"},{"text":"사람들이 생각하고 있는 그런 생각들 그리고 앞으로 처리해야 하는 그런 활동 그리고 프로젝트를 눈치 있게 빠르게 빠르게 처리할 수 있는 그런 능력이 있고 또 제가 어 그 일을 빠르게 해내면서도 섬세하게 일을 하기 때문에 어 놓치는 것 없이 원 완벽하게 그 일을 해내는 편이어서 어 그런 것을 장점이라고 말하는 것 같습니다.","expression":"c_person","category":"background"}],"summary":{"text":"저는 추진력이 빠르다는 단점과 눈치가 빠르고 다양한 일들을 섬세하게 처리하는 능력을 가지고 있는 장점을 가지고 있습니다. 사람들이 생각하고 있는 생각들 그리고 앞으로 처리해야 하는 활동 그리고 프로젝트를 눈치 있게 빠르게 빠르게 처리할 수 있는 능력이 있고 완벽하게 그 일을 해내는 편입니다.","wordCount":41}}},"rawDataInfo":{"question":{"fileFormat":"wav","fileSize":607118,"duration":18970,"samplingBit":16,"channelCount":1,"samplingRate":"16kHz","audioPath":"/Mock/04.RND/Female/New/ckmk_q_rnd_f_n_270425.wav"},"answer":{"fileFormat":"wav","fileSize":2694478,"duration":84200,"samplingBit":16,"channelCount":1,"samplingRate":"16kHz","audioPath":"/Mock/04.RND/Female/New/ckmk_a_rnd_f_n_270425.wav"}}}