{"version":"1.0","dataSet":{"info":{"date":"20230116","occupation":"RND","channel":"MOCK","place":"ONLINE","gender":"FEMALE","ageRange":"35-44","experience":"NEW"},"question":{"raw":{"text":"어 지금까지 지원자님께서 삼 년 내 주요 성장 계획이나 목표가 있으실 텐데요 그것이 있다면 무엇인지 말씀해 주시길 바랍니다","wordCount":18},"emotion":[],"intent":[]},"answer":{"raw":{"text":"저는 삼 년 뒤에 꼭 세계적인 과학 잡지인 네이처에 논문을 어 등재하고 싶습니다. 그렇게 하기 위해서 저는 올해까지 꼭 제가 지금 연구하고 있는 분야에 대해서 어 좋은 결과를 얻어서 그것을 먼저 해외 학회에서 발표를 하고 싶습니다. 그래서 그 발표에서 얻은 피드백을 바탕으로 조금 더 깊 깊이 있는 연구를 통해서 아주 좋은 결과 좋은 성과물을 내고 싶구요. 그 성과를 어 논문을 통해서 꼭 어 세계적인 과학 잡지인 네이처에 저의 논문을 어 싣고 싶습니다. 그래서 삼 년 뒤에는 어 외국에 있는 대학이라든지 아니면 외국에 있는 기업에서 일을 하는 것이 저의 최종 목표입니다. 어 우리나라에서 연구를 계속하고 또 우리나라에 있는 회사에 들어가서 일을 하고 싶은 욕심도 있습 있습니다. 하지만 저는 조금 더 넓은 세상에서 그리고 제가 연구하고 있는 이 분야에 조금 더 선진적인 기술을 가지고 있는 유럽이나 미국에서 일을 하거나 공부를 하고 싶습니다. 그래서 저는 지금 제가 연구하고 있는 이 분야에서 최고가 되기 위해 어 삼 년 뒤에도 어 지금과 마찬가지로 계속 끊임없이 어 노력하고 있을 것 같습니다. 저는 어 그 지금의 노력 뿐만 아니라 삼 년 뒤에 저의 목표를 달성을 해서 십 년 뒤에는 꼭 제 분야에서 최고가 되고 싶고 최고의 권위 있는 학자가 되고 싶습니다.","wordCount":184},"emotion":[{"text":"하지만 저는 조금 더 넓은 세상에서 그리고 제가 연구하고 있는 이 분야에 조금 더 선진적인 기술을 가지고 있는 유럽이나 미국에서 일을 하거나 공부를 하고 싶습니다.","expression":"p-interest","category":"positive"},{"text":"저는 어 그 지금의 노력 뿐만 아니라 삼 년 뒤에 저의 목표를 달성을 해서 십 년 뒤에는 꼭 제 분야에서 최고가 되고 싶고 최고의 권위 있는 학자가 되고 싶습니다.","expression":"p-interest","category":"positive"}],"intent":[{"text":"","expression":"","category":"attitude"}],"summary":{"text":"저는 삼 년 뒤에 네이처에 논문을 등재하고 싶습니다. 올해까지 연구한 분야에 대한 좋은 결과를 해외 학회에서 발표하여 좋은 성과물을 내고자 합니다. 앞으로 외국에 있는 대학, 기업에서 일하고 싶으며, 더 넓은 세계에서 더 선진적인 기술을 가지고 일하는 것이 꿈입니다. 지금까지의 노력과 목표를 달성하여 십 년 뒤에는 최고의 권위 있는 학자가 되겠습니다.","wordCount":50}}},"rawDataInfo":{"question":{"fileFormat":"wav","fileSize":518478,"duration":16200,"samplingBit":16,"channelCount":1,"samplingRate":"16kHz","audioPath":"/Mock/04.RND/Female/New/ckmk_q_rnd_f_n_250142.wav"},"answer":{"fileFormat":"wav","fileSize":3822798,"duration":119460,"samplingBit":16,"channelCount":1,"samplingRate":"16kHz","audioPath":"/Mock/04.RND/Female/New/ckmk_a_rnd_f_n_250142.wav"}}}