{"version":"1.0","dataSet":{"info":{"date":"20230116","occupation":"RND","channel":"MOCK","place":"ONLINE","gender":"FEMALE","ageRange":"-34","experience":"NEW"},"question":{"raw":{"text":"능수능란하게 다룰 수 있는 설계에 관련된 프로그램에 대해 자세히 말해 보세요","wordCount":11},"emotion":[],"intent":[]},"answer":{"raw":{"text":"어 제가 다룰 수 있는 설계 프로그램은 바로 캐드입니다. 캐드 프로그램은 컴퓨터 그래픽 캐드 툴을 사용해서 스케치 드로잉 그리고 설계를 하여서 투 디 도면 또는 쓰리 디 객체 파일을 생성하는 것을 말합니다. 산업 분야별로 캐드 프로그램 학습으로 디자이너가 될 수 있는 분야가 많다고 해서 이 자격증을 취득을 하게 되었습니다. 어 이 캐드 프로그램은 다양한 부문에서 사용이 되는데 특히 이 어 건설 부분에서는 꼭 필요한 프로그램이라고 생각이 되고 음 이 프로그램에 대한 자격증을 취득함으로써 이 회사에도 어 직무적으로 어 도움이 될 거라고 생각을 합니다. 설계 도면을 꼼꼼하게 그리는 것은 저의 장점과도 연결이 되는데요. 이 캐드 프로그램을 활용을 해서 제가 머릿속에 있는 그런 설계 도면을 꼼꼼하고 또 섬세하게 그려낼 수 있다고 자부를 합니다.","wordCount":111},"emotion":[],"intent":[{"text":"산업 분야별로 캐드 프로그램 학습으로 디자이너가 될 수 있는 분야가 많다고 해서 이 자격증을 취득을 하게 되었습니다.","expression":"r_prof","category":"attitude"},{"text":"어 이 캐드 프로그램은 다양한 부문에서 사용이 되는데 특히 이 어 건설 부분에서는 꼭 필요한 프로그램이라고 생각이 되고 음 이 프로그램에 대한 자격증을 취득함으로써 이 회사에도 어 직무적으로 어 도움이 될 거라고 생각을 합니다.","expression":"c_sincere_co","category":"etc"}],"summary":{"text":"캐드 프로그램은 컴퓨터 그래픽 캐드 툴을 사용해서 스케치 드로잉 그리고 설계를 하여 투 디 도면 또는 쓰리 디 객체 파일을 생성하는 것을 말합니다. 건설 부분에서는 캐드 프로그램이 꼭 필요한 프로그램이라고 생각되어 자격증을 취득하게 되었습니다.","wordCount":34}}},"rawDataInfo":{"question":{"fileFormat":"wav","fileSize":634318,"duration":19820,"samplingBit":16,"channelCount":1,"samplingRate":"16kHz","audioPath":"/Mock/04.RND/Female/New/ckmk_q_rnd_f_n_264784.wav"},"answer":{"fileFormat":"wav","fileSize":2385998,"duration":74560,"samplingBit":16,"channelCount":1,"samplingRate":"16kHz","audioPath":"/Mock/04.RND/Female/New/ckmk_a_rnd_f_n_264784.wav"}}}