{"version":"1.0","dataSet":{"info":{"date":"20230116","occupation":"RND","channel":"MOCK","place":"ONLINE","gender":"FEMALE","ageRange":"-34","experience":"NEW"},"question":{"raw":{"text":"지금까지 살아오시면서 가장 힘들었던 경험은 무엇인가요 또한 지원자님이 그것을 어떻게 극복하셨었는지도 말씀 부탁드립니다","wordCount":13},"emotion":[],"intent":[]},"answer":{"raw":{"text":"저는 살아오면서 대학을 휴학하고 지냈던 생활 중에 가장 힘들었던 경험이 있었는데요. 저는 한때 아르바이트를 구직할 때 어느 가게에서 무급으로 잠시간 일을 한 경험이 있습니다. 그때 무급으로 일을 한다는 것이 잘못된 것임을 알고 있었으나 마음이 급하여서 그만큼 그 업무를 하겠다고 말해 버렸습니다. 그렇게 일을 맡고 수행하면서 점점 심신이 지쳐가는 저 자신을 발견했고 그 아르바이트를 금방 그만두게 되었습니다. 제가 이때의 경험을 가장 힘들고 후회했던 이유는 당시 무급 제안을 받았을 때 솔직하고 단호하게 거절하지 않았던 저의 잘못된 판단의 행동이 마음에 걸렸기 때문입니다. 당장 내 앞의 일을 해결하는데 급급하다고 수락했던 제가 너무 어리석게 느껴졌고 노동이라는 중요한 사람의 가치를 순간적으로 깎아 내렸다는 점에서 화가 났습니다. 이로 인해서 저는 업무와 노동과 관련하여 모범적이고 준수한 사례를 많이 읽어 보았고 다시는 이러한 행동을 반복하지 않기 위해서 노력하고 있습니다.","wordCount":120},"emotion":[{"text":"당장 내 앞의 일을 해결하는데 급급하다고 수락했던 제가 너무 어리석게 느껴졌고 노동이라는 중요한 사람의 가치를 순간적으로 깎아 내렸다는 점에서 화가 났습니다.","expression":"n-anger","category":"negative"}],"intent":[{"text":"","expression":"","category":"attitude"}],"summary":{"text":"저는 대학을 휴학하고 지낼 때 무급으로 잠시간 일을 한 경험이 있습니다. 그때 무급이라는 것이 잘못된 것임을 알고 있었으나 그만큼 그 업무를 하겠다고 말해버렸습니다. 그렇게 일을 수행하면서 심신이 지쳐가는 자신을 발견했고 그 아르바이트를 금방 그만두게 되었습니다. 이 경험을 가장 힘들었고 후회했던 이유는 바로 거절하지 않았던 저의 잘못된 판단 때문이었습니다.","wordCount":48}}},"rawDataInfo":{"question":{"fileFormat":"wav","fileSize":614158,"duration":19190,"samplingBit":16,"channelCount":1,"samplingRate":"16kHz","audioPath":"/Mock/04.RND/Female/New/ckmk_q_rnd_f_n_284339.wav"},"answer":{"fileFormat":"wav","fileSize":2202958,"duration":68840,"samplingBit":16,"channelCount":1,"samplingRate":"16kHz","audioPath":"/Mock/04.RND/Female/New/ckmk_a_rnd_f_n_284339.wav"}}}