{"version":"1.0","dataSet":{"info":{"date":"20230116","occupation":"RND","channel":"MOCK","place":"ONLINE","gender":"FEMALE","ageRange":"-34","experience":"NEW"},"question":{"raw":{"text":"우리 회사에 들어오게 된다면 가장 가고 싶은 부서는 어디인가요 또한 왜 그곳이 가장 가고 싶으신지 이유도 함께 말씀 부탁드립니다","wordCount":19},"emotion":[],"intent":[]},"answer":{"raw":{"text":"저는 성능 개발팀에 가장 가고 싶습니다. 어 저희 회사가 아무래도 자동차를 만드는 회사이다 보니까요. 그런 성능을 개발할 경우가 많을 것 같은데요. 신차의 성능을 개발하고 그 개발된 성능을 테스트하고 저는 그런 과정이 너무 흥미롭고 재미있게 느껴집니다. 실제로 성능을 개발하는 그런 프로젝트에 참여를 한 적이 있는데요. 어 일반 공도를 달리면서 이 차량이 이런 경우엔 이렇게 움직이는구나 라는 것을 느끼면서 큰 흥미를 느꼈었고요. 저 그때부터 저는 성능 개발과 관련된 업무를 꼭 수행하고 싶다 라는 다짐을 했습니다. 어 회사에 들어가게 된다면 저는 꼭 성능 개발팀에서 열심히 배우고 노력하고 싶습니다.","wordCount":85},"emotion":[{"text":"신차의 성능을 개발하고 그 개발된 성능을 테스트하고 저는 그런 과정이 너무 흥미롭고 재미있게 느껴집니다.","expression":"p-interest","category":"positive"},{"text":"실제로 성능을 개발하는 그런 프로젝트에 참여를 한 적이 있는데요.","expression":"u-fact","category":"neutral"},{"text":"어 일반 공도를 달리면서 이 차량이 이런 경우엔 이렇게 움직이는구나 라는 것을 느끼면서 큰 흥미를 느꼈었고요.","expression":"p-interest","category":"positive"}],"intent":[{"text":"","expression":"","category":"attitude"}],"summary":{"text":"자동차 회사를 다니는 저는 성능 개발팀에 가고 싶습니다. 실제로 성능을 개발하는 프로젝트에 참여한 적이 있었는데 일반 공도를 달리면서 차량이 이렇게 움직이구나 라는 것을 느꼈습니다. 회사에 들어가게 되면 성능 개발팀에서 열심히 배우고 노력하겠습니다.","wordCount":32}}},"rawDataInfo":{"question":{"fileFormat":"wav","fileSize":601358,"duration":18790,"samplingBit":16,"channelCount":1,"samplingRate":"16kHz","audioPath":"/Mock/04.RND/Female/New/ckmk_q_rnd_f_n_290670.wav"},"answer":{"fileFormat":"wav","fileSize":2038478,"duration":63700,"samplingBit":16,"channelCount":1,"samplingRate":"16kHz","audioPath":"/Mock/04.RND/Female/New/ckmk_a_rnd_f_n_290670.wav"}}}