{"version":"1.0","dataSet":{"info":{"date":"20230116","occupation":"RND","channel":"MOCK","place":"ONLINE","gender":"FEMALE","ageRange":"45-54","experience":"NEW"},"question":{"raw":{"text":"지원자님께서 왜 저희 지원하신 이 분야에 관심을 가지게 되어셨는지 또한 이 분야에 왜 지원을 하게 되셨는지 궁금한데요 어 관심을 가진 이유나 혹은 저희 부서에 지원하게 된 동기 또한 저희에게 말씀해 주세요","wordCount":31},"emotion":[],"intent":[]},"answer":{"raw":{"text":"제가 지원한 알엔디 분야에 관심을 가지게 된 그리고 지원하게 된 이유에 대해서 설명드리겠습니다. 일단 알엔디 라고 하는 것은 연구와 개발의 합성으로 연구 결과를 바탕으로 해서 상품을 개발하는 업무라고 생각하고 있습니다. 그래서 새로운 서비스를 창출하고 전달 체계를 개선하고 제조업하고 서비스 간의 융합을 촉진하는 그런 역할을 하고 있다고 생각합니다. 어 대표적인 예로는 어 개인 맞춤형 금융 관리라든가 또 제품을 판 뒤에 사후 서비스를 제공한다거나 아이티에 융합한 통신 장비를 이용한 원격 서비스 등을 말하고 있는데요. 그러므로 인해서 최근의 정부는 경제 관계 장관 회의에서 서비스 분야의 일출 일자리를 창출하고 생산성 제고를 위한 서비스 산업 혁신 정책을 중점적으로 추진하고 있는 것으로 알고 있습니다. 그래서 저는 어 이 이목이 집중되고 있는 이 서비스 산업인 알엔디에 저의 역량을 더 키우기 위해서 저는 지원하게 됐습니다. 어 이 부분에 저의 능력을 더 제고하고 싶은 마음입니다.","wordCount":126},"emotion":[],"intent":[{"text":"그래서 저는   어 이 이목이 집중되고 있는 이 서비스 산업인 알엔디에 저의 역량을   더 키우기 위해서 저는 지원하게 됐습니다.","expression":"c_sincere_job","category":"etc"}],"summary":{"text":"연구 결과를 바탕으로 상품을 개발하는 업무인 알엔디에 관심을 가지게 되었고 새로운 서비스를 창출하고 전달 체계를 개선하고 제조업과 서비스 간의 융합을 촉진하는 역할을 하고 있어 최근 정부는 서비스 산업 혁신 정책을 중점적으로 추진하고 있는 것으로 알고 있습니다.","wordCount":36}}},"rawDataInfo":{"question":{"fileFormat":"wav","fileSize":626318,"duration":19570,"samplingBit":16,"channelCount":1,"samplingRate":"16kHz","audioPath":"/Mock/04.RND/Female/New/ckmk_q_rnd_f_n_141663.wav"},"answer":{"fileFormat":"wav","fileSize":2751118,"duration":85970,"samplingBit":16,"channelCount":1,"samplingRate":"16kHz","audioPath":"/Mock/04.RND/Female/New/ckmk_a_rnd_f_n_141663.wav"}}}