{"version":"1.0","dataSet":{"info":{"date":"20230116","occupation":"RND","channel":"MOCK","place":"ONLINE","gender":"FEMALE","ageRange":"45-54","experience":"NEW"},"question":{"raw":{"text":"이번에는 연구 방법론에 관한 것인데요 여러분이 여러분 자신에게 아주 익숙한 연구 방법론을 한번 말씀해 주시고 실제 적용 사례가 있으면 그에 대해서 말씀해 주시기 바랍니다","wordCount":24},"emotion":[],"intent":[]},"answer":{"raw":{"text":"저에게 익숙한 연구 방법론을 말씀드리겠습니다. 연구 방법론이라고 하면 크게 세 가지 단계로 구분할 수 있겠는데요. 우선 연구 설정을 첫 번째로 하고 그다음에 연구를 설계하고 그다음에 마지막으로 자료를 분석하는 단계가 있을 것 같습니다. 어 연구를 설정하는데 있어서 어 네 가지 단계가 또한 있을 텐데 연구 목적을 설계하고 그다음에 그거에 따른 문제를 설정하구요. 개념적인 준거를 수립해서 영구 가설을 수립하게 됩니다 그다음에 연구를 설계 할 텐데요. 어 표본 설계 연구 방법 설계 척도 설계 이런 것을 하게 되겠죠. 마지막으로 자료 분석으로는 어 자료를 분석해서 분석 결과에 따른 결과 보고서를 내는 게 되겠습니다. 저는 그 전에 어 모니터링을 진행한 경험이 있습니다. 어 장애인 정책에 관해서 장애인 예산이 얼마나 부처에 어 음 설계 되어 있는지를 모니터링한 경험이 있는데요. 그럴 때 말씀드린 대로 이렇게 자 어 그 자료를 설정하고 연구 어 단계를 설정하고 문제를 설정하고 그다음에 연구를 설계하고 마지막으로 분석을 했던 그런 경험이 있습니다.","wordCount":138},"emotion":[],"intent":[{"text":"연구 방법론이라고 하면 크게 세 가지 단계로 구분할 수 있겠는데요.","expression":"r_res_mth","category":"technology"},{"text":"우선   연구 설정을 첫 번째로 하고 그다음에 연구를 설계하고 그다음에 마지막으로   자료를 분석하는 단계가 있을 것 같습니다.","expression":"r_res_mth","category":"technology"},{"text":"어 연구를 설정하는데   있어서 어 네 가지 단계가 또한 있을 텐데 연구 목적을 설계하고   그다음에 그거에 따른 문제를 설정하구요.","expression":"r_res_mth","category":"technology"},{"text":"개념적인 준거를 수립해서 영구 가설을   수립하게 됩니다 그다음에 연구를 설계 할 텐데요.","expression":"r_res_mth","category":"technology"},{"text":"어 표본 설계   연구 방법 설계 척도 설계 이런 것을 하게 되겠죠.","expression":"r_res_mth","category":"technology"},{"text":"마지막으로 자료 분석으로는   어 자료를 분석해서 분석 결과에 따른 결과 보고서를 내는 게 되겠습니다.","expression":"r_res_mth","category":"technology"},{"text":"그럴 때 말씀드린 대로 이렇게   자 어 그 자료를 설정하고 연구 어 단계를 설정하고   문제를 설정하고 그다음에 연구를 설계하고 마지막으로 분석을   했던 그런 경험이 있습니다.","expression":"r_res_mth","category":"technology"}],"summary":{"text":"연구 방법론은 크게 세 가지 단계로 구분할 수 있는데, 연구 설정을 첫 번째로 하고, 연구를 설계하고, 자료를 분석하는 단계가 있을 것 같습니다. 전 장애인 정책에 관해서 장애인 예산이 얼마나 부처에 설계 되어 있는지를 모니터링한 경험이 있습니다.","wordCount":36}}},"rawDataInfo":{"question":{"fileFormat":"wav","fileSize":570318,"duration":17820,"samplingBit":16,"channelCount":1,"samplingRate":"16kHz","audioPath":"/Mock/04.RND/Female/New/ckmk_q_rnd_f_n_141785.wav"},"answer":{"fileFormat":"wav","fileSize":2845518,"duration":88920,"samplingBit":16,"channelCount":1,"samplingRate":"16kHz","audioPath":"/Mock/04.RND/Female/New/ckmk_a_rnd_f_n_141785.wav"}}}