{"version":"1.0","dataSet":{"info":{"date":"20230116","occupation":"RND","channel":"MOCK","place":"ONLINE","gender":"FEMALE","ageRange":"-34","experience":"NEW"},"question":{"raw":{"text":"어 커뮤니케이션을 잘 할 수 있는 본인만의 스킬이 있으신가요 있으시다면 한번 소개해 주시길 바랍니다 또 그것을 직접 한번 보여 주셔도 좋습니다","wordCount":21},"emotion":[],"intent":[]},"answer":{"raw":{"text":"커뮤니케이션을 잘 할 수 있는 저만의 스킬로는 공감이 있습니다. 공감이라고 하면 다들 어 그냥 아 그렇구나 이런 것들을 생각을 하실 텐데 제가 생각했을 때 공감은 음 그냥 그 사람의 말에 호응을 해주는 것이 다가 아니라 어 그리고 그리고 심각하게 들어가면 그 사람과 나의 감정을 동일시 하려고 하는 것이 아니라 그 사람이 하는 말에 진심으로 애정을 가지고 들으려고 어 해 하는 그런 태도를 공감이라고 생각합니다. 어 말 뿐만 아니라 이런 눈빛 그리고 어 자세 말투 이런 비언어적인 요소에서 사람은 어 자신이 공감 받고 있다 그리고 존중 받고 있다 를 느끼곤 하는데요. 저는 이런 비언어적인 표현을 통해서 커뮤니케이션 중에서도 공감을 하려고 합니다. 그 결과 어 주변 사람들이 저를 신뢰하고 고민을 털어놓는 그런 경우가 많은데 저는 이런 스킬 때문이라고 생각을 합니다.","wordCount":118},"emotion":[],"intent":[{"text":"","expression":"","category":"attitude"}],"summary":{"text":"공감은 그 사람의 말에 호응을 해주는 것이 다가 아니라 그 사람이 하는 말에 애정을 가지고 들으려고 하는 태도를 공감이라고 생각합니다. 비언어적인 표현을 통해서 커뮤니케이션 중에서도 공감을 하려고 합니다. 그 결과 주변 사람들이 저를 신뢰하고 고민을 털어놓는 경우가 많다고 생각합니다.","wordCount":39}}},"rawDataInfo":{"question":{"fileFormat":"wav","fileSize":447758,"duration":13990,"samplingBit":16,"channelCount":1,"samplingRate":"16kHz","audioPath":"/Mock/04.RND/Female/New/ckmk_q_rnd_f_n_282939.wav"},"answer":{"fileFormat":"wav","fileSize":2835278,"duration":88600,"samplingBit":16,"channelCount":1,"samplingRate":"16kHz","audioPath":"/Mock/04.RND/Female/New/ckmk_a_rnd_f_n_282939.wav"}}}