{"version":"1.0","dataSet":{"info":{"date":"20230116","occupation":"RND","channel":"MOCK","place":"ONLINE","gender":"FEMALE","ageRange":"-34","experience":"NEW"},"question":{"raw":{"text":"현대 사회에 없어서는 안 되는 가장 중요하게 생각하시는 직업을 한 가지만 골라서 말씀해 주시겠어요","wordCount":14},"emotion":[],"intent":[]},"answer":{"raw":{"text":"저는 현대사회에서 없어서는 안 될 가장 중요하다고 생각하는 작 직업을 교사라고 생각합니다. 왜냐하면 우리의 모든 것들은 대대손손 물려오는 것입니다. 그것은 교사를 통해서 물려온 것이라고 생각합니다. 꼭 직업적인 교사가 아니라 누구나 다 교사가 될 수 있습니다. 그러한 큰 맥락에서 어 교사 자격증을 따고 교대를 나온 사람만 교사라고 생각하는 것이 아니라 모든 업무 지식이나 생활 지식이나 어떠한 지식에 대해서 전문가들이 서로 인수를 해주고 가르쳐 주는 것을 모두 다 교사라고 생각합니다. 그렇기 때문에 현대사회에는 교사의 직업이 가장 중요하다 라고 생각합니다. 사람이 일 대 일로 배워야지만 알 수 있는 것들이 많습니다. 그렇기 때문에 에이아이가 모든 것을 다 가르쳐 줄 수는 없을 것이라고 생각합니다. 그래서 저는 가장 중요한 것은 인력이 꼭 투입돼야 하는 곳이라고 생각하고 저는 그것을 교사라고 말씀드리고 싶습니다. 인간적인 면모를 보여주고 그것도 가리키는 것도 교사의 의무라고 생각합니다. 그래서 저는 모든 사람들이 인간성을 잃지 않도록 좋은 교사가 뽑혀서 많은 것들을 저희가 나누면서 살 수 있으면 좋겠습니다.","wordCount":142},"emotion":[],"intent":[{"text":"","expression":"","category":"attitude"}],"summary":{"text":"현대사회에서 가장 중요한 직업은 교사입니다. 모든 것은 대대손손 물려오는 것이며, 전문가들은 서로 인수를 하고 가르쳐 주는 것을 모두 교사라고 생각합니다. 그래서 가장 중요한 것은 인력이 꼭 투입돼야 하는 곳이라고 생각하고 교사라고 말씀드리겠습니다. 모든 사람들이 인간성을 잃지 않도록 좋은 교사가 뽑혀 많은 것들을 나눌 수 있으면 좋겠습니다.","wordCount":46}}},"rawDataInfo":{"question":{"fileFormat":"wav","fileSize":261198,"duration":8160,"samplingBit":16,"channelCount":1,"samplingRate":"16kHz","audioPath":"/Mock/04.RND/Female/New/ckmk_q_rnd_f_n_275718.wav"},"answer":{"fileFormat":"wav","fileSize":2802638,"duration":87580,"samplingBit":16,"channelCount":1,"samplingRate":"16kHz","audioPath":"/Mock/04.RND/Female/New/ckmk_a_rnd_f_n_275718.wav"}}}