{"version":"1.0","dataSet":{"info":{"date":"20230116","occupation":"RND","channel":"MOCK","place":"ONLINE","gender":"FEMALE","ageRange":"-34","experience":"NEW"},"question":{"raw":{"text":"장점 그리고 단점을 설명해 주세요 그리고 단점을 어떻게 보완했고 장점을 어떻게 발전시켜 나갔는지 그 노력도 함께 얘기해 주시기 바랍니다","wordCount":19},"emotion":[],"intent":[]},"answer":{"raw":{"text":"저는 실패를 두려워하는 단점이 있습니다. 이는 좋게 말하자면 신중하고 생각이 깊다고 할 수 있지만 아무래도 부정적인 면이 더 많이 보인다고 생각했습니다. 물론 누구나 실패를 겪습니다. 저는 그것을 받아들이고 어떻게 대처를 할지 앞으로는 어떻게 행동을 해야 할지가 오히려 중요하다고 생각했습니다. 그리고 마침 제 장점이 무엇이든지 경험해 보려고 하는 도전 정신이 있다는 것이었습니다. 이 끈끼로 저는 단점을 극복하기 위하여 오히려 실패와 성공 무엇이든 논하지 않고 더욱 더 눈앞의 문제를 직접 몸을 부딪쳐서 경험하려고 했습니다. 아르바이트나 대외 활동 등 다양한 분야의 업무를 경험함에 따라 여러 분야의 실패를 느끼는 것이 이를 보완하는 데 큰 도움이 되었습니다. 덕분에 두려운 마음이 생기면 이를 보다 빠르게 떨쳐내고 앞으로 나아가려는 노하우가 생겼습니다.","wordCount":104},"emotion":[],"intent":[{"text":"저는 실패를 두려워하는 단점이 있습니다.","expression":"c_person","category":"background"},{"text":"그리고 마침 제 장점이 무엇이든지 경험해 보려고 하는 도전 정신이 있다는 것이었습니다.","expression":"c_person","category":"background"}],"summary":{"text":"저는 실패를 두려워하는 단점을 극복하기 위해 실패와 성공을 논하지 않고 오히려 눈앞의 문제를 직접 부딪쳐서 경험하려고 했습니다. 아르바이트나 대외 활동 등 다양한 분야의 업무를 경험하며 여러 분야의 실패를 경험하는 것이 이를 보완하는 데 큰 도움이 되었습니다.","wordCount":36}}},"rawDataInfo":{"question":{"fileFormat":"wav","fileSize":562638,"duration":17580,"samplingBit":16,"channelCount":1,"samplingRate":"16kHz","audioPath":"/Mock/04.RND/Female/New/ckmk_q_rnd_f_n_260888.wav"},"answer":{"fileFormat":"wav","fileSize":2120078,"duration":66250,"samplingBit":16,"channelCount":1,"samplingRate":"16kHz","audioPath":"/Mock/04.RND/Female/New/ckmk_a_rnd_f_n_260888.wav"}}}