{"version":"1.0","dataSet":{"info":{"date":"20230116","occupation":"RND","channel":"MOCK","place":"ONLINE","gender":"FEMALE","ageRange":"-34","experience":"NEW"},"question":{"raw":{"text":"지원자님께서는 협업하는 과제와 혼자 하는 과제 중에 무엇을 더 선호하시는지 이유와 함께 말씀해 주시기 바랍니다","wordCount":15},"emotion":[],"intent":[]},"answer":{"raw":{"text":"저는 협업하는 과제와 혼자 하는 과제 중에 협업하는 과제를 더 선호합니다. 음 일의 결과물 뿐만 아니라 협업을 하게 되면 어 함께 하는 사람들과의 일하는 즐거움도 얻을 수 있고 또 일하는 과정에서의 그런 어 즐거움까지 덤으로 얻을 수 있기 때문에 협업하는 과제를 좋아하는 편입니다. 협업하는 과제를 하다 보면 다양한 아이디어가 나오고 제가 생각한 제가 혼자 생각한 아이디어보다 그 아이디어들이 합쳐져서 새로운 결과물로 도출이 되었을 때 더 좋은 어 성취가 나오곤 했던 경험이 있습니다. 어 그렇기 때문에 저는 혼자 하는 생각보다 어 다양한 사람들이 모여서 만드는 새로운 집합적 집합체 생각의 집합체가 더 힘이 있다고 생각을 합니다. 그래서 협업하는 과제와 혼자 하는 과제 중에 협업하는 과제를 더 선호한다고 말씀 드릴 수 있겠습니다.","wordCount":109},"emotion":[{"text":"음 일의 결과물 뿐만 아니라 협업을 하게 되면 어 함께 하는 사람들과의 일하는 즐거움도 얻을 수 있고 또 일하는 과정에서의 그런 어 즐거움까지 덤으로 얻을 수 있기 때문에 협업하는 과제를 좋아하는 편입니다.","expression":"p-happiness","category":"positive"}],"intent":[{"text":"음 일의 결과물 뿐만 아니라 협업을 하게 되면 어 함께 하는 사람들과의 일하는 즐거움도 얻을 수 있고 또 일하는 과정에서의 그런 어 즐거움까지 덤으로 얻을 수 있기 때문에 협업하는 과제를 좋아하는 편입니다.","expression":"c_cop","category":"personality"},{"text":"협업하는 과제를 하다 보면 다양한 아이디어가 나오고 제가 생각한 제가 혼자 생각한 아이디어보다 그 아이디어들이 합쳐져서 새로운 결과물로 도출이 되었을 때 더 좋은 어 성취가 나오곤 했던 경험이 있습니다.","expression":"c_cop","category":"personality"},{"text":"그래서 협업하는 과제와 혼자 하는 과제 중에 협업하는 과제를 더 선호한다고 말씀 드릴 수 있겠습니다.","expression":"c_cop","category":"personality"}],"summary":{"text":"협업하는 과제를 하다 보면 다양한 아이디어가 나오고 그 아이디어들이 합쳐져서 새로운 결과물로 도출이 되었을 때 더 좋은 성취가 나오곤 했던 경험이 있습니다. 그래서 협업하는 과제와 혼자 하는 과제 중에 협업 하는 과제를 더 선호한다고 말씀드릴 수 있겠습니다.","wordCount":37}}},"rawDataInfo":{"question":{"fileFormat":"wav","fileSize":477838,"duration":14930,"samplingBit":16,"channelCount":1,"samplingRate":"16kHz","audioPath":"/Mock/04.RND/Female/New/ckmk_q_rnd_f_n_270485.wav"},"answer":{"fileFormat":"wav","fileSize":2409038,"duration":75280,"samplingBit":16,"channelCount":1,"samplingRate":"16kHz","audioPath":"/Mock/04.RND/Female/New/ckmk_a_rnd_f_n_270485.wav"}}}