{"version":"1.0","dataSet":{"info":{"date":"20230116","occupation":"RND","channel":"MOCK","place":"ONLINE","gender":"FEMALE","ageRange":"45-54","experience":"NEW"},"question":{"raw":{"text":"대학 생활을 보내면서 가장 힘들었던 경험은 무엇인가요 또한 지원자님은 그 힘들었던 것을 어떻게 극복하셨는지 알려주세요","wordCount":15},"emotion":[],"intent":[]},"answer":{"raw":{"text":"대학 생활을 할 때 어 선후배 사이에 관계가 좋지 않아서 힘들었었던 경험이 있습니다. 어 제가 다녔던 과의 특성상 저희는 팀 작업을 굉장히 많이 하는 어 그런 전공에 속하는데요. 어 그럴 때 선배와 후배가 함께 팀을 이루어서 작업을 하는 경우가 많았습니다. 그때 선배는 어 내가 선배니까 라고 후배한테 조금 함부로 지시를 한다거나 어 대학 그 그 후배를 대했던 적이 있고 어 그 문제로 인해서 후배들은 어 선배들을 굉장히 싫어하고 또 어 따돌리는 그런 경향이 조금 있었습니다. 그러다 보니 함께 팀 작업으로 일을 진행을 할 때 일이 제대로 진행한 진행되지 않았고 또 그 과정 자체가 굉장히 즐겁지 못했습니다. 어 처음에는 아주 사소한 문제로 시작을 했었는데 그게 어 조금씩 쌓이다 보니 일이 점점 커졌고 그러다 보니 그러다 보니 어 교수님들까지 나서서 그 문제를 해결하기 위해서 노력을 많이 했습니다. 어 교수님이 전체 학생들을 불러놓고 어 선배들이 후배에게 과도한 어떤 지시를 한 것에 대해서 질책을 하시고 벌을 주셨는데 그 어 선생님들이 주시는 벌을 받은 선배들은 또 그것에 불만을 품고 어 그 불만을 다시 어 후배한테 어 되돌려주는 그런 어 악순환이 어 지속되었습니다. 그래서 어 결국에는 함께 하는 작업들이 너무 힘들어졌던 경험이 있었고 어 그 일을 극복하기 위해서 임원진들이 나서서 어 선후배 간에 대화의 장을 열어서 어 어렵게 문제를 해결한 적이 있습니다.","wordCount":196},"emotion":[],"intent":[{"text":"대학 생활을 할 때 어 선후배 사이에 관계가 좋지 않아서 힘들었었던 경험이 있습니다.","expression":"c_private","category":"background"}],"summary":{"text":"팀 작업을 하는 전공의 선배와 후배가 함께 팀을 이루어서 작업을 하는 경우가 많았는데, 선후배 사이 관계가 좋지 않아 일이 제대로 진행되지 않았고 과정 자체가 즐겁지 못했습니다. 교수님들까지 나서서 문제를 해결하기 위해서 노력을 많이 했고, 그 일을 극복하기 위해서 임원진들이 나서서 선후배 간에 대화를 열어서 어렵게 문제를 해결한 적이 있습니다.","wordCount":49}}},"rawDataInfo":{"question":{"fileFormat":"wav","fileSize":604238,"duration":18880,"samplingBit":16,"channelCount":1,"samplingRate":"16kHz","audioPath":"/Mock/04.RND/Female/New/ckmk_q_rnd_f_n_275145.wav"},"answer":{"fileFormat":"wav","fileSize":3718478,"duration":116200,"samplingBit":16,"channelCount":1,"samplingRate":"16kHz","audioPath":"/Mock/04.RND/Female/New/ckmk_a_rnd_f_n_275145.wav"}}}