{"version":"1.0","dataSet":{"info":{"date":"20230116","occupation":"RND","channel":"MOCK","place":"ONLINE","gender":"FEMALE","ageRange":"-34","experience":"NEW"},"question":{"raw":{"text":"동물 실험이 인간들에게 주는 이익에 대해서 말씀해 주세요 그리고 동물 실험에 대한 본인의 생각도 함께 말씀해 주세요","wordCount":17},"emotion":[],"intent":[]},"answer":{"raw":{"text":"동물 실험을 통해서 인간의 희생이 조금 줄어든 부분이 있는 것 같습니다. 하지만 동물들에게는 굉장히 가혹할 것 같은데요. 얼마 전에 토끼에게 실험을 하는 영상을 본 적이 있습니다. 그 영상에서 토끼는 굉장히 괴로워했고 그 현장을 도망가고 싶어 했지만 인간은 강압적으로 실험을 강행했었는데요. 이런 영상을 보면서 저는 동물이 정말 불쌍하다 라는 생각이 들었고 왜 굳이 동물에게 실험을 하는 것인가 라는 의문이 들었습니다. 요즘 같이 이런 기술이 발달한 시대에는 굳이 동물에게 실험을 하지 않아도 다른 방안으로 충분히 실험을 할 수 있을 것이라 생각이 드는데요. 그렇기 때문에 이 동물들을 학대하는 동물 실험을 멈추고 동물 실험을 대신해서 실험을 할 수 있는 방안은 데 마련되어야 된다고 생각을 합니다.","wordCount":101},"emotion":[],"intent":[{"text":"그렇기 때문에 이 동물들을 학대하는 동물 실험을 멈추고 동물 실험을 대신해서 실험을 할 수 있는 방안은 데 마련되어야 된다고 생각을 합니다.","expression":"c_value","category":"background"}],"summary":{"text":"기술이 발달한 시대에는 굳이 동물에게 실험을 하지 않아도 다른 방안으로 충분히 실험을 할 수 있기 때문에, 동물 실험을 멈추고 동물 실험을 대신해서 연구를 할 수 있는 방안이 마련되어야 한다고 생각합니다.","wordCount":30}}},"rawDataInfo":{"question":{"fileFormat":"wav","fileSize":297038,"duration":9280,"samplingBit":16,"channelCount":1,"samplingRate":"16kHz","audioPath":"/Mock/04.RND/Female/New/ckmk_q_rnd_f_n_290165.wav"},"answer":{"fileFormat":"wav","fileSize":2199118,"duration":68720,"samplingBit":16,"channelCount":1,"samplingRate":"16kHz","audioPath":"/Mock/04.RND/Female/New/ckmk_a_rnd_f_n_290165.wav"}}}