{"version":"1.0","dataSet":{"info":{"date":"20230116","occupation":"RND","channel":"MOCK","place":"ONLINE","gender":"FEMALE","ageRange":"-34","experience":"NEW"},"question":{"raw":{"text":"면접자님께서는 어떤 문제에 부딪쳤을 때 혼자 해결하는 편이십니까 아니면 여러 사람들에게 이야기를 해서 문제를 해결하는 편이신지 구체적으로 말씀해 주시기 바랍니다","wordCount":20},"emotion":[],"intent":[]},"answer":{"raw":{"text":"어떠한 문제에 부딪쳤을 때 저는 혼자 해결하는 편이 아니라 여러 사람들에게 조언을 구하는 편입니다. 사람들에게 조언을 구했을 때 항상 같은 대답이 나오는 것이 아니기 때문에 이렇게 이야기를 하곤 합니다. 그리고 사람마다 답변이 정말 다른데요. 어떤 사람들은 공감을 해 줘서 저의 마음을 다독여 주지만 또 어떤 사람들은 이 문제를 해결해 나가게끔 도와주는 편입니다. 현실적으로 해결해 줄 수 있는 사람이 저에게 있어서 좋은 해결 방법이라고 생각하는데요. 좋은 해결 방법이란 현실적으로 문제를 해결해 줄 수 있는 조언이 좋은 것이라고 생각합니다. 그래서 혼자 해결하는 것은 나에게 있어서 큰 도움이 되지 않는다고 생각합니다. 간혹 혼자만 알아야 되는 일들이 있다면 그런 것들은 혼자 해결할 수 밖에 없지만 되도록이면 여러 사람들에게 조언을 구해서 도움을 받는 것이 가장 중요하다고 생각이 듭니다.","wordCount":113},"emotion":[],"intent":[{"text":"","expression":"","category":"attitude"}],"summary":{"text":"어떠한 문제에 부딪쳤을 때 저는 혼자 해결하는 편이 아니라 여러 사람들에게 조언을 구하는 편입니다. 사람마다 답변이 정말 다르긴 하지만 현실적으로 문제를 해결해 줄 수 있는 사람이 좋은 해결 방법이라고 생각합니다. 되도록이면 여러 사람에게 조언을 구해서 도움을 받는 것이 가장 중요하다고 생각합니다.","wordCount":41}}},"rawDataInfo":{"question":{"fileFormat":"wav","fileSize":665358,"duration":20790,"samplingBit":16,"channelCount":1,"samplingRate":"16kHz","audioPath":"/Mock/04.RND/Female/New/ckmk_q_rnd_f_n_258153.wav"},"answer":{"fileFormat":"wav","fileSize":3730638,"duration":116580,"samplingBit":16,"channelCount":1,"samplingRate":"16kHz","audioPath":"/Mock/04.RND/Female/New/ckmk_a_rnd_f_n_258153.wav"}}}