{"version":"1.0","dataSet":{"info":{"date":"20230116","occupation":"RND","channel":"MOCK","place":"ONLINE","gender":"FEMALE","ageRange":"-34","experience":"NEW"},"question":{"raw":{"text":"지원자님이 생각하시기에 동물 실험이 인간에게 주는 이익이 무엇인지 또 동물 실험에 대한 지원자님의 생각도 함께 말씀해 주세요","wordCount":17},"emotion":[],"intent":[]},"answer":{"raw":{"text":"동물 실험을 통해서 인간은 짧은 시간 안에 많은 데이터를 얻을 수 있습니다. 아무래도 동물은 그 종류의 수가 많고 개체 수가 많기 때문에 단시간 안에 데이터를 수집하는 게 가능한데요. 하지만 그렇다 보니 동물 실험은 굉장히 어 비윤리적이지 않나 라는 생각이 듭니다. 얼마 전 영상으로 동물 실험에 관련된 영상을 본 적이 있는데요. 영상 속 동물들은 굉장히 힘들어 보였고 슬퍼 보였고 그 자리를 도망가고 싶어하는 모습들이 보였습니다. 해당 영상을 보면서 왜 굳이 동물들에게 실험을 가해야 하는가 시대가 바뀌고 기술이 많이 발전되었는데 굳이 동물이 아닌 다른 방법도 많을 것이라는 생각이 들었고요. 앞으로 이제 기술이 발전된 만큼 동물이 아닌 비생물에게 실험을 하는 방향으로 바뀌어야 된다고 생각됩니다.","wordCount":101},"emotion":[],"intent":[{"text":"앞으로 이제 기술이 발전된 만큼 동물이 아닌 비생물에게 실험을 하는 방향으로 바뀌어야 된다고 생각됩니다.","expression":"c_value","category":"background"}],"summary":{"text":"동물 실험을 통해서 인간은 단시간 안에 많은 데이터를 얻을 수 있지만, 동물들이 힘들어하고 슬퍼보이는 영상을 보면서 동물들이 아닌 비생물에게 실험을 하는 방향으로 바뀌어야 한다고 생각됩니다.","wordCount":25}}},"rawDataInfo":{"question":{"fileFormat":"wav","fileSize":409678,"duration":12800,"samplingBit":16,"channelCount":1,"samplingRate":"16kHz","audioPath":"/Mock/04.RND/Female/New/ckmk_q_rnd_f_n_290261.wav"},"answer":{"fileFormat":"wav","fileSize":2288078,"duration":71500,"samplingBit":16,"channelCount":1,"samplingRate":"16kHz","audioPath":"/Mock/04.RND/Female/New/ckmk_a_rnd_f_n_290261.wav"}}}