{"version":"1.0","dataSet":{"info":{"date":"20230116","occupation":"RND","channel":"MOCK","place":"ONLINE","gender":"FEMALE","ageRange":"-34","experience":"NEW"},"question":{"raw":{"text":"직장 생활에 있어서 직무 지식과 역량 그리고 태도 이 세 가지 요소 중 가장 중요하다고 생각하시는 게 무엇인지 그리고 왜 그렇게 생각하시는지 그 이유를 말씀 부탁드립니다","wordCount":26},"emotion":[],"intent":[]},"answer":{"raw":{"text":"저는 직무 지식 역량 태도 중 가장 중요한 것은 태도라고 생각합니다. 왜냐하면 직무를 배우고 싶은 태도 직무를 배우고 싶은 태도가 바르고 그거에 대한 의지가 있으면 직무 지식과 역량은 그 의지로 채울 수 있다 라고 생각합니다. 아무리 역량이 좋거나 아무리 지식이 뛰어나더라도 직무를 대하는 태도가 나태하거나 또는 의욕이 없다면 그것은 무용지물일 것입니다. 그렇기 때문에 저는 적극적인 태도가 중요하다 라고 생각하고 그리고 다른 사람들과 협업을 할 수 있고 화합되는 태도도 중요하다 라고 생각합니다. 그래서 저는 직무에서 가장 중요한 것은 지식과 영양 태도 중 태도라고 생각합니다. 지식과 역량 특히 지식은 공부를 하거나 많은 경험을 통해서 배울 수 있습니다. 그리고 역량 또한 자기가 노력을 통해서 배울 수 있다 라고 생각합니다. 하지만 태도는 사실 노력으로 이것을 메꾸기에는 조금 힘듭니다. 그 사람이 타고난 태도가 있기 때문에 어느 부분에서는 타고난 것이라고 생각됩니다. 그래서 저는 가장 중요한 것은 태도라고 생각하고 지식과 역량은 그 부족한 점을 채울 수 있는 기회가 있을 것이라고 말씀드리겠습니다.","wordCount":144},"emotion":[],"intent":[{"text":"그렇기 때문에 저는 적극적인 태도가 중요하다 라고 생각하고 그리고 다른 사람들과 협업을 할 수 있고 화합되는 태도도 중요하다 라고 생각합니다.","expression":"c_cop","category":"personality"}],"summary":{"text":"직무를 배우고 싶은 태도가 바르고 거기에 대한 의지가 있으면 직무 지식과 역량은 그 의지로 채울 수 있습니다. 적극적인 태도가 중요하고 다른 사람들과 협업할 수 있고 화합되는 태도도 중요합니다. 그래서 저는 직무에서 가장 중요한 것은 지식, 역량, 태도 중 태도라고 생각합니다.","wordCount":40}}},"rawDataInfo":{"question":{"fileFormat":"wav","fileSize":537038,"duration":16780,"samplingBit":16,"channelCount":1,"samplingRate":"16kHz","audioPath":"/Mock/04.RND/Female/New/ckmk_q_rnd_f_n_282330.wav"},"answer":{"fileFormat":"wav","fileSize":2734798,"duration":85460,"samplingBit":16,"channelCount":1,"samplingRate":"16kHz","audioPath":"/Mock/04.RND/Female/New/ckmk_a_rnd_f_n_282330.wav"}}}