{"version":"1.0","dataSet":{"info":{"date":"20230116","occupation":"RND","channel":"MOCK","place":"ONLINE","gender":"FEMALE","ageRange":"35-44","experience":"NEW"},"question":{"raw":{"text":"우리 회사에 입사를 했는데 업무 내용이나 강도가 예상한 것과 전혀 다르게 느껴진다면 어떻게 행동하실 건가요","wordCount":15},"emotion":[],"intent":[]},"answer":{"raw":{"text":"제가 입사 후 원했던 업무 내용이나 강도가 예상과 다르다고 하더라도 우선 열심히 해볼 것 같습니다. 저는 그 업무가 하고 싶은 것도 맞지만 제가 지원하는 회사에서 일을 해보고 싶은 마음도 컸기 때문에 어 저는 이 회사가 제가 다른 업무를 하더라도 분명히 배울 점이 있다고 생각을 합니다. 그렇기 때문에 어떤 업무가 주어지든 처음에는 배운다는 입장에서 시작을 해 보고 싶습니다. 그리고 회사에서 저에게 다른 업무를 준 이유도 여러 가지 방면에서 분석하고 판단해서 저와 맞기 때문에 주어진 거라고 생각합니다. 따라서 제가 몰랐던 다른 능력을 발휘할 수 있고 나아가 나 자신을 성장 시킬 수 있는 기회라고 생각하기 때문에 주어진 업무에 충실에 임하도록 하겠습니다. 그리고 모든 업무의 어려움의 정도는 다 다르겠지만 처음에 어려운 일이라도 이것을 이해하고 풀어내기를 반복하다 보면 언젠가는 이 일이 내 일이 될 수도 있고 또 이 강도가 예상한 것보다 높다고 하더라도 저는 포기하지 않고 다른 사람의 도움을 요청해서라더라도 내 것으로 만들기 위해서 노력을 할 것입니다.","wordCount":142},"emotion":[],"intent":[{"text":"","expression":"","category":"attitude"}],"summary":{"text":"업무 내용이나 강도가 예상과 다르더라도 열심히 해볼 것 같습니다. 어떤 업무가 주어지든 처음부터 배우는 입장에서 시작을 해 보고 싶습니다. 회사에서 저와 다른 업무를 준 이유도 저와 맞기 때문에 주어진 것이라 생각하기 때문에 주어진 업무에 충실에 임하도록 하겠습니다. 어려운 일이라도 이해하고 풀어내기를 반복하면서 내 것으로 만들기 위해 노력할 것입니다.","wordCount":48}}},"rawDataInfo":{"question":{"fileFormat":"wav","fileSize":296078,"duration":9250,"samplingBit":16,"channelCount":1,"samplingRate":"16kHz","audioPath":"/Mock/04.RND/Female/New/ckmk_q_rnd_f_n_246275.wav"},"answer":{"fileFormat":"wav","fileSize":2298318,"duration":71820,"samplingBit":16,"channelCount":1,"samplingRate":"16kHz","audioPath":"/Mock/04.RND/Female/New/ckmk_a_rnd_f_n_246275.wav"}}}