{"version":"1.0","dataSet":{"info":{"date":"20230116","occupation":"RND","channel":"MOCK","place":"ONLINE","gender":"FEMALE","ageRange":"45-54","experience":"NEW"},"question":{"raw":{"text":"지원자님이 존경하는 역사 속 인물과 존경 이유에 대해 말씀해 주세요","wordCount":10},"emotion":[],"intent":[]},"answer":{"raw":{"text":"가장 존경하는 인물은 이순신 장군입니다. 어 난중일기를 읽어 보면 그 안에서 이순신 장군이 칠 년간의 임진왜란을 보내면서 얼마나 많은 깊은 사색을 하고 사람을 대할 때 배려하고 존중하는 모습이 있었는지 알 수 있었습니다. 그런 긴 시간 전장에서 지내면서 스스로의 마음을 다스리는 어 법을 알고 있었기 때문에 지금까지도 역사가 말해주는 훌륭한 인물이 되지 않았나 생각이 들고요. 그러한 스스로의 마음 다스림은 쉽게 이루어지는 것 같지가 않아요. 그래서 그런 부분을 본 받고 싶기 때문에 가장 존경하는 인물이라고 이야기할 수 있습니다.","wordCount":76},"emotion":[{"text":"가장 존경하는 인물은 이순신 장군입니다.","expression":"p-affection","category":"positive"},{"text":"그래서 그런 부분을 본 받고 싶기 때문에 가장 존경하는 인물이라고 이야기할 수 있습니다.","expression":"p-affection","category":"positive"}],"intent":[{"text":"","expression":"","category":"attitude"}],"summary":{"text":"이순신 장군은 긴 시간 전장에서 지내면서 스스로의 마음을 다스리는 법을 알고 있었기 때문에 역사가 말해주는 훌륭한 인물이 되었다고 생각합니다.","wordCount":19}}},"rawDataInfo":{"question":{"fileFormat":"wav","fileSize":241358,"duration":7540,"samplingBit":16,"channelCount":1,"samplingRate":"16kHz","audioPath":"/Mock/04.RND/Female/New/ckmk_q_rnd_f_n_185718.wav"},"answer":{"fileFormat":"wav","fileSize":1545678,"duration":48300,"samplingBit":16,"channelCount":1,"samplingRate":"16kHz","audioPath":"/Mock/04.RND/Female/New/ckmk_a_rnd_f_n_185718.wav"}}}