{"version":"1.0","dataSet":{"info":{"date":"20230116","occupation":"RND","channel":"MOCK","place":"ONLINE","gender":"FEMALE","ageRange":"-34","experience":"NEW"},"question":{"raw":{"text":"인생의 목표 중 이루어보고 싶은 것이 있나요 있다면 그것을 왜 이루고 싶은지 그 이유도 같이 말씀해 주세요","wordCount":17},"emotion":[],"intent":[]},"answer":{"raw":{"text":"제 인생에 이루고 싶은 목표가 있다면 그건 바로 서울에 집을 사는 것입니다. 어렸을 때부터 아무래도 집이 있어야 안정된 생활을 할 수 있다고 배웠는데요. 요즘 계속 올라가는 집값 때문에 서울에서 집을 사는 게 정말 쉬운 일이 아닙니다. 그렇기 때문에 이걸 인생의 목표로 정하는 정말 성대한 목표가 되었는데요. 사실 서울에 집을 갖게 되려면 정말 많은 대출금과 그리고 그것에 대안은 저의 돈이 필요합니다. 그것을 모으기 위해서 정말 많은 시간과 노력이 필요할 것인데요. 그렇기 때문에 정말 인생에 있어서 꼭 이루고 싶은 목표이기도 합니다. 집이 있다면 아무래도 제가 살 곳이 분명하고 이리저리 옮겨 다니지도 않아야 된다는 마음 때문에 굉장히 안정감을 가지고 그곳에서 생활할 수 있을 것 같습니다. 그리고 혼자가 되었든 나중에 결혼을 해서 아이가 생겼든 간에 그 부분이 굉장히 저에게 삶에서 윤택함을 보장해 줄 것이고 그렇기 때문에 저는 인생의 목표가 서울의 집을 사는 것입니다. 정말 힘든 일이고 앞으로도 계속해서 꾸준히 노력해야 하는 부분이지만 지금부터 열심히 일을 해서 열심히 돈을 모으고 아껴서 저는 꼭 서울에 집을 마련하는 것이 저의 최종 목표입니다.","wordCount":155},"emotion":[],"intent":[{"text":"정말 힘든 일이고 앞으로도 계속해서 꾸준히 노력해야 하는 부분이지만 지금부터 열심히 일을 해서 열심히 돈을 모으고 아껴서 저는 꼭 서울에 집을 마련하는 것이 저의 최종 목표입니다.","expression":"c_chl","category":"personality"}],"summary":{"text":"제가 이루고 싶은 목표는 바로 서울에 집을 사는 것입니다. 집을 갖기 위해서는 대출과 돈이 필요한데, 그것을 모으기 위해서 많은 시간과 노력이 필요합니다. 집이 있다면 안정감을 가지고 그곳에서 생활할 수 있을 것 같습니다. 앞으로 열심히 일을 해서 열심히 돈을 모으고 아껴서 서울의 집을 마련하는 것이 저의 최종 목표입니다.","wordCount":47}}},"rawDataInfo":{"question":{"fileFormat":"wav","fileSize":298958,"duration":9340,"samplingBit":16,"channelCount":1,"samplingRate":"16kHz","audioPath":"/Mock/04.RND/Female/New/ckmk_q_rnd_f_n_275878.wav"},"answer":{"fileFormat":"wav","fileSize":3185998,"duration":99560,"samplingBit":16,"channelCount":1,"samplingRate":"16kHz","audioPath":"/Mock/04.RND/Female/New/ckmk_a_rnd_f_n_275878.wav"}}}