{"version":"1.0","dataSet":{"info":{"date":"20230116","occupation":"RND","channel":"MOCK","place":"ONLINE","gender":"FEMALE","ageRange":"35-44","experience":"NEW"},"question":{"raw":{"text":"태어나서 이제까지 한 일들 가운데 가장 후회했던 일이 있다면 그것이 무엇인지 한 가지를 골라서 설명해 주세요","wordCount":16},"emotion":[],"intent":[]},"answer":{"raw":{"text":"어 첫 번째는 제가 인생을 살면서 가장 후회했던 일은 금전에 관련해 후회하는 일이 있었습니다. 지금까지 살면서 더 많은 돈을 모으지 못한 것에 대해 조금 후회가 되고 있습니다. 두 번째는 학업에 대한 후회입니다. 학창시절 더 열심히 공부했으면 좋았을텐데 라는 생각을 많이 듭니다. 세 번째로는 체력의 관성 후회를 하게 됩니다. 좀 더 운동을 하지 못했을까와 몸매 관리에 와 신경을 쓰지 못한 것에 대한 후회가 듭니다. 네 번째로는 여행에 관한 가장 후회 하는 일입니다. 세계 여행이나 국내 여행을 하면서 견문을 넓히지 못한 것에 대해 후회가 됩니다. 다섯 번째로는 흡연에 관해서 후회하는 일로 꼽았습니다. 여섯 번째로 살면서 가장 후회하는 일을 인간관계에 관한 것으로 사람들과의 인연을 소중히 여기지 못한 것에 대한 후회가 되고 있습니다.","wordCount":109},"emotion":[],"intent":[{"text":"","expression":"","category":"attitude"}],"summary":{"text":"첫 번째 인생에서 가장 후회했던 일은 금전, 두 번째는 학업, 세 번째는 체력의 관성, 네 번째는 여행, 다섯 번째는 흡연, 여섯 번째는 인간관계에 관한 것이었습니다.","wordCount":25}}},"rawDataInfo":{"question":{"fileFormat":"wav","fileSize":310478,"duration":9700,"samplingBit":16,"channelCount":1,"samplingRate":"16kHz","audioPath":"/Mock/04.RND/Female/New/ckmk_q_rnd_f_n_214421.wav"},"answer":{"fileFormat":"wav","fileSize":2229838,"duration":69680,"samplingBit":16,"channelCount":1,"samplingRate":"16kHz","audioPath":"/Mock/04.RND/Female/New/ckmk_a_rnd_f_n_214421.wav"}}}