{"version":"1.0","dataSet":{"info":{"date":"20230116","occupation":"RND","channel":"MOCK","place":"ONLINE","gender":"FEMALE","ageRange":"-34","experience":"NEW"},"question":{"raw":{"text":"자신이 생각하는 본인의 장점과 단점이 있을 텐데요 그중에서도 자신의 단점이 무엇인지 말씀해 주시고 또 그 단점을 보완하기 위해서 지금까지 어떤 노력들을 해 오셨는지도 함께 말씀해 주시기 바랍니다","wordCount":27},"emotion":[],"intent":[]},"answer":{"raw":{"text":"저는 성격이 조금 내성적인 편입니다. 때문에 남들 앞에 서는 것이 너무 긴장이 되고요. 먼저 나서서 팀을 리드하는 편은 더더욱 아닙니다. 그래서 저는 학교나 대외 활동 중에 팀장에 일부러 지원을 해 보기도 했고요. 팀 과제를 할 때도 역시 발표 역할을 맡곤 했습니다. 그런데 이런 역할들은 저에게 여전히 어려웠고요. 실제로 발표를 망친 경험이 있습니다. 앞에 나가서 이제 발표를 할려고 마이크를 잡았는데 너무 떨려서 목소리가 안 나왔습니다. 목소리가 안 나오다 보니 제가 삼 분 동안 그 자리에 서서 멍 하니 있었고 그걸 본 팀원이 나와서 저 대신에 발표를 진행해 준 경험이 있었는데요. 이후에 저는 이러한 점들을 극복하기 위해 항상 남들보다 두 배 세 배 더 준비했고요. 그때 연습을 하면 된다는 것을 깨달았습니다. 이런 경험이 계속 이어진다면 저 역시 계속해서 성장할 것이고요. 내성적인 성격이 반대로 장점이 될 것이라고 생각됩니다.","wordCount":125},"emotion":[{"text":"때문에 남들 앞에 서는 것이 너무 긴장이 되고요.","expression":"n-anxiety","category":"negative"}],"intent":[{"text":"저는 성격이 조금 내성적인 편입니다.","expression":"c_person","category":"background"}],"summary":{"text":"저는 성격이 내성적인 편이라 남들 앞에 서는 것이 긴장되고 먼저 나서서 팀을 리드하는 편은 아니어서 대외 활동이나 팀 과제할 때도 발표 역할을 맡곤 했습니다. 실제로 발표를 망친 경험이 있는데 이를 극복하기 위해 항상 남들보다 두 배 세 배 더 준비했습니다. 이런 경험이 계속 이어진다면 저 역시 성장할 것입니다.","wordCount":48}}},"rawDataInfo":{"question":{"fileFormat":"wav","fileSize":654798,"duration":20460,"samplingBit":16,"channelCount":1,"samplingRate":"16kHz","audioPath":"/Mock/04.RND/Female/New/ckmk_q_rnd_f_n_266503.wav"},"answer":{"fileFormat":"wav","fileSize":2515918,"duration":78620,"samplingBit":16,"channelCount":1,"samplingRate":"16kHz","audioPath":"/Mock/04.RND/Female/New/ckmk_a_rnd_f_n_266503.wav"}}}