{"version":"1.0","dataSet":{"info":{"date":"20230116","occupation":"RND","channel":"MOCK","place":"ONLINE","gender":"FEMALE","ageRange":"-34","experience":"NEW"},"question":{"raw":{"text":"사내 스터디를 만들어서 공부할 수 있다면 지원자님은 어떤 것을 공부하고 싶으신가요 이유와 함께 말씀 부탁드립니다","wordCount":15},"emotion":[],"intent":[]},"answer":{"raw":{"text":"제가 사내 스터디를 만들어서 공부할 수 있다면 저는 영어 스터디를 만들어서 공부를 해보고 싶습니다. 영어 스터디를 하고 싶은 이유는 어 제가 어 영어는 만국 공통의 언어이고 또 저희 회사 같이 외부 해외 지사와 아니면 거래처와 함께 일을 많이 하게 되는 회사는 영어를 시킬 일도 많고 또 영어로 서류를 작성할 일도 많기 때문입니다. 어 다른 영어 스터디에서 영어를 공부할 수도 있지만 이 회사에서 함께 근무하는 그런 어 동료들과 함께 어 스터디를 하다 보면 어 좀 더 업무적으로 밀접한 회화를 해 나갈 수 있지 않을까 싶고 또 함께 영어 회화를 어 주고받으면서 대화를 주고 받으면서 어 더 현장에 가까운 그런 영어 회화를 해 나갈 수 있을 것 같습니다. 그리고 함께 일하는 동료들과 스터디를 통해서 조금 더 교류를 하게 되고 어 그렇게 되면 제가 일하는 데에도 그 관 그 좋은 관계가 더 도움이 될 것 같아서 입니다.","wordCount":134},"emotion":[],"intent":[{"text":"","expression":"","category":"attitude"}],"summary":{"text":"사내 스터디를 만들어 영어 공부를 하고 싶습니다. 영어는 만국 공통의 언어이고 회사에서 함께 일하는 동료와 함께 있으면 더 업무적으로 밀접한 회화를 해 나갈 수 있고 함께 영어 회화를 주고받으면서 더 현장에 가까운 그런 영어를 해나갈 수 있을 것 같습니다.","wordCount":39}}},"rawDataInfo":{"question":{"fileFormat":"wav","fileSize":368078,"duration":11500,"samplingBit":16,"channelCount":1,"samplingRate":"16kHz","audioPath":"/Mock/04.RND/Female/New/ckmk_q_rnd_f_n_282813.wav"},"answer":{"fileFormat":"wav","fileSize":2841038,"duration":88780,"samplingBit":16,"channelCount":1,"samplingRate":"16kHz","audioPath":"/Mock/04.RND/Female/New/ckmk_a_rnd_f_n_282813.wav"}}}