{"version":"1.0","dataSet":{"info":{"date":"20230116","occupation":"RND","channel":"MOCK","place":"ONLINE","gender":"FEMALE","ageRange":"45-54","experience":"NEW"},"question":{"raw":{"text":"지원자님께서는 나만의 스트레스 해소법이 있는지 만약에 있다면 왜 그런 방법으로 스트레스를 해소하는지 말씀해 주시기 바랍니다","wordCount":15},"emotion":[],"intent":[]},"answer":{"raw":{"text":"어 저는 스트레스를 해소하기 위해서 어 뛰어도 보고 쇼핑도 해보고 매운 음식도 먹어보고 또 밤새 술도 마셔보고 여러 것들을 해 봤는데요. 저한테 가장 맞는 것은 어 바로 노래방이었습니다. 노래방을 꼭 혼자 갑니다. 그런 경우에는 그래서 한 만 원 정도 미리 코인을 바꿔 놓구요. 열심히 노래를 부르다 보면 노래 가사가 있기 때문에 각 뭣 땜에 화가 나는지 누구를 미워하는 마음도 사라지게 되고 또 노래도 조금 막 지르는 락 발라드 같은 이런 노래들이 부르다 보니까 저도 모르게 가슴에 있던 응어리 좀 해소 되는 것 같습니다. 그리고 가장 어 뒷끝도 없고 술을 마시는 경우나 매운 음식을 먹으면 다음날 좀 불편하잖아요. 그런 것도 없고 가장 좋고 효과적인 스트레스 해소법이라고 생각을 합니다.","wordCount":107},"emotion":[],"intent":[{"text":"","expression":"","category":"attitude"}],"summary":{"text":"스트레스 해소를 위해 여러 것들을 해 봤습니다. 그 중 노래방이 제 스트레스 해소에 가장 맞는 것 같습니다. 열심히 노래 부르다 보면 가사에 있는 감정들이 해소되고, 뒷끝도 없고 술이나 매운 음식을 먹으면 다음날이 불편하지 않습니다. 가장 효과적인 스트레스 해소법입니다.","wordCount":38}}},"rawDataInfo":{"question":{"fileFormat":"wav","fileSize":590798,"duration":18460,"samplingBit":16,"channelCount":1,"samplingRate":"16kHz","audioPath":"/Mock/04.RND/Female/New/ckmk_q_rnd_f_n_244037.wav"},"answer":{"fileFormat":"wav","fileSize":1733518,"duration":54170,"samplingBit":16,"channelCount":1,"samplingRate":"16kHz","audioPath":"/Mock/04.RND/Female/New/ckmk_a_rnd_f_n_244037.wav"}}}