{"version":"1.0","dataSet":{"info":{"date":"20230116","occupation":"RND","channel":"MOCK","place":"ONLINE","gender":"FEMALE","ageRange":"-34","experience":"NEW"},"question":{"raw":{"text":"다른 계열사도 많이 있는데 지원자님께서 이 계열사에 지원해 주신 특별한 이유가 있으십니까","wordCount":12},"emotion":[],"intent":[]},"answer":{"raw":{"text":"어 물론 다른 계열사도 제가 관심을 가지는 분야가 많았지만 예전부터 제가 전공한 분야가 어떤 기업에서 능력을 펼칠 수 있을지를 고민을 해 왔고 어 그 고민을 통해서 느낀 것은 바로 이 계열사 지금 지원한 제 면접을 보고 있는 계열사가 제가 마음껏 능력을 펼칠 수 있겠다 라는 생각에 들어서 지원을 하게 되었는데요. 어 일단 저는 홍보나 뭐 사람들과 소통하는 것을 굉장히 좋아하기 때문에 그리고 창의성 있게 어 어떠한 문제를 해결하는 것을 중요하게 생각하고 그것을 또 잘 한다고 생각을 하고 있어서 어 이 계열사에 지원을 하게 되었고요. 어 무엇보다 사실 위치적으로 저희 어 제가 늘 다닐 때마다 봤었던 기업이라서 제가 쪼금 더 친근함을 느꼈었던 것 같습니다. 어 그래서 아마 지나가다가 우리 부장님이나 지금 어 제 앞에 계신 면접관님께서도 얼굴을 볼 수 있었던 기회가 있지 않았을까 라고 조심스럽게 생각을 해 봤습니다.","wordCount":127},"emotion":[],"intent":[{"text":"어 물론 다른 계열사도 제가 관심을 가지는 분야가 많았지만 예전부터 제가 전공한 분야가 어떤 기업에서 능력을 펼칠 수 있을지를 고민을 해 왔고 어 그 고민을 통해서 느낀 것은 바로 이 계열사 지금 지원한 제 면접을 보고 있는 계열사가 제가 마음껏 능력을 펼칠 수 있겠다 라는 생각에 들어서 지원을 하게 되었는데요.","expression":"c_sincere_job","category":"etc"},{"text":"어 일단 저는 홍보나 뭐 사람들과 소통하는 것을 굉장히 좋아하기 때문에 그리고 창의성 있게 어 어떠한 문제를 해결하는 것을 중요하게 생각하고 그것을 또 잘 한다고 생각을 하고 있어서 어 이 계열사에 지원을 하게 되었고요.","expression":"c_sincere_job","category":"etc"}],"summary":{"text":"저는 홍보나 사람들과 소통하는 것을 굉장히 좋아하기 때문에 이 계열사에 지원을 하게 되었습니다. 또 위치적으로 제가 늘 다닐 때마다 봤었던 기업이라서 친근감을 느꼈던 것 같습니다. 부장님이나 면접관님들도 볼 수 있었던 기회가 있지 않을까 생각합니다.","wordCount":34}}},"rawDataInfo":{"question":{"fileFormat":"wav","fileSize":330958,"duration":10340,"samplingBit":16,"channelCount":1,"samplingRate":"16kHz","audioPath":"/Mock/04.RND/Female/New/ckmk_q_rnd_f_n_262537.wav"},"answer":{"fileFormat":"wav","fileSize":2298318,"duration":71820,"samplingBit":16,"channelCount":1,"samplingRate":"16kHz","audioPath":"/Mock/04.RND/Female/New/ckmk_a_rnd_f_n_262537.wav"}}}