{"version":"1.0","dataSet":{"info":{"date":"20230116","occupation":"RND","channel":"MOCK","place":"ONLINE","gender":"FEMALE","ageRange":"-34","experience":"NEW"},"question":{"raw":{"text":"지원자님께서 공부하고 있는 분야가 있다면 왜 그걸 공부하는지 지금까지 어떤 것을 배웠는지 말씀 부탁드립니다","wordCount":14},"emotion":[],"intent":[]},"answer":{"raw":{"text":"저는 지금 자동차에 대해 배우고 있습니다. 어 자동차 처음에 저는 당연히 자동차에 대해 배운다 라고 하면은 어떻게 만들어진지부터 배운 줄 알았지만 처음에는 물리 화학과 같은 기본 학문부터 배우기 시작했습니다. 기본 학문을 배운 뒤에야 역할에 대해 배웠고요. 역할에 대해서 배우고 난 뒤에서야 본격적으로 차량을 제작하는 방법 차량을 설계하는 방법에 대해 배웠습니다. 저는 자동차를 배움으로써 자동차에 대한 이해도를 높이고 그리고 차량을 설계하는 그런 회사에 재직하고자 하는데요. 어 해당 공부를 통해서 평소 차량에 문제가 생겼을 때 아 지금 이 차량에는 이쪽에 문제가 있구나 어 서스펜션에 문제가 있구나 라는 것을 알게 되었고 앞으로도 꾸준한 배움을 통해서 자동차에 대한 이해도를 조금 더 높여 나갈 생각입니다.","wordCount":100},"emotion":[],"intent":[{"text":"어 자동차 처음에 저는 당연히 자동차에 대해 배운다 라고 하면은 어떻게 만들어진지부터 배운 줄 알았지만 처음에는 물리 화학과 같은 기본 학문부터 배우기 시작했습니다.","expression":"r_prof","category":"attitude"},{"text":"역할에 대해서 배우고 난 뒤에서야 본격적으로 차량을 제작하는 방법 차량을 설계하는 방법에 대해 배웠습니다.","expression":"r_prof","category":"attitude"},{"text":"저는 자동차를 배움으로써 자동차에 대한 이해도를 높이고 그리고 차량을 설계하는 그런 회사에 재직하고자 하는데요.","expression":"c_sincere_co","category":"etc"},{"text":"어 해당 공부를 통해서 평소 차량에 문제가 생겼을 때 아 지금 이 차량에는 이쪽에 문제가 있구나 어 서스펜션에 문제가 있구나 라는 것을 알게 되었고 앞으로도 꾸준한 배움을 통해서 자동차에 대한 이해도를 조금 더 높여 나갈 생각입니다.","expression":"c_imp","category":"personality"}],"summary":{"text":"자동차에 대해 처음 배우면서 물리 화학과 같은 기본 학문부터 배우고 난 뒤에야 역할에 대해 배웠고, 그 뒤에 본격적으로 차량을 제작하는 방법 차량을 설계하는 방법에 대해 배웠습니다. 자동차를 배움으로 자동차에 대한 이해도를 높이고 차량 설계 회사에 재직하고자 합니다.","wordCount":37}}},"rawDataInfo":{"question":{"fileFormat":"wav","fileSize":360398,"duration":11260,"samplingBit":16,"channelCount":1,"samplingRate":"16kHz","audioPath":"/Mock/04.RND/Female/New/ckmk_q_rnd_f_n_266197.wav"},"answer":{"fileFormat":"wav","fileSize":2181838,"duration":68180,"samplingBit":16,"channelCount":1,"samplingRate":"16kHz","audioPath":"/Mock/04.RND/Female/New/ckmk_a_rnd_f_n_266197.wav"}}}