{"version":"1.0","dataSet":{"info":{"date":"20230116","occupation":"RND","channel":"MOCK","place":"ONLINE","gender":"FEMALE","ageRange":"45-54","experience":"NEW"},"question":{"raw":{"text":"저희 회사는 회사 특성상 일을 하게 되면 중국으로 출장을 갈 일이 생길 수도 있습니다 중국으로 출장을 갈 일이 종종 생길 텐데 중국 출장 괜찮게 생각하시는지 궁금합니다","wordCount":26},"emotion":[],"intent":[]},"answer":{"raw":{"text":"중국 출장을 갈 일이 생길 수 있는데 그것에 대해서 어떻게 생각하냐고 물어보셨습니다. 어 저는 중국 출장을 갈 수 있게 된다면 저에게 너무 행운이라고 생각이 됩니다. 이유는 제가 이십 대 때 어 중국으로 어학연수를 다녀왔습니다. 어 지금으로부터 시작하면 약 이십 여 년이 더 된 것 같은데요. 그때 제가 어 회사를 다니다가 그만두고 그때 당시에 회사에서 모은 퇴직금을 가지고 어 중국으로 어학연수 겸 또한 여행을 다녀오게 됐습니다. 그때 저의 경험은 제 인생을 이후에 사는데 굉장히 큰 경험이 됐고요. 지금도 어떤 어려운 일이 있거나 어떤 힘든 상황이 되더라도 그때 여행했고 그때 해외에서 보냈던 저의 경험을 가지고 지금도 잘 생활하고 있습니다. 그래서 중국어도 할 수 있고 또한 중국에 관련된 생활도 굉장히 잘 할 수 있어서 저에게는 그런 기회가 주어진다면 저에게 더 저의 능력을 더 발휘할 수 있는 아주 좋은 기회라고 생각이 됩니다. 그래서 저에게 꼭 그런 기회가 주어졌으면 좋겠고요. 그렇게 되면 정말 최선을 다 해서 일할 수 있도록 하겠습니다.","wordCount":145},"emotion":[],"intent":[{"text":"이유는 제가 이십 대 때 어 중국으로 어학연수를   다녀왔습니다.","expression":"c_private","category":"background"}],"summary":{"text":"저는 20대 때 어학연수를 다녀와서 중국어도 할 수 있고 중국에 관련된 생활도 잘 할 수 있어서 중국 출장을 갈 수 있게 된다면 제 능력을 더 발휘할 수 있는 아주 좋은 기회라고 생각합니다. 그래서 꼭 그런 기회가 주어지면 최선을 다 해서 일할 수 있도록 하겠습니다.","wordCount":44}}},"rawDataInfo":{"question":{"fileFormat":"wav","fileSize":511438,"duration":15980,"samplingBit":16,"channelCount":1,"samplingRate":"16kHz","audioPath":"/Mock/04.RND/Female/New/ckmk_q_rnd_f_n_149773.wav"},"answer":{"fileFormat":"wav","fileSize":2750158,"duration":85940,"samplingBit":16,"channelCount":1,"samplingRate":"16kHz","audioPath":"/Mock/04.RND/Female/New/ckmk_a_rnd_f_n_149773.wav"}}}