{"version":"1.0","dataSet":{"info":{"date":"20230116","occupation":"RND","channel":"MOCK","place":"ONLINE","gender":"FEMALE","ageRange":"-34","experience":"NEW"},"question":{"raw":{"text":"지금 혹시 지원자님이 개인적으로나 또는 별도의 팀을 꾸려서 현재 연구하고 있는 프로젝트가 있나요 있다면 어떤 것인지 알려주세요","wordCount":17},"emotion":[],"intent":[]},"answer":{"raw":{"text":"제가 지금 개인적으로 하는 프로젝트는 없지만 팀으로 하려 팀을 꾸려서 하는 프로젝트는 있습니다. 제가 지금 하고 있는 프로젝트는 창의력 프로젝트입니다. 창의력 프로젝트 중 팀 네 명과 팀을 이뤄서 하는 프로젝트가 있습니다. 이것으로 저는 일상 생활에서 어려움이 있는 곳에 창의적인 창의력을 개발하여서 어떠한 것들을 개발하는 것을 하고 있습니다. 제가 하고 있는 프로젝트는 장애인들이 일상 생활에서 소통에 어려움이 많습니다. 그런 소통의 어려움을 없애고자 하는 앱을 개발하는 것을 지금 프로그램이 하고 있습니다. 일상 생활에서 사람들은 요즘 앱을 많이 사용합니다. 그래서 장애인 분들도 앱을 사용해서 비장애인 분들과 원활하게 소통할 수 있는 방법에 대해서 연구하고 있습니다. 그 앱을 개발해서 사람들이 편하게 사용하고 다양하게 사용하다 보면 장애인들이 일상생활에서 조금 더 불편함을 덜 느낄 수 있을 것이라고 생각하고 이 장애인들과 활동하거나 협업하는데 업무적 어려움이 없을 거라고 생각합니다.","wordCount":120},"emotion":[],"intent":[{"text":"제가 지금 하고 있는 프로젝트는 창의력 프로젝트입니다.","expression":"c_private","category":"background"},{"text":"이것으로 저는 일상 생활에서 어려움이 있는 곳에 창의적인 창의력을 개발하여서 어떠한 것들을 개발하는 것을 하고 있습니다.","expression":"c_private","category":"background"},{"text":"그래서 장애인 분들도 앱을 사용해서 비장애인 분들과 원활하게 소통할 수 있는 방법에 대해서 연구하고 있습니다.","expression":"c_private","category":"background"}],"summary":{"text":"저는 창의력 프로젝트로 장애인들이 일상 생활에서 소통할 때 느끼는 어려움을 없애고자 하는 앱을 개발하고 있습니다. 장애인 분들도 앱을 많이 사용해 비장애인 분들과 원활하게 소통할 수 있는 방법을 연구하고 있으며, 앱 개발로 장애인들과 일하거나 협업하는데 업무적 어려움이 없을 것이라고 생각합니다.","wordCount":39}}},"rawDataInfo":{"question":{"fileFormat":"wav","fileSize":483598,"duration":15110,"samplingBit":16,"channelCount":1,"samplingRate":"16kHz","audioPath":"/Mock/04.RND/Female/New/ckmk_q_rnd_f_n_282332.wav"},"answer":{"fileFormat":"wav","fileSize":2724878,"duration":85150,"samplingBit":16,"channelCount":1,"samplingRate":"16kHz","audioPath":"/Mock/04.RND/Female/New/ckmk_a_rnd_f_n_282332.wav"}}}