{"version":"1.0","dataSet":{"info":{"date":"20230116","occupation":"RND","channel":"MOCK","place":"ONLINE","gender":"FEMALE","ageRange":"-34","experience":"NEW"},"question":{"raw":{"text":"지원자님께서 최근에 본 뉴스들 중에서 가장 인상 깊었던 뉴스와 왜 그 뉴스가 인상 깊었는지 설명해 주시기 바랍니다","wordCount":17},"emotion":[],"intent":[]},"answer":{"raw":{"text":"저는 요즘 북한의 기사에 굉장히 관심이 있었습니다. 최근에 본 뉴스들 가운데 저는 북한의 탄도 미사일 도발 사건이 가장 인상이 깊었습니다. 저희는 지금 휴전 국가입니다. 저희는 전쟁이 끝난 것이 아닙니다. 저희가 몸소 느끼지 못하고 있지만 다른 나라가 저희 나라를 봤을 때는 저희는 아직도 전시 상황과 마찬가지라고 생각할 수 있습니다. 그렇기 때문에 북한이 지금 계속 탄도미사일을 쏘며 도발을 하는 것이 저에게는 굉장히 큰 충격이었고 언제 어디서 전쟁이 일어날지는 아무도 모르는 것이라고 생각합니다. 그렇기 때문에 저는 최근에 본 뉴스들 뉴스 가운데 탄도미사일 뉴스가 굉장히 인상 깊었습니다.","wordCount":83},"emotion":[{"text":"최근에 본 뉴스들 가운데 저는 북한의 탄도 미사일 도발 사건이 가장 인상이 깊었습니다.","expression":"u-fact","category":"neutral"},{"text":"그렇기 때문에 저는 최근에 본 뉴스들 뉴스 가운데 탄도미사일 뉴스가 굉장히 인상 깊었습니다.","expression":"u-fact","category":"neutral"}],"intent":[{"text":"","expression":"","category":"attitude"}],"summary":{"text":"북한이 계속 탄도미사일을 쏘며 도발을 하는 것이 저에게는 굉장히 큰 충격이었고 언제 어디서 전쟁이 일어날지는 아무도 모르는 것이라고 생각합니다. 그렇기 때문에 최근에 본 뉴스들 가운데 탄도미사일 뉴스가 굉장히 인상 깊었습니다.","wordCount":30}}},"rawDataInfo":{"question":{"fileFormat":"wav","fileSize":337038,"duration":10530,"samplingBit":16,"channelCount":1,"samplingRate":"16kHz","audioPath":"/Mock/04.RND/Female/New/ckmk_q_rnd_f_n_122887.wav"},"answer":{"fileFormat":"wav","fileSize":1943758,"duration":60740,"samplingBit":16,"channelCount":1,"samplingRate":"16kHz","audioPath":"/Mock/04.RND/Female/New/ckmk_a_rnd_f_n_122887.wav"}}}