{"version":"1.0","dataSet":{"info":{"date":"20230116","occupation":"RND","channel":"MOCK","place":"ONLINE","gender":"FEMALE","ageRange":"45-54","experience":"NEW"},"question":{"raw":{"text":"본인만의 가지고 있는 커뮤니케이션 스킬이 있다면 한 번 소개해 주시기 바랍니다","wordCount":11},"emotion":[],"intent":[]},"answer":{"raw":{"text":"커뮤니케이션을 잘 할 수 있는 저만의 스킬이 있다고 한다면 어 저는 잘 들어주는 것 같습니다. 상대방과 대화를 하는 데 있어서 나의 이야기만 하는 것이 아니라 상대방의 이야기 그 사람이 생각하는 것을 잘 들어주는 것이 우선 커뮤니케이션의 기본이라고 생각하고요. 그다음에 듣는 것으로 끝나는 게 아니라 그 상대방의 이야기에 공감해주는 능력이 굉장히 중요하다고 생각이 됩니다. 그 사람이 이야기하는 것의 기쁨이라든가 슬픔이라든가 화남 등에 대해서 내가 아 그랬겠구나 그럴 수 있겠구나 라고 공감을 해 준다면 그 사람과 저와의 어떤 마음의 문이 열린다고 할 수 있을 것 같습니다. 어 그래서 저는 이런 공감 능력을 키우기 위해서 코칭 프로그램에 수업을 들어본 적도 있고요 그건 실제적으로 상대방의 말을 듣고 내가 어떻게 반응을 해야 되는지를 어 그런 뭐 실습처럼 그렇게 소그룹으로 서로 실습을 했던 경험이 있습니다. 그래서 제가 생각하는 커뮤니케이션을 잘할 수 있는 저만의 스킬은 첫 번째로 잘 듣는 것 그리고 두 번째로 그 이야기에 공감하는 것이라고 말씀드릴 수 있을 것 같습니다.","wordCount":145},"emotion":[],"intent":[{"text":"","expression":"","category":"attitude"}],"summary":{"text":"커뮤니케이션에 있어서 저의 이야기만 하는 것이 아니라 상대방의 이야기 그 사람이 생각하는 것을 잘 들어주는 것이 커뮤니케이션의 기본이라고 생각합니다. 그리고 상대방의 이야기에 공감해주는 능력이 굉장히 중요하다고 생각합니다. 공감 능력을 키우기 위해서 코칭 프로그램에 수업을 들어본 적도 있고 소그룹으로 실습을 했던 경험이 있습니다.","wordCount":42}}},"rawDataInfo":{"question":{"fileFormat":"wav","fileSize":273038,"duration":8530,"samplingBit":16,"channelCount":1,"samplingRate":"16kHz","audioPath":"/Mock/04.RND/Female/New/ckmk_q_rnd_f_n_145213.wav"},"answer":{"fileFormat":"wav","fileSize":2627918,"duration":82120,"samplingBit":16,"channelCount":1,"samplingRate":"16kHz","audioPath":"/Mock/04.RND/Female/New/ckmk_a_rnd_f_n_145213.wav"}}}