{"version":"1.0","dataSet":{"info":{"date":"20230116","occupation":"RND","channel":"MOCK","place":"ONLINE","gender":"FEMALE","ageRange":"45-54","experience":"NEW"},"question":{"raw":{"text":"직무 소행시 난관에 봉착했다면 어떻게 해결하시겠습니까 면접자님의 해결법과 이유를 함께 이야기해 주시기 바랍니다","wordCount":13},"emotion":[],"intent":[]},"answer":{"raw":{"text":"직무를 수행하다 보면 많은 난관에 봉착할 때가 있을 텐데요. 저는 여기서의 난관이라고 하면 직무가 제가 해결하기 어려운 그런 상황을 어 맞닥뜨렸을 때의 이야기인 것 같습니다. 그렇게 만약 제가 능력으로 할 수 없거나 제가 처리하기에 너무 힘든 일에 봉착하게 된다면 저는 일단 어 누구에게나 도움을 요청할 것 같습니다. 어 저의 상사라던가 아니면 어 동료라든가 그들에게 제가 지금 현재 처해 있는 상황 이 일에 어려움 제가 찾아야 할 자료라든가 어 제 저 힘으로 제 힘으로 할 수 없는 그런 부분에 대해서 먼저 호소하고 그 부분을 도와줄 수 있는 분을 찾을 것 같습니다. 어 혼자 끙끙 앓고 있는다고 문제는 해결되지 않을 것 같구요. 어 제일 먼저는 상사에게 보고 드리고 제가 이런 업무가 지금 현재 이런 난관에 봉착해 있으니 이 부분을 어떻게 해결했으면 좋겠습니까 라고 어 문의 드리고 그 부분에서 조언을 얻어서 어 그 조언에 따라서 제가 처리할 수 있는 것을 차근차근 해결해 나갈 것 같습니다. 누구에게나 도움을 요청해서 도움을 받는 것은 부끄러운 일은 아닌 것 같습니다.","wordCount":153},"emotion":[],"intent":[{"text":"어 제일 먼저는 상사에게 보고 드리고 제가   이런 업무가 지금 현재 이런 난관에 봉착해 있으니 이 부분을 어떻게 해결했으면   좋겠습니까 라고 어 문의 드리고 그 부분에서 조언을 얻어서 어   그 조언에 따라서 제가 처리할 수 있는 것을 차근차근 해결해 나갈 것   같습니다.","expression":"c_adp","category":"personality"}],"summary":{"text":"직무 수행 중 난관에 봉착하면 누구나 도움을 요청할 것 같습니다. 상사나 동료에게 도움요청을 할 것 같으며 혼자 앓는다고 문제는 해결되지 않습니다. 우선 상사에게 보고하고 해결방법을 문의하고 조언을 얻어 처리해 나갈 것 입니다. 도움에 요청해서 도움받는 것은 어려운 일이 아니지만 어려운 일이라고 생각하고 있습니다.","wordCount":43}}},"rawDataInfo":{"question":{"fileFormat":"wav","fileSize":411918,"duration":12870,"samplingBit":16,"channelCount":1,"samplingRate":"16kHz","audioPath":"/Mock/04.RND/Female/New/ckmk_q_rnd_f_n_141784.wav"},"answer":{"fileFormat":"wav","fileSize":2802958,"duration":87590,"samplingBit":16,"channelCount":1,"samplingRate":"16kHz","audioPath":"/Mock/04.RND/Female/New/ckmk_a_rnd_f_n_141784.wav"}}}