{"version":"1.0","dataSet":{"info":{"date":"20230116","occupation":"RND","channel":"MOCK","place":"ONLINE","gender":"FEMALE","ageRange":"45-54","experience":"NEW"},"question":{"raw":{"text":"팀으로 하는 업무가 있고 또 혼자서 개인적으로 하는 업무가 있다고 했을 때 어떤 것들을 더 선호하는지 말씀을 해 주시죠 그리고 그 선호하는 이유에 대해서 구체적으로 말씀을 해 주시겠습니까","wordCount":28},"emotion":[],"intent":[]},"answer":{"raw":{"text":"팀으로 일하는 것 하고 혼자 일하는 것 중에 저는 팀으로 일하는 것을 더 선호합니다. 이유는 일이라고 하는 것은 업무 능력 하나만 가지고 혼자서 할 수 있는 일도 있습니다. 이런 경우는 어 팀 플레이가 필요한 건 아니고 혼자서 작업을 하는 건데요. 어 이런 부분에 업무는 저는 너무 심심하기도 하고 약간 재미없는 그런 업무인 것 같습니다. 저는 어 팀으로서 같이 협력하고 같이 소통하면서 업무를 진행하는 것이 어 더 효율도 높일 뿐만 아니라 일의 능률과 함께 재미도 더해준다고 생각합니다. 일이라는 것이 재미도 있어야 한다고 저는 모든 일에 재미가 있어야 한다고 생각하는 주의인데요. 그래서 사람들과 함께 여러 가지 상황이 벌어지는 것도 재미있을 거 같고 그 상황에서 그 어려움을 어떤 곤란한 불평등한 일이라던가 아니면 곤란한 상황을 해결해 가는 것도 업무의 한 일종이라고 생각합니다. 그래서 저는 업무를 할 때 팀으로 일하는 것을 더 선호하고 있습니다.","wordCount":129},"emotion":[],"intent":[{"text":"저는 어 팀으로서 같이 협력하고 같이 소통하면서   업무를 진행하는 것이 어 더 효율도 높일 뿐만 아니라   일의 능률과 함께 재미도 더해준다고 생각합니다.","expression":"c_cop","category":"personality"},{"text":"일이라는 것이 재미도 있어야 한다고 저는 모든 일에 재미가 있어야 한다고 생각하는   주의인데요.","expression":"c_value","category":"background"}],"summary":{"text":"업무 능력 하나만 가지고 혼자서 할 수 있는 일은 팀 업무가 너무 지루하고 지루하기 때문에 팀으로서 같이 협력하고 같이 소통하면서 업무를 진행하는 것을 더 선호합니다. 사람들과 함께 여러 가지 상황이 벌어지는 것도 재미있을 거 같고 곤란한 불평등한 일이라던가 곤란한 상황을 해결해 가는 것도 업무의 한 일종이라고 생각합니다.","wordCount":47}}},"rawDataInfo":{"question":{"fileFormat":"wav","fileSize":614478,"duration":19200,"samplingBit":16,"channelCount":1,"samplingRate":"16kHz","audioPath":"/Mock/04.RND/Female/New/ckmk_q_rnd_f_n_141574.wav"},"answer":{"fileFormat":"wav","fileSize":2751118,"duration":85970,"samplingBit":16,"channelCount":1,"samplingRate":"16kHz","audioPath":"/Mock/04.RND/Female/New/ckmk_a_rnd_f_n_141574.wav"}}}