{"version":"1.0","dataSet":{"info":{"date":"20230116","occupation":"RND","channel":"MOCK","place":"ONLINE","gender":"FEMALE","ageRange":"45-54","experience":"NEW"},"question":{"raw":{"text":"지원자께서는 지금까지 인생을 살아가면서 가장 후회되는 일이 어떤 거였는지 한 가지만 골라서 말씀해 주시겠습니까","wordCount":14},"emotion":[],"intent":[]},"answer":{"raw":{"text":"제가 지금까지 인생을 살아오면서 가장 후회됐던 일 중에 하나는 어 제가 이십 대 때 스물 다섯 살 때였는데요. 그때 중국 남경 쪽으로 제가 어학연수를 다녀왔습니다. 어 직장을 다니다가 중간에 직장을 그만두고 그동안 모았던 돈으로 다녀오게 됐는데요. 삼 학기 정도를 어 어학연수를 하고 그다음에 어 방학 때나 이럴 때 한 달씩 중국 전역을 여행했었습니다. 그때가 구십 년대 중반이어서 중국과 수교한지는 얼마 되지 않 한 상태였는데 그래도 많은 곳을 여행 다니고 그 상황에서 중국어도 공부하게 됐는데요. 저의 계획은 중국에서 돌아오기 전에 러시아 횡단 열차를 타고 러시아까지 가서 그쪽 동부 동부 유럽 쪽을 여행하는 것이 저의 계획이었습니다. 그런데 사실 어 상황이 좀 여의치 않은 것도 있어서 어 동부 유럽을 여행하지 못한 것이 어 지금으로 생각하면 가장 아쉬웠던 것 같습니다. 동부 유럽은 여행하지 못했지만 제가 평소에 꿈꿔왔던 중국의 실크로드는 여행을 했거든요. 그래서 다음 기회가 된다면 꼭 러시아 횡단 열차를 타고 동부 유럽을 여행하고 싶은 것이 또한 저의 마지막 꿈이기도 합니다.","wordCount":146},"emotion":[{"text":"그때 중국   남경 쪽으로 제가 어학연수를 다녀왔습니다.","expression":"u-fact","category":"neutral"},{"text":"삼 학기   정도를 어 어학연수를 하고 그다음에 어 방학 때나 이럴 때    한 달씩 중국 전역을 여행했었습니다.","expression":"u-fact","category":"neutral"},{"text":"그런데 사실 어 상황이 좀 여의치   않은 것도 있어서 어 동부 유럽을 여행하지 못한 것이 어 지금으로 생각하면   가장 아쉬웠던 것 같습니다.","expression":"n-distress","category":"negative"}],"intent":[{"text":"그때 중국   남경 쪽으로 제가 어학연수를 다녀왔습니다.","expression":"c_private","category":"background"},{"text":"삼 학기   정도를 어 어학연수를 하고 그다음에 어 방학 때나 이럴 때    한 달씩 중국 전역을 여행했었습니다.","expression":"c_private","category":"background"},{"text":"그런데 사실 어 상황이 좀 여의치   않은 것도 있어서 어 동부 유럽을 여행하지 못한 것이 어 지금으로 생각하면   가장 아쉬웠던 것 같습니다.","expression":"c_private","category":"background"}],"summary":{"text":"저는 스물 다섯 살에 중국 남경 쪽으로 어학연수를 다녀와서 중국어를 공부했습니다. 중국에서 돌아오기 전에 러시아 횡단 열차를 타고 동부 유럽 쪽을 여행하는 것이 계획이었는데, 상황이 여의치 않아 동부 유럽을 여행하지 못한 것이 가장 아쉬웠습니다. 다음 기회가 있다면 꼭 여행하고 싶은 것이 저의 마지막 꿈이기도 합니다.","wordCount":45}}},"rawDataInfo":{"question":{"fileFormat":"wav","fileSize":439118,"duration":13720,"samplingBit":16,"channelCount":1,"samplingRate":"16kHz","audioPath":"/Mock/04.RND/Female/New/ckmk_q_rnd_f_n_145163.wav"},"answer":{"fileFormat":"wav","fileSize":2854478,"duration":89200,"samplingBit":16,"channelCount":1,"samplingRate":"16kHz","audioPath":"/Mock/04.RND/Female/New/ckmk_a_rnd_f_n_145163.wav"}}}