{"version":"1.0","dataSet":{"info":{"date":"20230116","occupation":"RND","channel":"MOCK","place":"ONLINE","gender":"FEMALE","ageRange":"-34","experience":"NEW"},"question":{"raw":{"text":"창의성과 팀워크 중 본인이 더 중요하게 생각하시는 것은 무엇인가요 그리고 그렇게 생각하시는 근거는 무엇인지 함께 말씀해 주세요","wordCount":17},"emotion":[],"intent":[]},"answer":{"raw":{"text":"저는 팀워크라고 생각합니다. 아무래도 건설과 제조업 분야에서는 팀워크가 더 중요하지 않을까요. 팀을 이뤄서 일을 할 경우에는 큰 효율을 발생시킬 수 있습니다. 절대 할 수 없을 거라고 생각하는 것들을 가능하게 만들고 서로의 시각과 서로의 지식을 끌어 모아 직면한 어떤 문제를 다양하게 분석하여서 결과 값을 도출할 수 있습니다. 혼자서는 오두막 하나 겨우 지을 것을 많은 동료들과 함께라면 뉴욕의 자유의 여신상도 지을 수 있는 것이 인간이라고 생각합니다. 물론 창의력도 중요합니다. 그러나 그런 창의력을 키울 수 있는 기반이 되는 것도 많은 사람들과의 교류가 전재되어야 하기 때문에 저는 팀워크를 더 중요하게 여겨야 한다고 생각합니다.","wordCount":89},"emotion":[],"intent":[{"text":"팀을 이뤄서 일을 할 경우에는 큰 효율을 발생시킬 수 있습니다.","expression":"c_cop","category":"personality"},{"text":"그러나 그런 창의력을 키울 수 있는 기반이 되는 것도 많은 사람들과의 교류가 전재되어야 하기 때문에 저는 팀워크를 더 중요하게 여겨야 한다고 생각합니다.","expression":"c_cop","category":"personality"}],"summary":{"text":"건설과 제조업 분야에서 팀워크는 큰 효율을 발생시킬 수 있습니다. 서로의 시각과 지식을 모아 직면한 문제를 다양하게 분석하여 결과 값을 도출합니다. 창의력도 중요하나 그 기반도 많은 사람들과의 교류가 전제되어야 하므로 팀워크를 더 중요하게 여겨야 합니다.","wordCount":34}}},"rawDataInfo":{"question":{"fileFormat":"wav","fileSize":362318,"duration":11320,"samplingBit":16,"channelCount":1,"samplingRate":"16kHz","audioPath":"/Mock/04.RND/Female/New/ckmk_q_rnd_f_n_254574.wav"},"answer":{"fileFormat":"wav","fileSize":1651918,"duration":51620,"samplingBit":16,"channelCount":1,"samplingRate":"16kHz","audioPath":"/Mock/04.RND/Female/New/ckmk_a_rnd_f_n_254574.wav"}}}