{"version":"1.0","dataSet":{"info":{"date":"20230116","occupation":"RND","channel":"MOCK","place":"ONLINE","gender":"FEMALE","ageRange":"45-54","experience":"NEW"},"question":{"raw":{"text":"혹시 지원자님께서는 평소에 검색을 자주 하시는 편이신지 궁금합니다 지원자님께서 어떤 검색을 주로 하시는지 그리고 왜 하시는지 구체적으로 설명해 주시기 바랍니다","wordCount":20},"emotion":[],"intent":[]},"answer":{"raw":{"text":"어 저는 검색을 좀 많이 하는 편인데요. 어 요즘 굉장히 급변하는 사회잖아요. 어떤 문화나 예술 이런 것들도 급변하지만 저희 아이 트렌드 기술 트렌드들도 굉장히 많이 급변을 한다 라고 생각을 합니다. 또 새로운 정보들이 워낙 많기 때문에 그런 것들을 다 습득할 수는 없지만 중요한 정보들이 무엇인지 요즘 트렌드가 어떤 것인지를 알기 위해서는 어 웹 검색을 좀 많이 하고요. 그리고 그중에서도 좀 제가 좋아하는 유튜버들이 있습니다. 그 유튜버들의 기사 새로운 기사들을 좀 검색을 하면서 요즘 트렌드나 기술 동향 이런 것들을 좀 습득하고 있습니다.","wordCount":81},"emotion":[],"intent":[{"text":"그 유튜버들의 기사 새로운 기사들을 좀 검색을 하면서 요즘 트렌드나 기술 동향 이런 것들을 좀 습득하고 있습니다.","expression":"r_info_col","category":"attitude"}],"summary":{"text":"요즘은 문화나 예술 뿐 아니라 기술 트렌드들도 많이 급변합니다. 중요한 정보들이 무엇인지 요즘 트렌드가 어떤 것인지 알기 위해 웹 검색을 많이 합니다. 요즘 트렌드나 기술 동향을 습득하고 있습니다.","wordCount":28}}},"rawDataInfo":{"question":{"fileFormat":"wav","fileSize":666638,"duration":20830,"samplingBit":16,"channelCount":1,"samplingRate":"16kHz","audioPath":"/Mock/04.RND/Female/New/ckmk_q_rnd_f_n_244039.wav"},"answer":{"fileFormat":"wav","fileSize":1398798,"duration":43710,"samplingBit":16,"channelCount":1,"samplingRate":"16kHz","audioPath":"/Mock/04.RND/Female/New/ckmk_a_rnd_f_n_244039.wav"}}}