{"version":"1.0","dataSet":{"info":{"date":"20230116","occupation":"RND","channel":"MOCK","place":"ONLINE","gender":"FEMALE","ageRange":"-34","experience":"NEW"},"question":{"raw":{"text":"지원자분께서는 살면서 다양한 커뮤니케이션을 경험해 보셨을 텐데 그 중에서도 본인에게 가장 어려웠던 경험을 한 가지만 골라서 저희에게 이야기해 주신다면 좋겠습니다","wordCount":20},"emotion":[],"intent":[]},"answer":{"raw":{"text":"살면서 다양한 커뮤니케이션을 경험했 했었는데 그중에서 제가 가장 어려웠던 경험은 바로 누군가를 설득해야 하는 그런 커뮤니케이션 기술입니다. 그렇게 생각한 이유는 어 저의 어 의견이나 아이디어를 관철시키기 위해서는 그 사람을 설득해야 하는 과정이 있는데 받아들이는 사람마다 어떻게 해야 그 의견이 매력적이라고 느끼는지에 대해서 모두 다르게 생각하고 받아들이기 때문에 그 방법론에 대해서 어 생각을 하고 적용을 하는 것이 어려웠다고 생각합니다. 그래서 저는 설득에 관련해서는 그 사람에 대해서 설득을 하고자 하는 사람의 그런 성향이나 어 그런 생각들을 잘 관찰하는 것이 가장 중요하다고 생각해서 이전 회사에서도 그렇고 어 제가 설득을 해야 할 대상 즉 상관들이 되겠죠. 그분들을 잘 관찰하고 그분들이 잘 받아들이실 만한 방향으로 설득을 하는 것을 연습을 해 왔습니다.","wordCount":106},"emotion":[],"intent":[{"text":"","expression":"","category":"attitude"}],"summary":{"text":"저는 사람을 설득하는 커뮤니케이션 기술이 가장 어려웠다고 생각합니다. 설득을 하고자 하는 사람의 성향을 관찰하는 것이 중요하다고 생각해서 설득해야 할 대상들을 잘 관찰하고 그들이 잘 받아들일 만한 방향으로 설득하는 연습을 해 왔습니다.","wordCount":31}}},"rawDataInfo":{"question":{"fileFormat":"wav","fileSize":521678,"duration":16300,"samplingBit":16,"channelCount":1,"samplingRate":"16kHz","audioPath":"/Mock/04.RND/Female/New/ckmk_q_rnd_f_n_264573.wav"},"answer":{"fileFormat":"wav","fileSize":2708878,"duration":84650,"samplingBit":16,"channelCount":1,"samplingRate":"16kHz","audioPath":"/Mock/04.RND/Female/New/ckmk_a_rnd_f_n_264573.wav"}}}