{"version":"1.0","dataSet":{"info":{"date":"20230116","occupation":"RND","channel":"MOCK","place":"ONLINE","gender":"FEMALE","ageRange":"-34","experience":"NEW"},"question":{"raw":{"text":"소통 능력을 키우기 위해서 어떤 일을 할 수 있을까요 생각나는 방법이나 해 보셨던 방법을 자세하게 말씀해 주시기 바랍니다","wordCount":18},"emotion":[],"intent":[]},"answer":{"raw":{"text":"우선 소통 능력을 키우기 위해서는 어떻게 소통하는 것이 바람직한지를 먼저 아는 것이 중요하다고 생각합니다. 여러 가지 소통에 관련된 책이나 강의들이 요즘 많이 나오고 있는데요. 그런 책을 통해서나 강의를 통해서 어떤 식으로 소통을 했을지 했을 때 다 많은 사람들과 그 즐거운 대화를 해 나갈 수 있는지 그리고 어떻게 어 소통을 해야 제가 관철 제가 전달하고자 하는 바를 잘 전달할 수 있는지에 대해서 알아보는 시간을 가질 것 같고 그것을 어느 정도 파악한 다음에는 제 것으로 만들기 위한 노력을 해야 한다고 생각합니다. 이렇게 소통 능력을 키우기 키우고 싶어 하는 사람들이 많이 모여있는 스터디라든지 그런 곳에 가입을 해서 많은 대화를 통해서 그것들이 정말 제 내면화가 될 수 있도록 그렇게 노력해 보는 과정들이 필요하다고 생각합니다. 그런 과정에서 제가 저의 대화 소통 방식에서 자연스럽게 배워왔던 것들이 묻어날 수 있게 한다면 어 소통 능력은 키워지지 않을까 하는 생각이 듭니다.","wordCount":132},"emotion":[],"intent":[{"text":"","expression":"","category":"attitude"}],"summary":{"text":"소통 능력을 키우기 위해서는 어떻게 소통하는 것이 바람직한지를 먼저 아는 것이 중요하다고 생각합니다. 책을 통해서나 강의를 통해서 어떻게 소통을 해야 전달하려고 하는 바를 잘 전달할 수 있는지 알아보는 시간을 가질 것 같고 그것을 어느 정도 파악한 후에는 제 것으로 만들기 위한 노력을 해야 한다고 합니다.","wordCount":45}}},"rawDataInfo":{"question":{"fileFormat":"wav","fileSize":599438,"duration":18730,"samplingBit":16,"channelCount":1,"samplingRate":"16kHz","audioPath":"/Mock/04.RND/Female/New/ckmk_q_rnd_f_n_270235.wav"},"answer":{"fileFormat":"wav","fileSize":2692558,"duration":84140,"samplingBit":16,"channelCount":1,"samplingRate":"16kHz","audioPath":"/Mock/04.RND/Female/New/ckmk_a_rnd_f_n_270235.wav"}}}