{"version":"1.0","dataSet":{"info":{"date":"20230116","occupation":"RND","channel":"MOCK","place":"ONLINE","gender":"FEMALE","ageRange":"-34","experience":"NEW"},"question":{"raw":{"text":"지원자님께서 이 직무에 지원한 이유가 무엇인지 말씀해 주시고 또 지원자님 본인이 왜 적합한 인재인지도 함께 설명해 주시기 바랍니다","wordCount":18},"emotion":[],"intent":[]},"answer":{"raw":{"text":"제가 건설 부문에서 설계 직무에 지원한 이유는 어 제가 바로 건물의 설계도를 그리는 일에 관심이 있고 또 관련된 자격증도 취득을 했기 때문입니다. 그리고 저의 성향도 평소에 꼼꼼하게 무언가를 어 세부적인 부분을 챙기는 것을 좋아하고 또 섬세한 그런 장점이 있기 때문에 저의 어 장점을 잘 살릴 수 있는 직무가 이 설계도면 그리는 직무가 아닐까 하는 생각이 듭니다. 들어서 지원을 하게 되었습니다. 그리고 이 직무에 적합한 인재라고 생각합니다. 제가 취득한 자격증은 바로 캐드 자격증인데 이 캐드 자격증은 이런 설계도면을 그릴 때 가장 상용화된 프로그램입니다. 그리고자 하는 설계도를 쓰리 디 그리고 투 디로 어 섬세하게 표현을 할 수 있고 그리고 저는 평소에 다양한 건축물 그리고 다양한 문화 시설들 이런 것들에 대해서도 관심이 많고 또 예술적인 부분에 대해서도 관심이 많기 때문에 앞으로 이 직무를 해 나가게 된다면 저의 역량을 잘 펼쳐 보일 수 있을 거라고 생각합니다.","wordCount":132},"emotion":[],"intent":[{"text":"제가 건설 부문에서 설계 직무에 지원한 이유는 어 제가 바로 건물의 설계도를 그리는 일에 관심이 있고 또 관련된 자격증도 취득을 했기 때문입니다.","expression":"c_sincere_job","category":"etc"},{"text":"그리고 저의 성향도 평소에 꼼꼼하게 무언가를 어 세부적인 부분을 챙기는 것을 좋아하고 또 섬세한 그런 장점이 있기 때문에 저의 어 장점을 잘 살릴 수 있는 직무가 이 설계도면 그리는 직무가 아닐까 하는 생각이 듭니다.","expression":"c_person","category":"background"}],"summary":{"text":"설계 직무에 지원한 이유는 제가 건물의 설계도를 그리는 일에 관심이 있고 자격증도 취득했기 때문입니다. 그리고 평소 세부적인 부분을 챙기는 것을 좋아하는 성향이 있어서 장점을 잘 살릴 수 있는 직무가 설계도면 그리는 직무라고 생각해 지원을 하게 되었습니다. 그리고 이 직무에 적합한 인재라고 생각합니다.","wordCount":42}}},"rawDataInfo":{"question":{"fileFormat":"wav","fileSize":540558,"duration":16890,"samplingBit":16,"channelCount":1,"samplingRate":"16kHz","audioPath":"/Mock/04.RND/Female/New/ckmk_q_rnd_f_n_264578.wav"},"answer":{"fileFormat":"wav","fileSize":2783758,"duration":86990,"samplingBit":16,"channelCount":1,"samplingRate":"16kHz","audioPath":"/Mock/04.RND/Female/New/ckmk_a_rnd_f_n_264578.wav"}}}