{"version":"1.0","dataSet":{"info":{"date":"20230116","occupation":"RND","channel":"MOCK","place":"ONLINE","gender":"FEMALE","ageRange":"-34","experience":"NEW"},"question":{"raw":{"text":"시험 기간에 시간이 촉박할 경우 시간 관리를 어떻게 하셨나요 면접자님의 시간 관리법에 대해서 말씀해 주세요","wordCount":15},"emotion":[],"intent":[]},"answer":{"raw":{"text":"저는 시험 기간이나 아니면 시간이 굉장히 촉박한 경우 플래너를 작성합니다. 한 시간 단위로 굉장히 촘촘하게 작성을 하는 편인데요. 이렇게 시간 관리를 하다 보면은 아 이 시간에는 뭘 하고 이 시간에 뭘 하는지에 대한 대략적인 계획을 세울 수 있는데요. 또 이렇게 쓰다 보면은 저 또한 머릿속에 입력이 되기 때문에 해당 일을 끝내고 다음 일로 바로 넘어갈 수 있습니다. 또 이 플래너를 초기로 작성하는 것 뿐만 아닌 앱을 통해서도 관리를 하는데요. 앱에 이렇게 시간별로 작성을 해 놓으면 휴대폰에 알림이 뜨기 때문에 저 스스로 이제 관리를 받고 있다는 느낌이 들면서 스스로를 더 밀어붙일 수 있습니다. 어 시간 관리를 이렇게 저는 효율적으로 하고 있는 편입니다.","wordCount":101},"emotion":[],"intent":[{"text":"","expression":"","category":"attitude"}],"summary":{"text":"시험 기간이나 시간이 촉박한 경우 한 시간 단위로 촘촘하게 플래너를 작성하여 대략적인 계획을 세우고, 앱을 통해서도 관리를 합니다. 이렇게 작성을 해 놓으면 알림이 뜨기 때문에 스스로를 더 밀어붙일 수 있습니다.","wordCount":30}}},"rawDataInfo":{"question":{"fileFormat":"wav","fileSize":285198,"duration":8910,"samplingBit":16,"channelCount":1,"samplingRate":"16kHz","audioPath":"/Mock/04.RND/Female/New/ckmk_q_rnd_f_n_290164.wav"},"answer":{"fileFormat":"wav","fileSize":2008398,"duration":62760,"samplingBit":16,"channelCount":1,"samplingRate":"16kHz","audioPath":"/Mock/04.RND/Female/New/ckmk_a_rnd_f_n_290164.wav"}}}