{"version":"1.0","dataSet":{"info":{"date":"20230116","occupation":"RND","channel":"MOCK","place":"ONLINE","gender":"FEMALE","ageRange":"-34","experience":"NEW"},"question":{"raw":{"text":"본인이 협업을 할 때 가장 중요하게 생각하는 것은 무엇입니까 왜 그것을 가장 중요하게 생각하시는지 그 이유도 함께 말씀해 주세요","wordCount":19},"emotion":[],"intent":[]},"answer":{"raw":{"text":"협업을 할 때 가장 중요한 건 배려라고 생각합니다. 저희가 배려가 없으면은 상대방의 이런 생각 차이를 인정하거나 이해할 수 없을 수도 있구요. 어 그 사람이 왜 이렇게 했지에 대한 타박 지적을 할 수도 있고요. 그렇기 때문에 저는 배려가 가장 중요하다고 생각을 하는데요. 이 배려라는 게 거창한 배려라는 것이 아니라 정말 사소한 배려에서부터 시작이 된다고 생각합니다. 만약 같은 팀원이 늦었을 때 아 늦을 수도 있구나 라고 이해할 수 있는 그런 배려 자료 준비가 조금 미흡해도 어 내가 도와주면 된다 어 괜찮아 라고 말할 수 있는 배려 그런 배려들이 굉장히 중요하다고 생각합니다. 따라서 협업을 할 때는 상대방을 이해하고 그런 배려심이 발생될 때 저의 협업이 조금 원활하게 진행될 수 있을 것 같습니다.","wordCount":108},"emotion":[],"intent":[{"text":"따라서 협업을 할 때는 상대방을 이해하고 그런 배려심이 발생될 때 저의 협업이 조금 원활하게 진행될 수 있을 것 같습니다.","expression":"c_cop","category":"personality"}],"summary":{"text":"협업을 할 때 가장 중요한 것은 배려입니다. 배려가 없으면 상대방의 생각 차이를 인정하거나 이해할 수 없을 수도 있기 때문에 저는 배려가 가장 중요하다고 생각합니다. 협업할 때는 상대방을 이해하고 배려심이 발생될 때 협업이 원활하게 진행될 수 있을 것 같습니다.","wordCount":38}}},"rawDataInfo":{"question":{"fileFormat":"wav","fileSize":390478,"duration":12200,"samplingBit":16,"channelCount":1,"samplingRate":"16kHz","audioPath":"/Mock/04.RND/Female/New/ckmk_q_rnd_f_n_266194.wav"},"answer":{"fileFormat":"wav","fileSize":2035278,"duration":63600,"samplingBit":16,"channelCount":1,"samplingRate":"16kHz","audioPath":"/Mock/04.RND/Female/New/ckmk_a_rnd_f_n_266194.wav"}}}