{"version":"1.0","dataSet":{"info":{"date":"20230116","occupation":"RND","channel":"MOCK","place":"ONLINE","gender":"FEMALE","ageRange":"45-54","experience":"NEW"},"question":{"raw":{"text":"다른 사람이 생각하는 지원자의 장점과 단점은 뭐라고 생각하시는지 그 이유도 같이 말씀해 주시겠습니까","wordCount":13},"emotion":[],"intent":[]},"answer":{"raw":{"text":"나의 장점은 긍정적인 마인드와 밝은 웃는 얼굴입니다. 긍정적인 마인드는 회사 생활에 있어서 좋은 성격을 띠고 있습니다. 예를 들어 직장 내에 사람과 소통 사이에 있어도 긍정적으로 생각하고 밝게 하고 있으면 모든 사람들로 인해 힘을 주고 좋은 결과를 얻을 수 있습니다. 그래서 긍정적인 마인드는 모든 사람들에게 포용할 수 있는 능력인 것 같습니다. 단점은 제가 싫었을 때 그 사람이 싫으면 얼굴에서 지극히 나타나는 현상입니다. 장점도 될 수 있고 단점도 될 수 있지만 단점이 더 큰 것 같습니다.","wordCount":74},"emotion":[],"intent":[{"text":"나의 장점은 긍정적인 마인드와 밝은   웃는 얼굴입니다.","expression":"c_person","category":"background"}],"summary":{"text":"긍정적인 마인드와 밝은 웃는 얼굴은 회사 생활에 있어서 좋은 성격을 띠고 있지만 단점은 제가 싫을 때 그 사람이 싫으면 얼굴에서 지극히 나타나는 현상입니다.","wordCount":23}}},"rawDataInfo":{"question":{"fileFormat":"wav","fileSize":367758,"duration":11490,"samplingBit":16,"channelCount":1,"samplingRate":"16kHz","audioPath":"/Mock/04.RND/Female/New/ckmk_q_rnd_f_n_115560.wav"},"answer":{"fileFormat":"wav","fileSize":2204238,"duration":68880,"samplingBit":16,"channelCount":1,"samplingRate":"16kHz","audioPath":"/Mock/04.RND/Female/New/ckmk_a_rnd_f_n_115560.wav"}}}