{"version":"1.0","dataSet":{"info":{"date":"20230116","occupation":"RND","channel":"MOCK","place":"ONLINE","gender":"FEMALE","ageRange":"45-54","experience":"NEW"},"question":{"raw":{"text":"지원자님의 성격상 장점과 단점에 대해 각각 말씀해 주실 수 있으세요 구체적인 예시를 함께 들어 주세요","wordCount":15},"emotion":[],"intent":[]},"answer":{"raw":{"text":"저의 성격상의 장단점은 우선 장점을 말씀드리겠습니다. 저의 성격의 장점은 어 많은 사람들과 소통하는 데 있어서 어려움을 느끼지 않는다는 것입니다. 제가 어 사람들과 이야기할 때 어 나이나 성별이나 혹은 어떤 직업도 어 크게 영향을 받지 않으면서 소통을 잘 할 수 있는데요. 그것에 가장 중요한 것 중의 하나가 제가 말을 전달하거나 말을 할 때 상대방을 편안하게 해주고 그다음에 어 믿음을 주는 그런 말투와 또 어떤 톤을 가지고 있어서 어 상대방들이 저와 이야기하는 걸 무척 좋아하고요. 제가 어떤 단체나 어 어떤 소속되어 있는 곳에서는 제가 약간 리더형처럼 그 단체를 이끌거나 그 모임을 이끄는 편입니다. 그래서 제가 사람들과 소통을 잘하고 있다 라는 것이 저의 장점입니다. 그런데 이런 장점을 가지고 있다 보니 정말 많은 팀이나 많은 어 모임들이 있어서 어 그들이 저를 만나자고 하면 제가 거절을 잘 못 합니다. 그래서 어 그것 장점이기도 하지만 제가 사람들과 소통을 잘 한다는 것이 어쩔 때는 단점으로 작용할 때도 있습니다.","wordCount":141},"emotion":[],"intent":[{"text":"저의 성격의 장점은 어 많은 사람들과 소통하는 데 있어서 어려움을 느끼지    않는다는 것입니다.","expression":"c_person","category":"background"},{"text":"그래서 제가 사람들과   소통을 잘하고 있다 라는 것이 저의 장점입니다.","expression":"c_person","category":"background"}],"summary":{"text":"저는 성격의 장점을 가지고 있어서 많은 사람들과 소통하는 데 있어서 어려움을 느끼지 않습니다. 그런데 이런 장점을 가지고 있다 보니 많은 모임들이 있어서 제가 만나자고 하면 거절을 잘 합니다. 그래서 장점이기도 하지만 단점으로 작용할 때도 있습니다.","wordCount":35}}},"rawDataInfo":{"question":{"fileFormat":"wav","fileSize":360398,"duration":11260,"samplingBit":16,"channelCount":1,"samplingRate":"16kHz","audioPath":"/Mock/04.RND/Female/New/ckmk_q_rnd_f_n_149467.wav"},"answer":{"fileFormat":"wav","fileSize":2844238,"duration":88880,"samplingBit":16,"channelCount":1,"samplingRate":"16kHz","audioPath":"/Mock/04.RND/Female/New/ckmk_a_rnd_f_n_149467.wav"}}}