{"version":"1.0","dataSet":{"info":{"date":"20230116","occupation":"RND","channel":"MOCK","place":"ONLINE","gender":"FEMALE","ageRange":"45-54","experience":"NEW"},"question":{"raw":{"text":"학교에서의 연구와 기업에서의 연구는 지원자님께서는 어떻게 다르다고 생각하고 계신지 말씀해 주시겠습니까","wordCount":11},"emotion":[],"intent":[]},"answer":{"raw":{"text":"학교에서의 연구는 어 기초 학문 또는 기본에 충실한 연구를 하는 것이라고 생각이 들고요. 어 기업에서의 연구는 그런 기본 연구를 바탕으로 응용을 해서 실생활에 어 필요한 그리고 어 기업이 이윤을 창출할 수 있는 성과를 가져다 주는 연구를 하는 것이라고 생각을 합니다. 어 그러니까 기업에서의 연구는 그 결과로 그 결과로 이윤이 발생해야 하는 것이고 학교에서의 연구는 어 그 학문적인 성과가 어 이윤이 발생하지 않더라도 그 분야에 지식이나 학문적인 성취를 어 조금 더 높일 수 있다면 그것은 학교에서의 연구에 속한다고 생각을 합니다. 어 가볍게 예를 들어 들어보면 보톡스라는 물질을 저희가 알고 있는데 그 보톡스라는 물질이 처음에는 어 식중독을 일으키는 그 박테리아의 한 가지 독소로 발견이 됐습니다. 그런 것처럼 이 박테 그 식중독을 일으키는 박테리아를 연구를 하다 보니 이 보톡스라는 물질을 발견하는 것은 학교에서의 연구에 해당이 되고 보톡스라는 물질을 이용해서 어 그 보톡스라는 물질이 어 근육을 마비시키는 효과를 가지고 있기 때문에 그 보톡스를 이용한 미용적인 주사를 어 주사 제품으로 어 변화를 시킨다 거나 아니면 지금은 이 보톡스라는 물질을 주사를 주사를 통해서 주입하는 것 뿐만 아니라 화장품처럼 바르는 제품으로도 나와 있기 때문에 이런 식으로 한 가지 물질을 응용해서 제품화하는 것은 기업에서의 연구라고 생각을 합니다.","wordCount":179},"emotion":[],"intent":[{"text":"","expression":"","category":"attitude"}],"summary":{"text":"기업에서의 연구는 이윤을 창출할 수 있는 성과를 가져다 주는 연구이며, 그 학문적인 성과가 이윤이 발생하지 않더라도 그 분야에 지식이나 학문적인 성취를 조금 더 높일 수 있다면 그것은 학교에서의 연구에 속한다고 생각하며, 한 가지 물질을 응용해서 제품화하는 것은 기업에서의 연구라고 생각을 합니다.","wordCount":41}}},"rawDataInfo":{"question":{"fileFormat":"wav","fileSize":380878,"duration":11900,"samplingBit":16,"channelCount":1,"samplingRate":"16kHz","audioPath":"/Mock/04.RND/Female/New/ckmk_q_rnd_f_n_275151.wav"},"answer":{"fileFormat":"wav","fileSize":3717838,"duration":116180,"samplingBit":16,"channelCount":1,"samplingRate":"16kHz","audioPath":"/Mock/04.RND/Female/New/ckmk_a_rnd_f_n_275151.wav"}}}