{"version":"1.0","dataSet":{"info":{"date":"20230116","occupation":"RND","channel":"MOCK","place":"ONLINE","gender":"FEMALE","ageRange":"-34","experience":"NEW"},"question":{"raw":{"text":"지원자님께서는 현재 많은 대기업들이 해외로 공장을 이전하는 것에 대해서 어떤 입장을 가지셨는지 궁금합니다","wordCount":13},"emotion":[],"intent":[]},"answer":{"raw":{"text":"현재 많은 대기업들이 해외로 공장을 이전하고 있는데 저는 이에 대해서 찬성을 하는 입장입니다. 이유는 기업이라 하 함은 이제 소비자들에게 매력적인 제품을 판매하는 어 것으로 경쟁력을 얻을 수 있다고 생각을 합니다. 그런데 요즘 소비자들에게 가장 매력적인 부분은 좋은 품질의 제품인가. 그리고 같은 가격 같은 품질일 때 더 어 매력적인 가격을 가지고 있는가. 이 두 가지라고 생각을 합니다. 저희 한국은 이런 한국의 어 저희 회사는 이런 어 좋은 품질의 제품이라는 점에서는 이견이 없지만 어 조금 더 이 물건을 매력적인 가격으로 소비자에게 제공을 한다면 더 큰 경쟁력을 가질 수 있을 거라고 생각을 해 왔습니다. 그런데 이런 이 회사의 여러 공장을 해외로 이전을 한다면 그 부분에 대해서 인건비가 인건비 부분에서 많이 어 그런 소요되는 어 예산을 절감을 해서 소비자에게 더 좋은 품질에 또 좋은 가격으로 경쟁력을 획득할 수 있다고 생각해서 찬성하는 입장입니다.","wordCount":128},"emotion":[],"intent":[{"text":"","expression":"","category":"attitude"}],"summary":{"text":"현재 많은 대기업들이 해외로 공장을 이전하고 있는데, 그 이유는 기업이 소비자들에게 매력적인 제품을 판매하는 것으로 경쟁력을 얻을 수 있기 때문입니다. 그런데 요즘 소비자들에게 가장 매력적인 부분은 좋은 품질의 제품인가, 같은 가격 같은 품질일 때 더 매력적인 가격을 가지고 있는가입니다.","wordCount":39}}},"rawDataInfo":{"question":{"fileFormat":"wav","fileSize":467918,"duration":14620,"samplingBit":16,"channelCount":1,"samplingRate":"16kHz","audioPath":"/Mock/04.RND/Female/New/ckmk_q_rnd_f_n_264579.wav"},"answer":{"fileFormat":"wav","fileSize":2812238,"duration":87880,"samplingBit":16,"channelCount":1,"samplingRate":"16kHz","audioPath":"/Mock/04.RND/Female/New/ckmk_a_rnd_f_n_264579.wav"}}}