{"version":"1.0","dataSet":{"info":{"date":"20230116","occupation":"RND","channel":"MOCK","place":"ONLINE","gender":"FEMALE","ageRange":"-34","experience":"NEW"},"question":{"raw":{"text":"지원자 분 본인께서는 팀으로 일하시는 것과 혼자 일하시는 것 중에 무엇을 더욱 선호하시는지 궁금합니다 그 이유까지도 함께 이야기해 주신다면 좋을 것 같습니다","wordCount":22},"emotion":[],"intent":[]},"answer":{"raw":{"text":"저는 프로젝트에 따라서 조금 다른 것 같습니다. 어 무언가를 제작하고 만들고 실험하는 거는 주로 팀으로 일하는 걸 선호하는데요. 어 왜냐하면 팀으로 일할 경우에는 역할 분담을 확실하게 할 수 있구요. 역할의 분담을 통해서 제 일을 조금 줄일 수 있고 제 시간을 효율적으로 사용할 수 있기 때문에 팀으로 일하는 걸 선호하지만 주로 발표와 같이 혼자 자료 정리를 하고 그 자료를 다른 사람에게 공유하는 업무와 같은 업무는 저는 주로 혼자 하는 걸 선호하는 편입니다. 어 자료 수집 같은 경우에는 혼자 하는 게 더 수월한 이유가 많은 데이터가 있으면 그 데이터를 중복되지 않게 정리를 해야지 저희가 시간을 단축을 할 수 있는데 같이 하다 보니까 그런 데이터 관리가 조금 어렵더라구요. 그래서 혼자 하는 게 훨씬 빠르고 발표 자료 준비도 혼자 하는 게 더 익숙하기 때문에 어 주로 저는 혼자 일하지만 가끔 프로젝트의 한해서는 팀원 팀으로 일하는 걸 더 선호하기도 합니다.","wordCount":135},"emotion":[],"intent":[{"text":"그래서 혼자 하는 게 훨씬 빠르고 발표 자료 준비도 혼자 하는 게 더 익숙하기 때문에 어 주로 저는 혼자 일하지만 가끔 프로젝트의 한해서는 팀원 팀으로 일하는 걸 더 선호하기도 합니다.","expression":"c_cop","category":"personality"}],"summary":{"text":"프로젝트에 따라 제작,  실험하는 것은 주로 팀으로 일하는 걸 선호합니다. 역할 분담을 확실히 할 수 있고, 제 일을 조금 줄일 수 있고 제 시간을 효율적으로 사용할 수 있기 때문입니다. 자료 수집의 경우에는 혼자 하는 게 더 수월합니다. 발표 자료 준비도 혼자 하는 것이 더 익숙하기 때문입니다.","wordCount":46}}},"rawDataInfo":{"question":{"fileFormat":"wav","fileSize":515918,"duration":16120,"samplingBit":16,"channelCount":1,"samplingRate":"16kHz","audioPath":"/Mock/04.RND/Female/New/ckmk_q_rnd_f_n_289750.wav"},"answer":{"fileFormat":"wav","fileSize":2656398,"duration":83010,"samplingBit":16,"channelCount":1,"samplingRate":"16kHz","audioPath":"/Mock/04.RND/Female/New/ckmk_a_rnd_f_n_289750.wav"}}}