{"version":"1.0","dataSet":{"info":{"date":"20230116","occupation":"RND","channel":"MOCK","place":"ONLINE","gender":"FEMALE","ageRange":"-34","experience":"NEW"},"question":{"raw":{"text":"어 본인이 소통 능력을 키우기 위해서 어떤 일을 할 수 있을까요 어 생각나는 방법이 있으시다면 어 그러한 방법들을 자세하게 말씀해 주시길 바랍니다","wordCount":22},"emotion":[],"intent":[]},"answer":{"raw":{"text":"소통 능력을 키우기 위해서는 일단 소통하고자 하는 그 사람에 대한 분야나 어 기본적인 지식들을 알고 있어야 할 것 같습니다. 만약에 그 지식의 정도가 다르고 사용하는 용어가 다른데 소통을 하는 거는 조금 오류가 있다고 생각을 해서요. 최대한 소통하고자 하는 그분에 대한 어 전공이라든가 그 업무 단어를 최대한 파악을 해서 쉽게 그리고 원활하게 소통을 할 것 같습니다. 어 그리고 무엇보다 저는 소통에 있어서 가장 중요한 거는 진짜 모르면은 모른다고 솔직하게 말하기입니다. 어 그래서 제가 모르는 분야를 혹시나 상대방이 단어를 쓴다면 어 그 단어는 제가 모르는 부분인데 혹시 한 번만 설명을 해줄 수 있을까요 라고 정중하게 여쭤볼 것 같습니다. 어 그러면 좀 더 원활하게 어 그리고 모르는 부분은 또 모르는 부분을 알게 되면서 터득을 하게 되면서 또 소통이 원활하게 이루어지지 않을까 생각을 했습니다.","wordCount":120},"emotion":[],"intent":[{"text":"","expression":"","category":"attitude"}],"summary":{"text":"소통 능력을 키우기 위해 소통하고자 하는 사람에 대한 분야나 기본적인 지식들을 알고 있어야 할 것 같습니다. 그리고 소통에 있어서 가장 중요한 것은 진짜 모르면은 모른다고 솔직하게 말하기입니다. 그럼 좀 더 원활하게 소통이 이루어질 것이라고 생각합니다.","wordCount":35}}},"rawDataInfo":{"question":{"fileFormat":"wav","fileSize":473678,"duration":14800,"samplingBit":16,"channelCount":1,"samplingRate":"16kHz","audioPath":"/Mock/04.RND/Female/New/ckmk_q_rnd_f_n_262541.wav"},"answer":{"fileFormat":"wav","fileSize":2235598,"duration":69860,"samplingBit":16,"channelCount":1,"samplingRate":"16kHz","audioPath":"/Mock/04.RND/Female/New/ckmk_a_rnd_f_n_262541.wav"}}}