{"version":"1.0","dataSet":{"info":{"date":"20230116","occupation":"RND","channel":"MOCK","place":"ONLINE","gender":"FEMALE","ageRange":"-34","experience":"NEW"},"question":{"raw":{"text":"개발과 환경의 바람직한 조화에 대해 설명 부탁드리겠습니다","wordCount":7},"emotion":[],"intent":[]},"answer":{"raw":{"text":"저는 개발과 환경의 바람직한 조화란 개발 과정에서 환경 오염을 최소화하는 것이 가장 조화를 이룰 수 있다고 생각합니다. 환경을 위한 노력은 끝이 없어야 합니다. 이를 포기하거나 제한선을 두고 만족해 버리면 지금 우리와 미래 세대까지의 살아갈 터전을 오염시켜 버리겠다고 선언하는 것과 다를 바 없습니다. 따라서 환경 오염을 대처하기 위한 민간적 그리고 국가적 협력의 필요성이 가장 중요하다고 생각합니다. 환경 오염을 줄일 수 있는 기술을 필수화하도록 해야 하며 신재생 에너지 사용 비율을 높이고 또 환경 교육을 일상화 시켜서 평소에도 경각심을 가지고 다닐 수 있도록 우리 모두가 노력해야 한다고 생각합니다. 이로 인해서 개발과 환경의 바람직한 조화를 불러일으킬 수 있을 것입니다.","wordCount":95},"emotion":[],"intent":[{"text":"","expression":"","category":"attitude"}],"summary":{"text":"개발과 환경의 조화란 개발 과정에서 환경 오염을 최소화하는 것이 가장 조화를 이룰 수 있다고 생각합니다. 따라서 환경 오염에 대처하기 위한 민간적 그리고 국가적 협력의 필요성이 가장 중요합니다.","wordCount":27}}},"rawDataInfo":{"question":{"fileFormat":"wav","fileSize":243278,"duration":7600,"samplingBit":16,"channelCount":1,"samplingRate":"16kHz","audioPath":"/Mock/04.RND/Female/New/ckmk_q_rnd_f_n_284337.wav"},"answer":{"fileFormat":"wav","fileSize":1783758,"duration":55740,"samplingBit":16,"channelCount":1,"samplingRate":"16kHz","audioPath":"/Mock/04.RND/Female/New/ckmk_a_rnd_f_n_284337.wav"}}}