{"version":"1.0","dataSet":{"info":{"date":"20230116","occupation":"RND","channel":"MOCK","place":"ONLINE","gender":"FEMALE","ageRange":"-34","experience":"NEW"},"question":{"raw":{"text":"협업을 할 때 가장 중요하게 생각하는 것이 무엇입니까 왜 그것을 가장 중요하게 생각하는지 이유에 대해서도 답변해 주시기 바랍니다","wordCount":18},"emotion":[],"intent":[]},"answer":{"raw":{"text":"협업을 할 때는 자기 주장을 조금 버리고 소통을 하는 것이 굉장히 중요하다는 생각이 들었습니다. 아무리 팀워크가 좋다고 하더라도 자기주장이 각각 너무 쎄다면 이 의견이 조화 조율이 되지 않아서 최종적으로 결론이 나지 않습니다. 그래서 협업을 할 때는 소통 즉 어떤 사람이 어떤 이야기를 하는지 이런 듣는 모습과 소통하는 것이 굉장히 중요하다는 생각이 들었습니다. 예전에 저도 팀 팀 활동을 하면서 이런 자기주장이 강한 친구들 모였던 경험이 있었는데요. 그때 저는 듣는 사람을 자청하면서 이 사람들이 모두 다 서로서로 의견을 이야기하고 들을 수 있게 이런 분위기를 조성했던 기억이 나옵니다.","wordCount":85},"emotion":[],"intent":[{"text":"협업을 할 때는 자기 주장을 조금 버리고 소통을 하는 것이 굉장히 중요하다는 생각이 들었습니다.","expression":"c_cop","category":"personality"},{"text":"그래서 협업을 할 때는 소통 즉 어떤 사람이 어떤 이야기를 하는지 이런 듣는 모습과 소통하는 것이 굉장히 중요하다는 생각이 들었습니다.","expression":"c_cop","category":"personality"}],"summary":{"text":"협업을 할 때는 어떤 사람이 어떤 이야기를 하는지 이런 듣는 모습과 소통하는 것이 굉장히 중요하다는 생각이 들었습니다. ","wordCount":17}}},"rawDataInfo":{"question":{"fileFormat":"wav","fileSize":604878,"duration":18900,"samplingBit":16,"channelCount":1,"samplingRate":"16kHz","audioPath":"/Mock/04.RND/Female/New/ckmk_q_rnd_f_n_269109.wav"},"answer":{"fileFormat":"wav","fileSize":1704398,"duration":53260,"samplingBit":16,"channelCount":1,"samplingRate":"16kHz","audioPath":"/Mock/04.RND/Female/New/ckmk_a_rnd_f_n_269109.wav"}}}