{"version":"1.0","dataSet":{"info":{"date":"20230116","occupation":"RND","channel":"MOCK","place":"ONLINE","gender":"FEMALE","ageRange":"-34","experience":"NEW"},"question":{"raw":{"text":"기차가 운행 시에 산사태로 삼십 분 동안 정차되었습니다 만약 지원자님이 관리 책임자라면 이 상황에 어떻게 조치하실 건가요","wordCount":17},"emotion":[],"intent":[]},"answer":{"raw":{"text":"가장 중요한 것은 어 기차에 타고 있는 승객들이 그 상황을 먼저 어 알고 있는 인지를 하고 있는 것이 가장 중요하기 때문에 먼저 방송을 통해서 양해의 말씀을 구한 다음에 산사태가 발생되어서 삼십 분 동안 정차를 하게 되었습니다 어 라고 방송을 할 것 같습니다. 그리고 그 승객들이 최대한 흥분을 하지 않고 안정을 취할 수 있도록 어 고객의 입장에서 한번 생각을 해서 그 서비스적인 부분을 최대한 높게 어 가지고 가고 싶어서 직원들에게 어 그 승객들을 열심히 케어를 하면서 관리를 해라 라고 지시를 할 것 같습니다. 어 그 다음으로는 저도 관리 책임의 위치에 있겠지만 관련 업무 뭐 주변 경찰이라든가 재난 센터에 연락을 신속하게 해서 그 상황을 먼저 알릴 것 같습니다. 그다음에 어떻게 해결하면 좋을지를 빠르게 논의를 해서 빠르게 결정을 한 다음에 어 그것을 관리하고 승객들에게 최대한 그런 불안감을 느끼지 않도록 하는 것이 가장 중요한 제 역할이라고 생각을 합니다.","wordCount":134},"emotion":[],"intent":[{"text":"가장 중요한 것은 어 기차에 타고 있는 승객들이 그 상황을 먼저 어 알고 있는 인지를 하고 있는 것이 가장 중요하기 때문에 먼저 방송을 통해서 양해의 말씀을 구한 다음에 산사태가 발생되어서 삼십 분 동안 정차를 하게 되었습니다 어 라고 방송을 할 것 같습니다.","expression":"c_adp","category":"personality"},{"text":"그리고 그 승객들이 최대한 흥분을 하지 않고 안정을 취할 수 있도록 어 고객의 입장에서 한번 생각을 해서 그 서비스적인 부분을 최대한 높게 어 가지고 가고 싶어서 직원들에게 어 그 승객들을 열심히 케어를 하면서 관리를 해라 라고 지시를 할 것 같습니다.","expression":"c_adp","category":"personality"},{"text":"어 그 다음으로는 저도 관리 책임의 위치에 있겠지만 관련 업무 뭐 주변 경찰이라든가 재난 센터에 연락을 신속하게 해서 그 상황을 먼저 알릴 것 같습니다.","expression":"c_adp","category":"personality"}],"summary":{"text":"기차에 타고 있는 승객들이 산사태가 발생되어서 정차하게 되었습니다 라고 방송을 할 것 같습니다. 그 다음으로는 관련 업무나 주변 경찰이라든가 재난 센터에 연락을 신속하게 해서 그 상황을 먼저 알릴 것 같으며, 어떻게 해결하면 좋을지를 논의를 해서 빠르게 결정을 한 다음에 승객들에게 불안감을 느끼지 않도록 하는 것이 제 역할이라고 생각합니다.","wordCount":48}}},"rawDataInfo":{"question":{"fileFormat":"wav","fileSize":621518,"duration":19420,"samplingBit":16,"channelCount":1,"samplingRate":"16kHz","audioPath":"/Mock/04.RND/Female/New/ckmk_q_rnd_f_n_262539.wav"},"answer":{"fileFormat":"wav","fileSize":2363598,"duration":73860,"samplingBit":16,"channelCount":1,"samplingRate":"16kHz","audioPath":"/Mock/04.RND/Female/New/ckmk_a_rnd_f_n_262539.wav"}}}