{"version":"1.0","dataSet":{"info":{"date":"20230116","occupation":"RND","channel":"MOCK","place":"ONLINE","gender":"FEMALE","ageRange":"-34","experience":"NEW"},"question":{"raw":{"text":"면접자님만의 커뮤니케이션을 잘 할 수 있는 방법이 있다면 소개 부탁드립니다","wordCount":10},"emotion":[],"intent":[]},"answer":{"raw":{"text":"커뮤니케이션을 잘 하기 위해서는 네 가지 요소가 필요하다고 생각됩니다. 공감하기 관찰하기 소통하기 부탁하기인데요. 상대방의 말을 관찰하고 공감하며 끝으로는 부탁의 말로써 부탁을 하는 것입니다. 어 예를 들어보자면 저희가 사소한 부탁이라도 긍정적인 언어를 사용한다면 상대방은 그 말을 기분 좋게 받아들이고 이로써 커뮤니케이션을 할 수 있는데요. 어 저만의 스킬은 이러한 소통 관찰 등을 활용해서 상대방의 기분을 살피고 상대방의 기분에 따라서 때때로는 말을 빨리도 하며 느리게도 하며 상대방의 공감을 해주는 게 저의 커뮤니케이션 스킬이라고 말씀드릴 수 있고요. 또한 커뮤니케이션을 잘하기 위해서는 상대방과 소통하고자 하는 그 의지가 가장 중요하다고 생각됩니다.","wordCount":85},"emotion":[],"intent":[{"text":"","expression":"","category":"attitude"}],"summary":{"text":"커뮤니케이션을 잘 하기 위한 네 가지 요소는 공감하기, 관찰하기, 소통하기 부탁하기 인데, 저는 이러한 소통 관찰 등을 활용해서 상대방의 기분에 따라 말을 빨리도 하며 느리게도 하며 상대방의 공감을 해주는 것이 커뮤니케이션 스킬이라고 생각합니다.","wordCount":33}}},"rawDataInfo":{"question":{"fileFormat":"wav","fileSize":245838,"duration":7680,"samplingBit":16,"channelCount":1,"samplingRate":"16kHz","audioPath":"/Mock/04.RND/Female/New/ckmk_q_rnd_f_n_265994.wav"},"answer":{"fileFormat":"wav","fileSize":2068558,"duration":64640,"samplingBit":16,"channelCount":1,"samplingRate":"16kHz","audioPath":"/Mock/04.RND/Female/New/ckmk_a_rnd_f_n_265994.wav"}}}