{"version":"1.0","dataSet":{"info":{"date":"20230116","occupation":"RND","channel":"MOCK","place":"ONLINE","gender":"FEMALE","ageRange":"35-44","experience":"NEW"},"question":{"raw":{"text":"우리 회사에 들어오면 기존과는 업무 스타일이 달라질 수도 있는데요 지원자님은 이런 다른 업무 스타일에도 잘 적응하는 편이신가요","wordCount":17},"emotion":[],"intent":[]},"answer":{"raw":{"text":"어 기존과 다른 업무 스타일에 적응하도록 노력하겠습니다. 어 우선 새로운 업무를 하는 데 있어서 가장 중요한 것은 전체적인 흐름을 파악하는 것이라고 생각합니다. 담당하고 있는 업무의 시작과 끝이 어떻게 진행되는지 지를 이론적으로도 알려고 노력하겠습니다. 당연히 몸으로 체험하면서 이 기능에 가장 쉽고 빠르지겠지만 배경 지식이 없어 그런 일을 하다 보면 제가 지금 무슨 일을 하고 있는지 알 길이 없습니다. 그래서 같은 부서나 팀에 있는 경험자에게 전반적인 업무 절차에 대해 설명을 들었고 이해가 잘 되지 않거나 궁금한 것들을 물어보면서 일을 하겠습니다. 어떤 업무이든 기존하던 방식과 관행 같은 것들이 있습니다. 업무를 수 빠르게 습득하려면 기존 자료를 참고하는 게 저에게는 가장 큰 도움이 되었습니다. 새로운 업무를 하는 것이기 때문에 새롭게 창작하는 것도 의미가 있지만 회사 업무는 새로운 방식을 만들어 낼 많고 충분한 시간을 내주지 않는 일이 거의 없습니다. 창작과 개선을 먼저 적응을 하고 나서 해야 하는 일입니다.","wordCount":132},"emotion":[],"intent":[{"text":"","expression":"","category":"attitude"}],"summary":{"text":"새로운 업무를 하는 데 있어서 가장 중요한 것은 전체적인 흐름을 파악하는 것이라고 생각합니다. 업무를 빠르게 습득하려면 기존 자료를 참고하는 게 가장 큰 도움이 되었습니다. 회사 업무는 새로운 방식을 만들어 낼 많고 충분한 시간을 내주지 않는 일이 거의 없으므로 창작과 개선에 먼저 적응을 하고 나서 해야 하는 일입니다.","wordCount":47}}},"rawDataInfo":{"question":{"fileFormat":"wav","fileSize":558478,"duration":17450,"samplingBit":16,"channelCount":1,"samplingRate":"16kHz","audioPath":"/Mock/04.RND/Female/New/ckmk_q_rnd_f_n_214420.wav"},"answer":{"fileFormat":"wav","fileSize":2411918,"duration":75370,"samplingBit":16,"channelCount":1,"samplingRate":"16kHz","audioPath":"/Mock/04.RND/Female/New/ckmk_a_rnd_f_n_214420.wav"}}}