{"version":"1.0","dataSet":{"info":{"date":"20230116","occupation":"RND","channel":"MOCK","place":"ONLINE","gender":"FEMALE","ageRange":"-34","experience":"NEW"},"question":{"raw":{"text":"어 다른 지원자들에 비해 지원자님만이 가진 차별성 그리고 장점이 있으시다면 그것을 어필해 주세요 어떤 것이 있겠습니까","wordCount":16},"emotion":[],"intent":[]},"answer":{"raw":{"text":"제가 가진 차별성과 장점은 성실하고 책임감이 강합니다. 초등학교 시절부터 십이 년 간 개근을 했습니다. 여섯 시에는 일어나고요. 일곱 시면 가족들이 모두 모여 식사를 하기 때문에 어린 시절부터 일찍 일어나 아침에 여유 있게 하루를 준비하는 습관이 배어 있습니다. 그러다 보니 일찍 등교에서 운동을 하기도 하고 혹시 놓친 것이나 부족한 것이 있어도 문제 없이 보완할 수 있었습니다. 덕분에 출석 결석 뿐 아니라 과제 제출도 기한을 넘겨본 적이 없습니다. 이런 모습으로 주변의 신뢰를 받아서 학급 임원으로 활동해 왔습니다. 덕분에 주변 친구들을 챙기고 선생님들과 사이에서 역할을 하며 책임감과 리더십을 배웠습니다. 저는 어디에 가서도 리더 역할을 도맡아 하고 있습니다. 주로 친구들과 만날 때 제가 약속을 주도하며 모든 계획들을 제가 짜곤 합니다. 그리고 대학교에서도 저는 학생 임원이었습니다. 많은 계획들을 관리하고 커뮤니케이션을 하고 많은 학생들 사이에서 책임감과 리더십을 활용했습니다.","wordCount":122},"emotion":[{"text":"초등학교 시절부터 십이 년 간 개근을 했습니다.","expression":"u-fact","category":"neutral"}],"intent":[{"text":"초등학교 시절부터 십이 년 간 개근을 했습니다.","expression":"c_private","category":"background"},{"text":"일곱 시면 가족들이 모두 모여 식사를 하기 때문에 어린 시절부터 일찍 일어나 아침에 여유 있게 하루를 준비하는 습관이 배어 있습니다.","expression":"c_private","category":"background"},{"text":"그러다 보니 일찍 등교에서 운동을 하기도 하고 혹시 놓친 것이나 부족한 것이 있어도 문제 없이 보완할 수 있었습니다.","expression":"c_private","category":"background"},{"text":"덕분에 출석 결석 뿐 아니라 과제 제출도 기한을 넘겨본 적이 없습니다.","expression":"c_private","category":"background"}],"summary":{"text":"저는 성실하고 책임감이 강한 학급 임원이었습니다. 초등학교 때부터 일찍 일어나 아침을 준비하는 습관이 배어 있어, 부족한 점을 보완하고 결석과 과제 제출도 기한을 넘겨본 적이 없습니다. 덕분에 주변 친구들의 안전을 책임지는 리더로서의 책임감과 리더십을 배웠습니다. 대학교에서도 학생 임원으로서 책임감을 잘 활용했습니다.","wordCount":40}}},"rawDataInfo":{"question":{"fileFormat":"wav","fileSize":498638,"duration":15580,"samplingBit":16,"channelCount":1,"samplingRate":"16kHz","audioPath":"/Mock/04.RND/Female/New/ckmk_q_rnd_f_n_279618.wav"},"answer":{"fileFormat":"wav","fileSize":3777998,"duration":118060,"samplingBit":16,"channelCount":1,"samplingRate":"16kHz","audioPath":"/Mock/04.RND/Female/New/ckmk_a_rnd_f_n_279618.wav"}}}