{"version":"1.0","dataSet":{"info":{"date":"20230116","occupation":"RND","channel":"MOCK","place":"ONLINE","gender":"FEMALE","ageRange":"-34","experience":"NEW"},"question":{"raw":{"text":"면접자님께서 지금까지 인생을 살면서 가장 후회되는 일이 있으시다면 어떤 일일지 궁금한데요 한 가지만 골라서 말씀해 주시기 바랍니다","wordCount":17},"emotion":[],"intent":[]},"answer":{"raw":{"text":"지금까지 인생을 살면서 가장 후회되는 일은 도전을 더 하지 않은 것입니다. 도전을 많이 했다 라고 생각하는 편이지만 그래도 잃어버린 기회나 놓쳐버린 기회가 많은 것 같습니다. 기회는 다시 돌아오지 않고 경험은 돈으로 주고 살 수 없습니다. 그래서 저는 경험이 가장 중요하기 때문에 뭐든지 도전해 봤어야 한다 라고 생각합니다. 어떤 기회든지 그 기회가 다시 오지 않을 수도 있기 때문에 그 기회를 놓치지 않는 것이 매우 중요하다 라고 생각합니다. 그래서 저는 조금 두려움이나 걱정이 앞서서 놓쳐버렸던 기회들에 대해서 후회하는 편입니다. 그 후회들 되는 것은 다시 돌아올 수 없지만 그래도 앞으로는 더 그 후회되는 일을 만들지 않도록 노력하고 그러한 일들을 만들지 않으면 된다 라고 생각합니다. 무엇을 후회하는지에 대해서 정확히 알기 때문에 앞으로는 그렇게 행동하지 않으면 됩니다. 그래서 저는 이제 앞으로는 어떤 기회가 오거나 어떠한 상황이 벌어져도 항상 도전하고 그것의 성공과 실패를 따지고 두려워하지 않고 그 시도해 보는 자세를 가질 것입니다. 그렇게 어떠한 결과가 나오든 경험을 해 봤다는 것만으로도 많은 큰 만족감이 될 거라고 생각합니다.","wordCount":150},"emotion":[{"text":"어떤 기회든지 그 기회가 다시 오지 않을 수도 있기 때문에 그 기회를 놓치지 않는 것이 매우 중요하다 라고 생각합니다.","expression":"u-belief","category":"neutral"}],"intent":[{"text":"기회는 다시 돌아오지 않고 경험은 돈으로 주고 살 수 없습니다.","expression":"c_value","category":"background"},{"text":"그래서 저는 경험이 가장 중요하기 때문에 뭐든지 도전해 봤어야 한다 라고 생각합니다.","expression":"c_value","category":"background"}],"summary":{"text":"저는 경험이 가장 중요하기 때문에 무엇이든 도전해 봤어야 한다고 생각합니다. 그래서 놓쳐버렸던 기회들에 대해서 후회하는 편입니다. 그러나 앞으로 더 후회되는 일을 만들지 않도록 노력하고 그러한 일들을 만들지 않으면 될 것입니다. 어떠한 결과가 나오든 경험을 해 봤다는 것만으로도 큰 만족감이 될 것이라고 생각합니다.","wordCount":42}}},"rawDataInfo":{"question":{"fileFormat":"wav","fileSize":606478,"duration":18950,"samplingBit":16,"channelCount":1,"samplingRate":"16kHz","audioPath":"/Mock/04.RND/Female/New/ckmk_q_rnd_f_n_275719.wav"},"answer":{"fileFormat":"wav","fileSize":2806478,"duration":87700,"samplingBit":16,"channelCount":1,"samplingRate":"16kHz","audioPath":"/Mock/04.RND/Female/New/ckmk_a_rnd_f_n_275719.wav"}}}