{"version":"1.0","dataSet":{"info":{"date":"20230116","occupation":"RND","channel":"MOCK","place":"ONLINE","gender":"FEMALE","ageRange":"-34","experience":"NEW"},"question":{"raw":{"text":"그동안 진행한 프로젝트들 가운데 가장 기억에 남는 프로젝트가 있으십니까 그 프로젝트의 어떤 점이 기억에 남는지 설명해 주시기 바랍니다","wordCount":18},"emotion":[],"intent":[]},"answer":{"raw":{"text":"저는 유난히 기억나는 것을 꼭 차면 대학 시절 처음으로 팀을 이루어서 진행했던 프로젝트입니다. 당시 수행해야 했던 과제는 친환경적인 방향의 공간을 디자인하는 것이었습니다. 저희 팀은 공원에 설치할 수 있는 부스형 재활용 공방을 생각해 냈습니다. 그러나 실제로 존재하는 재활용 공방을 참고하기에는 그 규모 차이가 매우 컸기 때문에 벤치마킹을 제대로 하기에는 어려움이 있었습니다. 대부분의 레퍼런스를 따올순 있었지만 저희 공간만의 특성이 부족했었습니다. 이 시기에 저는 우연히 사탕 가게에 방문을 했었는데요. 마침 그 파이프 안에 가득 채운 사탕 통들을 보고 아이디어를 얻어서 재활용 물건들을 똑같이 채워 넣는 독특한 인테리어 디자인 기획을 진행하게 되었습니다. 전혀 생각지도 못한 곳에서 아이디어를 얻었던 것이 유난히 기억에 오래 남았습니다. 지금도 종종 아이디어가 부족하면 다양한 곳을 방문하여서 팁을 얻게 되었습니다.","wordCount":109},"emotion":[],"intent":[{"text":"마침 그 파이프 안에 가득 채운 사탕 통들을 보고 아이디어를 얻어서 재활용 물건들을 똑같이 채워 넣는 독특한 인테리어 디자인 기획을 진행하게 되었습니다.","expression":"r_prsv","category":"attitude"}],"summary":{"text":"대학 시절 처음으로 팀을 이루어 친환경적인 방향의 공간을 디자인하는 프로젝트를 수행했습니다. 공원에 설치할 수 있는 부스형 재활용 공방을 생각해 냈습니다. 우연히 발견한 사탕 가게에서 아이디어를 얻어 재활용 물건들을 똑같이 채워 넣는 인테리어 디자인 기획을 진행했습니다. 지금도 다양한 곳에서 팁을 얻게 됩니다.","wordCount":41}}},"rawDataInfo":{"question":{"fileFormat":"wav","fileSize":475598,"duration":14860,"samplingBit":16,"channelCount":1,"samplingRate":"16kHz","audioPath":"/Mock/04.RND/Female/New/ckmk_q_rnd_f_n_254575.wav"},"answer":{"fileFormat":"wav","fileSize":2082638,"duration":65080,"samplingBit":16,"channelCount":1,"samplingRate":"16kHz","audioPath":"/Mock/04.RND/Female/New/ckmk_a_rnd_f_n_254575.wav"}}}