{"version":"1.0","dataSet":{"info":{"date":"20230116","occupation":"RND","channel":"MOCK","place":"ONLINE","gender":"FEMALE","ageRange":"-34","experience":"NEW"},"question":{"raw":{"text":"본인은 남을 잘 이끄는 리더형과 남을 잘 따르는 팔로워형 중에 어떤 유형인지 그렇게 말씀하신 이유도 같이 설명해 주세요","wordCount":18},"emotion":[],"intent":[]},"answer":{"raw":{"text":"저는 남을 잘 따르는 팔로워 형입니다. 물론 상황에 따라 리더의 역할을 수행해야 한다면 기꺼이 리더가 되는 멀티 플레이어가 되고자 하지만 기본적으로는 팀장을 서포트 해주는 역할을 주로 맡고 있습니다. 일단 저는 뒤에서 보조해 주는 것을 잘합니다. 리더나 팀원들이 필요로 하는 자료나 레퍼런스를 가져오거나 멀리서 상황을 객관적으로 지켜보고 정리하는 것을 좋아합니다. 리더는 많은 책임을 갖고 모두를 이끌어야 합니다. 저는 그런 넓은 포용성을 가지고 있기보다는 한 명 한 명의 개개인을 세심하게 관찰하고 커뮤니케이션을 하는 것을 더 잘하는 편입니다. 따라서 저는 모든 팀원들과 화합하는 팔로워 형이라고 소개하겠습니다.","wordCount":83},"emotion":[],"intent":[{"text":"저는 남을 잘 따르는 팔로워 형입니다.","expression":"c_person","category":"background"},{"text":"따라서 저는 모든 팀원들과 화합하는 팔로워 형이라고 소개하겠습니다.","expression":"c_person","category":"background"}],"summary":{"text":"저는 넓은 포용성을 가지고 있기보다는 한 명 한 명의 개개인을 세심하게 관찰하고 커뮤니케이션을 하는 것을 더 잘하는 편입니다. 따라서 저는 모든 팀원들과 화합하는 팔로워 형이라고 소개하겠습니다.","wordCount":26}}},"rawDataInfo":{"question":{"fileFormat":"wav","fileSize":327758,"duration":10240,"samplingBit":16,"channelCount":1,"samplingRate":"16kHz","audioPath":"/Mock/04.RND/Female/New/ckmk_q_rnd_f_n_260883.wav"},"answer":{"fileFormat":"wav","fileSize":1705998,"duration":53310,"samplingBit":16,"channelCount":1,"samplingRate":"16kHz","audioPath":"/Mock/04.RND/Female/New/ckmk_a_rnd_f_n_260883.wav"}}}