{"version":"1.0","dataSet":{"info":{"date":"20230116","occupation":"RND","channel":"MOCK","place":"ONLINE","gender":"FEMALE","ageRange":"-34","experience":"NEW"},"question":{"raw":{"text":"지원자님이 창의적으로 어떤 문제를 해결한 경험이 있나요 그 과정을 최대한 자세하게 말씀해 주세요","wordCount":13},"emotion":[],"intent":[]},"answer":{"raw":{"text":"제가 창의적으로 어떤 문제를 해결한 경험이 있냐고 물어보셨는데요. 저는 이전 회사에서 일을 할 때 청소년 프로그램을 기획한 적이 있는데 이 때 이 청소년들의 자존감을 형성하기 위해서 프로그램을 마련을 했어야 하는 그런 상황이었습니다. 어 시 시중이라고 하긴 뭐 하지만 어 다양한 청소년 학회에서는 이 청소년 자존감을 어 향상하기 위해서 다양한 프로그램을 진행하고 있고 보통은 그 프로그램들을 활용을 해서 사업을 진행하곤 하는데 저는 새로운 프로그램을 한 번 도전해 보고 싶어서 요즘 아이들이 어떤 어 활동에 관심이 있는지부터 조사를 했고 요즘 유행하고 있는 인생 네 컷에 착안을 해서 셀프 사진을 활용한 그런 프로그램을 기획을 하게 되었습니다. 이런 프로그램 어 청소년 니즈를 고려한 프로그램을 어 기획을 한 것이 제가 생각했을 때 창의적으로 문제를 해결한 경험이라고 생각을 하고 결론적으로 청소년 아이들이 좋아하면서도 자존감도 향상시킬 수 있는 그런 프로그램으로 자리 잡게 되었습니다.","wordCount":126},"emotion":[],"intent":[{"text":"어 시 시중이라고 하긴 뭐 하지만 어 다양한 청소년 학회에서는 이 청소년 자존감을 어 향상하기 위해서 다양한 프로그램을 진행하고 있고 보통은 그 프로그램들을 활용을 해서 사업을 진행하곤 하는데 저는 새로운 프로그램을 한 번 도전해 보고 싶어서 요즘 아이들이 어떤 어 활동에 관심이 있는지부터 조사를 했고 요즘 유행하고 있는 인생 네 컷에 착안을 해서 셀프 사진을 활용한 그런 프로그램을 기획을 하게 되었습니다.","expression":"r_res_prf","category":"technology"},{"text":"이런 프로그램 어 청소년 니즈를 고려한 프로그램을 어 기획을 한 것이 제가 생각했을 때 창의적으로 문제를 해결한 경험이라고 생각을 하고 결론적으로 청소년 아이들이 좋아하면서도 자존감도 향상시킬 수 있는 그런 프로그램으로 자리 잡게 되었습니다.","expression":"r_prsv","category":"attitude"}],"summary":{"text":"청소년 니즈를 고려한 프로그램을 기획한 것이 창의적으로 문제를 해결한 경험이라 생각을 하고 결론적으로 청소년 아이들이 좋아하면서도 자존감도 향상시킬 수 있는 그런 프로그램으로 자리 잡게 되었습니다.","wordCount":25}}},"rawDataInfo":{"question":{"fileFormat":"wav","fileSize":339918,"duration":10620,"samplingBit":16,"channelCount":1,"samplingRate":"16kHz","audioPath":"/Mock/04.RND/Female/New/ckmk_q_rnd_f_n_270484.wav"},"answer":{"fileFormat":"wav","fileSize":2907598,"duration":90860,"samplingBit":16,"channelCount":1,"samplingRate":"16kHz","audioPath":"/Mock/04.RND/Female/New/ckmk_a_rnd_f_n_270484.wav"}}}