{"version":"1.0","dataSet":{"info":{"date":"20230116","occupation":"RND","channel":"MOCK","place":"ONLINE","gender":"FEMALE","ageRange":"-34","experience":"NEW"},"question":{"raw":{"text":"이제까지 협업을 진행하면서 제일 어려웠던 점이 있다면 그 어려웠던 점은 어떤 방법으로 해결했는지 함께 설명해 주세요","wordCount":16},"emotion":[],"intent":[]},"answer":{"raw":{"text":"누군가와 협업을 한다는 건 굉장히 어려운 일인 것 같습니다. 제가 협업을 하면서 가장 어려웠던 부분은 바로 의견 조율이었는데요. 어 제가 한번은 프로젝트를 진행하면서 의견이 좁혀지지 않아 그 갈등이 폭력으로 이어졌던 경험이 있습니다. 그래서 저는 의견을 조율하기 위해서 항상 투표를 진행합니다. 많은 의견 중에서 투표를 진행하고 과반수의 동의를 얻은 의견을 채택하곤 하는데요. 이렇게 진행을 하면 아무래도 사람들의 대 거부 반응이 없을 뿐더러 프로젝트가 원활하게 진행되는 경험을 한 바 있습니다. 어 협업을 하면서 의견을 조율하고 그 조율한 의견을 바탕으로 프로젝트를 진행하면서 프로젝트를 성공리에 마무리한 경험들이 종종 있습니다.","wordCount":85},"emotion":[],"intent":[{"text":"많은 의견 중에서 투표를 진행하고 과반수의 동의를 얻은 의견을 채택하곤 하는데요.","expression":"c_cop","category":"personality"},{"text":"이렇게 진행을 하면 아무래도 사람들의 대 거부 반응이 없을 뿐더러 프로젝트가 원활하게 진행되는 경험을 한 바 있습니다.","expression":"c_cop","category":"personality"},{"text":"어 협업을 하면서 의견을 조율하고 그 조율한 의견을 바탕으로 프로젝트를 진행하면서 프로젝트를 성공리에 마무리한 경험들이 종종 있습니다.","expression":"c_cop","category":"personality"}],"summary":{"text":"협업을 하면서 의견 조율이 가장 어려웠는데, 조율한 의견을 바탕으로 프로젝트를 진행하면서 프로젝트를 성공리에 마무리한 경험들이 종종 있습니다.","wordCount":17}}},"rawDataInfo":{"question":{"fileFormat":"wav","fileSize":317838,"duration":9930,"samplingBit":16,"channelCount":1,"samplingRate":"16kHz","audioPath":"/Mock/04.RND/Female/New/ckmk_q_rnd_f_n_266958.wav"},"answer":{"fileFormat":"wav","fileSize":1999438,"duration":62480,"samplingBit":16,"channelCount":1,"samplingRate":"16kHz","audioPath":"/Mock/04.RND/Female/New/ckmk_a_rnd_f_n_266958.wav"}}}