{"version":"1.0","dataSet":{"info":{"date":"20230116","occupation":"RND","channel":"MOCK","place":"ONLINE","gender":"FEMALE","ageRange":"-34","experience":"NEW"},"question":{"raw":{"text":"지금까지 살면서 본인이 이룬 성과 중에서 가장 큰 성과에 대해서 자랑 한번 해 주시겠어요","wordCount":14},"emotion":[],"intent":[]},"answer":{"raw":{"text":"제가 그동안 살면서 이룬 성과 중에 가장 기억에 남는 건 쇼핑몰 운영을 성공했었던 경험입니다. 제가 대학 때 한참 창업 붐이 불러 불었어서 저 역시도 창업 시장이 한 번 뛰어들었었습니다. 당시 제가 진행을 했던 건 운동 용품을 운영하는 어 판매하는 그런 운영 스마트 팜 스토어였는데요. 굉장히 사실 작은 규모에서 시작을 했었습니다. 그런데 제가 생각했던 간단한 판매 과정과 달리 물건을 셀렉 하고 직접 마케팅을 하고 그리고 그 물건들을 업로드를 하고 또 판매 관리를 하 하면서 직접 소비자와 소통하는 과정까지 어 이 모든 과정을 혼자 해내다 보니 제가 예상했던 것보다는 정말 많이 힘들었었습니다. 그렇지만 처음에 한 달은 매출이 안 나왔다가 제가 열심히 꾸준히 포스팅을 하다 보니 사 개월 차 육 개월 차에는 좋은 매출 성적을 얻을 수 있었고 어 마지막에는 어 다른 플랫폼에 메인에 나와서 음 큰 매출을 기록했었던 경험이 있습니다.","wordCount":128},"emotion":[{"text":"제가 그동안 살면서 이룬 성과 중에 가장 기억에 남는 건 쇼핑몰 운영을 성공했었던 경험입니다.","expression":"u-fact","category":"neutral"},{"text":"제가 대학 때 한참 창업 붐이 불러 불었어서 저 역시도 창업 시장이 한 번 뛰어들었었습니다.","expression":"u-fact","category":"neutral"},{"text":"당시 제가 진행을 했던 건 운동 용품을 운영하는 어 판매하는 그런 운영 스마트 팜 스토어였는데요.","expression":"u-fact","category":"neutral"},{"text":"그런데 제가 생각했던 간단한 판매 과정과 달리 물건을 셀렉 하고   직접 마케팅을 하고 그리고 그 물건들을 업로드를 하고 또 판매 관리를 하 하면서 직접 소비자와 소통하는 과정까지   어 이 모든 과정을 혼자 해내다 보니 제가 예상했던 것보다는 정말 많이 힘들었었습니다.","expression":"n-distress","category":"negative"}],"intent":[{"text":"제가 그동안 살면서 이룬 성과 중에 가장 기억에 남는 건 쇼핑몰 운영을 성공했었던 경험입니다.","expression":"c_private","category":"background"},{"text":"제가 대학 때 한참 창업 붐이 불러 불었어서 저 역시도 창업 시장이 한 번 뛰어들었었습니다.","expression":"c_private","category":"background"},{"text":"당시 제가 진행을 했던 건 운동 용품을 운영하는 어 판매하는 그런 운영 스마트 팜 스토어였는데요.","expression":"c_private","category":"background"},{"text":"그런데 제가 생각했던 간단한 판매 과정과 달리 물건을 셀렉 하고   직접 마케팅을 하고 그리고 그 물건들을 업로드를 하고 또 판매 관리를 하 하면서 직접 소비자와 소통하는 과정까지   어 이 모든 과정을 혼자 해내다 보니 제가 예상했던 것보다는 정말 많이 힘들었었습니다.","expression":"c_private","category":"background"}],"summary":{"text":"대학 때 창업 붐이 일어났을 때, 운동 용품을 판매하는 스마트 팜 스토어를 운영했었습니다. 작은 규모였지만 직접 마케팅하고 판매 관리를 하며 소비자와 소통하는 과정을 혼자 감당하다보니 많이 힘들었습니다. 하지만 꾸준히 포스팅을 하다 보니 마지막에는 큰 매출을 기록했었습니다.","wordCount":36}}},"rawDataInfo":{"question":{"fileFormat":"wav","fileSize":247118,"duration":7720,"samplingBit":16,"channelCount":1,"samplingRate":"16kHz","audioPath":"/Mock/04.RND/Female/New/ckmk_q_rnd_f_n_171017.wav"},"answer":{"fileFormat":"wav","fileSize":2617038,"duration":81780,"samplingBit":16,"channelCount":1,"samplingRate":"16kHz","audioPath":"/Mock/04.RND/Female/New/ckmk_a_rnd_f_n_171017.wav"}}}