{"version":"1.0","dataSet":{"info":{"date":"20230116","occupation":"RND","channel":"MOCK","place":"ONLINE","gender":"FEMALE","ageRange":"-34","experience":"NEW"},"question":{"raw":{"text":"인생을 살면서 무엇인가 하나에 푹 빠져 몰두해 본 경험이 있으십니까 있다면 그것이 무엇인지 궁금합니다","wordCount":14},"emotion":[],"intent":[]},"answer":{"raw":{"text":"저는 한때 제과 제빵과 커피까지 해서 카페 분야에 관심이 있어서 푹 빠져 있었던 경험이 있습니다. 제과기능사 제빵기능사 그리고 국제 바리스타 등 다양한 국가 공인 시험을 치르고 합격하기 위해서 이런 공부와 실기 공부 그리고 실무까지 직접 도전해 보았습니다. 전혀 해 본 적 없는 아예 다른 분야를 공부하고 그 능력을 키우는 것은 매우 힘든 일이었습니다. 그러나 내가 기존에 배워온 길이 아닌 백 팔십 도 다른 분야의 길을 걸어보는 것은 색다른 경험이고 한 번쯤 겪어보면 좋을 가치 있는 일이라고 생각했습니다. 아예 밑바닥에서부터 시작하는 것은 사실 도전하는 마음부터 먹는 것이 매우 큰일이었습니다. 그러나 하나씩 하나씩 자격증을 따는 과정에서 꾸준히 긴 시간 노력하면 달성할 수 있다는 점이 저에게 재미와 삶의 활력을 주었던 것 같습니다.","wordCount":109},"emotion":[],"intent":[{"text":"제과기능사 제빵기능사 그리고 국제 바리스타 등 다양한 국가 공인 시험을 치르고 합격하기 위해서 이런 공부와 실기 공부 그리고 실무까지 직접 도전해 보았습니다.","expression":"r_prsv","category":"attitude"}],"summary":{"text":"제과기능사 제빵기능사 그리고 국제 바리스타 등 다양한 국가 공인 시험에 합격하기 위해 직접 도전해 보았습니다. 전혀 해 본 적 없는 다른 분야를 공부하고 그 능력을 키우는 것은 매우 힘들었지만, 도전해 보는 것은 색다른 경험이고 한 번쯤 겪어보면 좋을 가치 있는 일이라고 생각했습니다.","wordCount":42}}},"rawDataInfo":{"question":{"fileFormat":"wav","fileSize":353998,"duration":11060,"samplingBit":16,"channelCount":1,"samplingRate":"16kHz","audioPath":"/Mock/04.RND/Female/New/ckmk_q_rnd_f_n_254577.wav"},"answer":{"fileFormat":"wav","fileSize":1973518,"duration":61670,"samplingBit":16,"channelCount":1,"samplingRate":"16kHz","audioPath":"/Mock/04.RND/Female/New/ckmk_a_rnd_f_n_254577.wav"}}}