{"version":"1.0","dataSet":{"info":{"date":"20230116","occupation":"RND","channel":"MOCK","place":"ONLINE","gender":"FEMALE","ageRange":"45-54","experience":"NEW"},"question":{"raw":{"text":"일을 하시면서 가장 어려울 것으로 예상되는 것은 무엇이세요 그리고 그에 어떻게 대처할 생각이신지에 대해서도 궁금하네요","wordCount":15},"emotion":[],"intent":[]},"answer":{"raw":{"text":"어 일을 하면서 제가 지금 진행하는 일을 하면서 가장 어려울 것으로 예상되는 것은 어 제가 신입으로 지원을 하고 제가 이 알엔디 분야에 대해서 공부를 하고 지금 들어오긴 했지만 정말 저희가 새로운 분야를 공부하기 된 것이라 아직은 많이 익숙하지 않고 어설픈 부분이 많을 것 같습니다. 어 그 부분을 보완하기 위해서 현재도 계속 공부를 하고 있습니다. 어 그런 부분이 제가 어려울 거로 예상이 되지만 어 선배님들께서 상사분들께서 저에게 어 많은 지도 편달을 해 주신다면 제가 그 부분은 극복하고 넘어갈 수 있을 것 같습니다. 어 저는 어 제가 모르는 분야를 공부하는 걸 굉장히 즐기는 편이구요. 어 어떠한 어려운 상황이 닥쳐도 그 그것을 극복하고 어 끌어나가는 데에서 어 희열을 느끼기도 합니다. 그래서 어 늦게라도 아니면 더 많은 시간을 근무를 하더라도 제가 그 부분에서 다 알아갈 수 있도록 최선을 다할 것입니다. 어 부족한 부분이 있겠지만 그 부분 많이 도와주시고 저를 이끌어 주시면 제가 최선을 다해서 저의 능력을 배가해서 회사에 도움이 되는 그런 직원이 되도록 하겠습니다.","wordCount":150},"emotion":[{"text":"어 저는 어 제가 모르는 분야를    공부하는 걸 굉장히 즐기는 편이구요.","expression":"p-interest","category":"positive"},{"text":"어 어떠한 어려운 상황이 닥쳐도 그   그것을 극복하고 어 끌어나가는 데에서 어 희열을 느끼기도 합니다.","expression":"p-happiness","category":"positive"}],"intent":[{"text":"","expression":"","category":"attitude"}],"summary":{"text":"알엔디 분야에서 일을 하면서 초보적인 부분이 많아 이를 보완하기 위해 계속 공부를 하고 있습니다. 어 선배님들께서 많은 지도 편달을 해 주시면 그 부분을 극복할 수 있을 것 같습니다. 저는 모르는 분야를 공부하는 걸 굉장히 즐기기 때문에 어려운 상황이 닥쳐도 그것을 극복하는 데에서 희열을 느끼며 최선을 다할 것입니다.","wordCount":47}}},"rawDataInfo":{"question":{"fileFormat":"wav","fileSize":471118,"duration":14720,"samplingBit":16,"channelCount":1,"samplingRate":"16kHz","audioPath":"/Mock/04.RND/Female/New/ckmk_q_rnd_f_n_145184.wav"},"answer":{"fileFormat":"wav","fileSize":2750798,"duration":85960,"samplingBit":16,"channelCount":1,"samplingRate":"16kHz","audioPath":"/Mock/04.RND/Female/New/ckmk_a_rnd_f_n_145184.wav"}}}