{"version":"1.0","dataSet":{"info":{"date":"20230116","occupation":"RND","channel":"MOCK","place":"ONLINE","gender":"FEMALE","ageRange":"-34","experience":"NEW"},"question":{"raw":{"text":"지원자분 본인께서 지금까지 살아오시면서 완전히 새로운 환경에서 전혀 몰랐던 일을 맡아서 진행하게 된 경험이 있으시다고 한다면 그에 관해서 소개해 주신다면 좋을 것 같습니다","wordCount":23},"emotion":[],"intent":[]},"answer":{"raw":{"text":"새로운 경험에 전혀 몰랐던 일을 맡아서 한 경험이 이 지금 이 면접 프로젝트 알바인데요. 아 면접 프로젝트 알바가 아니라 면접 답변 알바 인데요. 이 알바를 하면서 이런 알바가 있는지도 사실은 처음 알았고 어 단기간에 매일매일 꾸준히 조금씩 할 수 있는 알바를 찾아 다니다가 하게 되었습니다. 아무래도 처음 해보는 거라 사용이 미숙하기도 하고 어려운 점도 있지만 또 나름 즐거운 점이 있다고 생각이 되어서 어 나름 즐기면서 하게 되는 것 같습니다. 아무래도 말을 많이 하고 또 잘 하고자 하는 저와 잘 맞는 알바 같아서 네 아무래도 저를 알고 이제 알바를 선택을 해보니 저와 또 진짜 맞는 알바를 찾게 되어서 좋은 마음입니다.","wordCount":99},"emotion":[],"intent":[{"text":"","expression":"","category":"attitude"}],"summary":{"text":"면접 프로젝트 알바가 아니라 면접 답변 알바를 하게 되었습니다. 알바를 하면서 이런 알바가 있는지도 몰랐고 매일 꾸준히 할 수 있는 알바를 찾아 다니다가 하게 됐습니다. 덕분에 저와 잘 맞는 알바를 찾게 되어서 좋습니다.","wordCount":33}}},"rawDataInfo":{"question":{"fileFormat":"wav","fileSize":662478,"duration":20700,"samplingBit":16,"channelCount":1,"samplingRate":"16kHz","audioPath":"/Mock/04.RND/Female/New/ckmk_q_rnd_f_n_178189.wav"},"answer":{"fileFormat":"wav","fileSize":1798478,"duration":56200,"samplingBit":16,"channelCount":1,"samplingRate":"16kHz","audioPath":"/Mock/04.RND/Female/New/ckmk_a_rnd_f_n_178189.wav"}}}