{"version":"1.0","dataSet":{"info":{"date":"20230116","occupation":"RND","channel":"MOCK","place":"ONLINE","gender":"FEMALE","ageRange":"-34","experience":"NEW"},"question":{"raw":{"text":"협업을 할 일이 많이 생길 수 있습니다 지원자님께서는 이전 직장에서나 대학에서 협업을 할 때 어떤 점이 어려우셨습니까","wordCount":17},"emotion":[],"intent":[]},"answer":{"raw":{"text":"저는 이전 직장에서나 대학에서 협업을 할 때 어려운 점이 크게 없었습니다. 왜냐하면 저는 경상과를 나와서 팀 프로젝트를 하는 경우가 많았습니다. 그래서 저는 많은 것들을 협업을 했었고 팀 프로젝트를 많이 진행했습니다. 그래서 다른 사람들과 협업을 했던 경험이 많기 때문에 별로 어렵지 않습니다. 그리고 저는 다양한 경험을 해서 외국 사람들과도 일을 해 보고 외국에서도 일을 해 봤습니다. 그래서 다른 다양한 사람들과 일을 하는 것이 어렵지 않고 이는 협업을 할 때 큰 도움을 주었습니다. 그리고 저는 협업을 하는 것이 좋다 라고 생각합니다. 왜냐하면 혼자 개인적으로 일했을 때보다 협업을 하면 더 많은 아이디어를 샘솟게 할 수 있고 더 많은 프로젝트를 진행할 수 있기 때문입니다. 그리고 서로 동고동락하면서 희노애락을 나눌 수 있기 때문에 더 유대감이 생기고 그 프로젝트에 대한 더 애정이 생긴다 라고 생각합니다. 그리고 그거에 대한 만족감도 더 높아지기 때문에 저는 무슨 일을 하든 협업을 하는 것을 추천하고 협업을 하는 것이 좋다 라고 생각합니다. 그래서 저는 협업을 좋아하는 편이기 때문에 크게 어려움이 없고 앞으로도 많이 해 나가고 싶습니다.","wordCount":154},"emotion":[],"intent":[{"text":"왜냐하면 혼자 개인적으로 일했을 때보다 협업을 하면 더 많은 아이디어를 샘솟게 할 수 있고 더 많은 프로젝트를 진행할 수 있기 때문입니다.","expression":"c_cop","category":"personality"},{"text":"그리고 그거에 대한 만족감도 더 높아지기 때문에 저는 무슨 일을 하든 협업을 하는 것을 추천하고 협업을 하는 것이 좋다 라고 생각합니다.","expression":"c_cop","category":"personality"}],"summary":{"text":"저는 경상과를 나와서 팀 프로젝트를 하는 경우가 많아 다른 사람들과 협업하는 것이 어렵지 않았고 외국 사람들과 일을 해 본 경험이 많아 협업에 큰 도움이 되었습니다. 또 협업을 하면 더 많은 아이디어를 얻고 많은 프로젝트를 진행할 수 있으며, 서로 동고동락하면서 유대감이 생기고 그 프로젝트에 대한 애정이 생기며 무슨 일을 하든 협업을 하는 것이 좋다고 생각합니다.","wordCount":54}}},"rawDataInfo":{"question":{"fileFormat":"wav","fileSize":448078,"duration":14000,"samplingBit":16,"channelCount":1,"samplingRate":"16kHz","audioPath":"/Mock/04.RND/Female/New/ckmk_q_rnd_f_n_275549.wav"},"answer":{"fileFormat":"wav","fileSize":2730318,"duration":85320,"samplingBit":16,"channelCount":1,"samplingRate":"16kHz","audioPath":"/Mock/04.RND/Female/New/ckmk_a_rnd_f_n_275549.wav"}}}