{"version":"1.0","dataSet":{"info":{"date":"20230116","occupation":"RND","channel":"MOCK","place":"ONLINE","gender":"FEMALE","ageRange":"-34","experience":"NEW"},"question":{"raw":{"text":"어 만약 지원자님께서 지금 지원하신 이 직무가 아닌 다른 부서에 배치가 되실 수도 있는데요 그렇게 된다면 어떻게 하실 건가요 또 그렇게 된다고 하면 어 괜찮으신지 여쭤보고 싶습니다","wordCount":27},"emotion":[],"intent":[]},"answer":{"raw":{"text":"제가 지원한 직무를 수행할 수 있다면 가장 좋겠지만 그게 아니라 다른 부서에 배치된다고 해도 저는 즐겁게 예 일할 것 같습니다. 제 평생 꿈은 이 회사에 취직하는 것이었습니다. 어릴 적부터 이 회사를 보면서 많은 동기를 부여를 받았고요. 꼭 커서 성장해서 이 회사에 취직하겠다 라는 그런 목적만을 가지고 지금까지 살아왔기 때문에 저는 어떠한 직무라고 한들 어떠한 부서에 배치된다고 한들 입사를 해서 저의 기량을 온전히 뽐내고 싶습니다. 다만 다른 부서에 배치가 된다면 어 제가 이해력이 낮기 때문에 먼저 스터디를 통해서 제 역량을 높이고 타 팀원들에게 불편을 주지 않을 정도로 기량을 키운 뒤에 입사를 하게 될 것 같습니다.","wordCount":94},"emotion":[],"intent":[{"text":"꼭 커서 성장해서 이 회사에 취직하겠다 라는 그런 목적만을 가지고 지금까지 살아왔기 때문에 저는 어떠한 직무라고 한들 어떠한 부서에 배치된다고 한들 입사를 해서 저의 기량을 온전히 뽐내고 싶습니다.","expression":"c_adp","category":"personality"}],"summary":{"text":"저는 어떠한 직무라고 하더라도 어떠한 부서에 배치된다고 하더라도 입사를 해서 저의 기량을 온전히 뽐내고 싶습니다. 먼저 스터디를 통해서 제 역량을 높이고 타 팀원들에게 불편을 주지 않을 정도로 기량을 키운 뒤에 입사를 하게 될 것 같습니다.","wordCount":35}}},"rawDataInfo":{"question":{"fileFormat":"wav","fileSize":560078,"duration":17500,"samplingBit":16,"channelCount":1,"samplingRate":"16kHz","audioPath":"/Mock/04.RND/Female/New/ckmk_q_rnd_f_n_266961.wav"},"answer":{"fileFormat":"wav","fileSize":2005518,"duration":62670,"samplingBit":16,"channelCount":1,"samplingRate":"16kHz","audioPath":"/Mock/04.RND/Female/New/ckmk_a_rnd_f_n_266961.wav"}}}