{"version":"1.0","dataSet":{"info":{"date":"20230116","occupation":"RND","channel":"MOCK","place":"ONLINE","gender":"FEMALE","ageRange":"-34","experience":"NEW"},"question":{"raw":{"text":"지원자님께서는 어떤 문제에 부딪쳤을 때 혼자 해결하는 편이십니까 아니면 여러 사람들에게 이야기를 해서 문제를 해결하는 편이신지 말씀해 주시기 바랍니다","wordCount":19},"emotion":[],"intent":[]},"answer":{"raw":{"text":"저는 어떤 문제에 부딪쳤을 때 주로 혼자 해결을 하는 편입니다. 혼자 고민을 하고 생각을 하면서 또한 결론을 내리는데요. 어 물론 모든 경우에 있어서 저 혼자 결정하는 편은 아닙니다. 어 사소한 문제들은 많은 사람들에게 공유를 함으로써 제가 선택을 더 편하게 할 수 있겠지만은 저의 진로와 관련된 문제라던지 아니면은 뭐 전공 혹은 뭐 정말 사생활적인 문제에 있어서는 많은 사람들에게 이 이야기를 공유하기가 참 어렵더라고요. 많은 사람들이 제 이야기를 본인의 이야기처럼 들어준다면 참 좋겠지만 그게 아니라 흘려보내고 듣고 이 이야기를 다른 사람에게 전달을 할 때 저는 그게 조금 불편하더라고요. 그래서 저는 어떤 문제에 부딪치면 주로 공유하기보다는 저 스스로 많은 고민을 하고 성찰을 통해서 해결해 나가는 편입니다.","wordCount":103},"emotion":[],"intent":[{"text":"","expression":"","category":"attitude"}],"summary":{"text":"저는 어떤 문제에 부딪쳤을 때 주로 혼자 해결하는 편인데, 개인적인 문제들은 많은 사람들에게 공유를 함으로써 선택을 더 편하게 할 수 있지만 전공이나 사생활적인 문제 등은 타인에게 공유를 하는 것이 불편하기 때문에 저 스스로 많은 고민을 하고 성찰을 통해서 해결해 나가는 편입니다.","wordCount":41}}},"rawDataInfo":{"question":{"fileFormat":"wav","fileSize":628558,"duration":19640,"samplingBit":16,"channelCount":1,"samplingRate":"16kHz","audioPath":"/Mock/04.RND/Female/New/ckmk_q_rnd_f_n_289749.wav"},"answer":{"fileFormat":"wav","fileSize":2391758,"duration":74740,"samplingBit":16,"channelCount":1,"samplingRate":"16kHz","audioPath":"/Mock/04.RND/Female/New/ckmk_a_rnd_f_n_289749.wav"}}}