{"version":"1.0","dataSet":{"info":{"date":"20230116","occupation":"RND","channel":"MOCK","place":"ONLINE","gender":"FEMALE","ageRange":"-34","experience":"NEW"},"question":{"raw":{"text":"최근 본 뉴스 가운데 가장 인상 깊었던 뉴스가 무엇이었나요 가장 인상 깊었던 뉴스와 그 뉴스가 인상 깊었던 이유도 같이 말씀해 주세요","wordCount":21},"emotion":[],"intent":[]},"answer":{"raw":{"text":"저는 뉴스들 중에서 매일같이 쏟아져 나오는 음주와 관련한 사건 사고들이 인상 깊었습니다. 구체적으로 어느 뉴스 하나를 콕 찝어 말하기보다는 그러한 유인 뉴스 자체가 계속해서 제 기억 속에서 지워지지가 않았습니다. 음주사고가 크고 작게 매번 발생하는 것에 대해서 매우 안타깝다고 생각합니다. 또 음주에 대해서 비교적 가벼운 사회적 시선이 용인되고 있는 것이 참 씁쓸합니다. 적절한 음주는 좋지만 매번 이렇게 남에게 피해를 끼칠 정도로 음주를 하고 비교적 가벼운 법의 심판을 받는 사례가 늘고 있는 것 같아서 매우 우려됩니다. 술에 대한 법적 제한이 보다 더 높은 높아졌으면 좋겠고 또 피해자와 그 가족들에게 적절한 배상과 감정적인 부분에 국가적인 지원이 탄탄해졌으면 하는 마음이 있습니다.","wordCount":97},"emotion":[],"intent":[{"text":"","expression":"","category":"attitude"}],"summary":{"text":"음주와 관련한 사건 사고들이 인상 깊었습니다. 음주사고가 크고 작게 매번 발생하는 것에 대해서 매우 아쉽다고 생각합니다. 음주에 대해서 비교적 가벼운 사회적 시선이 용인되고 있는 것이 참 씁쓸합니다. 술에 대한 법적 제한이 보다 높아졌으면 좋겠습니다.","wordCount":34}}},"rawDataInfo":{"question":{"fileFormat":"wav","fileSize":362318,"duration":11320,"samplingBit":16,"channelCount":1,"samplingRate":"16kHz","audioPath":"/Mock/04.RND/Female/New/ckmk_q_rnd_f_n_254578.wav"},"answer":{"fileFormat":"wav","fileSize":1788878,"duration":55900,"samplingBit":16,"channelCount":1,"samplingRate":"16kHz","audioPath":"/Mock/04.RND/Female/New/ckmk_a_rnd_f_n_254578.wav"}}}