{"version":"1.0","dataSet":{"info":{"date":"20230116","occupation":"RND","channel":"MOCK","place":"ONLINE","gender":"FEMALE","ageRange":"-34","experience":"NEW"},"question":{"raw":{"text":"업무 시 분쟁이 발생할 때를 대비한 본인만의 대처법이 있으실까요 있다면 무엇인지 궁금합니다","wordCount":12},"emotion":[],"intent":[]},"answer":{"raw":{"text":"저는 우선 분쟁이 발생할 대비를 대비해서 최대한 분쟁이 발생하는 요인들을 점검합니다. 성격 자체가 굉장히 꼼꼼하고 세심하고 그런 것들을 그냥 넘어가지 못하기 때문에 최대한 분쟁이 발생할 만한 모든 요인들 환경적인 요인이나 사람에서 나올 수 있는 분쟁거리나 분쟁이 될 수 있을 만한 것들을 일말에 차단하고 일을 할 것 같습니다. 하지만 분명히 제가 그렇게 차단을 한다고 하더라도 분쟁이 발생할 수는 있을 것 같은데요. 환경적인 부분이나 사람들이 모두 다 제가 계획한 것처럼 흘러가지는 않을 것입니다. 그렇지만 최대한 그것들을 사전에 막아두고 미리 계획해 두고 어떤 식으로 해결해야 할지 미리미리 생각해 둔다 면 조금 더 빠르고 쉽게 분쟁을 해결할 수 있을 것 같다고 생각합니다. 그렇기 때문에 저는 가장 중요한 것이 얼마나 사전적으로 대비할 수 있는지 얼마나 넓게 생각하고 얼마나 다양한 방식의 분쟁이 생길 것을 미리 예측해서 어떤 식으로 그 분쟁에 대해서 미리 대처하게 될 것인지를 먼저 생각한 다음에 그리고 그 다음에 일을 시작할 것 같습니다. 그렇게 했을 때 아무래도 제가 생각한 가짓수나 이런 것들에 따라서 분쟁 요인이나 분쟁을 해결하는 데 걸리는 시간들이 최소한으로 단축될 것 같다는 생각을 하기 때문입니다.","wordCount":163},"emotion":[],"intent":[{"text":"저는 우선 분쟁이 발생할 대비를 대비해서 최대한 분쟁이 발생하는 요인들을 점검합니다.","expression":"c_confl_mg","category":"personality"},{"text":"성격 자체가 굉장히 꼼꼼하고 세심하고 그런 것들을 그냥 넘어가지 못하기 때문에 최대한 분쟁이 발생할 만한 모든 요인들 환경적인 요인이나 사람에서 나올 수 있는 분쟁거리나 분쟁이 될 수 있을 만한 것들을 일말에 차단하고 일을 할 것 같습니다.","expression":"c_confl_mg","category":"personality"},{"text":"그렇지만 최대한 그것들을 사전에 막아두고 미리 계획해 두고 어떤 식으로 해결해야 할지 미리미리 생각해 둔다 면 조금 더 빠르고 쉽게 분쟁을 해결할 수 있을 것 같다고 생각합니다.","expression":"c_confl_mg","category":"personality"},{"text":"그렇기 때문에 저는 가장 중요한 것이 얼마나 사전적으로 대비할 수 있는지 얼마나 넓게 생각하고 얼마나 다양한 방식의 분쟁이 생길 것을 미리 예측해서 어떤 식으로 그 분쟁에 대해서 미리 대처하게 될 것인지를 먼저 생각한 다음에 그리고 그 다음에 일을 시작할 것 같습니다.","expression":"c_confl_mg","category":"personality"},{"text":"그렇게 했을 때 아무래도 제가 생각한 가짓수나 이런 것들에 따라서 분쟁 요인이나 분쟁을 해결하는 데 걸리는 시간들이 최소한으로 단축될 것 같다는 생각을 하기 때문입니다.","expression":"c_confl_mg","category":"personality"}],"summary":{"text":"분쟁 발생 대비로 분쟁 요인들을 미리 차단하고 일을 할 것 같습니다. 하지만 환경적인 부분이나 사람들이 다 계획한 것처럼 흘러가지는 않을 것입니다. 하지만 최대한 미리 미리 막아두고 어떤 식으로 해결할지 미리 생각해 둔다면 빠르고 쉽게 분쟁을 해결할 수 있을 것 같다고 생각합니다. 그래서 저는 사전적으로 대비할 수 있는 정도를 생각하고 분쟁에 대처하게 될 것을 미리 예측한 후에 일을 시작할 것입니다.","wordCount":59}}},"rawDataInfo":{"question":{"fileFormat":"wav","fileSize":318798,"duration":9960,"samplingBit":16,"channelCount":1,"samplingRate":"16kHz","audioPath":"/Mock/04.RND/Female/New/ckmk_q_rnd_f_n_275874.wav"},"answer":{"fileFormat":"wav","fileSize":3337678,"duration":104300,"samplingBit":16,"channelCount":1,"samplingRate":"16kHz","audioPath":"/Mock/04.RND/Female/New/ckmk_a_rnd_f_n_275874.wav"}}}