{"version":"1.0","dataSet":{"info":{"date":"20230116","occupation":"RND","channel":"MOCK","place":"ONLINE","gender":"FEMALE","ageRange":"45-54","experience":"NEW"},"question":{"raw":{"text":"지원자님께서는 본인 스스로 숫자와 창의 중 어떤 것에 더 가깝다고 생각하시나요 그 이유도 함께 말씀해 주세요","wordCount":16},"emotion":[],"intent":[]},"answer":{"raw":{"text":"아 숫자와 창의 쪽이라면 이거는 정말 창의이라고 말할 수 있는데요. 그까 숫자는 뭐 이렇게 이렇게 해서 딱 정확히 나오는 거 또 그리고 걸 말씀하시는 거라면 전 창의에 가깝다고 생각을 하구요. 그리고 이제 제가 숫자 수 자체가 좀 많이 약합니다. 거기에 뭐 가계부를 쓴다거나 이런 부분도 맞지 않고 하다 보니 어 수로 하는 부분에 대해서는 약하고 어 싫어합니다. 그런데 창의적인 면에서는 어떤 새로운 생각이라던지 어 뭐 물건이라던지 이런 부분을 보면서 다른 쓰임새라던지 뭐 작게는 그까 그런 창의적인 부분에 대해서 굉장히 제가 살면서도 아 나 이런 생각도 했어 라면서 예 그렇게 놀라는 경우가 있기 때문에 창의에 더 가깝다고 말씀드리겠습니다.","wordCount":97},"emotion":[],"intent":[{"text":"","expression":"","category":"attitude"}],"summary":{"text":"숫자와 창의 쪽이라면 전 창의에 가깝다고 생각합니다. 숫자 수 자체가 약하고 수로 하는 부분을 싫어하지만 창의적인 면에서는 새로운 생각, 물건의 쓰임새, 창의적 부분에 대해 놀라는 경우가 있기 때문입니다.","wordCount":28}}},"rawDataInfo":{"question":{"fileFormat":"wav","fileSize":353678,"duration":11050,"samplingBit":16,"channelCount":1,"samplingRate":"16kHz","audioPath":"/Mock/04.RND/Female/New/ckmk_q_rnd_f_n_108172.wav"},"answer":{"fileFormat":"wav","fileSize":2247758,"duration":70240,"samplingBit":16,"channelCount":1,"samplingRate":"16kHz","audioPath":"/Mock/04.RND/Female/New/ckmk_a_rnd_f_n_108172.wav"}}}