{"version":"1.0","dataSet":{"info":{"date":"20230116","occupation":"RND","channel":"MOCK","place":"ONLINE","gender":"FEMALE","ageRange":"-34","experience":"NEW"},"question":{"raw":{"text":"지금까지 협업을 하면서 가장 어려웠던 것과 그 어려움을 어떻게 해결했는지 함께 구체적으로 말씀해 주시길 바랍니다","wordCount":15},"emotion":[],"intent":[]},"answer":{"raw":{"text":"지금까지 협업을 하면서 의견 조율이 가장 어려웠습니다. 어 의견은 사실 개개인마다 다 다를 수 있는 부분입니다. 그렇기 때문에 존중을 해야 되지만 아무래도 협업이라는 거는 모두의 의견을 모아서 하나의 결과물을 도출해 내야 되기 때문에 의견이 하나로 좁혀져야 되는데요. 저는 이렇게 좁혀지지 않았을 때 마음의 소리라는 수단을 사용했습니다. 어 이런 의견을 조율하는 과정에서 서로의 의견이 상할 수 있고 감정이 고조될 수 있는데 만약 그런 경우가 발생한다면 이 마음의 소리에 쪽지를 넣어주는 겁니다. 이렇게 해서 나는 슬펐다 화가 났다 그래서 저희가 일주일에 한 번씩 마음의 소리를 열어보고 마음의 소리를 공유하면서 서로의 감정을 챙기고 의견을 조율할 수 있는 방안에 대해 모색을 했는데요. 저는 이렇게 어려움을 해결하며 협업을 진행했던 거 같습니다.","wordCount":106},"emotion":[],"intent":[{"text":"저는 이렇게 좁혀지지 않았을 때 마음의 소리라는 수단을 사용했습니다.","expression":"r_prsv","category":"attitude"},{"text":"저는 이렇게 어려움을 해결하며 협업을 진행했던 거 같습니다.","expression":"c_cop","category":"personality"}],"summary":{"text":"협업은 모두의 의견을 모아 하나의 결과물을 도출해야 하기 때문에 의견 조율이 가장 어려웠습니다. 그래서 저희는 마음의 소리를 열어보면서 서로의 감정을 챙기고 의견을 조율할 수 있는 방안에 대해 모색했습니다.","wordCount":28}}},"rawDataInfo":{"question":{"fileFormat":"wav","fileSize":612238,"duration":19130,"samplingBit":16,"channelCount":1,"samplingRate":"16kHz","audioPath":"/Mock/04.RND/Female/New/ckmk_q_rnd_f_n_289752.wav"},"answer":{"fileFormat":"wav","fileSize":2358798,"duration":73710,"samplingBit":16,"channelCount":1,"samplingRate":"16kHz","audioPath":"/Mock/04.RND/Female/New/ckmk_a_rnd_f_n_289752.wav"}}}