{"version":"1.0","dataSet":{"info":{"date":"20230116","occupation":"RND","channel":"MOCK","place":"ONLINE","gender":"FEMALE","ageRange":"-34","experience":"NEW"},"question":{"raw":{"text":"솔선수범해서 모두를 잘 이끌려고 행동하는 행동파 리더형과 별 말 없이 남들을 잘 따르는 팔로워형 중에서 지원자님은 어떤 유형인지 이유도 함께 말씀해 주세요","wordCount":22},"emotion":[],"intent":[]},"answer":{"raw":{"text":"저는 팔로워 형인 것 같은데요. 과거에 제가 리더를 맡아 어떤 프로젝트를 이끈 경험이 있었습니다. 당시 삼 개월 정도의 프로젝트였는데 그 프로젝트를 하면서 저는 굉장히 많은 스트레스를 받았었고 또 다시는 리더를 하고 싶지 않다 라는 생각을 많이 했었는데요. 어 리더라는 자리가 책임감도 가져야 되고 또 의견 같은 걸 잘 수용하고 조율을 해야 되는데 저는 그 과정이 조금 어려웠습니다. 그래서 저는 팔로우어로서 리더를 뒷받침해주고 제 의견을 충분히 말하고 제가 맡은 업무를 성실히 수행하는 그런 유형이라고 생각이 들기 때문에 저는 리더보다는 팔로워인 것 같습니다.","wordCount":81},"emotion":[],"intent":[{"text":"","expression":"","category":"attitude"}],"summary":{"text":"저는 리더로서의 책임감, 의견 수용 및 조율의 과정이 어려워서 팔로워로서 리더를 뒷받침하고 의견을 충분히 말하고 맡은 업무를 성실히 수행하는 유형이라고 생각되어 저는 리더보다 팔로 워인 것 같습니다.","wordCount":27}}},"rawDataInfo":{"question":{"fileFormat":"wav","fileSize":550478,"duration":17200,"samplingBit":16,"channelCount":1,"samplingRate":"16kHz","audioPath":"/Mock/04.RND/Female/New/ckmk_q_rnd_f_n_290253.wav"},"answer":{"fileFormat":"wav","fileSize":1984078,"duration":62000,"samplingBit":16,"channelCount":1,"samplingRate":"16kHz","audioPath":"/Mock/04.RND/Female/New/ckmk_a_rnd_f_n_290253.wav"}}}