{"version":"1.0","dataSet":{"info":{"date":"20230116","occupation":"RND","channel":"MOCK","place":"ONLINE","gender":"FEMALE","ageRange":"35-44","experience":"NEW"},"question":{"raw":{"text":"면접자분이 생각하시는 베르누이 방정식이란 무엇이라고 생각하는지 설명 부탁드리겠습니다","wordCount":8},"emotion":[],"intent":[]},"answer":{"raw":{"text":"아니요 베르누이 방정식은 제가 지금 이 자리에서 되게 처음 듣는 용어이구요. 일단은 제가 건설 제조업 분야에 지원한 게 아니기 때문에 지금 이게 들어맞는 건지 사실 잘 모르겠고 질문이 조금 잘못됐다는 생각이 듭니다.","wordCount":32},"emotion":[],"intent":[{"text":"","expression":"","category":"attitude"}],"summary":{"text":"베르누이 방정식은 제가 건설 제조업 분야에 지원한 게 아니기에 질문이 조금 잘못됐다고 생각 됩니다. 이는 제가 이 자리에서 처음 듣는 용어입니다.","wordCount":21}}},"rawDataInfo":{"question":{"fileFormat":"wav","fileSize":300878,"duration":9400,"samplingBit":16,"channelCount":1,"samplingRate":"16kHz","audioPath":"/Mock/04.RND/Female/New/ckmk_q_rnd_f_n_126036.wav"},"answer":{"fileFormat":"wav","fileSize":779278,"duration":24350,"samplingBit":16,"channelCount":1,"samplingRate":"16kHz","audioPath":"/Mock/04.RND/Female/New/ckmk_a_rnd_f_n_126036.wav"}}}