{"version":"1.0","dataSet":{"info":{"date":"20230116","occupation":"RND","channel":"MOCK","place":"ONLINE","gender":"FEMALE","ageRange":"-34","experience":"NEW"},"question":{"raw":{"text":"지원자님께서 가지고 있는 상위 일 퍼센트의 능력이 있다면 지원자님께서 그 능력을 저희에게 최대한 구체적으로 설명해 주시기 바랍니다","wordCount":17},"emotion":[],"intent":[]},"answer":{"raw":{"text":"제가 가지고 있는 상위 일 퍼센트의 능력이라고 한다면 눈물 흘리는 것입니다. 저는 십 초 만에 눈물을 흘릴 수 있는데요. 어떻게 이게 가능하냐고 물어보실 것 같은데 저는 다른 사람들보다 공감 능력이 뛰어나다고 생각을 합니다. 그렇기 때문에 다른 사람들의 마음을 읽고 이해하는 것 이것으로 눈물을 흘릴 수 있습니다. 그리고 또한 제가 흘리는 눈물로 다른 사람들까지 눈물을 흘리게 할 수 있습니다. 비록 면접자님들이 면접관님들이 잘 보이지 않지만 실제로 제 앞에 대면할 수 있다면 똑같이 눈물을 흘리게 할 수 있습니다. 이 능력이 왜 좋냐 라고 물어보신다면 감정은 전이라고 생각을 합니다. 한 사람이 웃고 있으면 다른 사람들도 덩달아 웃게 되는 것이 감정이라고 생각을 합니다. 공감 또한 중요한데요. 다른 사람들이 내 말을 잘 공감했을 때 내 말을 이해했을 때 커뮤니케이션이 원활하다고 생각을 합니다. 그리고 내가 공감을 했을 때 상대방은 대화가 잘 통한다고 생각을 한다고 합니다. 그렇기 때문에 제가 가진 능력으로 다른 사람들과 소통할 수 있습니다.","wordCount":139},"emotion":[],"intent":[{"text":"","expression":"","category":"attitude"}],"summary":{"text":"공감 능력은 제가 가진 상위 일 퍼센트의 능력이라고 한다면 십 초 만에 눈물을 흘릴 수 있습니다. 공감 능력은 다른 사람들이 내 말을 잘 공감했을 때 내 말을 이해했을 때 커뮤니케이션이 원활하다고 생각을 합니다. 공감은 제가 가진 능력으로 다른 사람들과 소통할 수 있다고 생각합니다.","wordCount":43}}},"rawDataInfo":{"question":{"fileFormat":"wav","fileSize":670798,"duration":20960,"samplingBit":16,"channelCount":1,"samplingRate":"16kHz","audioPath":"/Mock/04.RND/Female/New/ckmk_q_rnd_f_n_279614.wav"},"answer":{"fileFormat":"wav","fileSize":3833038,"duration":119780,"samplingBit":16,"channelCount":1,"samplingRate":"16kHz","audioPath":"/Mock/04.RND/Female/New/ckmk_a_rnd_f_n_279614.wav"}}}