{"version":"1.0","dataSet":{"info":{"date":"20230116","occupation":"RND","channel":"MOCK","place":"ONLINE","gender":"FEMALE","ageRange":"45-54","experience":"NEW"},"question":{"raw":{"text":"일을 하다 보면 업무량이 과도하게 많아질 수 있는데 어떻게 대처하실 건지 말씀해 주세요","wordCount":13},"emotion":[],"intent":[]},"answer":{"raw":{"text":"업무량이 과도하게 많아질 수 있는 상황은 어떤 일에서든 있습니다. 이것을 잘 수반하기 위해서는 체력을 관리하는 것이 필수라고 생각합니다. 과도한 업무량으로 몸이 힘들고 지치면 다른 일에도 지장이 있고 일상생활에도 어려움이 생기기 때문에 저는 회사 생활을 잘 하기 위해서 늘 건강을 잘 챙깁니다. 건강한 몸으로 일을 하다 보면 모든 일에 활력이 생기고 잘 할 수 있다는 자신감이 생기기도 합니다. 그래서 저는 업무량이 과도해서 일이 많아진다면 그런 것들을 대비해 건강 관리를 하고 충분히 버텨낼 자신이 있습니다.","wordCount":73},"emotion":[],"intent":[{"text":"","expression":"","category":"attitude"}],"summary":{"text":"업무량이 과도하게 많아질 수 있는 상황을 잘 수반하기 위해서는 체력을 관리하는 것이 필수라고 생각합니다. 그래서 업무량이 과도해서 일이 많아진다면 그런 것들을 대비해 건강 관리를 하고 충분히 견뎌낼 자신이 있습니다.","wordCount":29}}},"rawDataInfo":{"question":{"fileFormat":"wav","fileSize":293198,"duration":9160,"samplingBit":16,"channelCount":1,"samplingRate":"16kHz","audioPath":"/Mock/04.RND/Female/New/ckmk_q_rnd_f_n_245093.wav"},"answer":{"fileFormat":"wav","fileSize":1491918,"duration":46620,"samplingBit":16,"channelCount":1,"samplingRate":"16kHz","audioPath":"/Mock/04.RND/Female/New/ckmk_a_rnd_f_n_245093.wav"}}}