{"version":"1.0","dataSet":{"info":{"date":"20230116","occupation":"RND","channel":"MOCK","place":"ONLINE","gender":"FEMALE","ageRange":"-34","experience":"NEW"},"question":{"raw":{"text":"이제까지 속해 있었던 조직이나 단체에서 본인이 주로 어떤 역할을 하는 사람이었는지 말씀해 주시겠어요","wordCount":13},"emotion":[],"intent":[]},"answer":{"raw":{"text":"저는 주로 팀에 소속되어 있을 때 팀장을 서포트 해주는 역할을 많이 맡았습니다. 서포터로서 느낄 수 있는 개인이 뿌듯함이 있고 현재 수행하는 업무를 여러 번 정리하고 한 번에 파악함으로써 문제점이 발생할 경우에 재빨리 캐치하여서 바로 보고를 올릴 수 있기 때문에 주로 이 역할을 맡고 있었습니다. 팀원을 이끄는 리더가 부재 중이거나 리더만이 겪는 문제점이 있다면 그것을 파악하고 조언을 해주거나 함께 해결하려고 서포트하는 경우를 주로 겪었습니다. 이러한 상황이 발생할 때마다 저는 자료 정리를 다시 하고 팀원들의 의견을 받아 모아서 팀장에게 의견을 전달하고 어떠한 점으로 어떠한 방향으로 이끌며 어떨까 하는 코멘트를 달아서 트러블과 문제 발생을 최소화하였습니다.","wordCount":92},"emotion":[],"intent":[{"text":"","expression":"","category":"attitude"}],"summary":{"text":"저는 팀 소속일 때 팀원을 이끄는 리더가 부재 중이거나 리더만이 겪는 문제점이 있다면 그것을 파악하고 조언을 해주거나 함께 해결하려고 서포트하는 역할을 맡았습니다. 이러한 상황이 발생할 때마다 코멘트를 달아서 트러블과 문제 발생을 최소화하였습니다.","wordCount":32}}},"rawDataInfo":{"question":{"fileFormat":"wav","fileSize":271438,"duration":8480,"samplingBit":16,"channelCount":1,"samplingRate":"16kHz","audioPath":"/Mock/04.RND/Female/New/ckmk_q_rnd_f_n_254576.wav"},"answer":{"fileFormat":"wav","fileSize":1644558,"duration":51390,"samplingBit":16,"channelCount":1,"samplingRate":"16kHz","audioPath":"/Mock/04.RND/Female/New/ckmk_a_rnd_f_n_254576.wav"}}}