{"version":"1.0","dataSet":{"info":{"date":"20230116","occupation":"RND","channel":"MOCK","place":"ONLINE","gender":"FEMALE","ageRange":"-34","experience":"NEW"},"question":{"raw":{"text":"지원자님이 일을 하시다가 만약 상사에게 좀 어려운 지시를 받으면 어떻게 하시겠습니까 그 이유도 함께 말씀을 좀 부탁드릴려고 합니다","wordCount":18},"emotion":[],"intent":[]},"answer":{"raw":{"text":"어 만약 상사에게 어려운 지시를 받는다면 상사 상사가 생각했을 때 제가 그정도는 충분히 해낼 수 있다고 생각하시고 저에게 부탁을 하셨을 거라고 생각하기 때문에 우선은 최대한 열심히 해보고 어려운 점이 있다면 여쭤 볼 것 같습니다. 아무래도 제가 혼자서 끙끙 앓면서 모든 걸 다 처리하려고 하는 것보다는 아무래도 일을 더 정확하고 어 잘 해내는 게 더 중요하다고 생각하기 때문에 어 최대한 열심히 노력한 다음에 여쭤 볼 게 있으면 여쭤 보고 계속 진행할 것 같습니다.","wordCount":72},"emotion":[],"intent":[{"text":"","expression":"","category":"attitude"}],"summary":{"text":"일을 더 정확하고 잘 해내는 게 더 중요하다고 생각하기 때문에 최대한 열심히 노력한 다음에 여쭤 볼 게 있으면 여쭤 보고 계속 진행할 것 같습니다.","wordCount":24}}},"rawDataInfo":{"question":{"fileFormat":"wav","fileSize":385678,"duration":12050,"samplingBit":16,"channelCount":1,"samplingRate":"16kHz","audioPath":"/Mock/04.RND/Female/New/ckmk_q_rnd_f_n_231556.wav"},"answer":{"fileFormat":"wav","fileSize":1184718,"duration":37020,"samplingBit":16,"channelCount":1,"samplingRate":"16kHz","audioPath":"/Mock/04.RND/Female/New/ckmk_a_rnd_f_n_231556.wav"}}}