{"version":"1.0","dataSet":{"info":{"date":"20230116","occupation":"RND","channel":"MOCK","place":"ONLINE","gender":"FEMALE","ageRange":"-34","experience":"NEW"},"question":{"raw":{"text":"개인적으로 공부를 어떻게 하시는지 말씀해 주세요 강의나 책을 활용한 공부처럼 구체적인 방법을 말씀해 주시기 바랍니다","wordCount":15},"emotion":[],"intent":[]},"answer":{"raw":{"text":"저는 개인적으로 일정한 공부 루틴을 모든 공부 분야에 적용하고 있습니다. 어떤 행동이 습관으로 형성되려면 꾸준한 반목이 필수라고 합니다. 따라서 저는 적은 양이라도 오랫동안 내용을 학습하여서 백 퍼센트 제 것으로 만드려고 노력합니다. 매일매일 해야 하는 체크리스트를 만들어서 그것을 달성하려고 노력하는 것입니다. 첫날에는 아주 짧고 간단한 정도에서 시작하다가 점점 그 횟수나 강도를 올리는 것입니다. 눈으로 루틴 지속 정로를 확인할 수 있도록 이렇게 매일 꾸준히 확인하면서 공부량을 점검하는 습관을 형성하면 어느새 제가 목표하는 바에 다가왔다는 것을 실감할 수 있습니다. 결국 끈끼를 가지고 계속 해 해 나가는 습관을 가지는 것이 가장 중요하다고 생각합니다.","wordCount":89},"emotion":[],"intent":[{"text":"","expression":"","category":"attitude"}],"summary":{"text":"저는 적은 양이라도 매일 해야 하는 체크리스트를 만들어서 그것을 달성하려고 노력합니다. 매일 꾸준히 확인하면서 공부량을 점검하는 습관을 형성하면 목표하는 바에 다가왔습니다. 결국 끈끼를 가지고 계속 해 해 나가는 습관을 가지는 것이 가장 중요하다고 생각합니다.","wordCount":34}}},"rawDataInfo":{"question":{"fileFormat":"wav","fileSize":608398,"duration":19010,"samplingBit":16,"channelCount":1,"samplingRate":"16kHz","audioPath":"/Mock/04.RND/Female/New/ckmk_q_rnd_f_n_261104.wav"},"answer":{"fileFormat":"wav","fileSize":1908878,"duration":59650,"samplingBit":16,"channelCount":1,"samplingRate":"16kHz","audioPath":"/Mock/04.RND/Female/New/ckmk_a_rnd_f_n_261104.wav"}}}