{"version":"1.0","dataSet":{"info":{"date":"20230116","occupation":"RND","channel":"MOCK","place":"ONLINE","gender":"FEMALE","ageRange":"-34","experience":"NEW"},"question":{"raw":{"text":"지원자님께서는 본인이 교번 근무에 잘 적응할 수 있다고 생각을 하십니까 만약 잘 적응할 수 있다면 왜 그렇게 생각하시는지 근거를 들어서 함께 설명해 주시기 바랍니다","wordCount":24},"emotion":[],"intent":[]},"answer":{"raw":{"text":"네 저는 제가 교번 근무에도 잘 적응할 수 있는 사람이라고 생각합니다. 왜냐하면 어 한 이 년 전부터 운동을 시작해서 어 체력을 갈고 닦아 왔기 때문에 어 생활의 리듬이 조금 흐트러지더라도 그것을 잘 버텨낼 수 있는 그런 체력이 된다고 생각을 하고 음 교번 근무 라고 해서 시간표 그 시간이 정해지지 않은 것은 아니기 때문에 제가 정해진 시간표를 받게 되면 그 시간표를 기반으로 해서 제 생활 리듬을 잘 조정해 나갈 수 있도록 어 스스로 노력을 할 수 있기 때문에 이 교번 근무에도 잘 적응할 수 있다고 생각합니다. 일을 하면서 교번 근무를 하게 된다면 남는 시간 그리고 퇴근 이후의 시간에도 열심히 운동을 지속적으로 해서 어 제 몸이 망가지지 않도록 잘 관리를 할 것이고 주어진 상황 상황마다 유연하게 대처를 해서 어 일을 해 나갈 수 있도록 하겠습니다.","wordCount":123},"emotion":[],"intent":[{"text":"","expression":"","category":"attitude"}],"summary":{"text":"교번 근무에 잘 적응할 수 있는 이유는 운동으로 인해 생활 리듬이 흐트러지더라도 그것을 잘 버텨낼 수 있는 체력을 가지고 있기 때문입니다. 교번 근무를 하게 된다면 퇴근 이후의 시간에도 열심히 운동을 해서 제 몸이 망가지지 않도록 관리를 할 것입니다.","wordCount":38}}},"rawDataInfo":{"question":{"fileFormat":"wav","fileSize":544398,"duration":17010,"samplingBit":16,"channelCount":1,"samplingRate":"16kHz","audioPath":"/Mock/04.RND/Female/New/ckmk_q_rnd_f_n_270424.wav"},"answer":{"fileFormat":"wav","fileSize":2566478,"duration":80200,"samplingBit":16,"channelCount":1,"samplingRate":"16kHz","audioPath":"/Mock/04.RND/Female/New/ckmk_a_rnd_f_n_270424.wav"}}}