{"version":"1.0","dataSet":{"info":{"date":"20230116","occupation":"RND","channel":"MOCK","place":"ONLINE","gender":"FEMALE","ageRange":"-34","experience":"NEW"},"question":{"raw":{"text":"지원자님께서 본인이 현재 가지고 있는 위치보다 어려운 목표를 달성했던 적이 있었다면 그 경험에 대해 자세히 말씀 부탁드립니다","wordCount":17},"emotion":[],"intent":[]},"answer":{"raw":{"text":"어 일단은 혼자 뭔가 해결했던 그 일이 있냐는 질문이랑 좀 비슷하게 이어질 수 있을 것 같은데 아무래도 제가 좀 혼자서 모든 문제들을 해결하려고 하고 좀 도움을 구하지 않으려고 하는 그런 부분들이 있는데 그래서 사실 팀원들은 저를 좀 불편해하기도 하고 어려워하기도 해요. 근데 제가 그런 성향을 가지고 있어서 뭔가 본의 아니게 저의 자의적인 건 아니었지만 일을 처리하다 보니까 어 제가 생각하는 것보다 더 결과적으로는 굉장히 좋은 해결을 한 적이 있어서 되게 회사 자체에 이익이 좀 됐던 경우가 있었어요. 그래서 그거를 제가 노리고 한 건 아니었는데 어떻게 하다 보니깐 그런 이익까지 좀 도달했던 경험이 있어서 근데 제가 이거를 믿고 있어서 또 자꾸 같이 하려고 하는 그런 자세를 자꾸 가지지 않는 건 아닐까 라는 생각이 들 때가 있긴 합니다.","wordCount":116},"emotion":[],"intent":[{"text":"","expression":"","category":"attitude"}],"summary":{"text":"제가 혼자서 모든 문제들을 해결하고 도움을 구하지 않으려고 하는 성향이 있어서 팀원들이 불편해하기도 하고 어려워하기도 합니다. 하지만 결과적으로는 좋은 해결을 한 적이 있어서 회사 자체에 이익이 되었던 경험이 있어서 계속 같이 하려고 하지 않는 것은 아닌가 하는 생각이 들 때가 있습니다.","wordCount":41}}},"rawDataInfo":{"question":{"fileFormat":"wav","fileSize":505358,"duration":15790,"samplingBit":16,"channelCount":1,"samplingRate":"16kHz","audioPath":"/Mock/04.RND/Female/New/ckmk_q_rnd_f_n_126290.wav"},"answer":{"fileFormat":"wav","fileSize":2612238,"duration":81630,"samplingBit":16,"channelCount":1,"samplingRate":"16kHz","audioPath":"/Mock/04.RND/Female/New/ckmk_a_rnd_f_n_126290.wav"}}}