{"version":"1.0","dataSet":{"info":{"date":"20230116","occupation":"RND","channel":"MOCK","place":"ONLINE","gender":"FEMALE","ageRange":"-34","experience":"NEW"},"question":{"raw":{"text":"좀 생각하기 쉽지 않지만 만약 이 면접에서 최종 탈락하신다면 내가 어떤 점이 부족해서 탈락하셨다고 생각하실 것인지 한번 미리 생각해 보시겠습니까","wordCount":20},"emotion":[],"intent":[]},"answer":{"raw":{"text":"만약 제가 이 면접에서 최종 탈락하게 된다면 제가 어떻게 답변을 했었는지 그리고 제가 지금까지 준비해 온 과정 중에 이 면접에서 이 회사가 원하는 바에 어떤 게 충족이 된 되지 못했는지 다시 한 번 생각을 해 볼 것 같습니다. 물론 제가 완벽한 사람은 아닙니다. 그래서 완벽하지 못하기 때문에 이 면접에서 떨어질 졌을 것이라고 생각을 하고 이 면접에 충족하고 이 회사에 맞는 사람이 되기 위해 다음 면접을 위해 더 제 자신을 성장시키고 공부한다던지 이 회사에 맞는 이 회사가 원하는 인재상이 되기 위해 열심히 자격증을 딸 것입니다.","wordCount":84},"emotion":[],"intent":[{"text":"","expression":"","category":"attitude"}],"summary":{"text":"이 면접에서 최종 탈락하게 된다면 제가 어떻게 답변했고 회사가 원하는 바에 충족이 되지 못했는지 생각 해 볼 것 같습니다. 다음 면접을 위해 더 자신을 성장시키고 공부하고 회사와 맞는 인재상이 되기 위해 노력할 것입니다.","wordCount":33}}},"rawDataInfo":{"question":{"fileFormat":"wav","fileSize":422158,"duration":13190,"samplingBit":16,"channelCount":1,"samplingRate":"16kHz","audioPath":"/Mock/04.RND/Female/New/ckmk_q_rnd_f_n_122892.wav"},"answer":{"fileFormat":"wav","fileSize":1979598,"duration":61860,"samplingBit":16,"channelCount":1,"samplingRate":"16kHz","audioPath":"/Mock/04.RND/Female/New/ckmk_a_rnd_f_n_122892.wav"}}}