{"version":"1.0","dataSet":{"info":{"date":"20230116","occupation":"RND","channel":"MOCK","place":"ONLINE","gender":"FEMALE","ageRange":"-34","experience":"NEW"},"question":{"raw":{"text":"지원자분께서는 회사가 가지고 있는 덕목이 무엇이라고 생각하시는지 궁금합니다 그래서 지원자분께서는 어떤 회사가 가장 좋은 회사라고 생각하시는지 답변 부탁드리겠습니다","wordCount":18},"emotion":[],"intent":[]},"answer":{"raw":{"text":"저는 회사의 덕목으로는 리더가 사람들과 소통이 잘 되는 것이 회사의 덕목이라고 생각합니다. 요즘 엠지 세대들의 등장으로 급변하는 경영 환경에 처해져 있습니다. 사람이 일을 하고 일의 방향을 잡는 것이 전략이기 때문에 이 두 가지 모두에서 리더의 역할이 중요합니다. 제가 생각하기에는 실시간으로 피드백 되고 서로 소통이 되는 과정이 원활하게 이루어질 수 있는 회사가 좋은 회사라고 생각합니다. 조직 구성원 모두 네트워크를 통해 의사소통을 할 수 있는 인식을 심어주고 협업을 활성해 활성화해야 한다 라고 생각합니다. 기능 간 협력을 활성 하여 여러 역량을 묶어낼 수 있기 때문에 협업에 방점을 두고 생각해 봐야 한다 라고 생각합니다. 소통이 잘 돼야지 협업도 잘 되는 것이라고 생각합니다. 그러므로 협업을 잘 할 수 있도록 소통을 소통의 도구나 소통의 장을 잘 만들어주고 이것이 구성원의 자율성으로 연결될 수 있도록 도와줘야 한다 라고 생각합니다. 리더가 구성원들과 잘 소통이 되고 피드백이 된다면 자연스럽게 구성원의 자율성도 높아질 것이라고 예상합니다.","wordCount":134},"emotion":[],"intent":[{"text":"그러므로 협업을 잘 할 수 있도록 소통을 소통의 도구나 소통의 장을 잘 만들어주고 이것이 구성원의 자율성으로 연결될 수 있도록 도와줘야 한다 라고 생각합니다.","expression":"c_cop","category":"personality"}],"summary":{"text":"저는 회사의 덕목으로 리더가 사람들과 소통이 잘 되는 것을 꼽습니다. 실시간 피드백 되고 서로 소통이 되는 과정이 원활하게 이루어질 수 있는 회사가 좋은 회사라고 생각합니다. 조직 구성원 모두 네트워크를 통해 의사소통을 할 수 있는 인식을 심어주고 협업을 활성해 활성화해야 합니다. 소통을 통해 구성원의 자율성을 높여야 합니다.","wordCount":46}}},"rawDataInfo":{"question":{"fileFormat":"wav","fileSize":634318,"duration":19820,"samplingBit":16,"channelCount":1,"samplingRate":"16kHz","audioPath":"/Mock/04.RND/Female/New/ckmk_q_rnd_f_n_276017.wav"},"answer":{"fileFormat":"wav","fileSize":2758478,"duration":86200,"samplingBit":16,"channelCount":1,"samplingRate":"16kHz","audioPath":"/Mock/04.RND/Female/New/ckmk_a_rnd_f_n_276017.wav"}}}