{"version":"1.0","dataSet":{"info":{"date":"20230116","occupation":"RND","channel":"MOCK","place":"ONLINE","gender":"FEMALE","ageRange":"-34","experience":"NEW"},"question":{"raw":{"text":"주변 친구들 중 한 명을 골라서 칭찬해 주시는데 구체적이고 자세한 칭찬을 해 주시면 더욱 좋을 것 같습니다","wordCount":17},"emotion":[],"intent":[]},"answer":{"raw":{"text":"제 친구는 좋지 않은 일도 금방 훌훌 털어내고 도전하며 새로운 맘을 시작합니다. 또한 재치가 넘치고 상황 파악을 빠르게 하여 분위기를 전환하는 데 몹시 재능 있는 친구입니다. 이 친구와 함께 있는 시간이 많아져 점점 친구의 건강한 마인드와 재치 위트가 저의 부족한 점을 채워주는 좋은 영향을 줍니다. 주변인들에게 좋은 영향 흔히 행복 바이러스를 내뿜는 그런 친구입니다. 누구나 이 친구와 함께 있으면 얼굴에 웃음 꽃이 피어나고 걱정 힘듦 등 부정적인 사고들이 해소되어 절로 웃음이 납니다. 이런 좋은 친구를 만날 수 있는 저는 참 행복한 사람인 것 같습니다. 저도 이런 친구에게 좋은 영향을 줄 수 있도록 더 좋은 사람이 되도록 항상 노력하는 것 같습니다. 아마 이 친구의 가장 멋있고 본받고 싶은 부분이 바로 주변에 있는 나 자신도 좋은 사람이 되려고 무의식 중에 노력하게 만드는 것이라고 생각이 듭니다. 정말 훌륭한 친구입니다.","wordCount":126},"emotion":[{"text":"이런 좋은 친구를 만날 수 있는 저는 참 행복한 사람인 것 같습니다.","expression":"p-happiness","category":"positive"}],"intent":[{"text":"","expression":"","category":"attitude"}],"summary":{"text":"제 친구는 재치가 넘치고 상황 파악을 빠르게 하여 분위기를 전환하는 데 재능 있는 친구입니다. 이 친구와 함께 있는 시간이 많아져 친구의 건강한 마인드와 재치 위트가 저의 부족한 점을 채워주는 좋은 영향을 줍니다. 주변에 있는 나 자신도 좋은 사람이 되려고 무의식 중에 노력하게 만드는 훌륭한 친구입니다","wordCount":45}}},"rawDataInfo":{"question":{"fileFormat":"wav","fileSize":298958,"duration":9340,"samplingBit":16,"channelCount":1,"samplingRate":"16kHz","audioPath":"/Mock/04.RND/Female/New/ckmk_q_rnd_f_n_283663.wav"},"answer":{"fileFormat":"wav","fileSize":2468558,"duration":77140,"samplingBit":16,"channelCount":1,"samplingRate":"16kHz","audioPath":"/Mock/04.RND/Female/New/ckmk_a_rnd_f_n_283663.wav"}}}