{"version":"1.0","dataSet":{"info":{"date":"20230116","occupation":"RND","channel":"MOCK","place":"ONLINE","gender":"FEMALE","ageRange":"45-54","experience":"NEW"},"question":{"raw":{"text":"만약 이 회사에 입사하게 된다면 어 하고 싶은 연구가 어떤 것이 있을까요","wordCount":12},"emotion":[],"intent":[]},"answer":{"raw":{"text":"입사 후 연구를 맡게 된다고 하면 어 표정 사람들의 표정 그리고 감정 이런 것들을 연구도 재미있을 것 같애요. 그 예전에 그런 실험들이 있잖 있었잖아요. 어떤 거에 대한 그 실험을 해서 했을 때 그 사람들이 놀래는 뭐 몰카 이런 느낌이라고 할까나 어 그런 것들을 찍어서 봤을 때 참 흥미롭게 봤던 기억이 있어서 사람들의 반응들이 좀 궁금해요. 어 그런 반응들도 궁금해서 그런 반응들을 보는 부분에 있어서 어떤 게 더 재미있게 나타나는지 아니면 그 남녀노소 또 다르게 반응을 할 거잖아요. 그렇기 때문에 좀 더 재미있는 꺼리가 되고 그거에 데이터가 베이스가 되지 않을까 싶은 생각이 들어서 어 재밌었다는 생각이 드는 것 같습니다. 그리고 또 실험 연구를 한다고 하면 어 그 다양한 그 경로들이 다룬 다양한 경험들 경험치 못한 부분들을 좀 경험해 주게 하는 것들 그래서 새로운 부분에 도전할 수 있는 그런 것들을 할 수 있는 부분은 또 그런 것도 있으면 좀 해 보면 좋을 것 같다는 생각이 듭니다.","wordCount":144},"emotion":[],"intent":[{"text":"","expression":"","category":"attitude"}],"summary":{"text":"입사 후 연구를 맡게 된다면 표정 사람들의 표정, 감정 등을 연구도 재미있을 것 같습니다. 예전에 했던 실험을 통해서 사람들의 반응들을 보면 어떤 게 더 재미있게 나타나는지 또 남녀노소 또 다르게 반응을 하기 때문에 더 재미있는 데이터가 되지 않을까 싶은 생각이 들었습니다.","wordCount":41}}},"rawDataInfo":{"question":{"fileFormat":"wav","fileSize":397518,"duration":12420,"samplingBit":16,"channelCount":1,"samplingRate":"16kHz","audioPath":"/Mock/04.RND/Female/New/ckmk_q_rnd_f_n_281748.wav"},"answer":{"fileFormat":"wav","fileSize":3830478,"duration":119700,"samplingBit":16,"channelCount":1,"samplingRate":"16kHz","audioPath":"/Mock/04.RND/Female/New/ckmk_a_rnd_f_n_281748.wav"}}}