{"version":"1.0","dataSet":{"info":{"date":"20230116","occupation":"RND","channel":"MOCK","place":"ONLINE","gender":"FEMALE","ageRange":"-34","experience":"NEW"},"question":{"raw":{"text":"기차가 운행 시 산사태로 삼십 분 동안 정차됐습니다 이때 면접자님께서 관리 책임에 위치해 있다면 어떻게 조치하실지 말씀해 주세요","wordCount":18},"emotion":[],"intent":[]},"answer":{"raw":{"text":"기차 운행 시 삼십 분 동안 정차가 되었다면 아주 큰 혼란에 빠질 것입니다. 많은 사람들이 우왕좌왕 할 것이고 승무원들 또한 깜짝 놀랠 것입니다. 관리 책임의 위치에 있다면 일단 먼저 안내 방송을 할 것입니다. 사람들을 안정시키는 것이 가장 중요하다고 생각을 하는데요. 사람이 혼란에 빠지게 되면 어떤 행동을 할지 모른다고 합니다. 이랬을 때 침착하게 행동을 하는 것이 우선이라고 생각합니다. 우선 신고를 했고 곧 소방차가 올 예정이며 우리는 구조가 될 것이라고 희망적인 메시지를 주는 것이 중요합니다. 그런 다음 상황 판단을 하고 조치를 취할 것 같은데요. 신고를 함과 동시에 왜 이런 사태가 발생했는지 사람들을 어떻게 구조해야 하는지 몇 명의 사람들을 구조해야 하는지 부상자는 없는지 부상자가 있다면 즉시 바로 치료를 해야 한다 라고 생각을 합니다. 그리고 객실 내에 의사가 있는지 의료계 종사자가 있는지 그것부터 확인할 것 같습니다. 약을 먹어야 하는 사람들도 있고 아픈 사람들도 있을 수 있기 때문에 그런 것들이 우선이 되어야 한다고 생각을 합니다. 그렇기 때문에 제가 관리자의 책임 위치에 있다면 이렇게 조치할 것 같습니다. 감사합니다.","wordCount":152},"emotion":[],"intent":[{"text":"관리 책임의 위치에 있다면 일단 먼저 안내 방송을 할 것입니다.","expression":"c_adp","category":"personality"},{"text":"이랬을 때 침착하게 행동을 하는 것이 우선이라고 생각합니다.","expression":"c_adp","category":"personality"},{"text":"우선 신고를 했고 곧 소방차가 올 예정이며 우리는 구조가 될 것이라고 희망적인 메시지를 주는 것이 중요합니다.","expression":"c_adp","category":"personality"},{"text":"그런 다음 상황 판단을 하고 조치를 취할 것 같은데요.","expression":"c_adp","category":"personality"},{"text":"신고를 함과 동시에 왜 이런 사태가 발생했는지 사람들을 어떻게 구조해야 하는지 몇 명의 사람들을 구조해야 하는지 부상자는 없는지 부상자가 있다면 즉시 바로 치료를 해야 한다 라고 생각을 합니다.","expression":"c_adp","category":"personality"},{"text":"그리고 객실 내에 의사가 있는지 의료계 종사자가 있는지 그것부터 확인할 것 같습니다.","expression":"c_adp","category":"personality"}],"summary":{"text":"기차 운행이 30분 동안 정차했다면 사람들은 혼란에 빠질 것입니다. 관리 책임의 위치에 있다면 먼저 안내 방송을 할 것입니다. 우선 신고를 했고 곧 소방차가 올 예정이며 우리는 구조가 될 것이라고 희망적인 메시지를 주는 것이 중요합니다. 그런 다음 상황 판단을 하고 조치를 취할 것 같습니다.","wordCount":43}}},"rawDataInfo":{"question":{"fileFormat":"wav","fileSize":396878,"duration":12400,"samplingBit":16,"channelCount":1,"samplingRate":"16kHz","audioPath":"/Mock/04.RND/Female/New/ckmk_q_rnd_f_n_272863.wav"},"answer":{"fileFormat":"wav","fileSize":3781198,"duration":118160,"samplingBit":16,"channelCount":1,"samplingRate":"16kHz","audioPath":"/Mock/04.RND/Female/New/ckmk_a_rnd_f_n_272863.wav"}}}