{"version":"1.0","dataSet":{"info":{"date":"20230116","occupation":"RND","channel":"MOCK","place":"ONLINE","gender":"FEMALE","ageRange":"45-54","experience":"NEW"},"question":{"raw":{"text":"여러 검색 엔진들 중 대표적인 네이버 다음 구글의 검색을 비교해 주시고 이 검색 엔진들의 차이점과 각각의 장점과 단점도 함께 설명해 주시겠습니까","wordCount":21},"emotion":[],"intent":[]},"answer":{"raw":{"text":"네이버와 다음 구글의 검색을 좀 비교해 본다면 네이버 다음은 결과가 비슷하게 도출이 되고 구글은 좀 다른 것 같습니다. 그래서 네이버와 구글을 우선시해서 비교해 보면 네이버 같은 경우는 키워드와 작성 일자 우선 순위로 이제 검색이 상위 노출되더라구요. 그리고 상업적인 콘텐츠들이 가장 위에 안내되는 것을 볼 수 있었고요. 여기에서 네이버의 장점 같은 경우는 콘텐츠들을 검색할 때 최근 날짜에 맞춰서 최신 것들이 먼저 검색되기 때문에 새로운 것을 알 수 있는 방법이 좋았고 그리고 단점 같은 경우에 어떤 지식적인 부분 그 까 단어를 검색할 경우에는 정확한 정보가 뜨지 않고 그런 콘텐츠들 위주로 뜨기 때문에 재검색해야 되는 단점이 있었습니다. 그리고 구글 같은 경우엔 음 메인 페이지에 검색창만 이렇게 나와있는데 그것은 검색이 얼마나 어 자신 있는지 한번 보여주는 것 같아요. 그리고 여기에서 보면 장점 같은 경우에는 구글은 검색을 하게 되면 정확한 정보를 빨르게 찾아볼 수 있고 단점은 기간 설정을 하지 않으면 옛날 자료들이 많이 나오는 것 같아서 최신 자료 필요하면 기간 설정을 다시 해야 된다는 단점이 있습니다.","wordCount":151},"emotion":[],"intent":[{"text":"여기에서 네이버의 장점 같은 경우는   콘텐츠들을 검색할 때 최근 날짜에 맞춰서 최신 것들이 먼저 검색되기 때문에 새로운 것을 알 수 있는 방법이 좋았고   그리고 단점 같은 경우에 어떤 지식적인 부분 그 까 단어를 검색할 경우에는   정확한 정보가 뜨지 않고 그런 콘텐츠들 위주로 뜨기 때문에 재검색해야 되는 단점이 있었습니다.","expression":"r_info_col","category":"attitude"},{"text":"그리고 여기에서 보면 장점 같은 경우에는   구글은 검색을 하게 되면 정확한 정보를 빨르게 찾아볼 수 있고 단점은 기간 설정을 하지 않으면 옛날 자료들이 많이 나오는 것 같아서 최신 자료 필요하면 기간 설정을 다시 해야 된다는 단점이 있습니다.","expression":"r_info_col","category":"attitude"}],"summary":{"text":"네이버와 구글의 검색 결과를 비교해 보면 네이버는 키워드와 작성 일자 우선 순위로 검색이 상위 노출되고 상업적인 콘텐츠들이 가장 위에 안내됩니다. 네이버는 최신 것들이 먼저 검색되기 때문에 새로운 것을 알 수 있는 방법이 좋습니다. 구글은 정확한 정보를 빨르게 찾을 수 있고, 최신 자료가 필요하면 기간 설정을 다시 해야 한다는 단점이 있습니다.","wordCount":50}}},"rawDataInfo":{"question":{"fileFormat":"wav","fileSize":577998,"duration":18060,"samplingBit":16,"channelCount":1,"samplingRate":"16kHz","audioPath":"/Mock/04.RND/Female/New/ckmk_q_rnd_f_n_185713.wav"},"answer":{"fileFormat":"wav","fileSize":2716238,"duration":84880,"samplingBit":16,"channelCount":1,"samplingRate":"16kHz","audioPath":"/Mock/04.RND/Female/New/ckmk_a_rnd_f_n_185713.wav"}}}