{"version":"1.0","dataSet":{"info":{"date":"20230116","occupation":"RND","channel":"MOCK","place":"ONLINE","gender":"FEMALE","ageRange":"-34","experience":"NEW"},"question":{"raw":{"text":"앞으로 더 좀 관심 있게 연구하거나 개발을 하고 싶은 분야가 있다면 그 분야에 대해서 조금 자세하게 설명을 해 주시겠습니까","wordCount":19},"emotion":[],"intent":[]},"answer":{"raw":{"text":"앞으로 더 연구 개발하고 싶은 분야는 반도체 칩 분야입니다. 어 아무래도 요즘 반도체 산업 자체가 굉장히 호황이기 때문에 반도체 분야에 관하여 더 개발 연구를 하고 싶고 또 제 친구 같은 친구들 같은 경우에도 어 테크놀리지 같은 회사에 취업하여 연구 개발 팀에서 성실히 일하는 것을 보면서 많이 부럽기도 했고 그런 저에 모습을 꿈꿔 왔기 때문에 저는 반도체 칩 분야 연구 분야에 종사를 해 보고 싶습니다.","wordCount":64},"emotion":[],"intent":[{"text":"","expression":"","category":"attitude"}],"summary":{"text":"반도체 분야는 호황이기 때문에 앞으로 더 연구 개발하고 싶은 분야는 반도체 칩 분야입니다. 테크놀리지 같은 회사에서 성실히 일하는 모습을 보고 싶어 종사를 해 보고 싶습니다.","wordCount":25}}},"rawDataInfo":{"question":{"fileFormat":"wav","fileSize":387278,"duration":12100,"samplingBit":16,"channelCount":1,"samplingRate":"16kHz","audioPath":"/Mock/04.RND/Female/New/ckmk_q_rnd_f_n_178185.wav"},"answer":{"fileFormat":"wav","fileSize":1164238,"duration":36380,"samplingBit":16,"channelCount":1,"samplingRate":"16kHz","audioPath":"/Mock/04.RND/Female/New/ckmk_a_rnd_f_n_178185.wav"}}}