{"version":"1.0","dataSet":{"info":{"date":"20230116","occupation":"RND","channel":"MOCK","place":"ONLINE","gender":"FEMALE","ageRange":"-34","experience":"NEW"},"question":{"raw":{"text":"배달의 민족을 사용하시면서 서비스에서 아쉬웠던 부분이 있으셨나요 있다면 어떤 경험이었는지 구체적으로 말씀해 주실 수 있을까요","wordCount":15},"emotion":[],"intent":[]},"answer":{"raw":{"text":"저 또한 배달의 민족을 쓰면서 아쉬웠던 점이 있습니다. 판매자의 입장에서는 흔히들 별점 테러라고 하죠. 별점 테러가 되면 스트레스도 많이 받고 상처를 많이 받는다고 합니다. 별을 없애는 것이 좋지 않을까 라고 생각을 또 하게 되는데요. 소비자의 입장은 또 다르겠죠. 소비자의 입장에서는 리뷰를 볼 때 어려운 점이 있습니다. 사진을 보는 것은 좋은데 검색을 해서 어떤 음식이 많이 나갔는지 어떤 음식이 맛있고 어떤 음식이 적게 나갔는지 이런 것들을 확인하면 좋을 것 같습니다. 항상 어떤 음식을 먹을지 몰라 고민할 때 사람들이 많이 먹는 것을 골라보자 라고 생각하며 리뷰를 내리곤 하는데요. 이랬을 때 검색 기능이 있으면 좋지 않을까 라고 생각이 듭니다. 하지만 판매자 입장에서 같은 음식만 계속 팔게 된다면 이것 또한 문제가 있을 수 있겠지만 많이 나가는 것을 주력 상품으로 판다면 이것 또한 판매자 입장에서 좋지 않을까 하는 생각이 듭니다. 그래서 저는 배달의 민족을 이용할 때 이런 부분들이 아쉬웠던 것 같습니다. 감사합니다.","wordCount":137},"emotion":[{"text":"저 또한 배달의 민족을 쓰면서 아쉬웠던 점이 있습니다.","expression":"n-distress","category":"negative"}],"intent":[{"text":"","expression":"","category":"attitude"}],"summary":{"text":"배달의 민족을 쓰면서 느낀 점은 판매자의 입장에서 별점 테러가 되면 스트레스도 많이 받고 상처를 많이 받는다고 합니다. 소비자의 입장에서는 리뷰를 볼 때 어려운 점이 있습니다. 사진을 보는 것은 좋은데 검색을 해서 어떤 음식이 많이 나갔는지 같은 음식만 계속 팔게 된다면 문제가 있겠지만 주력 상품으로 판다면 좋겠습니다.","wordCount":46}}},"rawDataInfo":{"question":{"fileFormat":"wav","fileSize":605518,"duration":18920,"samplingBit":16,"channelCount":1,"samplingRate":"16kHz","audioPath":"/Mock/04.RND/Female/New/ckmk_q_rnd_f_n_279615.wav"},"answer":{"fileFormat":"wav","fileSize":3785678,"duration":118300,"samplingBit":16,"channelCount":1,"samplingRate":"16kHz","audioPath":"/Mock/04.RND/Female/New/ckmk_a_rnd_f_n_279615.wav"}}}