{"version":"1.0","dataSet":{"info":{"date":"20230116","occupation":"RND","channel":"MOCK","place":"ONLINE","gender":"FEMALE","ageRange":"-34","experience":"NEW"},"question":{"raw":{"text":"최근에 본 뉴스들 중 가운데 가장 인상 깊었던 뉴스는 무엇입니까 무엇인지와 이유도 함께 말씀해 주시기 바랍니다","wordCount":16},"emotion":[],"intent":[]},"answer":{"raw":{"text":"최근에 본 뉴스들 가 가운데 가장 인상 깊었던 것은 이태원 사건입니다. 이번에 할로윈 데이를 맞이하여 이태원의 많은 사람들이 몰렸다가 대참사가 벌어지고야 말았습니다. 많은 마음 아픈 일들이 벌어졌습니다. 처음에는 자극적인 기사들도 많았고 서로의 잘잘못을 가리는 기사들도 많았지만 하지만 그 안에서도 누군가는 영웅으로 일을 했다 라는 것을 알게 되었습니다. 그래서 마음이 아프지만 또는 대단하다 라고 생각되는 일들도 많았습니다. 희노애락이 거기에 모든 것이 다 그 사건 안에 들어있다 라는 생각이 들었습니다. 하지만 많은 유가족들이 생겨났고 젊은 사람들이 많은 목숨을 잃고야 말았습니다. 앞으로도 이런 일이 벌어지지 않도록 우리가 무엇을 준비해야 하고 어떠한 점이 개선돼야 하는지 많이 고민하고 이것을 변화할 수 있는 기회가 되었으면 좋겠다 라고 생각합니다. 많은 사람들의 참사가 너무 이거에 따른 삼가 조의를 표하고 그리고 이거에 따른 기사들이 많이 나오면서 이것이 가장 인상 깊었다 라고 말씀드리고 싶습니다.","wordCount":124},"emotion":[{"text":"많은 마음 아픈 일들이 벌어졌습니다.","expression":"n-sadness","category":"positive"}],"intent":[{"text":"","expression":"","category":"attitude"}],"summary":{"text":"할로윈 데이를 맞이하여 이태원의 많은 사람들이 몰렸다가 대참사가 벌어지고 말았습니다. 처음에는 자극적 기사들도 있었지만 그 안에서도 누군가는 영웅으로 일을 했다는 것을 알게 되었습니다. 많은 유가족이 생겨났고 젊은 사람들이 많은 목숨을 잃고 말았기에 앞으로도 이런 일이 벌어지지 않도록 변화할 수 있는 기회가 됐으면 좋겠습니다.","wordCount":43}}},"rawDataInfo":{"question":{"fileFormat":"wav","fileSize":345678,"duration":10800,"samplingBit":16,"channelCount":1,"samplingRate":"16kHz","audioPath":"/Mock/04.RND/Female/New/ckmk_q_rnd_f_n_275964.wav"},"answer":{"fileFormat":"wav","fileSize":2599438,"duration":81230,"samplingBit":16,"channelCount":1,"samplingRate":"16kHz","audioPath":"/Mock/04.RND/Female/New/ckmk_a_rnd_f_n_275964.wav"}}}