{"version":"1.0","dataSet":{"info":{"date":"20230116","occupation":"RND","channel":"MOCK","place":"ONLINE","gender":"FEMALE","ageRange":"-34","experience":"NEW"},"question":{"raw":{"text":"직무 수행 중에 난관에 봉착했다면 어떻게 해결하시겠어요 지원장님의 해결법과 이유를 말씀해 주시기 바랍니다","wordCount":13},"emotion":[],"intent":[]},"answer":{"raw":{"text":"직무 수행 중에 난관에 봉착했다면 어떻게 해결할 것인지 물어보셨는데요. 만약 자신의 가치와 조직의 가치가 다르다면 저는 이렇게 행동할 것 같습니다. 사회적인 관점에서 윤리적으로 어긋나는 것이 아니라면 제가 소속된 조직의 가치에 따라 역할을 다 해야 한다고 생각합니다. 개인적이고 주관적인 가치관도 물론 저에게는 중요하지만 이것은 회사 생활에서 조직의 가치보다 우선이 될 수 없고 그래서도 안 된다고 생각합니다. 과거 동아리 활동을 하면서 동아리 장으로서 가장 친한 친구이지만 동아리 규칙을 자꾸 넘어서는 동기를 내보내야 했던 적이 있었습니다. 친한 친구인 만큼 사전에 여러 번 따로 이야기를 했음에도 나아지지 않았고 다른 구성원들의 불만이 더 커지기 전에 상황을 정리해야 했습니다. 다행히 본인도 예상하고 있었기 때문에 잘 정리가 되었지만 다시는 하고 싶지 않은 경험이었습니다. 이처럼 개인적인 것과 조직의 가치관이 부딪친다면 저는 조직의 가치에 따라 더 옳은 방향으로 행동해야 한다고 생각합니다. 그래서 저는 이렇게 해결하고 싶습니다.","wordCount":127},"emotion":[{"text":"이처럼 개인적인 것과 조직의 가치관이 부딪친다면 저는 조직의 가치에 따라 더 옳은 방향으로 행동해야 한다고 생각합니다.","expression":"u-belief","category":"neutral"}],"intent":[{"text":"사회적인 관점에서 윤리적으로 어긋나는 것이 아니라면 제가 소속된 조직의 가치에 따라 역할을 다 해야 한다고 생각합니다.","expression":"c_value","category":"background"},{"text":"이처럼 개인적인 것과 조직의 가치관이 부딪친다면 저는 조직의 가치에 따라 더 옳은 방향으로 행동해야 한다고 생각합니다.","expression":"c_value","category":"background"}],"summary":{"text":"직무 수행 중 개인적인 것과 조직의 가치관이 부딪친다면 저는 조직의 가치에 따라 더 옳은 방향으로 행동해야 한다고 생각합니다. 그래서 저는 이렇게 해결하고 싶습니다.","wordCount":23}}},"rawDataInfo":{"question":{"fileFormat":"wav","fileSize":360398,"duration":11260,"samplingBit":16,"channelCount":1,"samplingRate":"16kHz","audioPath":"/Mock/04.RND/Female/New/ckmk_q_rnd_f_n_279616.wav"},"answer":{"fileFormat":"wav","fileSize":3689038,"duration":115280,"samplingBit":16,"channelCount":1,"samplingRate":"16kHz","audioPath":"/Mock/04.RND/Female/New/ckmk_a_rnd_f_n_279616.wav"}}}