{"version":"1.0","dataSet":{"info":{"date":"20230116","occupation":"RND","channel":"MOCK","place":"ONLINE","gender":"FEMALE","ageRange":"45-54","experience":"NEW"},"question":{"raw":{"text":"업무시 상사와의 트러블이 발생한 상황이라면 어떻게 대처할 것이며 그러한 상황에서 상사에게 부정적인 언행을 듣게 되었을 때 본인의 감정에 대해 말씀 부탁드립니다","wordCount":21},"emotion":[],"intent":[]},"answer":{"raw":{"text":"일단 일을 하다 보면 상사 뿐만이 아니라 팀원들 간에서도 트러블이 생길 수 있는 일은 많이 있다고 생각합니다. 또한 상사가 혼내시게 된다면 어 당연히 기분은 좋지 않을 것 같습니다. 하지만 일단은 그 상황이 어떤 상황인지를 파악해야 할 것 같습니다. 어 상사와 저와의 어 일어나는 일 중에서 그 트러블이 정말 업무에 관한 것인지 아니면 감정적인 것인지를 먼저 파악해야 할 것 같구요. 만약에 업무에 관한 것이라면 그 업무의 진행 과정과 그다음에 제가 담당자라면 그 담당자로서의 주장할 수 있는 것을 주장하고 어 상사의 입장에서 저에게 어 트러블이 생긴 이유에 대해서도 제가 자세하게 들어야 할 것 같구요. 그것이 제가 수용할 수 있는 부분인지 아니면 상사와 제가 같이 어 해결 할 수 있는 부분인지를 찾아봐서 그것은 트러블을 해결할 수 있도록 해야 할 것 같구요. 어 물론 그 부분에 있어서 해결되지 않고 계속 끝까지 갈 수도 있겠지만 저는 그래도 상사와 의사소통을 통해서 잘 해결할 수 있도록 할 것 같습니다.","wordCount":142},"emotion":[],"intent":[{"text":"어 상사와 저와의   어 일어나는 일 중에서 그 트러블이 정말 업무에 관한 것인지 아니면 감정적인   것인지를 먼저 파악해야 할 것 같구요.","expression":"c_confl_mg","category":"personality"},{"text":"만약에 업무에 관한 것이라면   그 업무의 진행 과정과 그다음에 제가 담당자라면 그 담당자로서의   주장할 수 있는 것을 주장하고 어 상사의 입장에서 저에게   어 트러블이 생긴 이유에 대해서도 제가 자세하게 들어야 할 것 같구요.","expression":"c_confl_mg","category":"personality"},{"text":"그것이 제가 수용할 수 있는 부분인지 아니면 상사와 제가 같이 어 해결 할 수   있는 부분인지를 찾아봐서 그것은 트러블을 해결할 수 있도록 해야 할 것 같구요.","expression":"c_confl_mg","category":"personality"},{"text":"어 물론 그 부분에 있어서 해결되지 않고 계속 끝까지 갈 수도 있겠지만   저는 그래도 상사와 의사소통을 통해서 잘 해결할 수 있도록   할 것 같습니다.","expression":"c_confl_mg","category":"personality"}],"summary":{"text":"일하다 보면 팀원들 간에도 트러블이 생길 수 있는 일은 많이 있습니다. 상사와 저와의 일 중에서 그 트려블이 업무에 관한 것인지 감정적인 것인지를 먼저 파악해야 할 것 같습니다. 그것이 수용 가능한 부분인지 상사와 같이 해결 할 수 있는 부분인지를 찾아서 상사와 의사소통을 통해 잘 해결할 수 있도록 해야 합니다.","wordCount":48}}},"rawDataInfo":{"question":{"fileFormat":"wav","fileSize":497998,"duration":15560,"samplingBit":16,"channelCount":1,"samplingRate":"16kHz","audioPath":"/Mock/04.RND/Female/New/ckmk_q_rnd_f_n_142054.wav"},"answer":{"fileFormat":"wav","fileSize":2701518,"duration":84420,"samplingBit":16,"channelCount":1,"samplingRate":"16kHz","audioPath":"/Mock/04.RND/Female/New/ckmk_a_rnd_f_n_142054.wav"}}}