{"version":"1.0","dataSet":{"info":{"date":"20230116","occupation":"RND","channel":"MOCK","place":"ONLINE","gender":"FEMALE","ageRange":"-34","experience":"NEW"},"question":{"raw":{"text":"역사 속에서 가장 존경하는 인물을 말씀해 주세요 그리고 그 인물을 왜 존경하는지 그 이유도 함께 말씀해 주세요","wordCount":17},"emotion":[],"intent":[]},"answer":{"raw":{"text":"저는 세종대왕을 가장 존경합니다. 아주 흔하게 언급되는 인물이고 또 어느 정도 왜 존경하는지 이해가 되실 것이지만 오히려 모두에게 존경을 받기 때문에 더 저는 세종대왕에게 존경심이 드는 것 같습니다. 왕과 같이 절대적인 권력과 부가 있음에도 거짓으로 사람들을 기만하지 않고 언제나 기본과 원칙에 따라 행동하면서 남을 배려하려고 애쓰는 것이 저는 세종대왕의 가장 큰 존경받는 이유라고 생각합니다. 누구나 예외 없이 어떤 것에서도 예외를 두지 않고 기본기를 가장 탄탄하게 다진다는 것은 건설과 제조업에서도 똑같이 통한다고 생각합니다. 이렇게 새 시대를 창조하고 이끌어 나갈 수 있는 행동력이 더욱 세종대왕을 존경하게 만들게 되는 것 같습니다.","wordCount":88},"emotion":[{"text":"저는 세종대왕을 가장 존경합니다.","expression":"p-affection","category":"positive"},{"text":"아주 흔하게 언급되는 인물이고 또 어느 정도 왜 존경하는지 이해가 되실 것이지만 오히려 모두에게 존경을 받기 때문에 더 저는 세종대왕에게 존경심이 드는 것 같습니다.","expression":"p-affection","category":"positive"},{"text":"왕과 같이 절대적인 권력과 부가 있음에도 거짓으로 사람들을 기만하지 않고 언제나 기본과 원칙에 따라 행동하면서 남을 배려하려고 애쓰는 것이 저는 세종대왕의 가장 큰 존경받는 이유라고 생각합니다.","expression":"p-affection","category":"positive"},{"text":"이렇게 새 시대를 창조하고 이끌어 나갈 수 있는 행동력이 더욱 세종대왕을 존경하게 만들게 되는 것 같습니다.","expression":"p-affection","category":"positive"}],"intent":[{"text":"","expression":"","category":"attitude"}],"summary":{"text":"저는 세종대왕을 가장 존경합니다. 절대적인 권력과 부가 있어도 거짓으로 사람들을 기만하지 않고 항상 기본과 원칙에 따라 행동하면서 남을 배려하려고 애쓰는 것이 가장 큰 존경받는 이유라고 생각합니다.","wordCount":26}}},"rawDataInfo":{"question":{"fileFormat":"wav","fileSize":296078,"duration":9250,"samplingBit":16,"channelCount":1,"samplingRate":"16kHz","audioPath":"/Mock/04.RND/Female/New/ckmk_q_rnd_f_n_284336.wav"},"answer":{"fileFormat":"wav","fileSize":1718478,"duration":53700,"samplingBit":16,"channelCount":1,"samplingRate":"16kHz","audioPath":"/Mock/04.RND/Female/New/ckmk_a_rnd_f_n_284336.wav"}}}