{"version":"1.0","dataSet":{"info":{"date":"20230116","occupation":"RND","channel":"MOCK","place":"ONLINE","gender":"FEMALE","ageRange":"-34","experience":"NEW"},"question":{"raw":{"text":"사람들끼리 협업을 하며 제일 어려웠던 점이 있다면 그것은 무엇이었나요 그리고 그 어려웠던 점은 어떤 방법으로 극복하셨나요","wordCount":16},"emotion":[],"intent":[]},"answer":{"raw":{"text":"저는 아무래도 의견 조율이 가장 어려웠습니다. 사안마다 의견이 각각 다르기 때문에 이런 의견 조율에 있어서 가장 많은 시간을 할애 했었는데요. 의견을 말할 때 이제 본인의 의견만을 또 중요시하는 사람이 있고 본인의 의견보다는 다른 사람의 의견을 눈치 보는 사람이 있기 때문에 여러 종류의 사람 속에서 굉장히 혼돈을 겪었던 적도 있었습니다. 저 이렇게 의견 조율을 하기 위해서는 저는 주로 다수결의 투표를 진행했었고요. 이렇게 다수결의 의견을 듣다 보면은 아무래도 다수의 의견이다 보니까 소수의 의견은 조금 무심 받을 수 있지만 다수다 보기 때문에 프로젝트 진행이 훨씬 수월하지 않았나 라는 생각이 듭니다. 또 다른 방법으로는 랜덤 투표라고 하죠. 저희가 종이 뽑기도 하고 여러 가지 방법을 했었는데요. 그때그때마다 문제를 해결하기 위해서 굉장히 다양한 방법을 적용했던 것 같습니다.","wordCount":111},"emotion":[],"intent":[{"text":"","expression":"","category":"attitude"}],"summary":{"text":"사안마다 의견이 달라서 의견 조율에 가장 많은 시간을 할애했는데, 주로 다수결의 투표를 진행했습니다. 또 다른 방법으로는 랜덤 투표를 했었는데 그때그때 문제를 해결하기 위해서 굉장히 다양한 방법을 적용했던 것 같습니다.","wordCount":29}}},"rawDataInfo":{"question":{"fileFormat":"wav","fileSize":350798,"duration":10960,"samplingBit":16,"channelCount":1,"samplingRate":"16kHz","audioPath":"/Mock/04.RND/Female/New/ckmk_q_rnd_f_n_290478.wav"},"answer":{"fileFormat":"wav","fileSize":2367438,"duration":73980,"samplingBit":16,"channelCount":1,"samplingRate":"16kHz","audioPath":"/Mock/04.RND/Female/New/ckmk_a_rnd_f_n_290478.wav"}}}