{"version":"1.0","dataSet":{"info":{"date":"20230116","occupation":"RND","channel":"MOCK","place":"ONLINE","gender":"FEMALE","ageRange":"-34","experience":"NEW"},"question":{"raw":{"text":"지금까지 살면서 본인이 이룬 성과 중 가장 큰 성과가 어떤 것인가요 그것에 대해서 자랑해 주세요","wordCount":15},"emotion":[],"intent":[]},"answer":{"raw":{"text":"음 글쎄요 이게 어떤 그 공적인 성과라고 한다면 제가 이제 지금 현재 제가 박사 과정 진행 중인데 어 곧 이제 논문을 다 지금 현재 심사를 받고 거의 이제 그 끝나는 과정에 있어 가지고요 아 뭔가 섣불리 제가 딱 이렇다 라고 하기는 그렇지만 그래도 조금 빠르게 어 박사 과정을 마칠 수 있는 그 졸업을 할 수 있는 지금 그러한 시기에 있어서 그게 저희 과 내에서는 조금 최연소라 가장 큰 성과이지 않을까 싶은 생각이 드네요. 네 조금 서 섣부른 부분이라 제가 말씀드리긴 애매한데 그 정도인 것 같습니다. 공적인 부분으로.","wordCount":87},"emotion":[],"intent":[{"text":"","expression":"","category":"attitude"}],"summary":{"text":"저는 현재 박사 과정 진행 중인데, 좀 빠르게 박사 과정을 마칠 수 있는 시기에 있어서 그것이 저희 과 내에서는 최연소라는 점이 가장 큰 성과라고 생각합니다.","wordCount":25}}},"rawDataInfo":{"question":{"fileFormat":"wav","fileSize":325838,"duration":10180,"samplingBit":16,"channelCount":1,"samplingRate":"16kHz","audioPath":"/Mock/04.RND/Female/New/ckmk_q_rnd_f_n_158834.wav"},"answer":{"fileFormat":"wav","fileSize":2405198,"duration":75160,"samplingBit":16,"channelCount":1,"samplingRate":"16kHz","audioPath":"/Mock/04.RND/Female/New/ckmk_a_rnd_f_n_158834.wav"}}}