{"version":"1.0","dataSet":{"info":{"date":"20230116","occupation":"RND","channel":"MOCK","place":"ONLINE","gender":"FEMALE","ageRange":"35-44","experience":"NEW"},"question":{"raw":{"text":"동물 실험이 인간에게 주는 이익에 관해서 말씀해 주시고 동물 실험에 대한 본인의 생각도 궁금합니다","wordCount":14},"emotion":[],"intent":[]},"answer":{"raw":{"text":"동물 실험에 저는 찬성합니다. 그 이유로는 첫째 동물 실험은 생명을 구하는 치료법과 치료에 기여하였습니다. 캘리포니아 생물의학연구협회는 지난 백 년 동안 거의 모든 의료 돌파구가 동물을 이용한 연구에서 직접 발생했다 고 합니다. 동물 연구는 유방암 뇌 손상 유년기 백혈병 낭포성 섬유증 다발성 경화증 결핵 등은 치료 조건에 중요한 발전에 기여 했으며 심박 조율기 심장 판막 대책품 및 마취제의 개발에 중요한 역할을 했습니다. 그리고 두 번째로는 동물 실험은 백신이 안전하다는 것을 보장하기 위해 매우 중요합니다. 이천 이십 년 세계 전염병 동안 코로나 바 바이러스 백신을 개발하기 위해 경주하는 과학자들은 유전자 변형 마우스를 테스트하여 백신이 백신이 바이러스를 악화시키는 것을 보장해야 합니다. 호주 플린더스 대학의 의학 및 공중 보건 대학을 리콜라스 페트로프스키 교수는 동물에 대한 코로나 바이러스 백신을 테스트하는 것은 절대적으로 필수적이며 그 단계를 건너 뛰우는 띄는 것은 어려움과 위험이 내포되어 있다고 말했습니다. 세 번째 살아있는 전신 시스템에 테스트에 대한 적절한 대안이 없습니다. 살아있는 시스템 인간 및 동물은 매우 복잡합니다. 페트리 접시에 세포 배양을 연구 때로는 유용하지만 중추 신경계를 발생하는 사고 관련 프로세스를 연구할 수 있는 기회를 제굥할 수 없습니다. 네 번째로는 동물은 여러 가지 면에서 인간과 유사하기 때문에 적절한 연구 대상이기 때문에 저는 동물 실험에 참성하는 찬성합니다.","wordCount":184},"emotion":[],"intent":[{"text":"","expression":"","category":"attitude"}],"summary":{"text":"동물 실험은 생명을 구하는 치료법과 치료에 기여했고, 백신이 안전하다는 것을 보장하기 위해 매우 중요하고, 살아있는 전신 시스템에 테스트에 대한 적절한 대안이 없으며, 동물은 여러 가지 면에서 인간과 유사하기 때문에 적절한 연구 대상이기 때문에 찬성합니다.","wordCount":34}}},"rawDataInfo":{"question":{"fileFormat":"wav","fileSize":326798,"duration":10210,"samplingBit":16,"channelCount":1,"samplingRate":"16kHz","audioPath":"/Mock/04.RND/Female/New/ckmk_q_rnd_f_n_236368.wav"},"answer":{"fileFormat":"wav","fileSize":3598798,"duration":112460,"samplingBit":16,"channelCount":1,"samplingRate":"16kHz","audioPath":"/Mock/04.RND/Female/New/ckmk_a_rnd_f_n_236368.wav"}}}