{"version":"1.0","dataSet":{"info":{"date":"20230116","occupation":"RND","channel":"MOCK","place":"ONLINE","gender":"FEMALE","ageRange":"45-54","experience":"NEW"},"question":{"raw":{"text":"지원자님이 생각하시기에 창의성과 팀워크 중에 더 중요한 것은 무엇이라고 생각하세요 그 근거도 함께 들어서 말씀해 주세요","wordCount":16},"emotion":[],"intent":[]},"answer":{"raw":{"text":"저는 창의성과 팀워크 중에서 더 중요한 것은 팀워크라고 생각을 합니다. 어 창의성 또한 물론 중요합니다. 일을 하는 데 있어서 창의성을 가지고 일을 하는 건 중요한데요. 어 팀워크라는 것은 팀 플레이로 일을 하는 경우에 한 사람만이 창의성을 가지고 일하기는 너무 힘듭니다. 이 그 창의성이 있다고 해도 팀원 간의 불화가 생기거나 팀 자체가 따로 따로 일을 하다 보면 창의성이 빛을 발하지 못하고 그 업무는 제대로 수행되지 않을 것이라 생각이 됩니다. 그래서 창의성도 중요하지만 어 팀웍 팀 간에 팀원들 간에 팀워크를 이용해서 어 토론하고 일을 하다 보면 그 안에서 창의성은 더 나올 수 있다고 생각합니다. 아무리 어 잘 난 팀원들이 여러 명 모였더라도 서로가 맞지 않는다면 가지고 있던 그들만이 가지고 있던 고유한 창의성도 묻힐 수 있다고 생각이 됩니다. 그래서 저는 창의성과 팀 워크 중에서 더 중요한 것을 고르라고 하신다면 팀워크가 더 중요하다고 생각합니다.","wordCount":130},"emotion":[],"intent":[{"text":"","expression":"","category":"attitude"}],"summary":{"text":"창의성도 중요하지만 팀워크를 이용해서 토론하고 일을 하다 보면 그 안에서 창의성은 더 나올 수 있습니다. 서로가 맞지 않는다면 그들만의 고유한 창의성에 대해서도 묻힐 수 있다고 생각합니다. 그래서 창의성과 팀워크 중에서 더 중요한 것을 고르라고 하라면 팀워크가 더 중요하다고 생각 됩니다.","wordCount":40}}},"rawDataInfo":{"question":{"fileFormat":"wav","fileSize":450638,"duration":14080,"samplingBit":16,"channelCount":1,"samplingRate":"16kHz","audioPath":"/Mock/04.RND/Female/New/ckmk_q_rnd_f_n_149465.wav"},"answer":{"fileFormat":"wav","fileSize":2750798,"duration":85960,"samplingBit":16,"channelCount":1,"samplingRate":"16kHz","audioPath":"/Mock/04.RND/Female/New/ckmk_a_rnd_f_n_149465.wav"}}}