{"version":"1.0","dataSet":{"info":{"date":"20230116","occupation":"RND","channel":"MOCK","place":"ONLINE","gender":"FEMALE","ageRange":"35-44","experience":"NEW"},"question":{"raw":{"text":"네 지금까지 여러 대외 활동을 해 보셨을 텐데 어 대외 활동에서 무엇을 배웠고 그리고 어떤 자세로 임하셨는지 말씀해 주십시오","wordCount":19},"emotion":[],"intent":[]},"answer":{"raw":{"text":"예 저는 다양한 대외 활동을 했었는데 그 중에서도 제 기억에 남는 대외 활동은 대학생 때 기자단을 한 경험입니다. 모 기업체에 활동을 기사로 만들어서 블로그나 에스엔에스에 알리는 업무를 주로 하였습니다. 단순히 블로그나 엘 에스엔에스에 게시만 한 것이 아니라 많은 사람들이 직접 보고 구매로 이어지기 위해 마케팅 측면에서 다양한 홍보를 하였습니다. 매일 학교 내에서 수업으로만 듣던 내용들을 해당 직무에 실무를 직접적으로 미리 경험해 볼 수 있었던 소중한 경험이었던 것 같습니다. 또한 대외 활동을 통해서 새로운 사람들을 만나고 새로운 경험을 할 수 있다는 것이 크게 배운 점이며 제가 결론을 도출해 나가 나간다는 자세가 아니고 배우고 협동하며 앞으로 직장 생활을 할 때 어떻게 해야 할지 매일 배우는 자세로 임했습니다.","wordCount":105},"emotion":[{"text":"예 저는 다양한 대외 활동을 했었는데 그 중에서도 제 기억에 남는 대외 활동은 대학생 때 기자단을 한 경험입니다.","expression":"u-fact","category":"neutral"},{"text":"모 기업체에 활동을 기사로 만들어서 블로그나 에스엔에스에 알리는 업무를 주로 하였습니다.","expression":"u-fact","category":"neutral"}],"intent":[{"text":"예 저는 다양한 대외 활동을 했었는데 그 중에서도 제 기억에 남는 대외 활동은 대학생 때 기자단을 한 경험입니다.","expression":"c_private","category":"background"}],"summary":{"text":"저는 대학생 때 기자단을 한 경험이 가장 기억에 남습니다. 모 기업체에 활동을 기사로 만들어서 블로그나 sns에 알리는 업무를 주로 했습니다. 이것을 통해 새로운 경험을 할 수 있는 것을 배우고 협동하며 앞으로 직장 생활을 어떻게 해야 할지 매일 배우는 자세로 임했습니다.","wordCount":40}}},"rawDataInfo":{"question":{"fileFormat":"wav","fileSize":475598,"duration":14860,"samplingBit":16,"channelCount":1,"samplingRate":"16kHz","audioPath":"/Mock/04.RND/Female/New/ckmk_q_rnd_f_n_236598.wav"},"answer":{"fileFormat":"wav","fileSize":1772238,"duration":55380,"samplingBit":16,"channelCount":1,"samplingRate":"16kHz","audioPath":"/Mock/04.RND/Female/New/ckmk_a_rnd_f_n_236598.wav"}}}