{"version":"1.0","dataSet":{"info":{"date":"20230116","occupation":"RND","channel":"MOCK","place":"ONLINE","gender":"FEMALE","ageRange":"-34","experience":"NEW"},"question":{"raw":{"text":"평소에 개인 작업을 많이 하시는 편인가요 그렇다면 그렇게 할 수 있는 원동력은 무엇이라고 생각하시나요","wordCount":14},"emotion":[],"intent":[]},"answer":{"raw":{"text":"저는 평소에 개인 작업을 굉장히 많이 합니다. 물론 거창한 개인 작업은 아니지만 저는 학교에서 들은 강의 내용을 혼자 피피티로 정리해 보거나 피피티를 만드는 과업이 생겼을 때 혼자 엑셀이나 피피티에 있는 파일들 한글 파일이나 워드 파일에 가 같은 곳에 정리를 하면서 개인 작업을 굉장히 많이 하는데 시간을 쏟고 있습니다. 제가 봤을 땐 그러한 원 원동력은 저의 성격에서 나오는 것 같습니다. 저는 꼼꼼하고 완벽주의인 성격을 가지고 있습니다. 그렇기 때문에 저는 평소에 이런 개인 작업하는 것이 저 저에겐 의무가 아닙니다. 저는 이것을 해야 하는 것이기 때문에 하는 겁니다. 당연히 해야 하고 해야만 즐거우니까 해야만 내가 공부를 할 수 있으니까 평소에 개인 작업을 굉장히 많이 하는 편입니다. 그렇게 할 수 있는 원동력은 바로 저의 성격 때문이라고 생각합니다.","wordCount":113},"emotion":[],"intent":[{"text":"저는 꼼꼼하고 완벽주의인 성격을 가지고 있습니다.","expression":"c_person","category":"background"}],"summary":{"text":"꼼꼼하고 완벽주의인 성격의 저에겐 개인작업이 의무가 아닙니다. 당연히 해야 하고 해야만 즐거우니 해야만 제가 공부를 할 수 있으니 평소 개인 작업을 굉장히 많이 하는 편입니다. 그런 원동력은 바로 저의 성격 때문입니다.","wordCount":31}}},"rawDataInfo":{"question":{"fileFormat":"wav","fileSize":326478,"duration":10200,"samplingBit":16,"channelCount":1,"samplingRate":"16kHz","audioPath":"/Mock/04.RND/Female/New/ckmk_q_rnd_f_n_122884.wav"},"answer":{"fileFormat":"wav","fileSize":2487438,"duration":77730,"samplingBit":16,"channelCount":1,"samplingRate":"16kHz","audioPath":"/Mock/04.RND/Female/New/ckmk_a_rnd_f_n_122884.wav"}}}