{"version":"1.0","dataSet":{"info":{"date":"20230116","occupation":"RND","channel":"MOCK","place":"ONLINE","gender":"FEMALE","ageRange":"-34","experience":"NEW"},"question":{"raw":{"text":"특정 제품 한 가지와 현재의 문제점을 언급하고 기술적 개선 방안을 제한해 주시겠습니까","wordCount":12},"emotion":[],"intent":[]},"answer":{"raw":{"text":"사람들이 평소에 운동할 때 스마트 워치를 많이 착용하곤 합니다. 스마트 워치가 나타나면서 삶의 질은 굉장히 풍요로워졌는데요. 그것 때문에 운동할 때 이 스마트 워치를 켜 놓고 심박수를 많이 측정하곤 합니다. 하지만 이 스마트 워치에는 치명적인 단점이 있는데요. 바로 심박수 측정의 오류입니다. 저희가 많은 운동을 하는데 고립성 운동인 헬스 같은 경우에는 이런 심박수 측정이 원활하게 측정이 되고 있지 않습니다. 아무래도 숨을 참고 고립성 운동이기 때문에 이런 심박수가 급격하게 빨리 올라가고 해다 심박수가 정확하게 반영이 되지 않는데요. 이것 때문에 대다수의 사람들은 이 심 스마트 워치를 켜 놓고 해다 심 심박수를 믿지 못하고 있습니다. 어떤 헬스장에서는 가슴에 차는 심박수 재는 장치를 이용해서 심박수를 측정하곤 하는데요. 이 스마트 워치가 조금이라도 더 자세히 심박수를 측정하기 위해서는 이러한 문제점들이 개선되어야 된다고 생각합니다.","wordCount":115},"emotion":[],"intent":[{"text":"","expression":"","category":"attitude"}],"summary":{"text":"스마트 워치는 삶의 질을 높여주었지만 심박수 측정의 오류가 있습니다. 헬스 같은 고립성 운동에서는 심박수가 급격하게 빨리 올라가고 해다 심박수가 정확하게 반영이 되지 않습니다. 심박수를 조금 더 자세히 측정하기 위해서는 이런 문제점들이 개선되어야 합니다.","wordCount":33}}},"rawDataInfo":{"question":{"fileFormat":"wav","fileSize":573518,"duration":17920,"samplingBit":16,"channelCount":1,"samplingRate":"16kHz","audioPath":"/Mock/04.RND/Female/New/ckmk_q_rnd_f_n_265995.wav"},"answer":{"fileFormat":"wav","fileSize":2337678,"duration":73050,"samplingBit":16,"channelCount":1,"samplingRate":"16kHz","audioPath":"/Mock/04.RND/Female/New/ckmk_a_rnd_f_n_265995.wav"}}}