{"version":"1.0","dataSet":{"info":{"date":"20230116","occupation":"RND","channel":"MOCK","place":"ONLINE","gender":"FEMALE","ageRange":"35-44","experience":"NEW"},"question":{"raw":{"text":"지원자분께서 본인이 지금까지 살면서 이룬 성과 중에 가장 큰 성과는 무엇인지 자랑 한 번 해 주시기 바랍니다","wordCount":17},"emotion":[],"intent":[]},"answer":{"raw":{"text":"제가 살면서 이룬 성과는 책임감인 것 같습니다. 친구들도 제게 어떤 일이 있을 때 저를 믿고 맡기면 걱정하지 않는다고 합니다. 대학 시절 동아리 회장을 맡았을 때 일 년간 한 번도 모임에 빠져 본 적이 없습니다. 중간중간 개인 사정이 있었지만 동아리의 조직 구성원으로 사적인 모임이었 이었지만 서로에 약속이라고 생각했기 때문입니다. 사소한 부분이지만 이러한 성실함을 인정받아 동아리 회장이 될 수 있었고 회장이 된 이후 동아리 활동에서 성과를 인정받아 학교에서 최우수 동아리로 성정되는 영예도 얻을 수 있었습니다.","wordCount":73},"emotion":[],"intent":[{"text":"","expression":"","category":"attitude"}],"summary":{"text":"대학 때 동아리 회장을 맡았을 때 일 년간 한 번도 모임에 빠져 본 적이 없었는데 서로에 약속이라고 생각했기 때문입니다. 이러한 성실함을 인정받아 동아리 회장이 되고 학교 최우수 동아리로 성정되었습니다.","wordCount":29}}},"rawDataInfo":{"question":{"fileFormat":"wav","fileSize":318798,"duration":9960,"samplingBit":16,"channelCount":1,"samplingRate":"16kHz","audioPath":"/Mock/04.RND/Female/New/ckmk_q_rnd_f_n_236370.wav"},"answer":{"fileFormat":"wav","fileSize":1356878,"duration":42400,"samplingBit":16,"channelCount":1,"samplingRate":"16kHz","audioPath":"/Mock/04.RND/Female/New/ckmk_a_rnd_f_n_236370.wav"}}}