{"version":"1.0","dataSet":{"info":{"date":"20230116","occupation":"RND","channel":"MOCK","place":"ONLINE","gender":"FEMALE","ageRange":"-34","experience":"NEW"},"question":{"raw":{"text":"지금 말씀드린 연구를 학교에서 했을 때 기업에서 진행했을 때 어떻게 달라질지 생각나는 대로 말씀해 주세요","wordCount":15},"emotion":[],"intent":[]},"answer":{"raw":{"text":"저는 학교에서의 연구는 이제 공부를 하기 위한 연구라고 많이 생각을 하구요. 그리고 기업에서의 연구는 성과를 내기 위한 연구라고 생각을 합니다. 아무래도 기업의 가치는 가장 중요한 게 어떻게 물질적으로 이제 투자를 어 성과를 내느냐가 투자의 가장 중요한 점이기 때문에 아무래도 기업에서의 성과는 이윤과 저는 연관이 되어 있다 라고 생각합니다. 그런데 현재에 와서는 꼭 학교가 아니더라도 기업에서도 해보고 싶은 것들을 많이 해볼 수 있다 라고 생각을 해요. 제 친구들 중에 이제 알엔디 쪽에서 근무하는 친구들 이야기를 들어보면 어 만약에 알엔디 기업에 들어가게 된다면 자기가 어 해보고 싶었던 그런 실험 아이디어들을 어 기업에서는 굉장히 빠른 시간 안에 지원도 받을 수 있고 직접 실험하고 또 구현해 볼 수 있는 기회들이 너무 많이 잘 지원 지원하는 시스템들이 잘 갖춰져 있다 라는 말들을 들어서 저 역시도 지금 현재 직무에 지원을 하게 되었습니다.","wordCount":126},"emotion":[],"intent":[{"text":"제 친구들 중에 이제 알엔디 쪽에서 근무하는 친구들 이야기를 들어보면   어 만약에 알엔디 기업에 들어가게 된다면 자기가 어 해보고 싶었던 그런 실험 아이디어들을 어 기업에서는 굉장히 빠른 시간 안에 지원도 받을 수 있고   직접 실험하고 또 구현해 볼 수 있는 기회들이 너무 많이 잘 지원   지원하는 시스템들이 잘 갖춰져 있다 라는 말들을 들어서 저 역시도 지금 현재 직무에 지원을 하게 되었습니다.","expression":"c_sincere_job","category":"etc"}],"summary":{"text":"기업에서의 연구는 성과를 내기 위한 연구입니다. 기업의 가치는 물질적인 투자를 어떻게 성과를 내느냐가 중요한 점이기 때문에 이윤과 연관이 되어 있습니다. 그런데 현재에 와서는 학교뿐만 아니라 기업에서도 지원해 볼 수 있다고 생각합니다. 그래서 현재 직무에 지원을 하게 되었습니다.","wordCount":37}}},"rawDataInfo":{"question":{"fileFormat":"wav","fileSize":346958,"duration":10840,"samplingBit":16,"channelCount":1,"samplingRate":"16kHz","audioPath":"/Mock/04.RND/Female/New/ckmk_q_rnd_f_n_171013.wav"},"answer":{"fileFormat":"wav","fileSize":2496718,"duration":78020,"samplingBit":16,"channelCount":1,"samplingRate":"16kHz","audioPath":"/Mock/04.RND/Female/New/ckmk_a_rnd_f_n_171013.wav"}}}