{"version":"1.0","dataSet":{"info":{"date":"20230116","occupation":"RND","channel":"MOCK","place":"ONLINE","gender":"FEMALE","ageRange":"-34","experience":"NEW"},"question":{"raw":{"text":"만약 지원자님이 하고 싶은 직무 말고 다른 직무를 맡게 되신다면 어떻게 하실 건가요 그래도 일단 그 직무를 맡아서 일을 하실 건가요","wordCount":21},"emotion":[],"intent":[]},"answer":{"raw":{"text":"제가 하고 싶은 직무 말고 다른 직무를 맡게 된다면 그것 또한 괜찮다 라고 생각합니다. 저는 경험에 대해서 되게 중요하게 여깁니다. 경험을 하면 모든 것은 다 밑거름이 되고 밑바탕이 된다 라고 생각합니다. 그래서 제가 하고 싶은 직무가 아니라 다른 직무를 맡게 되더라도 그에 따른 많은 것을 경험하고 교육할 수 교육 받을 수 있다 라고 생각합니다. 교육받고 경험하게 되면 이것은 저만의 능력이 되고 저만의 무기가 된다 라고 생각합니다. 그리고 제가 하고 싶은 직무에 가지 못하더라도 제가 지금 맡게 되는 직무에 대해서 열심히 노력하고 거기에서 일정 수준의 능력을 쟁취하게 된다면 그 이후로는 제가 하고 싶은 직무에 갈 수 있을 것이라고 생각합니다. 아직은 제가 제가 하고 싶은 직무에 갈 수 있는 능력이 부족하기 때문에 이러한 결과가 나왔다 라고 생각하고 제가 어떻게 하면 제가 하고 싶은 직무를 할 수 있는지 그거에 대해서 만반의 준비를 하고 미리 공부를 하고 대비하겠습니다. 그래서 다른 직무를 맡아도 괜찮고 그러한 것들 속에서 많은 것들을 배우고 준비하여 나중에는 하고 싶은 직무로 가면 되기 때문에 지금 크게 상관없다 라고 생각합니다.","wordCount":158},"emotion":[],"intent":[{"text":"","expression":"","category":"attitude"}],"summary":{"text":"저는 경험을 중요시 여기기 때문에 하고 싶은 직무가 아니라 다른 직무를 맡게 되더라도 그에 따른 많은 것을 경험하고 교육받을 수 있다고 생각합니다. 교육받고 경험하게 되면 저만의 능력이 되고 저들만의 무기가 되고 나중에 제가 맡고 싶은 직무에 갈 수 있을 것이라고 생각합니다.","wordCount":41}}},"rawDataInfo":{"question":{"fileFormat":"wav","fileSize":617038,"duration":19280,"samplingBit":16,"channelCount":1,"samplingRate":"16kHz","audioPath":"/Mock/04.RND/Female/New/ckmk_q_rnd_f_n_275721.wav"},"answer":{"fileFormat":"wav","fileSize":2724238,"duration":85130,"samplingBit":16,"channelCount":1,"samplingRate":"16kHz","audioPath":"/Mock/04.RND/Female/New/ckmk_a_rnd_f_n_275721.wav"}}}