{"version":"1.0","dataSet":{"info":{"date":"20230116","occupation":"RND","channel":"MOCK","place":"ONLINE","gender":"FEMALE","ageRange":"-34","experience":"NEW"},"question":{"raw":{"text":"지원자님께서는 현대 사회에서 없어서는 안 될 가장 중요한 직업은 무엇이라고 생각하십니까","wordCount":11},"emotion":[],"intent":[]},"answer":{"raw":{"text":"현대 사회에 없어서는 안 될 가장 중요하다고 생각하는 직업은 바로 심리 상담사입니다. 저는 심리 상담을 받으러 오는 사람들은 음 어 그런 인간적인 터치나 좀 마음의 마음 깊숙히 있는 그런 감정들을 누군가 에 따뜻함으로 풀고 싶어서 오는 것이라고 생각을 하는데요. 그렇기 때문에 이런 것들은 로봇이나 에이아이가 대신할 수 없는 부분이라고 생각을 합니다. 사람과 사람 사이에 그런 따뜻함이 전해지는 것은 어 말 뿐 말이나 글 뿐이 아니라 눈빛이나 그런 말투 그리고 따스한 온기 등 비언어적인 요소가 더 많은 비중을 차지한다고 생각하는데 이런 것들이 아무리 어 고도화된 에이아이나 로봇이 대체한다고 해도 그것을 그런 니즈를 다 충족을 시켜주지 못할 것이라고 생각하고 또 기대를 다 어 채워주지 못할 것이라고 생각을 합니다. 그래서 없어서 져서는 안 될 어 그런 직업을 심리 상담사로 생각해 보았습니다.","wordCount":118},"emotion":[],"intent":[{"text":"","expression":"","category":"attitude"}],"summary":{"text":"심리 상담사는 현대 사회에 없어서는 안 될 가장 중요한 직업이라고 생각합니다. 심리 상담을 받으러 오는 사람들은 인간적인 터치나 마음의 마음 깊숙히 있는 감정들을 누군가 에 따뜻함으로 풀고 싶어서 오는 것이라고 생각하는데 이런 것들은 로봇이나 에이아이가 대신할 수 없는 부분입니다.","wordCount":39}}},"rawDataInfo":{"question":{"fileFormat":"wav","fileSize":343118,"duration":10720,"samplingBit":16,"channelCount":1,"samplingRate":"16kHz","audioPath":"/Mock/04.RND/Female/New/ckmk_q_rnd_f_n_270486.wav"},"answer":{"fileFormat":"wav","fileSize":2686478,"duration":83950,"samplingBit":16,"channelCount":1,"samplingRate":"16kHz","audioPath":"/Mock/04.RND/Female/New/ckmk_a_rnd_f_n_270486.wav"}}}