{"version":"1.0","dataSet":{"info":{"date":"20230116","occupation":"RND","channel":"MOCK","place":"ONLINE","gender":"FEMALE","ageRange":"-34","experience":"NEW"},"question":{"raw":{"text":"교번 근무에 대해서 잘 알고 계실까요 지원자님께서는 본인이 교번 근무에 잘 적응할 수 있다고 생각하십니까","wordCount":15},"emotion":[],"intent":[]},"answer":{"raw":{"text":"저는 제가 교번 근무에도 잘 적응할 수 있다고 생각합니다. 음 교번 근무 표가 나오지 않습니까. 저는 이전 회사에서도 이런 교번 근무를 해 왔는데 처음에는 이렇게 제가 출퇴근하는 시간이 들쑥날쑥한 것에 대해서 좀 불만도 있었고 신체적으로도 좀 무리가 된다고 생각을 했었습니다. 하지만 그런 것들을 극복해내기 위해서 열심히 운동도 하고 또 밥맛이 바뀌지 않기 위해서 음 그 집에 있는 인테리어라든가 좀 암막 커튼도 설치를 하는 등의 그런 생활적인 면에서도 새 섬세하게 어 좀 신경을 써 봤더니 확실히 어 제가 컨트롤 할 수 있는 부분이 많아지고 또 퇴근 이후에 시간도 잘 쓸 수 있게 되었던 것 같습니다. 그래서 이 회사에서도 교번 근무를 하게 된다면 앞서 해 왔던 제 경험들을 잘 활용을 해서 신체적으로도 정신적으로도 지치지 않고 일을 해 나갈 수 있도록 컨디션을 잘 조정할 그런 자신이 있습니다.","wordCount":124},"emotion":[],"intent":[{"text":"","expression":"","category":"attitude"}],"summary":{"text":"이전 회사에서도 교번 근무를 해 왔는데 출퇴근 시간이 들쑥날쑥한 것에 대한 불만도 있었고 신체적으로도 무리가 된다고 생각했지만 생활적인 면에서도 신경을 써 보니 확실히 컨트롤 할 수 있는 부분이 많아지고 퇴근 이후에 시간도 잘 쓸 수 있게 되었던 것 같습니다.","wordCount":39}}},"rawDataInfo":{"question":{"fileFormat":"wav","fileSize":431438,"duration":13480,"samplingBit":16,"channelCount":1,"samplingRate":"16kHz","audioPath":"/Mock/04.RND/Female/New/ckmk_q_rnd_f_n_282940.wav"},"answer":{"fileFormat":"wav","fileSize":2723598,"duration":85110,"samplingBit":16,"channelCount":1,"samplingRate":"16kHz","audioPath":"/Mock/04.RND/Female/New/ckmk_a_rnd_f_n_282940.wav"}}}