{"version":"1.0","dataSet":{"info":{"date":"20230116","occupation":"RND","channel":"MOCK","place":"ONLINE","gender":"FEMALE","ageRange":"45-54","experience":"NEW"},"question":{"raw":{"text":"어 지원자님께서는 지금까지 인생을 살면서 가장 후회되는 일이 있으셨나요 어 있으셨다면 이제 그중에 가장 후회되는 일을 한 가지만 말씀해 주시길 바랍니다","wordCount":21},"emotion":[],"intent":[]},"answer":{"raw":{"text":"어 제가 많지 길지는 않지만 어 살아오면서 가장 후회했던 일은 바로 대학교 때 배낭 여행을 가지 못한 것입니다. 여행 언제든 가면 되잖아 지금 가면 되잖아 라고 말씀을 할 수도 있는데요. 어 생각보다 기회가 오 오는 게 쉽지는 않더라구요. 그리고 그때는 나중에 가면 되지 돈 벌어 가면 되지 지금 당장 내가 할 수 있는 게 힘든데 그 몇 백만 원 좀 많잖아 라고 생각을 했었는데 시간이 지나가고 보니 그냥 그 이십 대 때만 가질 수 있는 낭만 이런 것도 물론 있지만 그 시기에 내가 다른 나라에 가서 다른 경험들을 했음 했다면 나의 가치관을 어떻게 보냈을까 나의 경험을 또 얼마나 많이 쌓였을까 그 시기에 보고 배운 것들이 나에게 큰 자양분이 되지 않았을까 그런 생각들을 많이 하게 됩니다. 그래서 이십 대 때 어렸을 때 가볍게 배낭 여행 가지 못한 것이 어 가장 후회 되는 일입니다.","wordCount":132},"emotion":[],"intent":[{"text":"","expression":"","category":"attitude"}],"summary":{"text":"20대 때 가볍게 배낭 여행을 가지 못한 것이 가장 후회 되는 일입니다. 그 시기에 제가 다른 나라에 가서 다른 경험들을 했다면 저의 가치관을 어떻게 보냈을까 저의 경험을 보고 배운 것들이 나에게 큰 자양분이 되지 않을까 그런 생각들을 많이 하게 됩니다.","wordCount":40}}},"rawDataInfo":{"question":{"fileFormat":"wav","fileSize":469518,"duration":14670,"samplingBit":16,"channelCount":1,"samplingRate":"16kHz","audioPath":"/Mock/04.RND/Female/New/ckmk_q_rnd_f_n_200134.wav"},"answer":{"fileFormat":"wav","fileSize":2138958,"duration":66840,"samplingBit":16,"channelCount":1,"samplingRate":"16kHz","audioPath":"/Mock/04.RND/Female/New/ckmk_a_rnd_f_n_200134.wav"}}}