{"version":"1.0","dataSet":{"info":{"date":"20230116","occupation":"RND","channel":"MOCK","place":"ONLINE","gender":"FEMALE","ageRange":"-34","experience":"NEW"},"question":{"raw":{"text":"지원자님께서는 지금까지 여러 대외 활동을 해 보셨을 텐데 대외 활동에서 무엇을 배웠고 어떤 자세로 임했는지 말씀 부탁드립니다","wordCount":17},"emotion":[],"intent":[]},"answer":{"raw":{"text":"지금까지 대외 활동을 했을 때 가장 기억에 남는 것은 인도로 봉사 활동을 갔던 것입니다. 저의 첫 대외 활동이라고 말씀드릴 수 있겠습니다. 인도로 봉사 활동을 가서 낙후된 지역에서 아이들이 다니는 학교를 보수하고 우물을 만들어주는 작업을 했습니다. 몸으로 하는 봉사가 대부분이어서 매우 고된 나날들이었지만 그 안에서 많은 것을 배울 수 있었습니다. 제가 전혀 경험해 보지 못한 상황들에 처했고 그리고 지구 반대편에 가서 모르는 사람들을 도와주는 일을 하다 보니 많은 시야가 넓어지고 견문이 넓어지는 것을 느꼈습니다. 그리고 어떠한 차별적인 생각을 갖지 않고 편견을 갖지 않고 모든 것에 배우는 자세로 임하려고 노력했습니다. 인도라는 나라는 사실 열악한 환경이 많기 때문에 적응하기 힘들기도 합니다. 하지만 저는 배우는 자세로 왔기 때문에 그 나라에 대해서 그리고 그 나라 사람들에 대해서도 넓은 마음을 가지고 배우려고 노력했습니다. 그리고 함께 봉사하는 사람들과도 좋은 관계를 유지하면서 그 사람들에게 배울 점을 찾고 서로 배우고 도와주면서 봉사를 잘 이어나갈려고 노력했습니다.","wordCount":136},"emotion":[{"text":"지금까지 대외 활동을 했을 때 가장 기억에 남는 것은 인도로 봉사 활동을 갔던 것입니다.","expression":"u-fact","category":"neutral"},{"text":"인도로 봉사 활동을 가서 낙후된 지역에서 아이들이 다니는 학교를 보수하고 우물을 만들어주는 작업을 했습니다.","expression":"u-fact","category":"neutral"}],"intent":[{"text":"지금까지 대외 활동을 했을 때 가장 기억에 남는 것은 인도로 봉사 활동을 갔던 것입니다.","expression":"c_private","category":"background"},{"text":"인도로 봉사 활동을 가서 낙후된 지역에서 아이들이 다니는 학교를 보수하고 우물을 만들어주는 작업을 했습니다.","expression":"c_private","category":"background"}],"summary":{"text":"인도로 봉사 활동을 가서 낙후된 지역에서 아이들이 다니는 학교를 보수하고 우물을 만들어주는 작업을 했습니다. 몸으로 하는 봉사가 대부분이었지만 많은 것을 배울 수 있었습니다. 차별적인 생각을 갖지 않고 편견없이 모든 것에 배우는 자세로 임했습니다. 봉사하는 사람들과도 좋은 관계를 유지하면서 봉사를 잘 이어나갈려고 노력했습니다.","wordCount":42}}},"rawDataInfo":{"question":{"fileFormat":"wav","fileSize":390478,"duration":12200,"samplingBit":16,"channelCount":1,"samplingRate":"16kHz","audioPath":"/Mock/04.RND/Female/New/ckmk_q_rnd_f_n_276015.wav"},"answer":{"fileFormat":"wav","fileSize":2721998,"duration":85060,"samplingBit":16,"channelCount":1,"samplingRate":"16kHz","audioPath":"/Mock/04.RND/Female/New/ckmk_a_rnd_f_n_276015.wav"}}}