{"version":"1.0","dataSet":{"info":{"date":"20230116","occupation":"RND","channel":"MOCK","place":"ONLINE","gender":"FEMALE","ageRange":"-34","experience":"NEW"},"question":{"raw":{"text":"지원자께도 아시는 바와 같이 아이패드라는 것이 있습니다 아이패드와 같이 시장에서 관심을 받는 제품들의 특징이 있다면 그것에 대해서 설명 한번 해 보십시오","wordCount":21},"emotion":[],"intent":[]},"answer":{"raw":{"text":"제가 생각하는 아이패드 맥북 에어팟 제트 플립들의 장점은 바로 예쁜 것이라고 생각을 합니다. 특히나 엠지 세대들에게 많이 인기가 있을 것 같은데요. 엠지 세대는 이십 대부터 사십 대까지 많은 세대를 아우른다고 생각을 합니다. 아이패드 맥북 에어팟 그리고 에어 와치라고 하죠. 흔히들 앱 등이라고 많이 이야기를 하고 있는데 이 애플을 쓰는 사람들은 보통은 깔끔함을 추구하는 사람들도 있겠고요. 요즘 인싸라고 하죠. 인싸들이 쓰는 폰은 아이폰이다 라고 이야기도 많이 들었습니다. 그리고 제트플립 같은 경우는 애플은 할 수 없는 장점이 있죠. 바로 핸드폰을 접을 수 있다는 것인데요. 누가 상상이나 했겠어요. 핸드폰을 접을 수 있다는 것 스마트폰을 접을 수 있다는 것이 아주 큰 가치가 아닐까 싶습니다. 제트플립은 희소성의 가치가 있어서 관심을 받고 있다고 생각을 합니다. 이와 같이 아이패드 맥북 에어팟 제트플립 같은 것들은 예쁘기도 예쁘지만 다양한 기능들이 모여서 희소성의 가치가 있다고 생각을 합니다.","wordCount":127},"emotion":[],"intent":[{"text":"","expression":"","category":"attitude"}],"summary":{"text":"요즘 인싸들이 쓰는 폰은 아이폰이다 라고 이야기를 많이 들었습니다. 그리고 제트플립은 애플은 할 수 없는 장점을 가지고 있습니다. 바로 핸드폰을 접을 수 있다는 것입니다. 희소성의 가치가 있어서 관심을 받고 있다고 생각을 합니다.","wordCount":32}}},"rawDataInfo":{"question":{"fileFormat":"wav","fileSize":491598,"duration":15360,"samplingBit":16,"channelCount":1,"samplingRate":"16kHz","audioPath":"/Mock/04.RND/Female/New/ckmk_q_rnd_f_n_279617.wav"},"answer":{"fileFormat":"wav","fileSize":3804558,"duration":118890,"samplingBit":16,"channelCount":1,"samplingRate":"16kHz","audioPath":"/Mock/04.RND/Female/New/ckmk_a_rnd_f_n_279617.wav"}}}