{"version":"1.0","dataSet":{"info":{"date":"20230116","occupation":"RND","channel":"MOCK","place":"ONLINE","gender":"FEMALE","ageRange":"45-54","experience":"NEW"},"question":{"raw":{"text":"기계를 설계할 때 고려해야 할 요소가 어떤 것인지 알고 계실까요 설명 부탁드리겠습니다","wordCount":12},"emotion":[],"intent":[]},"answer":{"raw":{"text":"제가 기계를 설계할 때 솔리드 윅스라는 툴을 사용하여서 설계를 하고 있는데요. 어 이런 강력한 툴을 이용하면 못 만들 게 없다는 생각도 들었습니다. 어 솔리드 윅스를 이용해서 간단한 기구 기계를 설계를 했고 도면까지 뽑아서 가공 업체에 가서 가공해 달라고 하는 그런 작업도 진행을 했습니다. 그렇다면 이렇게 기계를 설계할 때 유의해야 할 점이 무엇일까 고려해야 될 점이 무엇일까 생각을 해 보면 첫째 기능과 성능인 것 같습니다. 기능은 내가 설계를 하는 것에 대한 정의를 할 수가 있기 때문에 그 성능 또한 그 기능을 펼치는 능력입니다. 그래서 기능과 성능이 중요하구요. 그다음에는 조립 및 가공성도 중요합니다. 어 설계를 할 때 실수하는 부분들이 많이 있는데 어 가공할 수 없는 것을 설계하거나 도면에 어 공차가 전혀 없는 경우도 있습니다. 그래서 조립 및 가공성이 중요하고요. 어 가장 중요한 것은 어떻게 보면 제작 비용인 것 같습니다. 아무리 설계가 잘 되어 있는 어 기계라고 하더라도 제작 비용이 너무 많이 든다면 그 기계를 만들 수 없기 때문입니다. 그리고 내구성도 중요합니다. 어 잘 만들어 놨던 기계라도 어 튼튼하게 오래갈 수 있는 기계여야 한다고 생각이 됩니다.","wordCount":163},"emotion":[],"intent":[{"text":"","expression":"","category":"attitude"}],"summary":{"text":"기계를 설계할 때 유의해야 할 점은 기능과 성능, 조립 및 가공성, 제작 비용 등입니다. 제작 비용이 너무 많이 든다면 기계를 만들 수 없기 때문에 내구성도 중요합니다. 잘 만들어 놨는데던 기계라도 튼튼하게 오래갈 수 있는 기계여야 한다고 생각합니다.","wordCount":37}}},"rawDataInfo":{"question":{"fileFormat":"wav","fileSize":419278,"duration":13100,"samplingBit":16,"channelCount":1,"samplingRate":"16kHz","audioPath":"/Mock/04.RND/Female/New/ckmk_q_rnd_f_n_145165.wav"},"answer":{"fileFormat":"wav","fileSize":2857678,"duration":89300,"samplingBit":16,"channelCount":1,"samplingRate":"16kHz","audioPath":"/Mock/04.RND/Female/New/ckmk_a_rnd_f_n_145165.wav"}}}