{"version":"1.0","dataSet":{"info":{"date":"20230116","occupation":"RND","channel":"MOCK","place":"ONLINE","gender":"FEMALE","ageRange":"-34","experience":"NEW"},"question":{"raw":{"text":"만약 일을 하던 중에 직무가 적성에 맞지 않는다면 어떻게 하실 건가요 상황을 가정하고 본인의 생각을 말씀해 주시기 바랍니다","wordCount":18},"emotion":[],"intent":[]},"answer":{"raw":{"text":"만약 일을 하던 중에 직무가 적성에 맞지 않는다면 저는 그렇다 하더라도 그 직무에 적응을 하고 잘 해낼 수 있도록 노력하는 모습을 보여드리고 싶습니다. 음 직무가 적성에 맞지 않는 라고 했을 때 두 가지 태도를 보일 수 있겠습니다. 첫 번째 태도는 어 그냥 무기력하게 포기하는 것 그 두 번째 태도는 자신이 잘 하지 못하더라도 열심히 하려는 모습을 보이는 것 이 두 가지로 나눌 수 있겠는데 저는 어 똑같이 적성에 맞지 않는다 하더라도 두 번째 태도를 보였을 때 조금 더 음 그 사람을 지켜봐 줄 수 있는 여지가 있다고 생각을 합니다. 두 번째 타입의 사람에게는 어떤 일을 어떤 다른 직무를 맡기더라도 또 열심히 임하겠구나 하는 그런 믿음이 생길 것 같습니다. 그래서 저는 제에게 주어진 직무가 우선은 저에게 맞지 않더라도 열심히 헤쳐 나가 보려는 의지를 가지고 이곳저곳에서 조언도 구하고 또 저 혼자서 공부도 해 보면서 어 적응을 하고 적성에 맞춰 보려고 노력을 하겠고 음 다른 그 직무가 적성에 맞지 않아서 다른 직무가 주어지더라도 똑같이 노력하는 모습을 보여드릴 수 있는 그런 직원이 되고 싶습니다.","wordCount":160},"emotion":[],"intent":[{"text":"","expression":"","category":"attitude"}],"summary":{"text":"직무가 적성에 맞지 않는다고 했을 때 두 가지 태도를 보일 수 있습니다. 무기력하게 포기하는 것과 열심히 하려는 모습을 보이는 것 이 두 가지 태도를 보였을 때 조금 더 그 사람을 지켜봐 줄 수 있는 여지가 있다고 생각합니다. 저 역시 다른 직무가 주어지더라도 똑같이 노력하는 모습을 보여드릴 수 있는 직원이 되고 싶습니다.","wordCount":51}}},"rawDataInfo":{"question":{"fileFormat":"wav","fileSize":556558,"duration":17390,"samplingBit":16,"channelCount":1,"samplingRate":"16kHz","audioPath":"/Mock/04.RND/Female/New/ckmk_q_rnd_f_n_282817.wav"},"answer":{"fileFormat":"wav","fileSize":3094478,"duration":96700,"samplingBit":16,"channelCount":1,"samplingRate":"16kHz","audioPath":"/Mock/04.RND/Female/New/ckmk_a_rnd_f_n_282817.wav"}}}