{"version":"1.0","dataSet":{"info":{"date":"20230116","occupation":"RND","channel":"MOCK","place":"ONLINE","gender":"FEMALE","ageRange":"-34","experience":"NEW"},"question":{"raw":{"text":"지원자님은 지금까지 살아오면서 새로운 환경에서 전혀 몰랐던 일을 맡아서 진행해 본 경험이 있나요 있다면 소개해 주세요","wordCount":16},"emotion":[],"intent":[]},"answer":{"raw":{"text":"네 일전에 한 의류 제조업체에서 육 개월 간 인턴십을 수행할 적이었습니다. 어 그 현장에서의 어떤 실무를 전혀 알지 못했던 어 우리 좀 동기분들에게 굉장히 좀 가르치기 좀 귀찮아 하시던 사수분이 계셨고 그분은 이런 것도 못하냐면서 가르치기는 커녕 좀 되려 역정을 내는 고런 스타일이셨는데 어 그분 옆에서 하시는 어떤 모든 어 근무의 어떤 형태들을 그까는 어 생산 의뢰서를 확인하고 또 원단 및 부자재 등을 좀 수령하고 그런 패턴 모형을 어 최소한도의 어떤 조각이 나오도록 그 소모량이 최소화되도록 디자인하고 좀 재단을 하는 그런 일련의 과정들을 눈대중으로 다 이제 우리가 어깨너머를 보고 배워야 하는 그런 상황이 있었습니다. 어 이 육 개월이 정 결코 헛되지 않게 하겠다는 그런 굳은 결심으로 전 어깨너머로 그 부분들을 악착같이 흡수했고 이런 어 어떤 퍼포먼스를 좀 내고 우수한 성적으로 해당 인턴십을 졸업했던 경험이 있습니다.","wordCount":125},"emotion":[{"text":"어 이 육 개월이 정 결코 헛되지 않게 하겠다는 그런 굳은 결심으로 전 어깨너머로 그 부분들을 악착같이 흡수했고 이런 어   어떤 퍼포먼스를 좀 내고 우수한 성적으로 해당 인턴십을 졸업했던 경험이 있습니다.","expression":"u-fact","category":"neutral"}],"intent":[{"text":"어 그 현장에서의 어떤 실무를 전혀 알지 못했던   어 우리 좀 동기분들에게 굉장히 좀 가르치기 좀 귀찮아 하시던 사수분이 계셨고   그분은 이런 것도 못하냐면서 가르치기는 커녕 좀 되려 역정을 내는 고런 스타일이셨는데   어 그분 옆에서 하시는 어떤 모든 어 근무의 어떤 형태들을 그까는   어 생산 의뢰서를 확인하고 또 원단 및 부자재 등을 좀 수령하고   그런 패턴 모형을 어 최소한도의 어떤 조각이 나오도록 그 소모량이 최소화되도록 디자인하고 좀   재단을 하는 그런 일련의 과정들을 눈대중으로 다 이제 우리가 어깨너머를 보고 배워야 하는 그런 상황이 있었습니다.","expression":"c_adp","category":"personality"}],"summary":{"text":"네 일전 한 의류 제조업체에서 인턴십을 수행할 적었습니다. 현장 실무를 전혀 알지 못했던 동기들에게 가르치기 귀찮아하는 사수분이 있었습니다. 그분은 가르치기는 커녕 역정을 내는 스타일이셨는데 제가 어깨너머로 그 부분들을 악착같이 흡수했고 우수한 성적으로 해당 인턴쉽을 졸업했던 경험이 있습니다.","wordCount":37}}},"rawDataInfo":{"question":{"fileFormat":"wav","fileSize":448078,"duration":14000,"samplingBit":16,"channelCount":1,"samplingRate":"16kHz","audioPath":"/Mock/04.RND/Female/New/ckmk_q_rnd_f_n_133458.wav"},"answer":{"fileFormat":"wav","fileSize":2737998,"duration":85560,"samplingBit":16,"channelCount":1,"samplingRate":"16kHz","audioPath":"/Mock/04.RND/Female/New/ckmk_a_rnd_f_n_133458.wav"}}}