{"version":"1.0","dataSet":{"info":{"date":"20230116","occupation":"RND","channel":"MOCK","place":"ONLINE","gender":"FEMALE","ageRange":"35-44","experience":"NEW"},"question":{"raw":{"text":"창의성과 팀워크 중에 지원자님이 생각하시기엔 어떤 것이 더 중요하다고 생각하시나요 그리고 그렇게 생각한 근거도 함께 말씀해 주시길 바랍니다","wordCount":18},"emotion":[],"intent":[]},"answer":{"raw":{"text":"창의성과 팀워크 중 저는 제가 좀 더 중요하다고 생각하는 것은 팀 워크라고 생각합니다. 물론 창의성도 중요하지만 비중으로 따지면 저는 팀 워크가 좀 더 중요하다고 생각을 합니다. 그 팀이 얼마나 잘 소통하고 서로 잘 도와서 문제를 잘 해결하고 얼마나 큰 성과를 내는 지가 팀 워크의 핵심이라고 저는 생각합니다. 팀 워크가 중요한 이유는 첫 번째는 팀 워크가 팀의 성과를 만듭니다. 팀 워크는 팀의 성과를 오락가락하는 가장 중요한 요소 중 하나입니다. 두 번째는 팀 워크가 동기부여가 됩니다. 자신의 팀에서 팀 워크가 잘 맞는다는 신호는 모두가 자신의 일을 열심히 하는 상황입니다. 세 번째로는 믿음과 배려라고 저는 생각합니다. 믿음과 배려가 없으면은 서로 같이 일을 할 수가 없습니다.","wordCount":102},"emotion":[],"intent":[{"text":"창의성과 팀워크 중 저는 제가 좀 더 중요하다고 생각하는 것은   팀 워크라고 생각합니다.","expression":"c_cop","category":"personality"},{"text":"물론 창의성도 중요하지만 비중으로 따지면 저는 팀 워크가 좀 더 중요하다고 생각을 합니다.","expression":"c_cop","category":"personality"},{"text":"그 팀이 얼마나 잘 소통하고 서로 잘 도와서 문제를 잘 해결하고 얼마나 큰   성과를 내는 지가 팀 워크의 핵심이라고 저는 생각합니다.","expression":"c_cop","category":"personality"},{"text":"팀 워크는 팀의 성과를 오락가락하는 가장 중요한 요소 중 하나입니다.","expression":"c_cop","category":"personality"}],"summary":{"text":"창의성도 중요하지만 팀워크가 좀 더 중요하다고 생각합니다. 그 팀이 얼마나 잘 소통하고 서로 잘 도와서 문제를 잘 해결하고 얼마나 큰 성과를 내는 지가 핵심이라고 생각합니다. 팀 워크가 중요한 이유는 팀의 성과를 만들고, 동기부여가 되며, 믿음과 배려가 있기 때문입니다.","wordCount":38}}},"rawDataInfo":{"question":{"fileFormat":"wav","fileSize":435278,"duration":13600,"samplingBit":16,"channelCount":1,"samplingRate":"16kHz","audioPath":"/Mock/04.RND/Female/New/ckmk_q_rnd_f_n_190603.wav"},"answer":{"fileFormat":"wav","fileSize":2440398,"duration":76260,"samplingBit":16,"channelCount":1,"samplingRate":"16kHz","audioPath":"/Mock/04.RND/Female/New/ckmk_a_rnd_f_n_190603.wav"}}}