{"version":"1.0","dataSet":{"info":{"date":"20230116","occupation":"RND","channel":"MOCK","place":"ONLINE","gender":"FEMALE","ageRange":"-34","experience":"NEW"},"question":{"raw":{"text":"현재 우리나라의 많은 대기업들이 해외로 공장을 이전하고 있습니다 지원자님은 이에 찬성하십니까 반대하십니까 입장을 말씀해 주시고 그 이유도 함께 이야기해 주세요","wordCount":20},"emotion":[],"intent":[]},"answer":{"raw":{"text":"일단 인력 부분과 그리고 어 해외 인프라가 분명히 좋은 부분들이 있기 때문에 해외 공장으로 이전하는 부분에 대해서는 저는 찬성을 하는 입장입니다. 그렇지만 저는 가장 중요한 핵심 그런 기술들을 기술들은 해외로 절대 유출이 돼서는 안 된다 라고 생각을 하는데요. 그래서 물론 음 제조업이나 이런 부분 이런 쪽 분야는 분명히 인건비가 저렴한 인도네시아나 개발 도상국으로 이전을 하는 게 기업 이윤적인 측면에서는 또 도움이 된다 라고 생각을 하지만 우리가 장기적으로 보았을 때 기술 유출이 되면 안 되기 때문에 그런 핵심 기술들은 여전히 국내에서 제반 시설이 계속 있어야만 우리가 이 기술들을 잘 유지 유지할 수 있고 보존할 수 있고 또 발전해 나갈 수 있다 라고 생각을 합니다. 그래서 인건비가 물론 비싸겠지만 저희가 국내에 어 공장이 있고 메인 랩이 있다 라면은 이 부분을 잘 유지하는 게 국가 경쟁력에도 도움이 된다 라고 생각합니다.","wordCount":127},"emotion":[],"intent":[{"text":"","expression":"","category":"attitude"}],"summary":{"text":"해외 공장으로 이전하는 것에 찬성합니다. 하지만 핵심 기술들은 해외로 유출되면 안 됩니다. 기술들이 유지, 보존, 발전하려면 국내 제반 시설이 있어야 합니다. 인건비가 비싸겠지만 공장과 메인 랩을 유지하면 국가 경쟁력에도 도움이 될 것입니다.","wordCount":32}}},"rawDataInfo":{"question":{"fileFormat":"wav","fileSize":634958,"duration":19840,"samplingBit":16,"channelCount":1,"samplingRate":"16kHz","audioPath":"/Mock/04.RND/Female/New/ckmk_q_rnd_f_n_171014.wav"},"answer":{"fileFormat":"wav","fileSize":2708878,"duration":84650,"samplingBit":16,"channelCount":1,"samplingRate":"16kHz","audioPath":"/Mock/04.RND/Female/New/ckmk_a_rnd_f_n_171014.wav"}}}