{"version":"1.0","dataSet":{"info":{"date":"20230116","occupation":"RND","channel":"MOCK","place":"ONLINE","gender":"FEMALE","ageRange":"-34","experience":"NEW"},"question":{"raw":{"text":"지원자분께서 일을 하시다 보면 업무량이 과도하게 많아질 수도 있습니다 그와 같이 과도하게 많아진 업무량 역시도 잘 버텨낼 자신이 있으신지 답변해 주세요","wordCount":21},"emotion":[],"intent":[]},"answer":{"raw":{"text":"일을 하다 보면 업무량이 과도하게 많아질 수 있다고 하셨는데요. 저는 이 직무적으로 어 제가 선배의 위치가 되고 또 조금 더 직급이 올라가게 되면은 업무량이 많아지게 되는 것은 당연한 것이라고 생각을 합니다. 그래서 우선은 업무량이 많아진다고 한다면 제가 일하는 효율을 더 높이려고 노력을 할 것 같습니다. 그런데 제가 생각하기에 그리고 절대적으로 객관적으로 보았을 때 이 업무량은 제 힘으로 해낼 수 없는 것이고 또 다른 사람이 했을 때도 당연히 해내지 못할 만큼의 업무량이라고 한다면 어 선임이나 어 윗분들에게 건의를 해서 좀 더 인력을 늘릴 수 있는 그런 방법에 대해서 건의를 할 것 같습니다. 회사의 입장에서 일하는 사람들이 행복하고 오래 일할 수 있는 환경이어야 어 결국에는 발전할 수 있고 또 경쟁력을 갖추는 것이라고 생각을 합니다. 그래서 이런 부분에서 혼자 끙끙대면서 건강과 그리고 정신 건강 면에서 너무 소모가 된다면 저가 제가 아니라 누구라도 버틸 수 없기 때문에 그렇게 건의를 드릴 수도 있을 것 같습니다.","wordCount":140},"emotion":[],"intent":[{"text":"","expression":"","category":"attitude"}],"summary":{"text":"업무량이 많아진다면 일하는 효율을 높이려고 노력할 것 같습니다. 그런데 객관적으로 업무량이 부족하다면 선임이나 윗분들에게 건의를 해서 더 인력을 늘릴 수 있는 방법에 대해서 건의를 할 것입니다. 회사 입장에서 일하는 사람들이 행복하고 오래 일할 수 있는 환경이어야 경쟁력을 갖추는 것이라고 생각합니다.","wordCount":40}}},"rawDataInfo":{"question":{"fileFormat":"wav","fileSize":501838,"duration":15680,"samplingBit":16,"channelCount":1,"samplingRate":"16kHz","audioPath":"/Mock/04.RND/Female/New/ckmk_q_rnd_f_n_264713.wav"},"answer":{"fileFormat":"wav","fileSize":2922638,"duration":91330,"samplingBit":16,"channelCount":1,"samplingRate":"16kHz","audioPath":"/Mock/04.RND/Female/New/ckmk_a_rnd_f_n_264713.wav"}}}