{"version":"1.0","dataSet":{"info":{"date":"20230116","occupation":"RND","channel":"MOCK","place":"ONLINE","gender":"FEMALE","ageRange":"-34","experience":"NEW"},"question":{"raw":{"text":"지원자님은 본인 스스로가 숫자와 창의 중 어느 것에 더 가까운 사람이라고 생각하시나요 그렇게 생각하시는 이유도 함께 말씀해 주세요","wordCount":18},"emotion":[],"intent":[]},"answer":{"raw":{"text":"저는 제가 생각하기에 창의에 더 가깝다 라고 생각합니다. 왜냐하면 저는 새로운 것을 도전하는 것을 좋아합니다. 그렇기 때문에 창의력을 발생시키고 창의력을 발전시킬 수 있는 상황들을 좋아합니다. 그래서 저는 제가 좀 더 창의 쪽에 가깝다 라고 생각합니다. 새로운 것을 발견하고 새로운 것을 도전하며 새로운 사람들을 만나다 보면 제가 알지 못했던 것들이 떠오르기도 하고 또는 새로운 모든 것을 배울 수 있습니다. 그러한 과정을 겪는 것을 좋아하고 그러한 과정 속에서 창의적으로 행동하고 생각하는 것을 좋아합니다. 창의적으로 생각하고 행동하다 보면 다양한 결과물을 만들어낼 수 있고 그것은 많은 경험이 되고 또한 그 결과가 좋지 않더라도 다양한 새로운 것들을 만들어 낼 수 있는 기회가 된다 라고 생각합니다. 그래서 저는 창의력을 발 발현시키는 것을 좋아하고 창의력에 가깝게 일하는 것을 좋아합니다. 그래서 저는 제가 스스로 생각했을 때는 창의력을 발휘할 수 있는 일에 조금 더 적합한 사람이라고 생각합니다.","wordCount":128},"emotion":[{"text":"왜냐하면 저는 새로운 것을 도전하는 것을 좋아합니다.","expression":"p-happiness","category":"positive"},{"text":"그렇기 때문에 창의력을 발생시키고 창의력을 발전시킬 수 있는 상황들을 좋아합니다.","expression":"p-happiness","category":"positive"},{"text":"그러한 과정을 겪는 것을 좋아하고 그러한 과정 속에서 창의적으로 행동하고 생각하는 것을 좋아합니다.","expression":"p-happiness","category":"positive"},{"text":"그래서 저는 창의력을 발 발현시키는 것을 좋아하고 창의력에 가깝게 일하는 것을 좋아합니다.","expression":"p-happiness","category":"positive"}],"intent":[{"text":"","expression":"","category":"attitude"}],"summary":{"text":"저는 새로운 것을 발견하고 새로운 것을 도전하며 새로운 사람들을 만나면서 새로운 모든 것을 배울 수 있는 과정을 겪는 것을 좋아하고 그러한 과정 속에서 창의적으로 행동하고 생각하는 것을 좋아합니다. 그래서 저는 스스로 창의력을 발휘할 수 있는 일에 조금 더 적합한 사람이라고 생각합니다.","wordCount":41}}},"rawDataInfo":{"question":{"fileFormat":"wav","fileSize":390158,"duration":12190,"samplingBit":16,"channelCount":1,"samplingRate":"16kHz","audioPath":"/Mock/04.RND/Female/New/ckmk_q_rnd_f_n_282328.wav"},"answer":{"fileFormat":"wav","fileSize":2699246,"duration":84349,"samplingBit":16,"channelCount":1,"samplingRate":"16kHz","audioPath":"/Mock/04.RND/Female/New/ckmk_a_rnd_f_n_282328.wav"}}}