{"version":"1.0","dataSet":{"info":{"date":"20230116","occupation":"RND","channel":"MOCK","place":"ONLINE","gender":"FEMALE","ageRange":"-34","experience":"NEW"},"question":{"raw":{"text":"만약 지원자님께서 지원하신 이 부서와 다르게 직무에 맞지 않는 일을 하게 되실 수도 있는데요 그렇게 하신다면 어떻게 대처를 하실 건가요 그래도 괜찮으신가요","wordCount":22},"emotion":[],"intent":[]},"answer":{"raw":{"text":"우선 저에게 직묵 이 이 직무가 저에게 왜 할당되었는지 먼저 생각해 볼 것 같습니다. 어 이 직무가 어 생각을 했을 때 저에게 있어서 어 합당하다고 생각 합당하다고 생각되어 배정된 것이라면 최대한 노력해서 저도 최대한 노력해 어 잘 해낼 수 있도록 노력할 것 같습니다. 어 아무리 아무래도 어 익숙하진 않더라도 어 다른 새로운 것을 해보는 것도 저에게는 굉장히 도움이 될 수 있을 거라고 생각하기 때문에 우선은 해볼 것 같습니다.","wordCount":68},"emotion":[],"intent":[{"text":"","expression":"","category":"attitude"}],"summary":{"text":"직무가 할당된 이유를 생각해보고 새로운 것을 해보는 것이 저에게는 도움이 될 것이라고 생각하기 때문에 우선은 해볼 것 같습니다.","wordCount":18}}},"rawDataInfo":{"question":{"fileFormat":"wav","fileSize":488078,"duration":15250,"samplingBit":16,"channelCount":1,"samplingRate":"16kHz","audioPath":"/Mock/04.RND/Female/New/ckmk_q_rnd_f_n_231555.wav"},"answer":{"fileFormat":"wav","fileSize":1143118,"duration":35720,"samplingBit":16,"channelCount":1,"samplingRate":"16kHz","audioPath":"/Mock/04.RND/Female/New/ckmk_a_rnd_f_n_231555.wav"}}}