{"version":"1.0","dataSet":{"info":{"date":"20230116","occupation":"RND","channel":"MOCK","place":"ONLINE","gender":"FEMALE","ageRange":"-34","experience":"NEW"},"question":{"raw":{"text":"어떤 것을 달성하기 위해서 목표를 세워보고 이 삼 년간 열심히 노력해서 그 목표를 달성해 본 경험이 있으신가요","wordCount":17},"emotion":[],"intent":[]},"answer":{"raw":{"text":"제가 과거에 수영 시합을 직관을 간 적이 있는데요. 수영 시합을 보면서 아 나도 저렇게 수영을 하고 싶다 라는 생각을 한 적이 있습니다. 그 길로 저는 수영을 배우기 시작했고 이 년 동안 모든 영법을 배웠었는데요. 그렇게 영법을 자유자재로 구사를 하다 보니 어 많은 분들께서 시합 제의를 주시더라고요. 그래서 이렇게 영법을 다 배우고 처음으로 평형이라는 종목으로 시합을 나갔는데요. 물론 결과는 제가 생각했던 것 만큼 그렇게 좋지는 않았지만 제가 처음에 목표로 했던 그 시합 수영 시합에 나갔던 거에 저는 큰 만족을 했었고 목표를 달성한 제 자신이 정말 자랑스러웠던 경험이 있습니다.","wordCount":87},"emotion":[{"text":"물론 결과는 제가 생각했던 것 만큼 그렇게 좋지는 않았지만 제가 처음에 목표로 했던 그 시합 수영 시합에 나갔던 거에 저는 큰 만족을 했었고 목표를 달성한 제 자신이 정말 자랑스러웠던 경험이 있습니다.","expression":"p-achievement","category":"positive"}],"intent":[{"text":"","expression":"","category":"attitude"}],"summary":{"text":"수영을 배운 이후로 모든 영법을 자유자재로 구사하게 되었고 처음으로 평형 종목으로 시합을 나갔습니다. 결과는 좋지 않았지만 목표를 달성한 것에 만족했고 제 자신이 자랑스러웠던 경험이 있습니다.","wordCount":25}}},"rawDataInfo":{"question":{"fileFormat":"wav","fileSize":310478,"duration":9700,"samplingBit":16,"channelCount":1,"samplingRate":"16kHz","audioPath":"/Mock/04.RND/Female/New/ckmk_q_rnd_f_n_290473.wav"},"answer":{"fileFormat":"wav","fileSize":1889358,"duration":59040,"samplingBit":16,"channelCount":1,"samplingRate":"16kHz","audioPath":"/Mock/04.RND/Female/New/ckmk_a_rnd_f_n_290473.wav"}}}