{"version":"1.0","dataSet":{"info":{"date":"20230116","occupation":"RND","channel":"MOCK","place":"ONLINE","gender":"FEMALE","ageRange":"-34","experience":"NEW"},"question":{"raw":{"text":"어 전공 외에 자신이 수준급이 실력 수준급의 실력이 될 정도로 노력한 것이 있으실 텐데요 있다면 그것이 전공과 관련해서 어떤 도움을 주는지 궁금합니다","wordCount":22},"emotion":[],"intent":[]},"answer":{"raw":{"text":"저는 언어 전공 외에 언어를 굉장히 어 수준급으로 하기 위해 노력했는데요. 저는 특히 영어와 독일어에 집중을 했습니다. 아무래도 저와 같이 어 공학을 전공한 친구들은 어 언어에 대해서 많이 어려움을 겪고 있는데 언어는 어느 회사를 가던 아니면 제가 어떤 일을 하게 되던 어 굉장한 씨너지 효과를 낼 수 있다고 생각하기 때문에 영어와 독일어를 어 열심히 공부했습니다. 따라서 해외 바이어들을 만나거나 아니면 해외 논문을 읽을 때 굉장히 도움이 돼서 저는 제 전공과 엄청한 씨너지를 일으킨다고 생각합니다.","wordCount":74},"emotion":[],"intent":[{"text":"","expression":"","category":"attitude"}],"summary":{"text":"저는 언어 전공 외에 영어와 독일어에 집중했습니다. 해외 바이어들을 만나거나 해외 논문을 읽을 때 도움이 돼 전공과 엄청난 시너지를 일으키는 것 같습니다.","wordCount":22}}},"rawDataInfo":{"question":{"fileFormat":"wav","fileSize":487758,"duration":15240,"samplingBit":16,"channelCount":1,"samplingRate":"16kHz","audioPath":"/Mock/04.RND/Female/New/ckmk_q_rnd_f_n_231559.wav"},"answer":{"fileFormat":"wav","fileSize":1220878,"duration":38150,"samplingBit":16,"channelCount":1,"samplingRate":"16kHz","audioPath":"/Mock/04.RND/Female/New/ckmk_a_rnd_f_n_231559.wav"}}}