{"version":"1.0","dataSet":{"info":{"date":"20230116","occupation":"RND","channel":"MOCK","place":"ONLINE","gender":"FEMALE","ageRange":"-34","experience":"NEW"},"question":{"raw":{"text":"지금 공부하고 있는 분야가 있으신가요 있다면 왜 그것을 공부하고 있고 지금까지 무엇을 공부하셨는지 답변해 주실 수 있나요","wordCount":17},"emotion":[],"intent":[]},"answer":{"raw":{"text":"저는 현재 프랑스어를 공부하고 있습니다. 왜 프랑스어를 공부하냐면요. 저는 어릴 때부터 프랑스어에 대한 로망이 있었습니다. 아멜리에라는 영화를 보게 되었는데요. 그 영화 속 주인공이 너무나도 사랑스럽고 영화 자체도 너무너무 재미있었습니다. 장 피에르 주네라는 프랑스 감독인데요. 그 감독의 영화가 굉장히 재미있었습니다. 초현실주의 영화라고 많이들 이야기를 하는데요. 이 영화를 자막 없이 볼 수 있으면 얼마나 좋을까 라고 생각을 했습니다. 프랑스어를 공부할 때 문법도 중요하지만 시험 공부를 하는 것이 언어를 깨우치는 데 더 좋을 것 같습니다. 그리고 요즘에는 언어교환 앱을 쓰고 있습니다. 일 대 일로 메시지를 주고받을 수도 있구요. 페이스북처럼 타임 라인에 글을 올려서 작문을 쓴 것을 수정도 받구요. 공감대도 형성할 수 있습니다. 카카오톡이랑 와치앱이랑은 달리 언어 교환이 목적이므로 좋은 점이 많습니다. 프랑스어를 쓰다 보면 내가 사용하는 문장 구조가 정말 제한적이다 라고 느껴지기 때문에 언어 교환을 하는 것은 정말 좋은 것 같습니다. 저는 지금까지 프랑스어를 공부하고 있습니다.","wordCount":133},"emotion":[],"intent":[{"text":"","expression":"","category":"attitude"}],"summary":{"text":"어릴 때부터 프랑스어에 대한 로망이 있었는데, 초현실주의 영화 아멜리에라는 영화를 보게 되면서 프랑스어를 공부해야 겠다는 생각이 들었습니다. 요즘은 언어교환 앱을 쓰고 있는데, 카카오톡이나 와치앱과는 달리 언어 교환이 목적이므로 좋습니다.","wordCount":29}}},"rawDataInfo":{"question":{"fileFormat":"wav","fileSize":611918,"duration":19120,"samplingBit":16,"channelCount":1,"samplingRate":"16kHz","audioPath":"/Mock/04.RND/Female/New/ckmk_q_rnd_f_n_279613.wav"},"answer":{"fileFormat":"wav","fileSize":3804558,"duration":118890,"samplingBit":16,"channelCount":1,"samplingRate":"16kHz","audioPath":"/Mock/04.RND/Female/New/ckmk_a_rnd_f_n_279613.wav"}}}