{"version":"1.0","dataSet":{"info":{"date":"20230116","occupation":"RND","channel":"MOCK","place":"ONLINE","gender":"FEMALE","ageRange":"45-54","experience":"NEW"},"question":{"raw":{"text":"지원자님께서는 지금 공부하고 있는 분야는 무엇인가요 왜 그걸 공부하는지 지금까지 무엇을 배웠는지 말씀해 주시기 바랍니다","wordCount":15},"emotion":[],"intent":[]},"answer":{"raw":{"text":"저는 현재 인공지능에 대한 공부를 하고 있는데요. 이것을 공부하게 된 이유는 제가 업무를 처리하다 보니 갈수록 인공지능과 관련된 것들이 많더라고요. 프로그램을 사용하다 보면 인공지능이 결정해서 이야기해주거나 아니면 그걸 기반으로 결과가 나오는 상황이 많아요. 그래서 이런 것들을 잘 알지 못하면 앞으로 업무에 제가 도태될 것 같아서 열심히 공부하고 있습니다.","wordCount":48},"emotion":[],"intent":[{"text":"","expression":"","category":"attitude"}],"summary":{"text":"업무처리시 인공지능이 결정, 이야기 해주거나 결과를 기반으로 결과가 나오는 경우가 많아 앞으로 업무에 도태될 것 같아 인공지능에 대해 공부하고 있습니다.","wordCount":20}}},"rawDataInfo":{"question":{"fileFormat":"wav","fileSize":553038,"duration":17280,"samplingBit":16,"channelCount":1,"samplingRate":"16kHz","audioPath":"/Mock/04.RND/Female/New/ckmk_q_rnd_f_n_245094.wav"},"answer":{"fileFormat":"wav","fileSize":1120718,"duration":35020,"samplingBit":16,"channelCount":1,"samplingRate":"16kHz","audioPath":"/Mock/04.RND/Female/New/ckmk_a_rnd_f_n_245094.wav"}}}