{"version":"1.0","dataSet":{"info":{"date":"20230116","occupation":"RND","channel":"MOCK","place":"ONLINE","gender":"FEMALE","ageRange":"-34","experience":"NEW"},"question":{"raw":{"text":"지원자분께서는 본인이 창의적으로 어떠한 문제를 해결하셨던 경험이 있으신지 궁금합니다 이와 같은 과정을 최대한 자세하게 설명해 주시면 좋을 것 같습니다","wordCount":19},"emotion":[],"intent":[]},"answer":{"raw":{"text":"제가 창의적으로 어떤 문제를 해결한 경험이 있냐고 물어보셨습니다. 제가 창의적으로 문제를 해결한 경험은 이전 회사에서 제가 어 청소년들을 대상으로 하는 일들을 했었는데요. 이때 청소년들이 어 좋아하는 프로그램을 생각해 낸 것이 바로 창의적으로 문제를 해결한 경험이라고 할 수 있겠습니다. 보통은 어 다른 기관이나 어 상용적으로 쓰이는 그런 프로그램을 진행하기 마련인데 저는 프로 청소년들의 자존감 형성을 위한 프로그램으로 어 청소년들이 요즘 좋아하는 그런 콘텐츠를 가지고 와서 접목하려고 한 것이 창의적으로 문제를 해결하려는 그런 시도였습니다. 어 요즘에 유행하고 있는 인생 네 컷이라는 그런 셀프 사진관에 착안해서 그것과 관련한 자존감 형성 프로그램을 한 번 만들어 봤더니 청소년들의 흥미도도 올라가고 그리고 그들의 니즈도 충족하면서 동시에 자존감도 형성되는 그런 두 가지 토끼를 모두 잡은 그런 결과를 얻을 수 있었습니다. 그래서 저는 그 경험을 창의적으로 문제를 해결한 경험으로 제일 먼저 떠올리게 되었습니다.","wordCount":125},"emotion":[],"intent":[{"text":"어 요즘에 유행하고 있는 인생 네 컷이라는 그런 셀프 사진관에 착안해서 그것과 관련한 자존감 형성 프로그램을 한 번 만들어 봤더니 청소년들의 흥미도도 올라가고 그리고 그들의 니즈도 충족하면서 동시에 자존감도 형성되는 그런 두 가지 토끼를 모두 잡은 그런 결과를 얻을 수 있었습니다.","expression":"r_prsv","category":"attitude"}],"summary":{"text":"창의적으로 문제를 해결한 경험은 이전 회사에서 청소년들을 대상으로 하는 일들을 했을 때 청소년들이 좋아하는 콘텐츠를 가지고 와서 접목하려고 한 것이 바로 창의적 문제 해결의 시도였습니다. 인생 네 컷이라는 셀프 사진관에 착안해서 그것과 관련한 자존감 형성 프로그램을 만들어 봤더니 청소년들의 흥미도도 올라가고 자존감도 형성되었습니다.","wordCount":43}}},"rawDataInfo":{"question":{"fileFormat":"wav","fileSize":529678,"duration":16550,"samplingBit":16,"channelCount":1,"samplingRate":"16kHz","audioPath":"/Mock/04.RND/Female/New/ckmk_q_rnd_f_n_282815.wav"},"answer":{"fileFormat":"wav","fileSize":3013838,"duration":94180,"samplingBit":16,"channelCount":1,"samplingRate":"16kHz","audioPath":"/Mock/04.RND/Female/New/ckmk_a_rnd_f_n_282815.wav"}}}