{"version":"1.0","dataSet":{"info":{"date":"20230116","occupation":"RND","channel":"MOCK","place":"ONLINE","gender":"FEMALE","ageRange":"-34","experience":"NEW"},"question":{"raw":{"text":"지원자님께서는 일을 할 때 창의성과 팀웍 가운데 더 중요한 것은 무엇이라고 생각을 하십니까 근거를 들어서 함께 말씀해 주시기 바랍니다","wordCount":19},"emotion":[],"intent":[]},"answer":{"raw":{"text":"저는 창의성과 팀워크 중에 가장 더 중요한 것은 팀워크라고 생각을 합니다. 협업 협업을 할 때 그리고 프로젝트를 진행할 때 창의 개인의 창의성 창의성보다는 팀워크가 우선이 되었을 때 더 좋은 결과물이 나온다고 저는 믿고 있습니다. 어 이 창의성이라는 것은 한 사람에게서만 나오는 것이 아니고 팀워크가 기반이 되었을 때 한 사람 한 사람의 아이디어가 모여서 그 집단의 창의성이 저절로 나오게 되는 것이라고 저는 생각을 하고 또 실제로 팀워크를 팀워크가 좋았던 그런 프로젝트에서 더 좋은 결과물 더 창의적인 결과물을 낼 수 있었습니다. 개인의 창의성이 우선이 된다면 그것은 팀 프로젝트 라기보다는 한 개인을 서포트하는 그런 나머지들의 어 그런 모임이라고 할 수 있는 그런 그런 모습일 거라고 생각이 드는데 저는 그렇게 되면 각각의 팀원들이 느낄 수 있는 보람도 적어질 거라고 생각을 합니다. 그래서 저는 창의성과 팀워크 중에 팀워크가 더 중요하다고 생각하는 사람입니다.","wordCount":127},"emotion":[],"intent":[{"text":"저는 창의성과 팀워크 중에 가장 더 중요한 것은 팀워크라고 생각을 합니다.","expression":"c_cop","category":"personality"},{"text":"협업 협업을 할 때 그리고 프로젝트를 진행할 때 창의 개인의 창의성 창의성보다는 팀워크가 우선이 되었을 때 더 좋은 결과물이 나온다고 저는 믿고 있습니다.","expression":"c_cop","category":"personality"},{"text":"어 이 창의성이라는 것은 한 사람에게서만 나오는 것이 아니고 팀워크가 기반이 되었을 때 한 사람 한 사람의 아이디어가 모여서 그 집단의 창의성이 저절로 나오게 되는 것이라고 저는 생각을 하고 또 실제로 팀워크를 팀워크가 좋았던 그런 프로젝트에서 더 좋은 결과물 더 창의적인 결과물을 낼 수 있었습니다.","expression":"c_cop","category":"personality"},{"text":"개인의 창의성이 우선이 된다면 그것은 팀 프로젝트 라기보다는 한 개인을 서포트하는 그런 나머지들의 어 그런 모임이라고 할 수 있는 그런 그런 모습일 거라고 생각이 드는데 저는 그렇게 되면 각각의 팀원들이 느낄 수 있는 보람도 적어질 거라고 생각을 합니다.","expression":"c_cop","category":"personality"},{"text":"그래서 저는 창의성과 팀워크 중에 팀워크가 더 중요하다고 생각하는 사람입니다.","expression":"c_cop","category":"personality"}],"summary":{"text":"개인보다는 팀워크가 우선이 되었을 때 더 좋은 결과물이 나온다고 믿고 있습니다. 개인의 창의성이 우선이 된다면 개인을 서포트하는 나머지의 모임이라고 할 수 있는 것 같습니다. 그러면 각각의 팀원들이 느낄 수 있는 보람도 적어질 거라고 생각합니다.","wordCount":34}}},"rawDataInfo":{"question":{"fileFormat":"wav","fileSize":555598,"duration":17360,"samplingBit":16,"channelCount":1,"samplingRate":"16kHz","audioPath":"/Mock/04.RND/Female/New/ckmk_q_rnd_f_n_282934.wav"},"answer":{"fileFormat":"wav","fileSize":2913678,"duration":91050,"samplingBit":16,"channelCount":1,"samplingRate":"16kHz","audioPath":"/Mock/04.RND/Female/New/ckmk_a_rnd_f_n_282934.wav"}}}