{"version":"1.0","dataSet":{"info":{"date":"20230116","occupation":"RND","channel":"MOCK","place":"ONLINE","gender":"FEMALE","ageRange":"-34","experience":"NEW"},"question":{"raw":{"text":"시간이 남을 때는 주로 무슨 일을 하시나요 그렇다면 그 일을 하는 이유는 무엇인지 설명하실 수 있을까요","wordCount":16},"emotion":[],"intent":[]},"answer":{"raw":{"text":"저는 시간이 남을 때 주로 동영상을 시청하곤 합니다. 저는 별다른 취미가 없는데요. 게임도 잘 못하는 편이라서 즐겨하지 않고요. 독서도 가끔 하는 편이고 또 날씨가 추워지면서 밖으로 잘 돌아다니지도 않습니다. 그래서 저는 이 남는 시간에 무엇을 하면 좋을까 라고 고민을 해 본 결과 동영상 시청을 주로 하는 편입니다. 영화를 보거나 예능 프로그램을 보거나 혹은 드라마를 보거나 하면서 시간을 보내는데요. 그러다 보니 제가 좋아하는 드라마는 일 화부터 마지막 화까지 세 번 이상을 본 드라마도 있고요. 정말 좋아하는 영화 또한 다섯 번 이상 시청한 적이 있습니다. 저는 시간이 남을 때 이렇게 동영상을 보면서 저의 여가 시간을 보내는 편입니다.","wordCount":95},"emotion":[],"intent":[{"text":"","expression":"","category":"attitude"}],"summary":{"text":"저는 별다른 취미가 없어 시간이 남을 때 주로 동영상 시청을 합니다. 영화나 예능 프로그램을 보거나 혹은 드라마와 같이 시간을 보내다 보니 제가 좋아하는 드라마나 영화를 다섯 번 이상 시청한 적이 있습니다.","wordCount":31}}},"rawDataInfo":{"question":{"fileFormat":"wav","fileSize":293198,"duration":9160,"samplingBit":16,"channelCount":1,"samplingRate":"16kHz","audioPath":"/Mock/04.RND/Female/New/ckmk_q_rnd_f_n_290167.wav"},"answer":{"fileFormat":"wav","fileSize":2016718,"duration":63020,"samplingBit":16,"channelCount":1,"samplingRate":"16kHz","audioPath":"/Mock/04.RND/Female/New/ckmk_a_rnd_f_n_290167.wav"}}}