{"version":"1.0","dataSet":{"info":{"date":"20230116","occupation":"RND","channel":"MOCK","place":"ONLINE","gender":"FEMALE","ageRange":"-34","experience":"NEW"},"question":{"raw":{"text":"최근 공부하고 있는 분야는 무엇인가요 그렇다면 그것을 왜 공부하고 있는지 이제까지는 어떤 것들을 배웠는지도 함께 말씀해 주세요","wordCount":17},"emotion":[],"intent":[]},"answer":{"raw":{"text":"지금 제가 공부하고 있는 분야는 바로 영어입니다. 제가 영어를 공부하는 이유는 이 영어라는 언어가 어 어디에서나 쓰일 수 있는 언어고 또 특히나 해외에 있는 지사 그리고 그런 거래처와 연락을 할 일이 많은 저희 회사의 경우에는 이 영어가 꼭 필요한 부분이라고 생각해서 입니다. 실제로 이 회사에서 일을 하면서 영어를 쓸 일이 많았고 또 영어로 어 서류를 작성할 일도 많았다고 생각이 듭니다. 그래서 저는 이 영어를 꾸준히 공부해 왔고 앞으로도 꾸준히 해 나갈 생각입니다. 그래서 만약에 회사에서 어 영어권 나라로 파견해 나가거나 아니면 저의 도움을 받아서 영어 서류를 작성할 수 있냐는 그런 질문이나 어 부탁을 받았을 때 어 나서서 제가 할 수 있는 그런 어 직원이 되고 싶고 그걸로 인해서 제가 꼭 이 부서에 필요한 사람이 되고 싶습니다.","wordCount":116},"emotion":[],"intent":[{"text":"","expression":"","category":"attitude"}],"summary":{"text":"영어는 어디서나 쓰일 수 있는 언어이기 때문에 꾸준히 공부하고 있습니다. 회사에서 영어권 나라로 파견해 나가거나 본인의 도움을 받아서 영어 서류를 작성할 수 있냐는 질문이나 부탁을 받았을 때 제가 할 수 있는 사람이 되고 싶습니다.","wordCount":34}}},"rawDataInfo":{"question":{"fileFormat":"wav","fileSize":345038,"duration":10780,"samplingBit":16,"channelCount":1,"samplingRate":"16kHz","audioPath":"/Mock/04.RND/Female/New/ckmk_q_rnd_f_n_282935.wav"},"answer":{"fileFormat":"wav","fileSize":2543438,"duration":79480,"samplingBit":16,"channelCount":1,"samplingRate":"16kHz","audioPath":"/Mock/04.RND/Female/New/ckmk_a_rnd_f_n_282935.wav"}}}