{"version":"1.0","dataSet":{"info":{"date":"20230116","occupation":"RND","channel":"MOCK","place":"ONLINE","gender":"FEMALE","ageRange":"45-54","experience":"NEW"},"question":{"raw":{"text":"아 본인이 생각하는 본인의 장점과 단점에 대해서 말씀해 주시고 또 그것을 특화시키고 단점은 극복하기 위해서 어떤 노력을 하셨는지도 같이 말씀해 주세요","wordCount":21},"emotion":[],"intent":[]},"answer":{"raw":{"text":"저의 장점과 단점을 말씀드리겠습니다. 일단 장점은 저는 사람들과의 소통에 능력이 뛰어나다는 것입니다. 소통 능력 중에 하나가 이야기를 전달하고 그다음에 상대방이 저의 이야기를 잘 들어주고 또 다른 사람들과의 관계를 아주 편안하게 하는 건데요. 어 그것 중의 하나가 이야기 전달 능력이 뛰어나다고 생각합니다. 저의 목소리나 저의 목소리 톤 말하는 발화 등이 상대방을 편안하게 해주고 신뢰감을 주기 때문에 어 제가 소속되어 있는 팀이나 모임 등에서는 제가 있을 때 더 즐겁다는 이야기를 많이 하고 있습니다. 저는 특히 이런 의사소통 능력을 어 극대화하기 위해서 어 책도 그와 관련된 대화법이라든가 아니면 코칭에 관련된 어 수업도 들어서 상대방의 이야기를 잘 듣고 또한 어 공감할 수 있는 능력을 키우고 있습니다. 그래서 저의 단점이라고 하면 이렇게 소통 잘하고 모임을 좋아하다 보니 사람들이 만나자고 하면 거절을 하지 못하는 그런 경향이 있습니다. 그래서 저의 의사소통 능력이 장점이기도 하지만 어쩔 때는 단점이 되기도 합니다.","wordCount":132},"emotion":[],"intent":[{"text":"어 그것 중의 하나가 이야기 전달 능력이 뛰어나다고 생각합니다.","expression":"c_person","category":"background"},{"text":"그래서 저의 의사소통 능력이 장점이기도 하지만 어쩔 때는   단점이 되기도 합니다.","expression":"c_person","category":"background"}],"summary":{"text":"저는 사람들과의 소통에 능력이 뛰어나고, 이야기를 잘 전달하고 다른 사람과의 관계를 편안하게 하는 소통 능력이 뛰어나다고 생각합니다. 책도 그와 관련된 대화법이나 코칭에 관련된 수업도 들어서 상대방의 이야기를 잘 듣고 공감할 수 있는 능력을 키우고 있습니다. 그래서 의사소통 능력이 장점인 동시에 단점이 되기도 합니다.","wordCount":43}}},"rawDataInfo":{"question":{"fileFormat":"wav","fileSize":434318,"duration":13570,"samplingBit":16,"channelCount":1,"samplingRate":"16kHz","audioPath":"/Mock/04.RND/Female/New/ckmk_q_rnd_f_n_149534.wav"},"answer":{"fileFormat":"wav","fileSize":2866318,"duration":89570,"samplingBit":16,"channelCount":1,"samplingRate":"16kHz","audioPath":"/Mock/04.RND/Female/New/ckmk_a_rnd_f_n_149534.wav"}}}