{"version":"1.0","dataSet":{"info":{"date":"20230116","occupation":"RND","channel":"MOCK","place":"ONLINE","gender":"FEMALE","ageRange":"-34","experience":"NEW"},"question":{"raw":{"text":"일을 하다가 만약 상사에게 어려운 지시를 받는다면 어떻게 하실 건가요 그 이유도 함께 구체적으로 말씀해 주실 수 있을까요","wordCount":18},"emotion":[],"intent":[]},"answer":{"raw":{"text":"일을 하다가 만약 상사에게 어려운 지시를 받는다면 저는 이 어려운 지시와 관련해서 업무적인 부분에서 어려운 지시를 내리신다면 저를 어 정말 믿으시는구나 그리고 조금 더 많은 역할을 저에게 주고 싶으신 신 거구나 라고 받아 들여서 열심히 그 업무를 해낼 수 있도록 음 지식적으로 그리고 기술적으로 어 더 저를 채우려고 노력을 할 것 같습니다. 그리고 필요하다면 선배나 선임님 선임분들께 어 조언도 구하는 그런 적극적인 자세를 내보이고 싶습니다. 하지만 상사가 저에게 어 내리는 지시가 조금 저에게 모욕적인 지시라거나 아니면 제가 절대로 할 수 없는 일을 누구도 할 수 없는 일을 시키시는 그런 그런 류의 지시라면 저는 그런 부적절한 처사에 대해서 어 저의 생각을 상사분께 말씀을 잘 조리 있게 전달을 할 것 같고 어 더 오래 제가 이 회사에서 일하기 위해서 더 윗선에다가 그런 회사의 문화를 해치는 그런 일들을 보고할 필요도 있다고 생각을 합니다.","wordCount":130},"emotion":[],"intent":[{"text":"","expression":"","category":"attitude"}],"summary":{"text":"상사로부터 어려운 지시를 받았을 때 더 많은 도움을 받을 수 있도록 노력하겠습니다. 필요한 경우 선배나 선임 분들께 조언도 구할 것이며, 더 오래 일하기 위해 윗사람에게 회사의 문화를 해치는 일들을 보고할 필요도 있다고 생각합니다.","wordCount":33}}},"rawDataInfo":{"question":{"fileFormat":"wav","fileSize":596878,"duration":18650,"samplingBit":16,"channelCount":1,"samplingRate":"16kHz","audioPath":"/Mock/04.RND/Female/New/ckmk_q_rnd_f_n_264786.wav"},"answer":{"fileFormat":"wav","fileSize":2803918,"duration":87620,"samplingBit":16,"channelCount":1,"samplingRate":"16kHz","audioPath":"/Mock/04.RND/Female/New/ckmk_a_rnd_f_n_264786.wav"}}}