{"version":"1.0","dataSet":{"info":{"date":"20230116","occupation":"RND","channel":"MOCK","place":"ONLINE","gender":"FEMALE","ageRange":"35-44","experience":"NEW"},"question":{"raw":{"text":"다른 사람이 생각하는 지원자님의 장단점은 뭐라고 생각하시나요 그 이유도 함께 말씀해 주시겠습니까","wordCount":12},"emotion":[],"intent":[]},"answer":{"raw":{"text":"어 다른 사람이 생각하는 저의 장단점은 우선 저는 상대방의 마음을 제일 헤아려 준다는 점입니다. 그래서 주변 사람들과의 트러블도 적은 편이고 한번 맺어진 인연은 길게 가는 편입니다. 특히 친구들이 어려움과 고민이 있을 때면 저에게 먼저 상담을 하는 편이 많은 편이고 저는 잘 들어주는 편이기 때문에 친구들이 말을 하고 나면 편안해진다고 하는 말을 많이 듣는 편입니다. 이러한 성격이 장점이라고 생각하면 또한 단점일 수도 있습니다. 아무래도 제가 주로 듣는 입장이 되다 보니까 제 속마음을 잘 모르겠다는 친구들도 있습니다. 저는 주로 제 얘기를 하는 것보다 들어주는 게 익숙하다 보니 걱정 고민이 있을 때는 친구들과 수다를 떨기보다는 저 스스로에 해결책을 찾는 편입니다. 그러다 보니 주변에서 친구들이 쪼끔은 답답해 하는 경우도 있지만 이제는 저에 그러한 성격을 다 이해해 주는 편입니다.","wordCount":114},"emotion":[],"intent":[{"text":"어 다른 사람이 생각하는 저의 장단점은 우선 저는 상대방의 마음을 제일 헤아려 준다는 점입니다.","expression":"c_person","category":"background"}],"summary":{"text":"다른 사람이 생각하는 저에 대한 장점은 상대방의 마음을 제일 헤아린다는 점입니다. 그래서 주변 사람들과의 트러블도 적은 편이고 한번 맺어진 인연은 길게 가는 편입니다. 이러한 성격이 장점이라고 생각하면 또한 단점일 수도 있는데, 저는 주로 듣는 입장이기 때문에 제 속마음을 잘 모르겠다는 친구들도 있습니다.","wordCount":42}}},"rawDataInfo":{"question":{"fileFormat":"wav","fileSize":346958,"duration":10840,"samplingBit":16,"channelCount":1,"samplingRate":"16kHz","audioPath":"/Mock/04.RND/Female/New/ckmk_q_rnd_f_n_236593.wav"},"answer":{"fileFormat":"wav","fileSize":1970318,"duration":61570,"samplingBit":16,"channelCount":1,"samplingRate":"16kHz","audioPath":"/Mock/04.RND/Female/New/ckmk_a_rnd_f_n_236593.wav"}}}