{"version":"1.0","dataSet":{"info":{"date":"20230116","occupation":"RND","channel":"MOCK","place":"ONLINE","gender":"FEMALE","ageRange":"-34","experience":"NEW"},"question":{"raw":{"text":"패러데이 법칙에 대해서 설명해 주세요","wordCount":5},"emotion":[],"intent":[]},"answer":{"raw":{"text":"패러데이 법칙이란 어 패러데이가 발견한 법칙으로 천 팔백 삼십 삼 년 발견한 전기분해 법칙과 천 팔백 삼십 일 년에 발견한 전자기 유도 법칙이 어 이에 해당합니다. 우선 전기분해는 전기분해를 하는 동안 전극에 흐르는 전하량과 전기분해로 인해 생긴 화학 변화의 양 사이에 정량적인 관계를 나타내는 법칙입니다. 제 일 법칙은 전해질 용액을 전기분해할 때 전극에서 석출되는 물질의 질량은 그 전극을 통과한 전자의 물수에 비례한다. 즉 전류가 더 많이 흐를수록 시간이 지날수록 석출되는 물질의 질량이 많아진다는 법칙입니다. 제 이 법칙은 같은 전기량에 의해 석출되는 물질의 질량은 물질의 종류에 관계없이 각 물질의 화학 당량에 비례한다. 즉 일 그램 당 양의 물질량을 전기분해해서 석출하는 데 필요한 전기량은 물질의 종류와 관계없이 구 어 항상 일정하다는 법칙입니다. 마지막으로 전자기 유도는 전자기 유도에 의해서 회로 내에 유발되는 기절력의 크기는 해도 회로를 관통하는 자기력 산소의 시간에 변해 변화율에 비례한다는 법칙입니다. 이는 기절력의 방향을 정하는 렌즈의 법칙과 함께 전자기 유도가 일어나는 방식을 나타낸 나타냅니다.","wordCount":144},"emotion":[{"text":"패러데이 법칙이란 어 패러데이가 발견한 법칙으로 천 팔백 삼십 삼 년 발견한 전기분해 법칙과 천 팔백 삼십 일 년에 발견한 전자기 유도 법칙이 어 이에 해당합니다.","expression":"u-fact","category":"neutral"},{"text":"우선 전기분해는 전기분해를 하는 동안 전극에 흐르는 전하량과 전기분해로 인해 생긴 화학 변화의 양 사이에 정량적인 관계를 나타내는 법칙입니다.","expression":"u-fact","category":"neutral"},{"text":"제 일 법칙은 전해질 용액을 전기분해할 때 전극에서 석출되는 물질의 질량은 그 전극을 통과한 전자의 물수에 비례한다.","expression":"u-fact","category":"neutral"},{"text":"제 이 법칙은 같은 전기량에 의해 석출되는 물질의 질량은 물질의 종류에 관계없이 각 물질의 화학 당량에 비례한다.","expression":"u-fact","category":"neutral"},{"text":"마지막으로 전자기 유도는 전자기 유도에 의해서 회로 내에 유발되는 기절력의 크기는 해도 회로를 관통하는 자기력 산소의 시간에 변해 변화율에 비례한다는 법칙입니다.","expression":"u-fact","category":"neutral"}],"intent":[{"text":"","expression":"","category":"attitude"}],"summary":{"text":"패러데이 법칙은 전기분해 법칙과 전자기 유도 법칙으로, 전극에 흐르는 전하량과 전극에서 석출되는 물질의 질량은 정량적인 관계이고, 같은 전기량으로 석출될 때 필요한 전기량은 물질의 종류와 관계없이 화학 당량에 비례하고, 회로 내에 유발되는 충격력의 크기는 회로를 관통하는 자기력 산소의 시간에 변해 변화율에 비례한다는 것입니다.","wordCount":42}}},"rawDataInfo":{"question":{"fileFormat":"wav","fileSize":194638,"duration":6080,"samplingBit":16,"channelCount":1,"samplingRate":"16kHz","audioPath":"/Mock/04.RND/Female/New/ckmk_q_rnd_f_n_270315.wav"},"answer":{"fileFormat":"wav","fileSize":3056398,"duration":95510,"samplingBit":16,"channelCount":1,"samplingRate":"16kHz","audioPath":"/Mock/04.RND/Female/New/ckmk_a_rnd_f_n_270315.wav"}}}