{"version":"1.0","dataSet":{"info":{"date":"20230116","occupation":"RND","channel":"MOCK","place":"ONLINE","gender":"FEMALE","ageRange":"-34","experience":"NEW"},"question":{"raw":{"text":"면접자님께서 스터디를 따로 하고 계신 게 있다면 어떤 공부인지 왜 하고 계신지 말씀해 주세요","wordCount":14},"emotion":[],"intent":[]},"answer":{"raw":{"text":"저는 스터디로 중국어 스터디를 하고 있습니다. 왜냐하면 저는 대학교 다닐 때 교양으로 중국어 수업을 들었습니다. 그때 중국어의 매력을 알게 되었고 영어만큼 앞으로 중국어가 더 많이 쓰일 예정이 있기 때문에 그 언어에 대한 미래도 밝다 라고 생각했습니다. 그래서 지금 많이 중국어를 배우고 있습니다. 그리고 중국어 스터디를 같이 하는 사람들도 많이 늘어났습니다. 다른 사람들도 중국어가 이제는 익숙해지기도 했고 많은 사람들이 필요성을 느끼고 있기 때문에 중국어 스터디가 다양하게 있습니다. 그래서 저는 그 중 중국어 회화 스터디를 선택해서 하고 있습니다. 왜냐하면 어떤 일을 하거나 어떤 무엇을 하든지 대화가 제일 중요하다 라고 생각합니다. 그래서 저는 회화 연습을 많이 하고 있고 회화 위주로 하는 스터디를 하고 있습니다. 일주일에 한 번씩 사람들끼리 모여서 회화를 하고 중국어 동영상을 보면서 따라하면서 발음 연습을 합니다. 그래서 저는 중국어가 어느 정도 많이 일정 수준에 올랐다 라고 생각하고 앞으로도 더 능 효율적으로 할 수 있도록 노력하고 있습니다.","wordCount":135},"emotion":[{"text":"왜냐하면 저는 대학교 다닐 때 교양으로 중국어 수업을 들었습니다.","expression":"u-fact","category":"neutral"}],"intent":[{"text":"저는 스터디로 중국어 스터디를 하고 있습니다.","expression":"c_imp","category":"personality"},{"text":"일주일에 한 번씩 사람들끼리 모여서 회화를 하고 중국어 동영상을 보면서 따라하면서 발음 연습을 합니다.","expression":"c_private","category":"background"}],"summary":{"text":"저는 대학교 때 교양으로 중국어 수업을 들을 때 중국어의 매력을 알게 되었고 영어만큼 앞으로 중국어가 많이 쓰일 예정이라 그 언어에 대한 미래도 밝다고 생각했습니다. 그래서 중국어 스터디를 해서 회화 연습을 많이 하고 중국어 동영상을 보면서 따라하면서 발음 연습을 하고 있습니다. 중국어가 어느 정도 일정 수준에 올랐다고 생각하고 앞으로 더 효율적으로 하려고 노력중입니다.","wordCount":52}}},"rawDataInfo":{"question":{"fileFormat":"wav","fileSize":294478,"duration":9200,"samplingBit":16,"channelCount":1,"samplingRate":"16kHz","audioPath":"/Mock/04.RND/Female/New/ckmk_q_rnd_f_n_282331.wav"},"answer":{"fileFormat":"wav","fileSize":2742798,"duration":85710,"samplingBit":16,"channelCount":1,"samplingRate":"16kHz","audioPath":"/Mock/04.RND/Female/New/ckmk_a_rnd_f_n_282331.wav"}}}