{"version":"1.0","dataSet":{"info":{"date":"20230116","occupation":"RND","channel":"MOCK","place":"ONLINE","gender":"FEMALE","ageRange":"-34","experience":"NEW"},"question":{"raw":{"text":"주변 친구들 중에 한 명을 골라서 칭찬해 주세요 가능한 구체적이고 자세하게 그 친구를 칭찬해 주시길 바랍니다","wordCount":16},"emotion":[],"intent":[]},"answer":{"raw":{"text":"우선 제 친구 중에 한 명을 골라서 칭찬하자면 제 친구 중에 굉장히 배우는 것을 좋아하는 친구가 있습니다. 그 친구는 정말 배우는 것을 좋아해서 요가도 배우고 영어도 배우고 그리고 빠텐더도 배웠습니다. 술을 좋아하는데 그런 곳에 놀러 갔을 때 자기가 직접 술을 제조해 보고 싶다는 생각 때문에 그런 기술을 배우고 외국에 나가서 외국 사람들과 영어하는데 스스럼 없이 영어하고 싶다는 생각에 영어를 열심히 배웠습니다. 그리고 본인의 몸이 뻣뻣하다는 이유로 요가에 등록하더니 요가도 정말 열심히 배웠습니다. 그 친구를 보면서 자신이 생각한 것 그리고 사실 나이가 들수록 점점 무엇인가를 배우는 것이 정말 꺼려지고 힘들어지는데 그런 것에 안주해 있지 않고 자기가 하고 싶은 일들을 배우고 결국 그것을 꾸준히 해서 자기 것으로 만들어내는 것 저는 그것이 정말 대단한 일이라고 생각합니다. 그런 것들이 그 친구의 경험치로 쌓이게 돼서 나중에 어떤 일을 할 때 분명히 큰 시너지를 낼 것이라고 생각합니다. 그 친구가 요가를 배워서 나중에 요가 강사가 될 수도 있는 것이고 빠텐더를 배워서 그쪽으로 나갈 수도 있는 일입니다. 그리고 영어를 배워서 나중에 자신이 일을 할 때 그 부분이 크게 작용할 수 있는 부분이기도 합니다. 그렇기 때문에 저는 그 친구를 보면서 정말 그런 실행력과 무언 친가를 배우려고 하는 그런 태도 그런 것들을 정말 칭찬하면서 저도 그런 식으로 살아보려고 노력하는 편입니다.","wordCount":190},"emotion":[],"intent":[{"text":"","expression":"","category":"attitude"}],"summary":{"text":"제 친구 중에 굉장히 배우는 것을 좋아하는 친구가 있는데, 그 친구를 보면서 자신이 생각한 것 그리고 자기가 하고 싶은 일들을 배우고 꾸준히 해서 자기 것으로 만들어내는 것 그것이 정말 대단한 일이라고 생각합니다. 그런 것들이 나중에 어떤 일을 할 때 분명히 큰 시너지를 낼 것이라고 생각하기 때문에 저는 그런 식으로 살아가려고 노력하는 편입니다.","wordCount":52}}},"rawDataInfo":{"question":{"fileFormat":"wav","fileSize":570958,"duration":17840,"samplingBit":16,"channelCount":1,"samplingRate":"16kHz","audioPath":"/Mock/04.RND/Female/New/ckmk_q_rnd_f_n_275877.wav"},"answer":{"fileFormat":"wav","fileSize":3472718,"duration":108520,"samplingBit":16,"channelCount":1,"samplingRate":"16kHz","audioPath":"/Mock/04.RND/Female/New/ckmk_a_rnd_f_n_275877.wav"}}}