{"version":"1.0","dataSet":{"info":{"date":"20230116","occupation":"RND","channel":"MOCK","place":"ONLINE","gender":"FEMALE","ageRange":"45-54","experience":"NEW"},"question":{"raw":{"text":"혹시나 개인적이나 따로 팀을 꾸려서 현재 연구하고 있는 프로젝트가 있으십니까 있으시다면 무엇인지 한번 알려주세요","wordCount":14},"emotion":[],"intent":[]},"answer":{"raw":{"text":"저는 현재 개인적으로 어 개인적으로 라기보다도 제가 현재 공부하고 있는 사회 복지 분야에 있어서 장애인 관련된 부분에 관해서 현재 모니터링을 진행하고 있습니다. 어 특히 장애인 관련된 어 전국의 지자체 이백 사십 오 개 지자체에서 어 자치 법규 장애인 관련된 자치 법규가 얼마나 제정되었고 어 기존에 제정되었던 자치 법규가 현재는 얼마나 개정되었으며 또한 폐지되어 있는 자치법규가 있는지에 대해서 현재 모니터링을 진행하고 있습니다. 어 모니터 단원을 한 다섯 명 정도 저희가 어 설정해서 선정해서 그분들이 활동을 하고 계시구요. 그래서 그분들을 교육하고 모니터링하는 방법과 어 그 자료를 분석 분석까지는 분석은 제가 하지만 어 모니터링 자료를 그분들이 만들어 주시는 것까지를 교육해서 그분들이 어 모니터링을 진행해서 저에게 주시면 저는 그 부분을 전국의 지자체에 장애인 관련된 자치법규의 제 계정 현황과 그 내용들을 분석하는 프로젝트를 하고 있습니다.","wordCount":120},"emotion":[],"intent":[{"text":"","expression":"","category":"attitude"}],"summary":{"text":"저는 현재 사회 복지 분야에 있어서 장애인 관련 부분에 관해서 모니터링 하고 있습니다. 전국의 지자체에서 장애인 관련 자치 법규가 얼마나 제정되었고 개정되었으며 폐지되어 있는 자치법규가 있는지에 대해서 현재 모니터링을 진행 중입니다.","wordCount":31}}},"rawDataInfo":{"question":{"fileFormat":"wav","fileSize":379598,"duration":11860,"samplingBit":16,"channelCount":1,"samplingRate":"16kHz","audioPath":"/Mock/04.RND/Female/New/ckmk_q_rnd_f_n_141786.wav"},"answer":{"fileFormat":"wav","fileSize":2752718,"duration":86020,"samplingBit":16,"channelCount":1,"samplingRate":"16kHz","audioPath":"/Mock/04.RND/Female/New/ckmk_a_rnd_f_n_141786.wav"}}}