{"version":"1.0","dataSet":{"info":{"date":"20230116","occupation":"RND","channel":"MOCK","place":"ONLINE","gender":"FEMALE","ageRange":"-34","experience":"NEW"},"question":{"raw":{"text":"가장 자신 있는 기술 분야는 어떤 분야인지 설명해 주시겠습니까","wordCount":9},"emotion":[],"intent":[]},"answer":{"raw":{"text":"제가 가장 자신 있는 기술 분야는 바로 건설 중에서도 건축 설계도 어 그리기입니다. 어 건축 설계도 그리기는 제가 가지고 있는 캐드 자격증을 가지고 활용해서 할 수 있는 작업 중의 하나고 또 이전 회사에서도 이런 설 건축 설계 도면을 작성하는 일을 주로 맡아서 했기 때문에 저에게 가장 자신 있는 기술 분야가 되겠습니다. 캐드는 제 머릿속에 있는 그리고 어 고객들이 원하는 그런 건축물의 모습을 쓰리디나 투디 도면으로 그려내는 작업 중의 하나인데 이 캐드 프로그램 활용 뿐만 아니라 제가 가지고 있는 고유의 장점 이라고 할 수 있을 할 수 있는 그런 섬세함을 잘 녹여낼 수 있는 작업이라고 생각을 하고 이 저의 섬세함과 그리고 자유자재로 활용할 수 있는 캐드 프로그램 활용 능력을 어 통해서 이 설계 도면이라는 기술 분야에서 가장 제 역량을 펼쳐 나갈 수 있을 것 같다고 생각이 듭니다.","wordCount":126},"emotion":[],"intent":[{"text":"","expression":"","category":"attitude"}],"summary":{"text":"건축 설계도 그리기는 캐드 자격증을 가지고 활용할 수 있는 작업 중 하나로서 제가 가장 자신 있는 기술 분야입니다. 캐드는 제가 가지고 있는 고유의 장점을 잘 녹여낼 수 있는 작업이라 생각을 하고 이 능력을 통해 설계 도면이라는 기술 분야에서 역량을 펼칠 수 있을 것 같습니다.","wordCount":44}}},"rawDataInfo":{"question":{"fileFormat":"wav","fileSize":292558,"duration":9140,"samplingBit":16,"channelCount":1,"samplingRate":"16kHz","audioPath":"/Mock/04.RND/Female/New/ckmk_q_rnd_f_n_282814.wav"},"answer":{"fileFormat":"wav","fileSize":2814158,"duration":87940,"samplingBit":16,"channelCount":1,"samplingRate":"16kHz","audioPath":"/Mock/04.RND/Female/New/ckmk_a_rnd_f_n_282814.wav"}}}