{"version":"1.0","dataSet":{"info":{"date":"20230116","occupation":"RND","channel":"MOCK","place":"ONLINE","gender":"FEMALE","ageRange":"-34","experience":"NEW"},"question":{"raw":{"text":"지원자분께서는 본인이 다른 지원자들에 비해서 어 스스로만이 가진 차별성이나 장점이 있고 이를 저희에게 어필해야 한다고 하면 어떤 것이 있을지 답변 부탁드리겠습니다","wordCount":21},"emotion":[],"intent":[]},"answer":{"raw":{"text":"저의 차별성은 도전 정신입니다. 저의 이런 도전 정신 때문에 저는 지금까지 정말 다양한 활동을 하기도 했는데요. 광고 모델도 해 본 적이 있고요. 또 어떤 학회에서 발표를 해 본 적이 있고 또 부품 개발을 한 적이 있고 정말 그 스펙트럼이 넓다고 말씀드릴 수 있습니다. 이렇게 도전 정신이 강하다 보니까 저는 자연스럽게 성실함까지 갖추게 되었습니다. 아무래도 도전을 하려다 보면은 시간이 많이 필요하고 제가 성실하지 못하면 도전을 할 수 있는 그 폭이 굉장히 줄어들기 때문에 저는 자연스럽게 성실할 수 밖에 없었는데요. 저의 이런 차별성과 장점을 이 회사에 입사한 후에도 좋은 영향을 발휘할 것이라 생각이 됩니다.","wordCount":92},"emotion":[],"intent":[{"text":"","expression":"","category":"attitude"}],"summary":{"text":"도전정신 때문에 광고 모델, 학회 발표, 부품개발 등 다양한 활동을 했고 성실함까지 갖추게 되었습니다. 이러한 차별성과 장점을 이 회사에 입사한 후에도 좋은 영향을 발휘할 것이라 생각합니다.","wordCount":26}}},"rawDataInfo":{"question":{"fileFormat":"wav","fileSize":544078,"duration":17000,"samplingBit":16,"channelCount":1,"samplingRate":"16kHz","audioPath":"/Mock/04.RND/Female/New/ckmk_q_rnd_f_n_290262.wav"},"answer":{"fileFormat":"wav","fileSize":2007118,"duration":62720,"samplingBit":16,"channelCount":1,"samplingRate":"16kHz","audioPath":"/Mock/04.RND/Female/New/ckmk_a_rnd_f_n_290262.wav"}}}