{"version":"1.0","dataSet":{"info":{"date":"20230116","occupation":"RND","channel":"MOCK","place":"ONLINE","gender":"FEMALE","ageRange":"35-44","experience":"NEW"},"question":{"raw":{"text":"만약 해외 파견 근무를 나가게 된다면 어느 나라에서 근무하고 싶으십니까 이유도 함께 말씀해 주세요","wordCount":14},"emotion":[],"intent":[]},"answer":{"raw":{"text":"어떤 나라든 우리나라를 벗어나서 새로운 나라에서 일을 해 본다는 건 굉장히 신선한 경험이 될 것 같아서 생각만 해도 참 기대가 됩니다. 어 딱히 한 나라를 꼭 찝어서 이야기 할 수는 없지만 어 새로운 나라에서 특히 제가 한 번도 가보지 못했던 새로운 곳에서 일을 하게 된다면 그 경험은 저에게 굉장히 신선한 경험이 될 것 같습니다. 하지만 어 해외 해외에서 파견 근무를 조금 어 길게 해야 되는 상황 예를 들면 일 년 이상 근무를 해야 한다면 저는 조금은 제가 생활하기 편한 곳이 어 저에게 좋을 것 같습니다. 개인적으로 저는 음식을 조금 가리는 편인데요. 저런 맞지 않은 음식을 먹었을 때 조금 탈이 나는 어 그런 경향이 있습니다. 그래서 어 지금 한국에서 먹는 음식과 너무나 다른 스타일의 음식만을 먹는 나라라면 조금은 어 거부감이 들 것 같습니다. 그래서 지금 어 떠오르는 나라들은 아시아권에 있는 어떤 나라든 상관이 없을 것 같습니다. 그런 나라들에서 일을 한다면 어 새로운 나라에서 일을 한다는 어떤 신선한 어 경험 그리고 새로운 환경이 저에게 어 자극이 되면서도 음식이나 어 다른 면에서 불편함이 없기 때문에 최상의 컨디션으로 일을 해낼 수 있을 것 같습니다. 어 그래서 음 너무나 새로운 어 음식 스타일을 요구하는 나라가 아니라면 그 어떤 나라라도 저는 그 해외에 나가서 파견 근무를 잘 할 수 있을 것 같습니다.","wordCount":196},"emotion":[],"intent":[{"text":"","expression":"","category":"attitude"}],"summary":{"text":"해외 해외에서 파견 근무를 일 년 이상 해야 한다면 생활하기 편하고 신선한 경험이 될 것 같습니다. 특히 한국의 음식과 다른 스타일의 음식을 먹는 나라라면 거부감이 들겠지만, 그런 나라들에서 일한다면 신선한 경험, 음식이나 다른 면에서 불편함이 없기 때문에 최상의 컨디션으로 일을 해낼 수 있을 것 같아 해외 파견 근무를 잘 할 수 있다고 생각합니다.","wordCount":53}}},"rawDataInfo":{"question":{"fileFormat":"wav","fileSize":313678,"duration":9800,"samplingBit":16,"channelCount":1,"samplingRate":"16kHz","audioPath":"/Mock/04.RND/Female/New/ckmk_q_rnd_f_n_250135.wav"},"answer":{"fileFormat":"wav","fileSize":3609038,"duration":112780,"samplingBit":16,"channelCount":1,"samplingRate":"16kHz","audioPath":"/Mock/04.RND/Female/New/ckmk_a_rnd_f_n_250135.wav"}}}