{"version":"1.0","dataSet":{"info":{"date":"20230116","occupation":"RND","channel":"MOCK","place":"ONLINE","gender":"FEMALE","ageRange":"-34","experience":"NEW"},"question":{"raw":{"text":"지원자가 할 수 있는 설계프로그램이 있는지 말씀해 주세요","wordCount":8},"emotion":[],"intent":[]},"answer":{"raw":{"text":"네 제가 직접 설계할 수 있는 프로그램은 바로 캐드입니다. 캐드 프로그램은 음 제가 표현하고자 하는 다양한 설계적인 그런 이미지들을 투디 쓰리디로 구축해 주는 그런 프로그램인데요. 이 프로그램은 음 설계 도면을 그리는데 가장 상용화된 프로그램이라고 알고 있습니다. 이 캐드 프로그램에 대해서는 제가 어 삼 년 전부터 자격증을 취득하고 일을 하면서 어 손에 익혀 왔었는데요. 건축물을 설계하고 공간을 어 그려내는데 가장 중요한 역할을 하는 프로그램이고 또 제가 가장 자신 있는 프로그램이기도 합니다. 이 프로그램을 프로그램을 어 자격증을 취득하고 그리고 제가 가지고 있는 어 활용 경험을 가지고 지금 이 회사에서도 유용하게 쓰일 수 있을 거라 생각하고 계속해서 이것을 발전시켜 나가서 꼭 회사에 도움이 되는 그런 사람이 되고 싶습니다.","wordCount":105},"emotion":[],"intent":[{"text":"이 캐드 프로그램에 대해서는 제가 어 삼 년 전부터 자격증을 취득하고 일을 하면서 어 손에 익혀 왔었는데요.","expression":"r_prof","category":"attitude"},{"text":"이 프로그램을 프로그램을 어 자격증을 취득하고 그리고 제가 가지고 있는 어 활용 경험을 가지고 지금 이 회사에서도 유용하게 쓰일 수 있을 거라 생각하고 계속해서 이것을 발전시켜 나가서 꼭 회사에 도움이 되는 그런 사람이 되고 싶습니다.","expression":"c_sincere_co","category":"etc"}],"summary":{"text":"캐드 프로그램은 제가 직접 설계할 수 있는 프로그램이며 설계 도면을 그리는 가장 상용화된 프로그램입니다. 건축물을 설계하고 공간을 그려내는데 가장 중요한 역할을 하고 가장 자신 있는 프로그램입니다. 활용 경험을 가지고 이것을 발전시켜 회사에 도움이 되는 사람이 되고 싶습니다.","wordCount":37}}},"rawDataInfo":{"question":{"fileFormat":"wav","fileSize":243278,"duration":7600,"samplingBit":16,"channelCount":1,"samplingRate":"16kHz","audioPath":"/Mock/04.RND/Female/New/ckmk_q_rnd_f_n_270318.wav"},"answer":{"fileFormat":"wav","fileSize":2589838,"duration":80930,"samplingBit":16,"channelCount":1,"samplingRate":"16kHz","audioPath":"/Mock/04.RND/Female/New/ckmk_a_rnd_f_n_270318.wav"}}}