{"version":"1.0","dataSet":{"info":{"date":"20230116","occupation":"RND","channel":"MOCK","place":"ONLINE","gender":"FEMALE","ageRange":"-34","experience":"NEW"},"question":{"raw":{"text":"본인이 지금까지 속해 있었던 조직이나 단체 속에서 지원자님께서는 주로 어떠한 역할을 담당하는 구성원이었는지 궁금합니다","wordCount":14},"emotion":[],"intent":[]},"answer":{"raw":{"text":"그동안 제가 속해 있었던 조직이나 단체 속에서 저는 주로 리더의 역할을 해 왔습니다. 리더의 역할이라 하면 음 다양한 사람들과 아 한 팀에 있는 팀원들과 어 신뢰 관계를 구축해 나가고 그 사람들의 특성을 파악해서 프로젝트 그리고 협업에 맞는 역할을 주고 그 프로젝트나 협업이 잘 수행되고 있는지 그런 방향을 파악하는 그런 역할을 한다고 할 수 있겠는데요. 저는 이 역할을 하면서 사람 한 사람 한 사람과 친해지는 것 그리고 그 사람을 알아가는 것 그 과정 자체의 즐거움을 느끼고 또 이 그런 과정을 통해서 일을 해 나가고 또 결과를 내었을 때 그 보람도 정말 컸던 것 같습니다. 이렇게 그 역할을 제가 좋아하기 때문에 계속해서 어 어떤 조직이든 단체 속에서든 그 역할을 지속해 왔다고 할 수 있을 것 같은데요. 저는 이 회사에서도 팀이나 어 팀에서 프로젝트나 협업을 진행한다면 어 앞에서 잘 이끌어가는 그런 역할을 해 보고 싶습니다.","wordCount":132},"emotion":[],"intent":[{"text":"","expression":"","category":"attitude"}],"summary":{"text":"저는 조직이나 단체 속에서 주로 리더의 역할을 해 왔는데, 그 역할을 하면서 사람들과 친해지는 것 그리고 사람을 알아가는 것 그 과정 자체의 즐거움을 느끼고 또 결과를 내었을 때 그 보람도 정말 컸던 것 같습니다. 이 회사에서도 프로젝트나 협업을 진행한다면 앞으로도 잘 이끌어가는 역할을 해 보고 싶습니다.","wordCount":46}}},"rawDataInfo":{"question":{"fileFormat":"wav","fileSize":417358,"duration":13040,"samplingBit":16,"channelCount":1,"samplingRate":"16kHz","audioPath":"/Mock/04.RND/Female/New/ckmk_q_rnd_f_n_270426.wav"},"answer":{"fileFormat":"wav","fileSize":2793678,"duration":87300,"samplingBit":16,"channelCount":1,"samplingRate":"16kHz","audioPath":"/Mock/04.RND/Female/New/ckmk_a_rnd_f_n_270426.wav"}}}