{"version":"1.0","dataSet":{"info":{"date":"20230116","occupation":"RND","channel":"MOCK","place":"ONLINE","gender":"FEMALE","ageRange":"35-44","experience":"NEW"},"question":{"raw":{"text":"지원자님께서는 협업을 할 때 가장 중요하게 생각하는 것이 무엇이 있을까요 그리고 왜 그것을 중요하게 생각하는지도 이유도 함께 말씀해 주세요","wordCount":19},"emotion":[],"intent":[]},"answer":{"raw":{"text":"제가 생각할 때 협업을 할 때 가장 중요한 것은 어 역할 분담이라고 생각을 합니다. 협업을 통해서 얻고자 하는 결과가 최상의 성과가 되기 위해서는 어떤 역할을 어떤 사람에게 맡기는가가 가장 중요하다고 생각을 합니다. 그 역할을 맡았을 때 그냥 잘 할 수 있는 사람 그래서 어 업무 분담을 정확하게 해서 어 여러 사람과 함께 협업을 통해서 최상의 결과를 만들어내는 것이 중요하다고 생각을 합니다. 그리고 한 사람에게 한 업무를 맡겼을 때에는 어 그 사람을 신뢰하고 기다릴 줄 알아야 한다고 생각을 합니다. 만약에 제가 어 지금 하고 있는 일에 대해서 같이 협업 협업을 하는 동료들에 비해서 경험이 많거나 또는 지식이 많다고 해서 저의 업무 범위를 넘어서서 어 다른 사람의 업무에까지 어 과도하게 간섭을 하 하거나 조언을 하는 것은 바람직하지 않다고 생각을 합니다. 협업을 하는 까닭은 어 여러 사람이 각자 자신이 맡은 업무를 잘 수행했을 때 최상의 결과가 나타난다고 생각을 합니다. 그렇기 때문에 그 업무를 맡은 사람이 어 그 사람에게 맡겨진 일을 잘 처리할 수 있도록 믿고 기다리는 것 또한 중요하다고 생각을 합니다. 어 그럴 때에 어 협업을 통해서 어 협업을 통해서 어 나타낼 수 있는 시너지가 가장 극대화 해서 나타날 수 있기 때문에 어 그 업무를 맡은 사람을 믿고 기다리고 신뢰하는 것이 중요하다고 생각합니다.","wordCount":190},"emotion":[],"intent":[{"text":"제가 생각할 때 협업을 할 때 가장 중요한 것은 어 역할 분담이라고 생각을 합니다.","expression":"c_cop","category":"personality"},{"text":"협업을 통해서 얻고자 하는 결과가 최상의 성과가 되기 위해서는 어떤 역할을 어떤 사람에게 맡기는가가 가장 중요하다고 생각을 합니다.","expression":"c_cop","category":"personality"},{"text":"그 역할을 맡았을 때 그냥 잘 할 수 있는 사람 그래서 어 업무 분담을 정확하게 해서 어 여러 사람과 함께 협업을 통해서 최상의 결과를 만들어내는 것이 중요하다고 생각을 합니다.","expression":"c_cop","category":"personality"},{"text":"협업을 하는 까닭은 어 여러 사람이 각자 자신이 맡은 업무를 잘 수행했을 때 최상의 결과가 나타난다고 생각을 합니다.","expression":"c_cop","category":"personality"},{"text":"어 그럴 때에 어 협업을 통해서 어 협업을 통해서 어 나타낼 수 있는 시너지가 가장 극대화 해서 나타날 수 있기 때문에 어 그 업무를 맡은 사람을 믿고 기다리고 신뢰하는 것이 중요하다고 생각합니다.","expression":"c_cop","category":"personality"}],"summary":{"text":"협업을 할 때 가장 중요한 것은 어떤 역할을 어떤 사람에게 맡기는가가 가장 중요하다고 생각을 합니다. 협업의 까닭은 여러 사람이 각자 자신이 맡은 업무를 잘 수행했을 때 최상의 결과가 나타난다고 생각을 하기 때문에 그 업무를 맡은 사람이 잘 처리할 수 있도록 믿고 기다리는 것 또한 중요하다고 생각합니다. 협업을 통해서 어 나타낼 수 있는 시너지가 가장 극대화 될 수 있기 때문에 업무를 맡은 사람을 믿고 기다리는 것이 중요합니다.","wordCount":66}}},"rawDataInfo":{"question":{"fileFormat":"wav","fileSize":485518,"duration":15170,"samplingBit":16,"channelCount":1,"samplingRate":"16kHz","audioPath":"/Mock/04.RND/Female/New/ckmk_q_rnd_f_n_250133.wav"},"answer":{"fileFormat":"wav","fileSize":3722958,"duration":116340,"samplingBit":16,"channelCount":1,"samplingRate":"16kHz","audioPath":"/Mock/04.RND/Female/New/ckmk_a_rnd_f_n_250133.wav"}}}