{"version":"1.0","dataSet":{"info":{"date":"20230116","occupation":"RND","channel":"MOCK","place":"ONLINE","gender":"FEMALE","ageRange":"-34","experience":"NEW"},"question":{"raw":{"text":"근무를 하다 보면 영어로 서류를 작성해야 할 일이 생길 수 있습니다 지원자님께서는 영어로 서류를 작성하실 수 있으신지 말씀해 주세요","wordCount":19},"emotion":[],"intent":[]},"answer":{"raw":{"text":"일을 하다 보면 영어로 서류를 작성하는 일이 생기는데 저는 작성할 수 있습니다. 저는 작성할 가 자신감이 있습니다. 왜냐하면 저는 필리핀에서 육 개월 동안 해외 센터에서 일을 하였고 그리고 그 후 호주에 가서 워킹 홀리데이로 십 개월간 있었습니다. 그래서 그동안 외국 사람들과 많이 소통을 하는 일이 많았습니다. 사실 말하는 것보다 쓰고 읽고 하는 것이 더 능통하다 라고 생각합니다. 그래서 영어로 서류를 작성하는 것이 어렵지 않습니다. 그리고 또한 요즘은 번역도 많이 개발되었기 때문에 어려운 것이 있으면 번역 프로그램이나 이러한 것들을 활용하면서 충분히 잘 수행할 수 있을 것이라고 생각합니다. 그리고 저는 외국인들과 많은 일을 해 봤기 때문에 외국 사람들과 일을 하는 방법에 대해서 알고 있습니다. 그래서 서류를 작성하거나 이러한 소통하는 방법에 대해서도 이미 알고 있기 때문에 저는 영어로 서류를 작성하는 일에 대해서 크게 어려움을 느끼지 않습니다. 그러므로 저는 일을 하다가 영어로 서류를 작성해야 될 일에 대해서 크게 어려움이 없고 저는 앞으로도 자신감 있게 이 업무를 수행할 나갈 수행해 나갈 자신감이 있습니다.","wordCount":148},"emotion":[{"text":"왜냐하면 저는 필리핀에서 육 개월 동안 해외 센터에서 일을 하였고 그리고 그 후 호주에 가서 워킹 홀리데이로 십 개월간 있었습니다.","expression":"u-fact","category":"neutral"}],"intent":[{"text":"왜냐하면 저는 필리핀에서 육 개월 동안 해외 센터에서 일을 하였고 그리고 그 후 호주에 가서 워킹 홀리데이로 십 개월간 있었습니다.","expression":"c_private","category":"background"}],"summary":{"text":"저는 필리핀에서 6개월 동안 해외 센터에서 일을 하였고, 호주에서 워킹 홀리데이십 개월간 있었기 때문에 영어로 서류를 작성하는 일이 생겼는데, 사실 말하는 것보다 쓰고 읽고 하는 것이 더 능통하다 라고 생각하기 때문에 크게 어려움이 없고 앞으로도 자신감 있게 이 업무를 수행할 나갈 수행해 나갈 자신감이 있습니다.","wordCount":45}}},"rawDataInfo":{"question":{"fileFormat":"wav","fileSize":385678,"duration":12050,"samplingBit":16,"channelCount":1,"samplingRate":"16kHz","audioPath":"/Mock/04.RND/Female/New/ckmk_q_rnd_f_n_275717.wav"},"answer":{"fileFormat":"wav","fileSize":2768718,"duration":86520,"samplingBit":16,"channelCount":1,"samplingRate":"16kHz","audioPath":"/Mock/04.RND/Female/New/ckmk_a_rnd_f_n_275717.wav"}}}