{"version":"1.0","dataSet":{"info":{"date":"20230116","occupation":"RND","channel":"MOCK","place":"ONLINE","gender":"FEMALE","ageRange":"-34","experience":"NEW"},"question":{"raw":{"text":"본인의 전공이나 연구 경험의 실생활 응용 방안에 대해서 말씀해 주시겠습니까","wordCount":10},"emotion":[],"intent":[]},"answer":{"raw":{"text":"저는 자동차에 대해 배웠습니다. 자동차를 개발하는 법 설계하는 법 납품하는 법에 대한 전반적인 내용을 배웠었는데요. 그중에 실생활에 가장 적용이 될 수 있는 건 아무래도 차량을 직접 정비했던 수업인 것 같습니다. 그 수업에서는 브레이크 디스크를 교환하는 법 타이어를 교환하는 법과 같이 차량을 정비하는 법에 대해 배웠었는데요. 그러다 보니 저는 자연스럽게 운전을 하면서 타이어를 확인하거나 브레이크 디스크를 확인하면서 어 이쯤 남았으니까 이 정도는 운전 가능하겠다 주행이 가능하겠다 라고 결론을 낼 수 있고요. 평소 지인들이 계기판에 불이 떴다고 하면 제가 확인을 해 주면서 아 지금 차량에는 이런 문제가 있습니다 라고 알려드리곤 합니다. 서 이런 전공을 실생활에 굉장히 유용하게 응용하고 있습니다.","wordCount":97},"emotion":[],"intent":[{"text":"","expression":"","category":"attitude"}],"summary":{"text":"저는 자동차에 대해 배웠는데, 차량 직접 정비 수업에서 브레이크 디스크 교환법, 타이어 교환법 같은 차량을 정비하는 법에 대해 배웠습니다. 그래서 자연스럽게 운전을 하면서 타이어를 확인하거나 브레이크 디스크를 확인하면서 주행이 가능하겠다 라고 결론을 낼 수 있었습니다.","wordCount":35}}},"rawDataInfo":{"question":{"fileFormat":"wav","fileSize":256078,"duration":8000,"samplingBit":16,"channelCount":1,"samplingRate":"16kHz","audioPath":"/Mock/04.RND/Female/New/ckmk_q_rnd_f_n_266506.wav"},"answer":{"fileFormat":"wav","fileSize":2094798,"duration":65459,"samplingBit":16,"channelCount":1,"samplingRate":"16kHz","audioPath":"/Mock/04.RND/Female/New/ckmk_a_rnd_f_n_266506.wav"}}}