{"version":"1.0","dataSet":{"info":{"date":"20230116","occupation":"RND","channel":"MOCK","place":"ONLINE","gender":"FEMALE","ageRange":"35-44","experience":"NEW"},"question":{"raw":{"text":"면접자님께서 지금까지 인생을 살면서 가장 후회되는 일이 있다면 어떤 일일지 한 가지만 꼽아서 말씀해 주세요","wordCount":15},"emotion":[],"intent":[]},"answer":{"raw":{"text":"지금까지 인생을 살면서 가장 후회되는 일이 있다면 저는 어학연수를 가지 않았던 것이 후회가 됩니다. 대학을 다니면서 사실 어학연수를 가기 위해서 계획도 잡았었고 자금도 다 마련을 해서 어 출발을 할 수 있었지만은 빨리 졸업을 해서 취업을 하고 싶은 마음에 어학연수를 포기한 적이 있었습니다. 아무래도 영어를 소홀하게 한다면 제가 지원하는 업무와 하고 싶은 업무 선택의 폭이 조금 더 늘어날 수 있을 것이며 또한 뭐 해외 여행을 가더라도 현지인과의 대화가 잘 통해서 좀 더 즐길 수 있었을 텐데 하는 아쉬움이 조금 많이 남습니다. 그래야 지금은 꼭 어학연수가 아니더라도 국내에서 열심히 공부를 하면 영어의 실력을 또한 향상시킬 수도 있기 때문에 저는 매일 스터디를 영어 스터디를 형성해서 어 여러 가지 스터디 멤버들과 읽고 듣고 쓰기 이런 것도 하고 있고 화상 영어를 통해서 영어 실력을 향상시키기 위해서 노력 중입니다.","wordCount":123},"emotion":[],"intent":[{"text":"","expression":"","category":"attitude"}],"summary":{"text":"어학연수를 가지 않았던 것이 후회됩니다. 영어를 소홀하게 한다면 업무 선택의 폭이 늘어날 수 있고, 해외 여행을 가더라도 현지인과의 대화가 잘 통할 수 있었을 텐데 하는 아쉬움이 많이 남습니다. 지금 매일 영어 스터디를 형성해서 화상 영어를 통해 영어 실력을 향상시키려 노력 중입니다.","wordCount":41}}},"rawDataInfo":{"question":{"fileFormat":"wav","fileSize":339278,"duration":10600,"samplingBit":16,"channelCount":1,"samplingRate":"16kHz","audioPath":"/Mock/04.RND/Female/New/ckmk_q_rnd_f_n_246276.wav"},"answer":{"fileFormat":"wav","fileSize":2103118,"duration":65720,"samplingBit":16,"channelCount":1,"samplingRate":"16kHz","audioPath":"/Mock/04.RND/Female/New/ckmk_a_rnd_f_n_246276.wav"}}}