{"version":"1.0","dataSet":{"info":{"date":"20230116","occupation":"RND","channel":"MOCK","place":"ONLINE","gender":"FEMALE","ageRange":"-34","experience":"NEW"},"question":{"raw":{"text":"지원자님께서 생각하시기에 자신의 노년은 어떤 모습이었으면 하시나요 본인이 생각하는 이상적인 노년의 모습을 말씀해 주실 수 있나요","wordCount":16},"emotion":[],"intent":[]},"answer":{"raw":{"text":"제가 생각하는 저의 이상적인 노년의 모습에 대해 말씀드리겠습니다. 제가 원하는 저의 노년의 모습은 매우 평화로운 모습을 원합니다. 부자가 되는 것이 전부가 아니라고 생각합니다. 돈이 많아도 주위에 사람이 없거나 몸이 아프거나 아니면 주변의 환경이 안 좋거나 나를 사랑해 주는 사람이 없다면 그것은 매우 외로운 노년이라고 생각합니다. 제가 죽을 때 이것을 먹지 못해서 혹은 혹은 이 비싼 음식을 비싼 옷을 사지 못해서 비싼 차를 사지 못해서 그렇게 후회하면서 죽을 거 같지는 않습니다. 저가 죽을 때는 더 많이 저 주변에 있는 사람들을 사랑해 줄 걸 혹은 더 많이 여행 다닐 걸 더 많이 건강하게 지낼 걸 더 많이 자연을 누릴 걸 이러한 생각을 하면서 후회할 수도 있을 것이라고 생각합니다. 그래서 저는 후회할 일을 만들지 않도록 남은 노년 기간 동안 많이 여행도 다니고 사랑하는 사람들과 평화로운 시간을 자연 속에서 보내는 것을 원합니다. 특히나 인간은 자연과 자연에서 와서 자연으로 돌아간다 라고 생각하기 때문에 저는 자연스러운 모습으로 늙어가면서 자연 안에서 열심히 저의 노년을 가꾸면서 살고 싶습니다.","wordCount":150},"emotion":[],"intent":[{"text":"","expression":"","category":"attitude"}],"summary":{"text":"제가 원하는 이상적인 노년의 모습은 매우 평화로운 모습이고, 인간이 자연과 자연에서 와서 자연으로 돌아간다 라고 생각하기 때문에 자연 안에서 열심히 저의 노년을 가꾸면서 살고 싶습니다.","wordCount":25}}},"rawDataInfo":{"question":{"fileFormat":"wav","fileSize":606798,"duration":18960,"samplingBit":16,"channelCount":1,"samplingRate":"16kHz","audioPath":"/Mock/04.RND/Female/New/ckmk_q_rnd_f_n_275546.wav"},"answer":{"fileFormat":"wav","fileSize":2845198,"duration":88910,"samplingBit":16,"channelCount":1,"samplingRate":"16kHz","audioPath":"/Mock/04.RND/Female/New/ckmk_a_rnd_f_n_275546.wav"}}}