{"version":"1.0","dataSet":{"info":{"date":"20230116","occupation":"RND","channel":"MOCK","place":"ONLINE","gender":"FEMALE","ageRange":"45-54","experience":"NEW"},"question":{"raw":{"text":"직무 지식과 역량 태도 이 세 가지 요소 중에 본인이 가장 중요하게 생각하는 것과 그렇게 생각하는 이유를 말씀해 주세요","wordCount":19},"emotion":[],"intent":[]},"answer":{"raw":{"text":"어 직무 지식 역량 태도 모두 훌륭한 어 어 지식 습득을 하고 이게 내재화 돼서 어떤 아우고서 나오기 위해 어떤 사람의 능력을 만들기 위해 가장 중요한 요소들이기 한데요. 저는 그 셋 중에서 태도가 가장 중요하다 라고 생각을 합니다. 그 이유는 어 직무 역량이나 지식은 어떤 노력이나 학습으로 배울 수 있지만 무엇 지식과 새로운 기술들을 받아들이려는 태도가 없다면 그 지식을 시도조차 할 수 없기 때문입니다. 실 예로 어 제가 모셨던 과거에 모셨던 상사 같은 경우에는 본인의 아집이나 이런 것들이 굉장히 강해서 새로운 기술을 받아들이지 못해서 도태됐던 사례들이 있었습니다. 그렇기 때문에 자기 계발을 위해서는 태도가 가장 중요한 요소라고 생각을 합니다.","wordCount":98},"emotion":[],"intent":[{"text":"","expression":"","category":"attitude"}],"summary":{"text":"직무 지식 역량 태도 모두 훌륭한 지식 습득을 하고 내재화 돼 능력을 만들기 위해 가장 중요한 요소들이기 때문에, 자기 계발을 위해서는 태도가 가장 중요합니다.","wordCount":24}}},"rawDataInfo":{"question":{"fileFormat":"wav","fileSize":327758,"duration":10240,"samplingBit":16,"channelCount":1,"samplingRate":"16kHz","audioPath":"/Mock/04.RND/Female/New/ckmk_q_rnd_f_n_244035.wav"},"answer":{"fileFormat":"wav","fileSize":1736398,"duration":54260,"samplingBit":16,"channelCount":1,"samplingRate":"16kHz","audioPath":"/Mock/04.RND/Female/New/ckmk_a_rnd_f_n_244035.wav"}}}