{"version":"1.0","dataSet":{"info":{"date":"20230116","occupation":"RND","channel":"MOCK","place":"ONLINE","gender":"FEMALE","ageRange":"-34","experience":"NEW"},"question":{"raw":{"text":"지금까지 살아오시면서 가장 힘들었던 경험은 무엇이었습니까 또 그것을 어떻게 극복하셨는지도 궁금합니다 말씀해 보시겠습니까","wordCount":13},"emotion":[],"intent":[]},"answer":{"raw":{"text":"아무래도 협업 도중에 갈등이 가장 인생에 있어서 힘든 부분이었다고 볼 수 있습니다. 평소 친하게 지냈던 동기분들과 어 어 공모전 진행을 위해서 서로 협업 중이었는데 어 평소에는 친하게 지냈는데 어떤 어 공적인 부분에서의 의견 충돌이 일어나다 보니까 사적인 감정이 상하게 되고 어 서로 쫌 안 좋은 시선으로 보게 되는 그런 상황들이 오더라구요. 그게 참 저에게 있어서는 견디기가 힘든 부분이었고 그런 부분들을 어 어쨌든 이제 원활한 쫌 원활한 진행과 또 어 좀 유능한 성과를 거두고자 하는 마음은 모두가 또 같았기 때문에 그 친구에게 제가 먼저 손을 내밀고 개인적으로 이제 만나서 이런 부분들이 어 내가 먼저 잘못한 부분들을 이 깊이 반성하고 미안하다 이렇게 먼저 손을 내밀었습니다. 어 그러니 이제 친구도 어 자기도 좀 이런 부분들이 있었다 라면서 사과를 해 왔습니다. 먼저 제가 마음을 열고 다가가자 인간관계가 좀 좋게 해소되는 경험들이 저에게 있어서 큰 어떤 경험이 되었습니다.","wordCount":133},"emotion":[],"intent":[{"text":"그게 참 저에게 있어서는 견디기가 힘든 부분이었고 그런 부분들을 어   어쨌든 이제 원활한 쫌 원활한 진행과 또 어 좀 유능한 성과를 거두고자 하는 마음은 모두가 또 같았기 때문에 그 친구에게 제가 먼저 손을 내밀고   개인적으로 이제 만나서 이런 부분들이 어 내가 먼저 잘못한 부분들을 이 깊이 반성하고 미안하다 이렇게 먼저 손을 내밀었습니다.","expression":"c_confl_mg","category":"personality"}],"summary":{"text":"협업 도중 평소 친한 동기분들과 공모전 진행을 위해 협업 중이었는데, 공적인 부분의 의견 충돌이 일어나니 사적인 감정이 상하고 서로 안 좋은 시선으로 보게 되었습니다. 그래서 먼저 마음을 열고 다가가자 인간관계가 좀 좋게 해소되는 경험들이 제 인생에 있어서 큰 경험이 되였습니다.","wordCount":40}}},"rawDataInfo":{"question":{"fileFormat":"wav","fileSize":517838,"duration":16180,"samplingBit":16,"channelCount":1,"samplingRate":"16kHz","audioPath":"/Mock/04.RND/Female/New/ckmk_q_rnd_f_n_133457.wav"},"answer":{"fileFormat":"wav","fileSize":2759758,"duration":86240,"samplingBit":16,"channelCount":1,"samplingRate":"16kHz","audioPath":"/Mock/04.RND/Female/New/ckmk_a_rnd_f_n_133457.wav"}}}