{"version":"1.0","dataSet":{"info":{"date":"20230116","occupation":"RND","channel":"MOCK","place":"ONLINE","gender":"FEMALE","ageRange":"-34","experience":"NEW"},"question":{"raw":{"text":"직무 수행 시에 모르는 과제가 등장했다면 어떻게 해결하실 건가요 본인의 해결법과 그 이유에 대해서 함께 말씀해 주세요","wordCount":17},"emotion":[],"intent":[]},"answer":{"raw":{"text":"직무를 수행할 때 어려운 과제 모르는 과제가 등장한다면 저는 이렇게 해결할 것 같습니다. 제가 모르는 문제는 선배가 가장 잘 알고 있다고 생각을 합니다. 그렇기 때문에 선배에게 가장 먼저 물어볼 것 같습니다. 간혹 신입사원들이 많이 하는 실수 중의 하나가 모르는 문제를 그냥 해결해 버리는 겁니다. 사실 이것은 해결이라고 보기 어려운 문제죠. 해결한다고 생각을 했다가 더 큰 문제를 만들 수 있다고 생각을 합니다. 그렇기 때문에 선배에게 물어보고 해결책을 얻는 것이 중요하다고 생각을 합니다. 이미 경험해 본 자는 잘 알고 있을 것입니다. 좋은 선배들은 일하는 노하우를 아낌없이 줄 것이라고 생각을 합니다. 그렇기 때문에 이것을 해결하기 위해서는 선배에게 물어보고 이 상황을 해결하는 것이 중요하다고 생각을 합니다. 내가 원하든 원치 않든 이 문제는 해결해야 하기 때문에 꼭 선배에게 물어보고 해결책을 찾을 것 같습니다. 신입사원들이 많이 하는 실수를 또다시 반복하는 것은 옳지 않은 일이라고 생각을 합니다. 저는 이렇게 해결할 것 같습니다.","wordCount":135},"emotion":[],"intent":[{"text":"그렇기 때문에 선배에게 가장 먼저 물어볼 것 같습니다.","expression":"c_adp","category":"personality"},{"text":"그렇기 때문에 선배에게 물어보고 해결책을 얻는 것이 중요하다고 생각을 합니다.","expression":"c_adp","category":"personality"},{"text":"그렇기 때문에 이것을 해결하기 위해서는 선배에게 물어보고 이 상황을 해결하는 것이 중요하다고 생각을 합니다.","expression":"c_adp","category":"personality"},{"text":"내가 원하든 원치 않든 이 문제는 해결해야 하기 때문에 꼭 선배에게 물어보고 해결책을 찾을 것 같습니다.","expression":"c_adp","category":"personality"}],"summary":{"text":"신입사원들이 많이 하는 실수 중의 하나가 모르는 문제를 그냥 해결해 버리는 것입니다. 이것은 해결이라고 보기 어려운 문제입니다. 해결한다고 생각을 했다가 더 큰 문제를 만들 수 있습니다. 그렇기 때문에 선배에게 묻고 해결책을 얻는 것이 중요하다고 생각합니다. 제가 원하든 원치 않든 이 문제는 해결해야 하기 때문에 꼭 선배에게 도와주고 해결책을 찾을 것 같습니다.","wordCount":51}}},"rawDataInfo":{"question":{"fileFormat":"wav","fileSize":627278,"duration":19600,"samplingBit":16,"channelCount":1,"samplingRate":"16kHz","audioPath":"/Mock/04.RND/Female/New/ckmk_q_rnd_f_n_272870.wav"},"answer":{"fileFormat":"wav","fileSize":3810958,"duration":119090,"samplingBit":16,"channelCount":1,"samplingRate":"16kHz","audioPath":"/Mock/04.RND/Female/New/ckmk_a_rnd_f_n_272870.wav"}}}