{"version":"1.0","dataSet":{"info":{"date":"20230116","occupation":"RND","channel":"MOCK","place":"ONLINE","gender":"FEMALE","ageRange":"-34","experience":"NEW"},"question":{"raw":{"text":"면접자님께선 어떤 문제에 부딪쳤을 때 혼자 해결하시는 편인지 여러 사람들과 이야기를 하면서 해결하는 편인지 궁금합니다","wordCount":15},"emotion":[],"intent":[]},"answer":{"raw":{"text":"저는 문제에 부딪쳤을 때 혼자 해결하는 편입니다. 문제 저희는 일상을 살아가다 보면 매일 다른 문제에 부딪히곤 합니다. 저는 오늘도 여러 문제에 부딪쳤는데요. 어 몇 시 버스를 탈까 아침은 무엇을 먹을까 어떤 옷을 입을까 라는 고민 그리고 날씨에 따라서 어떤 옷을 입으면 좋을까 라는 그런 문제를 많이 부딪치곤 합니다. 그래서 이러한 사소한 문제들로부터 항상 시작이 되기 때문에 여러 사람들에게 이 이야기를 전달하고 의논을 하기란 참 쉽지 않습니다. 매번 문제에 대한 결정은 이 시간이 적게 걸릴 때도 있고 오래 걸릴 때도 있는데 대부분의 이 문제에 대한 해답의 시간은 그리 길지 않다고 생각합니다. 그렇기 때문에 저는 어떤 문제를 부딪혔을 때 다 같이 의논을 하기보다는 혼자 고민을 통해서 해결하는 편입니다.","wordCount":106},"emotion":[],"intent":[{"text":"저는 문제에 부딪쳤을 때 혼자 해결하는 편입니다.","expression":"c_adp","category":"personality"},{"text":"그렇기 때문에 저는 어떤 문제를 부딪혔을 때 다 같이 의논을 하기보다는 혼자 고민을 통해서 해결하는 편입니다.","expression":"c_adp","category":"personality"}],"summary":{"text":"일상에서 마주하는 여러 문제들은 사소한 것으로부터 시작되기 때문에 사람들과 이야기를 나누고 의논하기란 쉽지 않습니다. 그래서 저는 어떤 문제에 부딪혔을 때 다 같이 의논을 하기보다는 혼자 고민을 통해서 해결하는 편입니다.","wordCount":29}}},"rawDataInfo":{"question":{"fileFormat":"wav","fileSize":415118,"duration":12970,"samplingBit":16,"channelCount":1,"samplingRate":"16kHz","audioPath":"/Mock/04.RND/Female/New/ckmk_q_rnd_f_n_265997.wav"},"answer":{"fileFormat":"wav","fileSize":1973838,"duration":61680,"samplingBit":16,"channelCount":1,"samplingRate":"16kHz","audioPath":"/Mock/04.RND/Female/New/ckmk_a_rnd_f_n_265997.wav"}}}