{"version":"1.0","dataSet":{"info":{"date":"20230116","occupation":"RND","channel":"MOCK","place":"ONLINE","gender":"FEMALE","ageRange":"-34","experience":"NEW"},"question":{"raw":{"text":"지원자분의 십 년 후 본인의 미래는 어떠실 것 같은지 저희 회사에 십 년이 지난다고 하더라도 계속해서 다니고 계실 것 같으신지에 대해서 대답해 주시면 좋겠습니다","wordCount":24},"emotion":[],"intent":[]},"answer":{"raw":{"text":"저는 십 년 후 미래는 사실 회사에 계속 다니고 있을 것 같지 않습니다. 예전에는 평생 직장이라는 말이 있었는데요. 요즘에는 사실 그 단어가 무색할 만큼 사람들이 쉽게 이직하고 쉽게 다른 곳으로 가는 것을 볼 수 있습니다. 제 친구들 같은 경우에도 정말 어렵게 노력해서 대기업에 들어갔지만 일 년을 채 채우지 못하거나 이 삼 년 뒤에 이직하거나 퇴사하는 것을 자주 목격했는데요. 만약 들어간 회사가 정말 적성에 잘 맞고 정말 좋은 대우를 해주고 정말 좋은 복지가 있고 그래서 저도 열심히 일을 하고 싶다는 생각이 계속 든다면 계속해서 다니는 것을 희망하겠지만 만약 그렇지 않다면 십 년까지는 저는 일할 것 같지 않습니다. 십 년이라고 하는 것은 정말 긴 시간이고 제가 충분히 다른 곳에서 경력을 쌓으면서 위로 올라갈 수 있는 부분이라고 생각합니다. 그렇기 때문에 사실 십 년 뒤 미래를 생각했을 때 저는 회사에서 계속 다니고 있을 것 같지 않습니다. 이 회사뿐만이 아니라 사실 저의 개인적인 바램으로는 십 년 뒤에는 일을 하지 않고 있었으면 좋겠습니다. 굳이 이런 식으로 일을 해서 얻는 수입이 아닌 다른 수입으로 살고 싶은 것이 저의 희망 중 하나이기 때문입니다.","wordCount":165},"emotion":[],"intent":[{"text":"","expression":"","category":"attitude"}],"summary":{"text":"평생직장이라는 말이 무색할 만큼 사람들은 쉽게 이직하고 다른 곳으로 가는 것을 볼 수 있습니다. 대기업에 들어갔지만 일 년도 못채우거나 이삼 년 뒤에 이직하거나 퇴사하는 것을 자주 목격했습니다. 입사한 회사가 적성에 맞고 좋은 대우를 해주고 좋은 복지가 있다면 계속 다니는 것을 희망하겠지만 그렇지 않다면 십 년까지는 일할 것 같지 않습니다. 개인적인 바램으로는 다른 수입으로 살고 싶습니다.","wordCount":55}}},"rawDataInfo":{"question":{"fileFormat":"wav","fileSize":565198,"duration":17660,"samplingBit":16,"channelCount":1,"samplingRate":"16kHz","audioPath":"/Mock/04.RND/Female/New/ckmk_q_rnd_f_n_275882.wav"},"answer":{"fileFormat":"wav","fileSize":3026638,"duration":94580,"samplingBit":16,"channelCount":1,"samplingRate":"16kHz","audioPath":"/Mock/04.RND/Female/New/ckmk_a_rnd_f_n_275882.wav"}}}