{"version":"1.0","dataSet":{"info":{"date":"20230116","occupation":"RND","channel":"MOCK","place":"ONLINE","gender":"FEMALE","ageRange":"-34","experience":"NEW"},"question":{"raw":{"text":"매일매일 하고 계신 공부가 따로 있으신지 그리고 그걸 매일매일 하는 이유가 무엇인지 말씀해 주시겠어요","wordCount":14},"emotion":[],"intent":[]},"answer":{"raw":{"text":"저는 매일매일 언어 공부를 하고 있습니다. 요즘 사회에서 언어를 굉장히 중요시하다는 걸 몸소 느끼고 있습니다 어느 회사에 가든 어느 직종에 가든 영어를 잘하는 것은 매우 중요합니다. 영어 뿐만이 아니라 일어 독일어 중국어 프랑스어 등 다양한 언어를 하면서 세계 각국의 사람들과 의사소통하는 것이 굉장히 중요하다고 생각합니다. 그렇기 때문에 저는 가장 접근성이 좋은 영어부터 공부를 시작하고 있습니다. 그렇기 때문에 저는 지금 영어를 공부하고 있고 영어가 가장 접근성이 좋기 때문에 공부하고 있습니다.","wordCount":69},"emotion":[],"intent":[{"text":"저는 매일매일 언어 공부를 하고 있습니다.","expression":"r_prof","category":"attitude"}],"summary":{"text":"요즘 사회에서 영어를 잘하고 세계 각국의 사람들과 의사소통하는 것이 굉장히 중요하다고 생각합니다. 그래서 저는 가장 접근성이 좋은 영어부터 공부하고 있습니다. 영어가 접근성이 좋기 때문에 공부하고 있다고 봅니다.","wordCount":27}}},"rawDataInfo":{"question":{"fileFormat":"wav","fileSize":340238,"duration":10630,"samplingBit":16,"channelCount":1,"samplingRate":"16kHz","audioPath":"/Mock/04.RND/Female/New/ckmk_q_rnd_f_n_122886.wav"},"answer":{"fileFormat":"wav","fileSize":1749838,"duration":54680,"samplingBit":16,"channelCount":1,"samplingRate":"16kHz","audioPath":"/Mock/04.RND/Female/New/ckmk_a_rnd_f_n_122886.wav"}}}