{"version":"1.0","dataSet":{"info":{"date":"20230116","occupation":"RND","channel":"MOCK","place":"ONLINE","gender":"FEMALE","ageRange":"-34","experience":"NEW"},"question":{"raw":{"text":"어떤 문제에 부딪쳤을 때 지원자님은 혼자 해결하는 편이신가요 아니면 주변의 여러 사람들에게 이야기를 함으로써 해결을 하는 편이신가요","wordCount":17},"emotion":[],"intent":[]},"answer":{"raw":{"text":"저는 문제가 생겼을 때 여러 사람들과 대화를 나누는 걸 굉장히 중요하게 생각합니다. 왜냐하면 저도 과거에는 굉장히 내성적인 성격이어서 무언가 고민이 있을 때 혼자 끌어안곤 했었는데요. 어 제가 어떤 업무에 대해서 고민하던 시기에 혼자 고민해도 정말 답이 안 나오길래 하루는 옆에 있던 동료에게 음 한번 어 제가 가지고 있던 그런 고민들을 얘기했었습니다. 그랬더니 너무 그 고민이 실제로는 간단하게 풀리는 답변을 내놔서 도움이 됐었습니다. 그때 느낀 점은 아 내가 어떤 고민이 있다 라면 혼자 안을 게 아니라 이런 부분들을 조금 더 많은 사람들에게 오픈 하고 혹은 좋은 아이디어나 어 이런 게 있다 라면은 내가 취하면 좋겠다 라는 생각이 들었습니다 그래서 그 뒤로는 업무상에 있어서 내가 고민들이 있다라면 혼자서 처음부터 끝까지 책임지려는 게 아니라 다른 사람에게 다양한 의견을 묻는 것을 어 굉장히 중요하게 생각합니다.","wordCount":121},"emotion":[],"intent":[{"text":"왜냐하면 저도 과거에는 굉장히 내성적인 성격이어서 무언가 고민이 있을 때   혼자 끌어안곤 했었는데요.","expression":"c_person","category":"background"}],"summary":{"text":"내성적인 성격인 저는 문제가 생겼을 때 여러 사람들과 대화하는 걸 굉장히 중요하게 생각합니다. 제가 어떤 고민이 있다면 혼자 안을 게 아니라 이런 부분들을 많은 사람들에게 오픈하고 좋은 아이디어를 취하면 좋겠습니다. 그래서 업무상에 있어서 고민들이 있다라면 다른 사람에게 다양한 의견을 묻는 것을 중요하게 여깁니다.","wordCount":43}}},"rawDataInfo":{"question":{"fileFormat":"wav","fileSize":543758,"duration":16990,"samplingBit":16,"channelCount":1,"samplingRate":"16kHz","audioPath":"/Mock/04.RND/Female/New/ckmk_q_rnd_f_n_171022.wav"},"answer":{"fileFormat":"wav","fileSize":2834638,"duration":88580,"samplingBit":16,"channelCount":1,"samplingRate":"16kHz","audioPath":"/Mock/04.RND/Female/New/ckmk_a_rnd_f_n_171022.wav"}}}