{"version":"1.0","dataSet":{"info":{"date":"20230116","occupation":"RND","channel":"MOCK","place":"ONLINE","gender":"FEMALE","ageRange":"35-44","experience":"NEW"},"question":{"raw":{"text":"이 직무에 지원한 이유가 궁금합니다 또한 왜 본인이 적합한 인재라고 생각하시는지도 설명 부탁드립니다","wordCount":13},"emotion":[],"intent":[]},"answer":{"raw":{"text":"저는 제가 지원한 기초 연구 부분에 어 굉장히 적합한 인재 라고 생각을 합니다. 저는 기존에 있는 어떤 데이터를 어 업데이트 해서 조사를 하고 그 조사를 통해서 어떤 새로운 정보를 어 뽑아내는 것을 좋아합니다, 음 그러기 위해서 저는 어 굉장히 오랜 시간 동안 한 자리에 앉아서 어 데이터를 어 분석해 내는 일을 어 좋아하기 때문에 저는 이 기초 연구가 저에게 굉장히 맞는 업무 라고 생각을 해서 지원을 했습니다. 기초 연구가 무너진다면 그것을 바탕으로 하는 어떤 응용 연구라든지 아니면 개발 연구의 단계로 나아갈 수 없기 때문에 저는 이 기초 연구 자체가 어 모든 산업에 기반이 된다고 생각을 합니다. 지금까지 나와 있는 데이터를 바탕으로 어떤 신기술이 있어야지 더 좋은 제품이 나올지 아니면 이 어 기초 연구를 통해서 밝혀낸 새로운 사실을 근거로 어떤 새로운 백신이라든지 백신이랄지 인간 삶에 필요로 인간 삶에서 필요로 하는 새로운 어떤 물질들을 개발해 낸다고 할지 등등의 모든 것에 기초가 되는 것이 이 기초 연구이기 때문에 어 저는 이 기본을 탄탄하게 할 수 있는 어 이 업무가 어 저의 흥미에 가장 맞고 또 제가 가장 잘 할 수 있는 일이라고 생각을 해서 저는 이 기초 연구 부분에 지원을 했습니다.","wordCount":178},"emotion":[{"text":"저는 기존에 있는 어떤 데이터를 어 업데이트 해서 조사를 하고 그 조사를 통해서 어떤 새로운 정보를 어 뽑아내는 것을 좋아합니다, 음 그러기 위해서 저는 어 굉장히 오랜 시간 동안 한 자리에 앉아서 어 데이터를 어 분석해 내는 일을 어 좋아하기 때문에 저는 이 기초 연구가 저에게 굉장히 맞는 업무 라고 생각을 해서 지원을 했습니다.","expression":"p-interest","category":"positive"}],"intent":[{"text":"저는 기존에 있는 어떤 데이터를 어 업데이트 해서 조사를 하고 그 조사를 통해서 어떤 새로운 정보를 어 뽑아내는 것을 좋아합니다, 음 그러기 위해서 저는 어 굉장히 오랜 시간 동안 한 자리에 앉아서 어 데이터를 어 분석해 내는 일을 어 좋아하기 때문에 저는 이 기초 연구가 저에게 굉장히 맞는 업무 라고 생각을 해서 지원을 했습니다.","expression":"c_sincere_job","category":"etc"},{"text":"지금까지 나와 있는 데이터를 바탕으로 어떤 신기술이 있어야지 더 좋은 제품이 나올지 아니면 이 어 기초 연구를 통해서 밝혀낸 새로운 사실을 근거로 어떤 새로운 백신이라든지 백신이랄지 인간 삶에 필요로 인간 삶에서 필요로 하는 새로운 어떤 물질들을 개발해 낸다고 할지 등등의 모든 것에 기초가 되는 것이 이 기초 연구이기 때문에 어 저는 이 기본을 탄탄하게 할 수 있는 어 이 업무가 어 저의 흥미에 가장 맞고 또 제가 가장 잘 할 수 있는 일이라고 생각을 해서 저는 이 기초 연구 부분에 지원을 했습니다.","expression":"c_sincere_job","category":"etc"}],"summary":{"text":"저는 기존에 있는 데이터를 업데이트 해서 조사하고 새로운 정보를 뽑아내는 것을 좋아합니다. 기초 연구가 무너진다면 그것을 바탕으로 하는 응용 연구나 개발 연구의 단계로 나아갈 수 없기 때문에 이 기초 연구 자체가 모든 산업에 기반이 된다고 생각합니다. 기초 연구는 기본을 탄탄하게 할 수 있는 업무이기 때문에 제가 지원을 했습니다.","wordCount":48}}},"rawDataInfo":{"question":{"fileFormat":"wav","fileSize":554958,"duration":17340,"samplingBit":16,"channelCount":1,"samplingRate":"16kHz","audioPath":"/Mock/04.RND/Female/New/ckmk_q_rnd_f_n_250139.wav"},"answer":{"fileFormat":"wav","fileSize":3726158,"duration":116440,"samplingBit":16,"channelCount":1,"samplingRate":"16kHz","audioPath":"/Mock/04.RND/Female/New/ckmk_a_rnd_f_n_250139.wav"}}}