{"version":"1.0","dataSet":{"info":{"date":"20230116","occupation":"RND","channel":"MOCK","place":"ONLINE","gender":"FEMALE","ageRange":"45-54","experience":"NEW"},"question":{"raw":{"text":"면접자님의 십 년 후 미래는 어떨 것 같나요 우선 저희 회사에 계속 다니고 있을 것 같나요","wordCount":16},"emotion":[],"intent":[]},"answer":{"raw":{"text":"저는 아직 저의 십 년 후에 미래의 모습을 어 상상하거나 구체적으로 생각해 본 적은 없습니다. 어 저는 어 미래의 어떤 일을 생각하기보다는 지금 현재에 충실한 사람이라고 생각을 합니다. 오늘 저에게 맡겨진 일을 잘 하는 것 그리고 즐겁게 오늘 하루를 행복하게 보내는 것에 저는 조금 더 집중하는 사람인 것 같습니다. 제가 오늘 저에게 맡겨진 일을 잘 해냈을 때 또 오늘 하루를 돌아보았을 때 아 오늘도 굉장히 즐겁고 어 보람찬 하루를 보냈다 하는 것으로 저는 어 만족을 하는 편입니다. 이렇게 저에게 주어진 일을 하루하루 만족감을 가지고 어 생활을 하다 보면 어 아마 십 년 후에도 저는 제 삶을 도 돌이켜 봤을 때 후회하지는 않을 것 같습니다. 어 따라서 어 지금 제가 회사에 다니고 있는 동안 매일매일 하루를 충실하게 살고 또 그 하루를 돌이켜 보았을 때 오늘 하루도 굉장히 행복하고 즐거웠다 한다면 굳이 제가 다른 회사로 이직을 할 것 같지는 않습니다. 제가 오늘 하루를 굉장히 즐겁고 보람차게 보냈다고 하는 것은 지금 이 회사를 다니고 있는 것에 제가 어 보람을 느끼고 또 만족을 하고 있다는 어 하고 있는 것 것이 하고 있는 것입니다. 그렇기 때문에 하루하루 오늘의 오늘 하루에 삶이 행복하고 그것이 시간이 흘러서 십 년 뒤가 된다면 아마 저는 어 계속 이 회사에 몸담고 열심히 하루 하루를 충실하게 살고 있을 것 같습니다.","wordCount":199},"emotion":[],"intent":[{"text":"","expression":"","category":"attitude"}],"summary":{"text":"저는 미래의 어떤 일을 생각하기보다는 지금 현재에 충실한 사람이라고 생각합니다. 오늘을 즐겁고 행복하게 보낸 것으로 만족을 하는 편입니다. 이것을 가지고 생활을 하다 보면 십 년 후에도 후회하지는 않을 것 같습니다. 지금 직장을 다니고 있는 것이 보람을 느끼고 만족을 하고 있다는 것입니다. 이것이 시간이 흘러서십 년 뒤가 된다면 저는 계속 이 회사에 몸담고 열심히 살고 있을 것 같습니다.","wordCount":57}}},"rawDataInfo":{"question":{"fileFormat":"wav","fileSize":286478,"duration":8950,"samplingBit":16,"channelCount":1,"samplingRate":"16kHz","audioPath":"/Mock/04.RND/Female/New/ckmk_q_rnd_f_n_275144.wav"},"answer":{"fileFormat":"wav","fileSize":3712718,"duration":116020,"samplingBit":16,"channelCount":1,"samplingRate":"16kHz","audioPath":"/Mock/04.RND/Female/New/ckmk_a_rnd_f_n_275144.wav"}}}