{"version":"1.0","dataSet":{"info":{"date":"20230116","occupation":"RND","channel":"MOCK","place":"ONLINE","gender":"FEMALE","ageRange":"35-44","experience":"NEW"},"question":{"raw":{"text":"팀 동료들 가운데 열심히는 하지만 본인이 원하는 만큼 따라오지 못하는 팀 동료가 있을 수도 있습니다 이런 경우 지원자님께서는 어떻게 대처를 하시겠습니까","wordCount":21},"emotion":[],"intent":[]},"answer":{"raw":{"text":"저는 일을 할 때 같이 일하는 팀 동료들은 동료들이 그 무엇보다도 중요하다고 생각을 합니다. 제가 여러 가지 경험을 해 보았을 때 같이 일하는 팀 동료들과 합이 잘 맞을 경우에는 어 저의 능력을 넘어서는 좋은 결과를 낸 경험이 아주 많이 있습니다. 그래서 지금도 같이 일하는 팀 동료가 어 저 뿐만 아니라 다른 동료들의 기준에 어 미치지 못한다면 처음에는 일단 그 따라오지 못하는 동료를 지지해 주겠습니다. 어 그 동료가 지금 어떤 이유 때문에 어 일을 잘 하지 못하는 지를 먼저 파악하기 위해서 노력을 하고 먼저는 응원을 해서 그 동료가 같이 하는 일에 잘 따라오도록 어 지지를 해 주겠습니다. 하지만 그렇게 했는데도 어 원하는 만큼의 성과를 내지 못하는 동료가 있다면 조용히 따로 불러서 이야기를 나눠 볼 것 같습니다. 그래서 지금 어 충분한 성과를 내지 못하는 이유가 무엇인지 그 동료를 통해서 어 먼저 어 자신이 파악할 수 있도록 해 보겠습니다. 그 업무가 그 업무가 자신과 맞지 않아서 일을 잘 하지 못하는지 아니면 다른 동료와의 갈등 때문에 일을 잘 하지 못하는지 아니면 원래부터 그 사람이 조금 다른 사람에 비해서 천천히 어 업무를 수행하는 사람인지 먼저 그 사람의 성향을 파악한 한 파악을 한 후에 팀에서 배제를 시킬 것인지 아니면 계속해서 같이 갈 것인지를 판단을 할 것 같습니다. 무턱대고 처음부터 일을 잘 따라오지 못한다고 해서 그 팀 동료를 배제하거나 어 배척할 수는 없을 것 같습니다.","wordCount":208},"emotion":[],"intent":[{"text":"제가 여러 가지 경험을 해 보았을 때 같이 일하는 팀 동료들과 합이 잘 맞을 경우에는 어 저의 능력을 넘어서는 좋은 결과를 낸 경험이 아주 많이 있습니다.","expression":"c_cop","category":"personality"}],"summary":{"text":"저는 같이 일하는 팀 동료가 다른 동료들의 기준에 미치지 못한다면 그 동료를 지지해 주겠습니다. 하지만 성과를 내지 못하는 동료가 있다면 따로 이야기를 나눠야 할 것 같습니다. 그 동료가 일을 잘 못하는지, 다른 동료와의 갈등 때문인지, 천천히 업무를 수행하는 사람인지 파악한 후 팀의 배제 여부를 판단하겠습니다. 무턱대고 처음부터 일을 잘 따라오지 못한다고 해서 그 팀 동료를 배제하거나 배척할 수는 없을 것 같습니다.","wordCount":61}}},"rawDataInfo":{"question":{"fileFormat":"wav","fileSize":522318,"duration":16320,"samplingBit":16,"channelCount":1,"samplingRate":"16kHz","audioPath":"/Mock/04.RND/Female/New/ckmk_q_rnd_f_n_250134.wav"},"answer":{"fileFormat":"wav","fileSize":3721678,"duration":116300,"samplingBit":16,"channelCount":1,"samplingRate":"16kHz","audioPath":"/Mock/04.RND/Female/New/ckmk_a_rnd_f_n_250134.wav"}}}