{"version":"1.0","dataSet":{"info":{"date":"20230116","occupation":"RND","channel":"MOCK","place":"ONLINE","gender":"FEMALE","ageRange":"-34","experience":"NEW"},"question":{"raw":{"text":"지원자님이 생각하시기에 지원자님의 십 년 후 미래는 어떨 것 같으신지 궁금한데요 지원자님께서는 저희 회사에 계속 다니고 계실 것 같으신지 말씀해 주시기 바랍니다","wordCount":22},"emotion":[],"intent":[]},"answer":{"raw":{"text":"저는 십 년 뒤에도 이 회사에 계속 다니고 있을 것 같고 또 다니고 싶습니다. 그 이유는 제가 이 회사에 지원하기 위해서 가장 먼저 살펴본 것이 바로 이 회사가 가지고 있는 비전과 가고자 하는 방향이었습니다. 그 비전에서 느낄 수 있었던 것은 이 회사가 함께 일하는 그런 직원들의 행복에 대해서도 섬세하게 세심하게 신경을 쓰고 있구나 하는 것을 가장 인상 깊게 느끼고 보았습니다. 함께하는 직원들의 행복을 생각해 주는 회사라면 제가 앞으로 결혼을 하고 또 아이를 갖 갖는다고 하더라도 어 조금 더 제가 애정을 가지고 또 어 오래오래 일하고 싶은 회사가 될 수 있겠다는 생각이 들었습니다. 그래서 저는 어 유리 천장이라고 불리는 이런 건설 제조업 부분에서 어 여자로서 정말 오래 장기간 동안 근속을 하는 그런 직원이 되고 싶고 또 이 회사에 정말로 도움이 되고 필요한 그런 직원이 되고 싶습니다.","wordCount":125},"emotion":[{"text":"그래서 저는 어 유리 천장이라고 불리는 이런 건설 제조업 부분에서 어 여자로서 정말 오래 장기간 동안 근속을 하는 그런 직원이 되고 싶고 또 이 회사에 정말로 도움이 되고 필요한 그런 직원이 되고 싶습니다.","expression":"p-interest","category":"positive"}],"intent":[{"text":"그 이유는 제가 이 회사에 지원하기 위해서 가장 먼저 살펴본 것이 바로 이 회사가 가지고 있는 비전과 가고자 하는 방향이었습니다.","expression":"c_sincere_job","category":"etc"},{"text":"그 비전에서 느낄 수 있었던 것은 이 회사가 함께 일하는 그런 직원들의 행복에 대해서도 섬세하게 세심하게 신경을 쓰고 있구나 하는 것을 가장 인상 깊게 느끼고 보았습니다.","expression":"c_sincere_job","category":"etc"},{"text":"함께하는 직원들의 행복을 생각해 주는 회사라면 제가 앞으로 결혼을 하고 또 아이를 갖 갖는다고 하더라도 어 조금 더 제가 애정을 가지고 또 어 오래오래 일하고 싶은 회사가 될 수 있겠다는 생각이 들었습니다.","expression":"c_sincere_job","category":"etc"}],"summary":{"text":"이 회사의 비전과 가고자 하는 방향성에서 느낄 수 있었던 것은 함께 일하는 직원들의 행복에 대해 세심하게 신경을 쓰고 있다는 것이었습니다. 이러한 회사가 있다면 조금 더 애정을 가지고 오래 오래 일하고 싶은 회사가 될 수 있겠다는 생각이 들었습니다. 유리천장이라는 건설 제조업 부분에서 여성으로서 도움이 되고 싶은 직원입니다.","wordCount":46}}},"rawDataInfo":{"question":{"fileFormat":"wav","fileSize":553038,"duration":17280,"samplingBit":16,"channelCount":1,"samplingRate":"16kHz","audioPath":"/Mock/04.RND/Female/New/ckmk_q_rnd_f_n_282816.wav"},"answer":{"fileFormat":"wav","fileSize":2794958,"duration":87340,"samplingBit":16,"channelCount":1,"samplingRate":"16kHz","audioPath":"/Mock/04.RND/Female/New/ckmk_a_rnd_f_n_282816.wav"}}}