{"version":"1.0","dataSet":{"info":{"date":"20230116","occupation":"RND","channel":"MOCK","place":"ONLINE","gender":"FEMALE","ageRange":"-34","experience":"NEW"},"question":{"raw":{"text":"면접자님은 본인이 창의적으로 어떤 문제를 해결해 본 경험이 있나요 있다면 그 과정에 대해 최대한 자세하게 설명해 주세요","wordCount":17},"emotion":[],"intent":[]},"answer":{"raw":{"text":"저는 유난히 기억나는 것을 꼽자면 대학 시절 처음으로 팀을 이루어서 진행했던 프로젝트입니다. 당시 수행해야 했던 과제는 친환경적인 방향의 공간을 디자인하는 것이었습니다. 저희 팀은 공원에 설치할 수 있는 부스형 재활용 공방을 생각해 냈습니다. 그러나 실제로 존재하는 재활용 공반을 참고하기에는 그 차이가 컸기 때문에 좀 어려움이 있었습니다. 대부분의 레퍼런스는 따올 수는 있었지만 저의 공간만의 특성이 부족했었습니다. 이 시기에 저는 사탕 가게에 방문을 했었는데요. 마침 그 파이판에 가득 채워 놓은 사탕들을 보고서 아이디어를 얻어서 재활용 물건들을 똑같이 채워 넣는 독특한 특성의 기획을 진행하게 되었습니다. 이렇게 전혀 생각지도 못한 곳에서 아이디어를 얻었던 것이 유난히 기억에 오래 남았습니다. 그래서 저는 지금도 종종 아이디어가 부족하다고 느껴지면 그 분야와 전혀 상관이 없는 다양한 곳을 방문하면서 돌아다니는 편입니다.","wordCount":110},"emotion":[],"intent":[{"text":"저는 유난히 기억나는 것을 꼽자면 대학 시절 처음으로 팀을 이루어서 진행했던 프로젝트입니다.","expression":"c_private","category":"background"},{"text":"마침 그 파이판에 가득 채워 놓은 사탕들을 보고서 아이디어를 얻어서 재활용 물건들을 똑같이 채워 넣는 독특한 특성의 기획을 진행하게 되었습니다.","expression":"r_prsv","category":"attitude"}],"summary":{"text":"대학 시절 처음으로 팀을 이뤄서 친환경적인 방향의 공간을 디자인했던 프로젝트가 가장 기억에 남습니다. 공원에 설치할 수 있는 부스형 재활용 공방은 실제 존재하는 재활용 공방을 참고하기에는 차이가 컸기 때문에 어려움이 있었습니다. 전혀 생각지도 못한 곳에서 아이디어를 얻었던 것이 유난히 기억에 오래 남았습니다.","wordCount":41}}},"rawDataInfo":{"question":{"fileFormat":"wav","fileSize":339278,"duration":10600,"samplingBit":16,"channelCount":1,"samplingRate":"16kHz","audioPath":"/Mock/04.RND/Female/New/ckmk_q_rnd_f_n_261110.wav"},"answer":{"fileFormat":"wav","fileSize":2210638,"duration":69080,"samplingBit":16,"channelCount":1,"samplingRate":"16kHz","audioPath":"/Mock/04.RND/Female/New/ckmk_a_rnd_f_n_261110.wav"}}}