{"version":"1.0","dataSet":{"info":{"date":"20230116","occupation":"RND","channel":"MOCK","place":"ONLINE","gender":"FEMALE","ageRange":"35-44","experience":"NEW"},"question":{"raw":{"text":"만약 일을 하는 도중 팀원과 불화가 발생하게 된다면 어떻게 하시겠습니까 해결법과 그 이유를 함께 말씀해 주세요","wordCount":16},"emotion":[],"intent":[]},"answer":{"raw":{"text":"사항에 맞는 타협점이 무엇인지 고민해 보겠습니다. 모든 일에 정답이 있는 것은 아니지만 어 불화가 생긴 현재 상태를 개선시킬 수 있는 방법은 분명히 있다고 생각하고 이를 계속 끄는 것이 모두에게 별로 좋은 것이 아님은 분명하기 때문입니다. 턱 특히 업무적인 것이라면 더 이상 충돌보다는 업무 규정이나 통상적인 업무 처리 절차에 따르는 것이 맞다고 생각합니다. 사항에 시급성이나 사안에 중요성에 따라 제가 판단할 수 없는 것이라면 직원들 간에 동의를 구하고 저보다 경험이 많은 상사나 선배의 조언을 구해 회사에 더 도움이 되도 되는 방향으로 방향을 따르도록 하겠습니다.","wordCount":82},"emotion":[],"intent":[{"text":"","expression":"","category":"attitude"}],"summary":{"text":"불화가 생긴 상태를 개선시킬 수 있는 방법은 분명히 있다고 생각하고 충돌보다는 업무 규정이나 통상적인 업무 처리 절차에 따르는 것이 맞다고 생각합니다.","wordCount":21}}},"rawDataInfo":{"question":{"fileFormat":"wav","fileSize":404558,"duration":12640,"samplingBit":16,"channelCount":1,"samplingRate":"16kHz","audioPath":"/Mock/04.RND/Female/New/ckmk_q_rnd_f_n_236364.wav"},"answer":{"fileFormat":"wav","fileSize":1579598,"duration":49360,"samplingBit":16,"channelCount":1,"samplingRate":"16kHz","audioPath":"/Mock/04.RND/Female/New/ckmk_a_rnd_f_n_236364.wav"}}}