{"version":"1.0","dataSet":{"info":{"date":"20230116","occupation":"RND","channel":"MOCK","place":"ONLINE","gender":"FEMALE","ageRange":"-34","experience":"NEW"},"question":{"raw":{"text":"지원자분께서 입사를 하시고 난 이후에 근무를 하면서 정작 본인이 지원했던 분야가 지원자분과는 잘 맞지 않는다는 사실을 깨닫는다면 어떻게 하실 생각이신지 궁금합니다","wordCount":21},"emotion":[],"intent":[]},"answer":{"raw":{"text":"입사 후 근무를 하면서 만약 제가 생각한 것보다 맞지 않을 수 있고 그럴 만한 상황이 오는 것을 염두하고 이해할 수 있을 것 같다고 생각합니다. 저는 아직 사회 초년생이고 어떤 직무가 되게 맞고 아니다 를 바로 판단하기는 어렵습니다. 그러나 오히려 그것을 강점으로 편견 없이 도전해 볼 수 있는 기회가 주어진 것이라고 생각합니다. 따라서 당장에는 바로 포기하거나 그만두지 않고 일정한 기간을 정해두고 제가 할 수 있을 만큼의 양만 템포를 정해서 최선을 다해서 업무를 수행하고자 합니다. 주변인들에게 조언을 구하거나 일을 잘 소화해 낼 수 있도록 제 나름대로의 방식을 보완하는 등 맡은 일을 천천히 잘 처리해 보겠습니다. 그리고 제게 맞지 않아서 만약에 건두는 상황이 발생하여도 일단은 무책임하게 그렇게 건두려고 하지 않고 최선을 다해서 책임지고 수행하여서 저와 회사의 좋은 밑거름으로 남도록 임하겠습니다.","wordCount":117},"emotion":[],"intent":[{"text":"","expression":"","category":"attitude"}],"summary":{"text":"저는 사회 초년생이어서 직무의 적합성을 판단하기는 어려우나 편견 없이 도전할 수 있는 기회라고 생각합니다. 따라서 당장은 포기하거나 그만두지 않고 일정 기간을 정해두고 최선을 다해서 업무를 수행하겠습니다. 그리고 상황에 따라 무책임하게 그만두려 하지 않고 책임지고 수행하겠습니다.","wordCount":35}}},"rawDataInfo":{"question":{"fileFormat":"wav","fileSize":544078,"duration":17000,"samplingBit":16,"channelCount":1,"samplingRate":"16kHz","audioPath":"/Mock/04.RND/Female/New/ckmk_q_rnd_f_n_284453.wav"},"answer":{"fileFormat":"wav","fileSize":2010318,"duration":62820,"samplingBit":16,"channelCount":1,"samplingRate":"16kHz","audioPath":"/Mock/04.RND/Female/New/ckmk_a_rnd_f_n_284453.wav"}}}