{"version":"1.0","dataSet":{"info":{"date":"20230116","occupation":"RND","channel":"MOCK","place":"ONLINE","gender":"FEMALE","ageRange":"45-54","experience":"NEW"},"question":{"raw":{"text":"다른 사람이 생각하는 지원자님의 장점과 단점은 뭐라고 생각하시나요 그 이유도 함께 얘기해 주시면 감사하겠습니다","wordCount":14},"emotion":[],"intent":[]},"answer":{"raw":{"text":"다른 사람들이 생각하는 저의 장점은 신중함입니다. 어 좀 급박한 상황이 있더라도 한 번 차분하게 생각을 해보고 어떤 결정을 쉽게 내리지 않고 쪼끔 더 고심해 보고 내리는 경우들이 많아요. 그래서 그 결정이 잘못되는 경우가 크게 없습니다. 그래서 제가 가진 장점은 사람들은 저 신중함이라고 말해 줍니다. 단점은 음 저는 인정하고 싶지 않지만 어찌 보면 우유부단 한 모습이 있다고 얘기들을 하더라고요. 그런데 이게 제가 가진 장점 때문에 쉽게 결정하지 않고 고민하는 시간이 많기 때문에 저를 좀 우유부단하다 이렇게 판단하시는 분들이 간혹 있는 것 같은데 그것은 장점을 극대화하기 위한 과정이라고 저는 생각합니다.","wordCount":88},"emotion":[],"intent":[{"text":"다른 사람들이 생각하는 저의 장점은 신중함입니다.","expression":"c_person","category":"background"},{"text":"그래서 제가 가진 장점은 사람들은 저 신중함이라고 말해 줍니다.","expression":"c_person","category":"background"}],"summary":{"text":"다른 이들은 저의 신중함을 장점으로 말하지만 저는 우유부단한 면이 있다고 말합니다. 하지만 이는 장점을 극대화하기 위한 과정이라고 생각합니다.","wordCount":18}}},"rawDataInfo":{"question":{"fileFormat":"wav","fileSize":544718,"duration":17020,"samplingBit":16,"channelCount":1,"samplingRate":"16kHz","audioPath":"/Mock/04.RND/Female/New/ckmk_q_rnd_f_n_185717.wav"},"answer":{"fileFormat":"wav","fileSize":1661838,"duration":51930,"samplingBit":16,"channelCount":1,"samplingRate":"16kHz","audioPath":"/Mock/04.RND/Female/New/ckmk_a_rnd_f_n_185717.wav"}}}