{"version":"1.0","dataSet":{"info":{"date":"20230116","occupation":"RND","channel":"MOCK","place":"ONLINE","gender":"FEMALE","ageRange":"45-54","experience":"NEW"},"question":{"raw":{"text":"기계 설계 시 고려해야 할 사항이 있다면 아는 대로 설명해 주세요","wordCount":11},"emotion":[],"intent":[]},"answer":{"raw":{"text":"기계 설계에 고려해야 할 점은 우선 사용 목적에 맞게 설계가 되었는지 확인이 필요하고요. 그다음으로는 내구성이 강한지 그리고 알맞은 강도의 재료를 사용하였는지 고려해야 합니다. 그리고 음 인체공학적인 설계로 사용자의 편리성을 고려했는지 확인할 필요가 있고 여기에서 사용하는 부품들 같은 경우에는 소모품들이 있기 때문에 음 표준화된 부품을 사용하 해서 생산 절감을 했는지도 고려할 필요가 있습니다. 그리고 마지막으로 어 운반이나 조립이 용이한지도 같이 고려해야 할 점이라고 생각합니다.","wordCount":63},"emotion":[],"intent":[{"text":"","expression":"","category":"attitude"}],"summary":{"text":"기계 설계는 사용 목적에 맞게 설계되었는지, 내구성이 강한지, 알맞은 강도의 재료를 사용하는지, 사용자의 편리성 및 생산 절감을 했는지, 운반 및 조립이 용이한지를 고려해야 합니다.","wordCount":24}}},"rawDataInfo":{"question":{"fileFormat":"wav","fileSize":242638,"duration":7580,"samplingBit":16,"channelCount":1,"samplingRate":"16kHz","audioPath":"/Mock/04.RND/Female/New/ckmk_q_rnd_f_n_185714.wav"},"answer":{"fileFormat":"wav","fileSize":1363598,"duration":42610,"samplingBit":16,"channelCount":1,"samplingRate":"16kHz","audioPath":"/Mock/04.RND/Female/New/ckmk_a_rnd_f_n_185714.wav"}}}