{"version":"1.0","dataSet":{"info":{"date":"20230116","occupation":"RND","channel":"MOCK","place":"ONLINE","gender":"FEMALE","ageRange":"-34","experience":"NEW"},"question":{"raw":{"text":"요즘 고령화 사회로 가면서 치매로 인한 문제가 많이 발생하고 있습니다 이에 대해 건보공단이 하는 일과 개선할 개선할 방안에 대해서 지원자님의 의견을 말씀해 주세요","wordCount":23},"emotion":[],"intent":[]},"answer":{"raw":{"text":"그쵸 정말 정말 급증하고 있고 매체에서도 다루긴 하지만 더 많이 체감하는 거는 이제 연령대가 정말 낮아져서 그런 드라마 같은 그런 부분보다는 다큐나 이런 거에서 네 좀 제 또래 또 많이 보게 되고 하는 건데 저는 이게 꼭 남의 일이 아니라 꼭 어떤 드라마나 영화에서만 나오는 그런 상황이 아니라 나도 스스로도 될 수 있고 내 절친한 친구가 될 수도 있고 바로 내 옆에 있는 동료가 될 수도 있고 이러한 부분으로 해서 쪼금 아 국민 전체에 그런 인식을 쪼금 많이 바꿀 수 있는 그런 그런 프로젝트를 좀 진행을 해야 될 것 같아요. 네 그 치매에 대한 애초 인식을 바꾸는 부분이 되게 중요하다고 생각해서 멀지 않다는 그런 인식 그러니까 잘 관리를 하고 준비를 해야 된다. 그리고 빨리 해야 된다 라는 거를 조금 인식할 수 있는 그런 프로젝트를 하는 게 홍보 프로젝트를 하는 게 좋지 않을까 싶습니다.","wordCount":133},"emotion":[],"intent":[{"text":"","expression":"","category":"attitude"}],"summary":{"text":"치매에 대한 인식을 바꾸는 프로젝트를 국민 전체에 진행해야 할 것 같습니다. 치매는 원래 인식 바꾸는 부분이 중요하다고 생각해서 잘 관리를 하고 준비를 해야 된다는 걸 인식할 수 있는 홍보 프로젝트를 하는 게 좋다고 생각합니다.","wordCount":34}}},"rawDataInfo":{"question":{"fileFormat":"wav","fileSize":528718,"duration":16520,"samplingBit":16,"channelCount":1,"samplingRate":"16kHz","audioPath":"/Mock/04.RND/Female/New/ckmk_q_rnd_f_n_158837.wav"},"answer":{"fileFormat":"wav","fileSize":2867278,"duration":89600,"samplingBit":16,"channelCount":1,"samplingRate":"16kHz","audioPath":"/Mock/04.RND/Female/New/ckmk_a_rnd_f_n_158837.wav"}}}