{"version":"1.0","dataSet":{"info":{"date":"20230116","occupation":"RND","channel":"MOCK","place":"ONLINE","gender":"FEMALE","ageRange":"-34","experience":"NEW"},"question":{"raw":{"text":"지원자가 할 수 있는 설계 프로그램이 있는지 만일 있다면 간단히 설명해 주세요","wordCount":12},"emotion":[],"intent":[]},"answer":{"raw":{"text":"어 저는 설계할 수 있는 프로그램은 사실 없구요. 만약에 여기에 그 어떤 설계 프로그램이 필요하다면 그 능력이 필요하다면 얼마든지 그 되게 빠른 시간 안에 제가 그거를 습득해서 올 수 있습니다. 그런 거는 일도 아니고 굉장히 빠른 속도로 처리할 수 있기 때문에 한 번 좀 맡겨 봐 주셔도 될 것 같애요.","wordCount":50},"emotion":[],"intent":[{"text":"","expression":"","category":"attitude"}],"summary":{"text":"설계 프로그램이 필요하다면 빠르게 습득할 수 있기 때문에 한번 맡겨 봐 주셔도 될 것 같습니다. 설계 프로그램은 사실 없고, 능력만 있다면 빠르게 올 수 있습니다.","wordCount":25}}},"rawDataInfo":{"question":{"fileFormat":"wav","fileSize":327758,"duration":10240,"samplingBit":16,"channelCount":1,"samplingRate":"16kHz","audioPath":"/Mock/04.RND/Female/New/ckmk_q_rnd_f_n_126291.wav"},"answer":{"fileFormat":"wav","fileSize":943438,"duration":29480,"samplingBit":16,"channelCount":1,"samplingRate":"16kHz","audioPath":"/Mock/04.RND/Female/New/ckmk_a_rnd_f_n_126291.wav"}}}