{"version":"1.0","dataSet":{"info":{"date":"20230116","occupation":"RND","channel":"MOCK","place":"ONLINE","gender":"FEMALE","ageRange":"-34","experience":"NEW"},"question":{"raw":{"text":"시간이 남을 때 무슨 일을 하시나요 그 일을 하는 이유는 따로 있으신가요 구체적으로 본인이 그 일을 하는 것에 대해 말씀해 주세요","wordCount":21},"emotion":[],"intent":[]},"answer":{"raw":{"text":"저는 시간이 남을 때 친구들을 만나곤 합니다. 친구는 서로를 더 성장시키는 믿을 수 있는 동행이라고 생각합니다. 저에게는 고등학교 시절부터 가족만큼 의지하는 친구들이 있습니다. 오랜 시간 함께 하면서 개인적인 취미 활동이나 가족의 어려운 상황뿐 아니라 각자가 꿈을 키워온 과정까지 어떻게 보면 저희 어머니보다 서로를 잘 알고 있는 친구들입니다. 그러다 보니 어려운 일이나 기쁜 일이나 가장 먼저 알고 함께 하게 되는 일이 많았습니다. 하지만 서로를 잘 알고 있기 때문에 살뜰하게 챙겨주는 일도 있지만 상대방에게 혹시 부담이 될 만한 것은 각자 알아서 처리하는 편입니다. 그리고 미처 신경 쓰지 못하더라도 서운해 하지 않습니다. 그것이 서로를 진짜 응원하는 것임을 알고 있기 때문입니다. 덕분에 각각의 꿈이 다르고 살아가는 환경도 많이 달라졌지만 여전히 가장 믿을 수 있는 친구로 남을 수 있었습니다. 이처럼 저에게 친구는 서로의 성장을 응원하고 배려하는 동행입니다. 저에게 있어 친구는 항상 저에게 기댈 수 있는 나무 같은 존재입니다.","wordCount":133},"emotion":[],"intent":[{"text":"","expression":"","category":"attitude"}],"summary":{"text":"친구는 서로를 더 성장시키는 믿을 수 있는 동행입니다. 저에게는 고등학교 시절부터 가족만큼 의지하는 친구들이 있는데 오랜 시간 함께 하면서 각자의 꿈을 키워온 과정까지 서로 잘 알고 있는 친구들이다 보니 어려운 일이나 기쁜 일이나 가장 먼저 알고 함께 하게 되는 일이 많았지만 서로가 서로를 진짜 응원하는 것임을 알고 있기에 부담스럽더라도 각자 알아서 처리합니다.","wordCount":52}}},"rawDataInfo":{"question":{"fileFormat":"wav","fileSize":612558,"duration":19140,"samplingBit":16,"channelCount":1,"samplingRate":"16kHz","audioPath":"/Mock/04.RND/Female/New/ckmk_q_rnd_f_n_279620.wav"},"answer":{"fileFormat":"wav","fileSize":3832398,"duration":119760,"samplingBit":16,"channelCount":1,"samplingRate":"16kHz","audioPath":"/Mock/04.RND/Female/New/ckmk_a_rnd_f_n_279620.wav"}}}