{"version":"1.0","dataSet":{"info":{"date":"20230116","occupation":"RND","channel":"MOCK","place":"ONLINE","gender":"FEMALE","ageRange":"-34","experience":"NEW"},"question":{"raw":{"text":"만약 기차가 운행 도중 산사태로 삼십 분 동안 정차하게 되었다면 본인이 이때 관리 책임에 위치해 있을 때 어떤 방법으로 조치하실 건가요","wordCount":21},"emotion":[],"intent":[]},"answer":{"raw":{"text":"산사태는 자연재해이기 때문에 그 누구도 예상할 수 없습니다. 예상할 수 없기 때문에 기차가 이렇게 운행을 멈추게 된다면 많은 분들이 당황하시게 될 것 같은데요. 어 관리자는 가장 먼저 해당 상황에 대해 승객 분들에게 고지를 해야 한다고 생각이 됩니다. 승객분들에게 이러한 일로 인해 산사태로 인해 차량이 정차됐고 앞으로 몇 분 뒤에 차량이 운행을 할 수 있다. 그로 인해서 몇 분의 시간이 지연되었다 라는 사실을 정확하게 고지를 하고 이에 대한 보상도 확실하게 말을 해야 된다고 생각을 하는데요. 제가 과거에 어 이런 재해로 인해서 기차 안에 한 시간 가량 갇힌 적이 있습니다. 그때 안내 방송으로 차량이 멈춘 이유에 대한 설명을 충분히 들었고 사과의 말과 그리고 이에 대한 보상을 충분히 들었기 때문에 그때 굉장히 당황하지 않고 침착하게 기다릴 수 있었던 경험이 있습니다. 그래서 이번 이런 일이 발생했을 때 관리자는 고지를 하고 이에 맞는 보상만 충분히 말을 해 준다면 큰 문제 없이 해당 상황이 에 대한 조치가 될 수 있을 것 같습니다.","wordCount":146},"emotion":[],"intent":[{"text":"어 관리자는 가장 먼저 해당 상황에 대해 승객 분들에게 고지를 해야 한다고 생각이 됩니다.","expression":"c_adp","category":"personality"},{"text":"그로 인해서 몇 분의 시간이 지연되었다 라는 사실을 정확하게 고지를 하고 이에 대한 보상도 확실하게 말을 해야 된다고 생각을 하는데요.","expression":"c_adp","category":"personality"},{"text":"제가 과거에 어 이런 재해로 인해서 기차 안에 한 시간 가량 갇힌 적이 있습니다.","expression":"c_private","category":"background"},{"text":"그래서 이번 이런 일이 발생했을 때 관리자는 고지를 하고 이에 맞는 보상만 충분히 말을 해 준다면 큰 문제 없이 해당 상황이 에 대한 조치가 될 수 있을 것 같습니다.","expression":"c_adp","category":"personality"}],"summary":{"text":"산사태는 자연재해이기 때문에 누구도 예상할 수 없기 때문에, 관리자는 승객들에게 산사태로 인해 차량이 정차됐으며 앞으로 몇 분 뒤에 차량이 운행을 할 수 있다 라는 사실을 정확하게 알리고 이에 대한 보상도 확실히 해야 합니다.","wordCount":33}}},"rawDataInfo":{"question":{"fileFormat":"wav","fileSize":350478,"duration":10950,"samplingBit":16,"channelCount":1,"samplingRate":"16kHz","audioPath":"/Mock/04.RND/Female/New/ckmk_q_rnd_f_n_290254.wav"},"answer":{"fileFormat":"wav","fileSize":3037518,"duration":94920,"samplingBit":16,"channelCount":1,"samplingRate":"16kHz","audioPath":"/Mock/04.RND/Female/New/ckmk_a_rnd_f_n_290254.wav"}}}