{"version":"1.0","dataSet":{"info":{"date":"20230116","occupation":"RND","channel":"MOCK","place":"ONLINE","gender":"FEMALE","ageRange":"-34","experience":"NEW"},"question":{"raw":{"text":"배달의 민족을 사용하시면서 서비스에서 아쉬웠던 부분이 있으셨나요 있으셨다면 무엇이었는지 말씀해 주시기 바랍니다","wordCount":12},"emotion":[],"intent":[]},"answer":{"raw":{"text":"저는 배달의민족을 평소에 굉장히 많이 사용을 하는데요. 제가 이 서비스를 이용하면서 느꼈던 장점도 굉장히 많지만 단점이 두드러지게 드러나는 부분이 있었습니다. 그것이 무엇이냐면 바로 별점입니다.추천제라고도 할 수 있죠. 제가 정말로 맛있는 집을 찾고 싶어서 검색을 하면 소위 말하는 소위 말하듯이 댓글 알바 같은 그런 개념인 거죠. 별로 맛있지도 않은데 돈을 써서 상단을 상단으로 위치시킨다 다거나 돈을 써서 댓글 알바로 맛있다고 거짓말을 치게 한다거나 그런 서비스에 있어서는 아직 배달의민족 서비스가 좋은 취지를 악용하고 있다고 생각합니다. 그렇기 때문에 이 부분이 아쉬웠습니다.","wordCount":78},"emotion":[],"intent":[{"text":"","expression":"","category":"attitude"}],"summary":{"text":"배달의민족의 가장 큰 단점은 별점입니다. 추천제라고 할 수 있습니다. 추천제로 맛있는 집을 찾고 싶어서 검색을 하면 돈 때문에 댓글 알바로 맛있는 집을 추천해주는 개념인 것입니다. 아직 이 서비스가 좋은 취지를 악용하고 있다고 생각합니다.","wordCount":33}}},"rawDataInfo":{"question":{"fileFormat":"wav","fileSize":454798,"duration":14210,"samplingBit":16,"channelCount":1,"samplingRate":"16kHz","audioPath":"/Mock/04.RND/Female/New/ckmk_q_rnd_f_n_122889.wav"},"answer":{"fileFormat":"wav","fileSize":2089678,"duration":65300,"samplingBit":16,"channelCount":1,"samplingRate":"16kHz","audioPath":"/Mock/04.RND/Female/New/ckmk_a_rnd_f_n_122889.wav"}}}