{"version":"1.0","dataSet":{"info":{"date":"20230116","occupation":"RND","channel":"MOCK","place":"ONLINE","gender":"FEMALE","ageRange":"35-44","experience":"NEW"},"question":{"raw":{"text":"지원자님께서는 평소에 개인 작업을 많이 하는 편이신가요 그렇다면 그렇게 끊임없이 개인 작업을 할 수 있게 만드는 원동력은 무엇이라고 생각을 하십니까 말씀 부탁드리겠습니다","wordCount":22},"emotion":[],"intent":[]},"answer":{"raw":{"text":"저에 원동력은 힘든 일이라도 맡은 일을 포기하지 않고 끝까지 수행해 해 나가는 책임감과 끈기입니다. 저는 예전에 다문화 가정 어린이를 멘토링 하는 활동을 육 개월간 참여한 적이 있습니다. 이전에 아이를 담당했던 학생들은 기간을 다 채우지 않고 그만뒀고 곧 그 이유를 알게 되었습니다. 제가 담당하는 아이는 또래 아이들보다 학업 능력이 떨어져 가리키기가 너무 어려웠기 때문입니다. 저 또한 개념이 적립되지 않는 초등학생을 가르쳐 본 적이 없었기 때문에 막막했습니다. 그래서 교육학을 전공하고 있는 친구에게 자문하여 먼저 아이와 친해지기 위해 노력했습니다. 일주일간은 아이와 운동장에서 뛰어놀거나 좋아하는 애니메이션을 함께 보며 친해지고 관심사에 대해 알아갔습니다. 그 후 아이가 좋아하는 캐릭터 교재로 수업을 진행하였고 아이는 관심을 보이기 시작하였습니다. 기념 기본 개념을 익히고 난 후에는 교과서와 동시에 수업하였고 계획대로 활동을 마무리할 수 있었습니다. 업무를 하면 하기 싫거나 버거운 일을 만나기도 할 것입니다. 하지만 아무리 힘들어도 책임감을 가지고 포기하지 않는 모습을 보여 드리겠습니다.","wordCount":133},"emotion":[{"text":"저는 예전에 다문화 가정 어린이를 멘토링 하는 활동을 육 개월간 참여한 적이 있습니다.","expression":"u-fact","category":"neutral"}],"intent":[{"text":"저에 원동력은 힘든 일이라도 맡은 일을 포기하지 않고 끝까지 수행해 해 나가는 책임감과 끈기입니다.","expression":"c_person","category":"background"},{"text":"저는 예전에 다문화 가정 어린이를 멘토링 하는 활동을 육 개월간 참여한 적이 있습니다.","expression":"c_private","category":"background"}],"summary":{"text":"업무가 힘들더라도 책임감을 가지고 끝까지 수행해 해 나가는 책임감과 끈기가 저에 원동력입니다. 업무를 하면 하기 싫거나 버거운 일을 만나기도 할 것입니다. 하지만 아무리 힘들어도 책임감을 가지고 포기하지 않는 모습을 보여 드리겠습니다.","wordCount":31}}},"rawDataInfo":{"question":{"fileFormat":"wav","fileSize":541838,"duration":16930,"samplingBit":16,"channelCount":1,"samplingRate":"16kHz","audioPath":"/Mock/04.RND/Female/New/ckmk_q_rnd_f_n_236365.wav"},"answer":{"fileFormat":"wav","fileSize":2615118,"duration":81720,"samplingBit":16,"channelCount":1,"samplingRate":"16kHz","audioPath":"/Mock/04.RND/Female/New/ckmk_a_rnd_f_n_236365.wav"}}}