{"version":"1.0","dataSet":{"info":{"date":"20230116","occupation":"RND","channel":"MOCK","place":"ONLINE","gender":"FEMALE","ageRange":"-34","experience":"NEW"},"question":{"raw":{"text":"지원자님께서는 이 면접을 어떤 방식으로 준비하셨는지 말씀해 주세요","wordCount":8},"emotion":[],"intent":[]},"answer":{"raw":{"text":"사실 면접이라는 거는 저에 대한 모든 부분을 보여드리는 자리라고 생각됩니다. 제가 어떠한 것을 공부를 하였고 평소 생각하는 사고 방식은 어떠한지 어떠한 성향을 가지고 있는지 과연 이 직무에 어울리는 인재인지에 대한 저의 모든 것을 보여드리는 자리라고 생각하는데요. 어 그렇기 때문에 해당 면접에서 저에게 들어올 수 있는 질문을 리스트를 쭉 마련한 뒤에 해당 질문에는 이렇게 대답을 해야지 라는 방식으로 면접을 준비했던 것 같습니다. 오늘 면접을 준비하느라 밤잠을 못 이뤘고 너무 떨렸는데요. 오늘 면접 자리가 이렇게 화기애애한 걸 보니 앞으로 이 회사에 입사를 해서 저의 이런 긍정적인 에너지를 보여드리고 정말 좋은 기회 좋은 추억을 쌓고 열심히 일하고 싶습니다.","wordCount":95},"emotion":[],"intent":[{"text":"","expression":"","category":"attitude"}],"summary":{"text":"면접은 저에 대한 모든 것을 보여주는 자리라고 생각하는데, 오늘 면접 자리가 화기애애한 걸 보니 앞으로 이 회사에 입사해서 긍정적인 에너지를 보여주고 좋은 기회 좋은 추억을 쌓고 열심히 일하고 싶습니다.","wordCount":29}}},"rawDataInfo":{"question":{"fileFormat":"wav","fileSize":246158,"duration":7690,"samplingBit":16,"channelCount":1,"samplingRate":"16kHz","audioPath":"/Mock/04.RND/Female/New/ckmk_q_rnd_f_n_266002.wav"},"answer":{"fileFormat":"wav","fileSize":1990478,"duration":62200,"samplingBit":16,"channelCount":1,"samplingRate":"16kHz","audioPath":"/Mock/04.RND/Female/New/ckmk_a_rnd_f_n_266002.wav"}}}