{"version":"1.0","dataSet":{"info":{"date":"20230116","occupation":"RND","channel":"MOCK","place":"ONLINE","gender":"FEMALE","ageRange":"-34","experience":"NEW"},"question":{"raw":{"text":"지원자님 지금까지 어 인생을 살아오시면서 가장 힘들었던 경험은 어떤 경험이신지 어 그때 그것을 어떻게 극복하셨는지도 궁금합니다","wordCount":16},"emotion":[],"intent":[]},"answer":{"raw":{"text":"저는 고등학교 방황하던 시절이 가장 힘들었습니다. 제가 뭘 하고 싶은지 어떠한 방향으로 어떠한 공부를 해야 할 것인지 운동을 해야 되는지 공부를 해야 되는지도 몰랐을 시절 바로 고등학교 시절이 가장 힘들었었습니다. 저는 고등학교 시절에 친구들과도 부모님과도 갈등 상황이 굉장히 많았는데요. 저는 이를 굉장히 극복하기가 힘들었습니다. 그럼에도 불구하고 저의 긍정적인 마인드와 사교성이 좋은 성격을 토대로 제가 힘들었던 모든 순간들에서 이겨낼 수 있었고 친구들과는 더욱 소통을 많이 하고 부모님과는 이해와 설득을 통해서 극복을 했었던 것 같습니다.","wordCount":73},"emotion":[],"intent":[{"text":"","expression":"","category":"attitude"}],"summary":{"text":"긍정적인 마인드와 사교성이 좋은 성격을 토대로 힘들었던 모든 순간들에서 이겨낼 수 있었고 친구와는 더욱 소통을 많이 하고 부모님과는 이해와 설득을 통해서 극복 했었던 것 같습니다.","wordCount":25}}},"rawDataInfo":{"question":{"fileFormat":"wav","fileSize":561678,"duration":17550,"samplingBit":16,"channelCount":1,"samplingRate":"16kHz","audioPath":"/Mock/04.RND/Female/New/ckmk_q_rnd_f_n_122883.wav"},"answer":{"fileFormat":"wav","fileSize":1940558,"duration":60640,"samplingBit":16,"channelCount":1,"samplingRate":"16kHz","audioPath":"/Mock/04.RND/Female/New/ckmk_a_rnd_f_n_122883.wav"}}}