{"version":"1.0","dataSet":{"info":{"date":"20230116","occupation":"RND","channel":"MOCK","place":"ONLINE","gender":"FEMALE","ageRange":"-34","experience":"NEW"},"question":{"raw":{"text":"본인이 생각하는 본인의 장점과 단점이 아니라 주변 사람들이 생각하는 지원자님의 장점과 단점에 대해서 모두 알고 계시는 만큼 말씀을 해 주시기 바랍니다","wordCount":21},"emotion":[],"intent":[]},"answer":{"raw":{"text":"다른 분들이 생각하시는 저의 장점은 결단력이 좋다 추진력이 좋다 이구요. 또 단점은 많이 덤벙거리는 게 제 단점으로 생각을 하시는 것 같습니다. 그래도 단점 덕분에 저는 많은 분들이 저와 친밀하게 또 여겨주시고 저도 다른 분들께 많은 도움을 받으면서 성장을 한다고 생각을 해서 단점 아닌 단점이라고 생각을 하고 또 이런 단점이 있기 때문에 저는 계획을 열심히 하는 편입니다. 뭣 하나를 빠트리지 않기 위에서요. 그래서 저는 단점 아닌 단점을 가지고 있고 또 결단력과 추진력이 좋은 차 큰 장점을 가지고 있는 그런 사람입니다.","wordCount":79},"emotion":[],"intent":[{"text":"다른 분들이 생각하시는 저의 장점은 결단력이 좋다 추진력이 좋다 이구요.","expression":"c_person","category":"background"},{"text":"또 단점은 많이 덤벙거리는 게 제 단점으로 생각을 하시는 것 같습니다.","expression":"c_person","category":"background"}],"summary":{"text":"저는 결단력과 추진력이 좋은 장점을 가지고 있지만, 많은 도움을 받으면서 성장을 한다는 점에서 단점 아닌 단점을 생각하고 계획을 열심히 하는 편입니다.","wordCount":21}}},"rawDataInfo":{"question":{"fileFormat":"wav","fileSize":535118,"duration":16720,"samplingBit":16,"channelCount":1,"samplingRate":"16kHz","audioPath":"/Mock/04.RND/Female/New/ckmk_q_rnd_f_n_178184.wav"},"answer":{"fileFormat":"wav","fileSize":1319758,"duration":41240,"samplingBit":16,"channelCount":1,"samplingRate":"16kHz","audioPath":"/Mock/04.RND/Female/New/ckmk_a_rnd_f_n_178184.wav"}}}