{"version":"1.0","dataSet":{"info":{"date":"20230116","occupation":"RND","channel":"MOCK","place":"ONLINE","gender":"FEMALE","ageRange":"-34","experience":"NEW"},"question":{"raw":{"text":"일을 하다가 만약에 상사에게 어려운 지시를 받게 되신다면 어떻게 행동하실지 그 이유와 함께 설명해 주시기 바랍니다","wordCount":16},"emotion":[],"intent":[]},"answer":{"raw":{"text":"우선 최대한 제 역량 내에서 해결할 수 있는 방법을 모색할 것이고 어 두 번째로는 주변 동료분이나 어떤 사수분에게 도움을 청할 것이고 그래도 해결이 되지 않는다면 어 최종적으로는 상사 분에게 신속하게 해 해당 사실을 알리고 어 좀 다른 지시를 기다리겠습니다. 그 이유는 어 일단 불합리해 보이는 지시라 할지라도 그 업무에는 제가 배울 점이 있다고 생각하기 때문에 최대한 상산 상사분의 이제 지시에 맞춰서 업무 이행을 하고자 노력할 것이고 두 번째로 제 역량 안에 소화할 수 없다면 어 동료분이나 선배님들에 지혜를 좀 빌려서라도 제가 최대한 좀 커버 할 수 있는 부분이 있는지 신속하게 알아본 후에 그래도 제 영역 내에서 해소가 되지 않는 업무 지시라면 어 보다 빠르게 해당 사실을 알려야 팀 워크에도 좀 지장이 가지 않고 보다 효율적인 업무 수행이 가능하기 때문에 상사분에게 이 사실을 알리고 대처 업무라든가 대처 방안을 좀 받고 업무를 지시 업무를 이제 이행하는 방향으로 어 최대한 노력하는 그런 일원이 되도록 하겠습니다.","wordCount":142},"emotion":[],"intent":[{"text":"","expression":"","category":"attitude"}],"summary":{"text":"불합리해 보이는 지시라 할지라도 그 업무에는 제가 배울 점이 있다고 생각하기 때문에 최대한  상사분의 지시에 맞춰서 업무 이행을 하고자 노력할 것이고, 만약 제 역량 내에 해결이 되지 않는 업무 지시라면 빨리 해당 사실을 알려야 팀 워크에도 지장이 가지 않고 효율적인 업무 수행이 가능하기 때문에 상사분에게 이 사실을 알리고 업무를 지시 업무를 이행하도록 하겠습니다.","wordCount":53}}},"rawDataInfo":{"question":{"fileFormat":"wav","fileSize":373838,"duration":11680,"samplingBit":16,"channelCount":1,"samplingRate":"16kHz","audioPath":"/Mock/04.RND/Female/New/ckmk_q_rnd_f_n_133462.wav"},"answer":{"fileFormat":"wav","fileSize":2749198,"duration":85910,"samplingBit":16,"channelCount":1,"samplingRate":"16kHz","audioPath":"/Mock/04.RND/Female/New/ckmk_a_rnd_f_n_133462.wav"}}}