{"version":"1.0","dataSet":{"info":{"date":"20230116","occupation":"RND","channel":"MOCK","place":"ONLINE","gender":"FEMALE","ageRange":"-34","experience":"NEW"},"question":{"raw":{"text":"어 동물 실험이 인간에게 주는 이익은 굉장히 많이 있는데요 그중에서 이제 지원자님의 생각을 말씀해 주시길 바랍니다 동물 실험에 대한 찬반양론에 대한 생각도 좋습니다","wordCount":23},"emotion":[],"intent":[]},"answer":{"raw":{"text":"동물 실험을 통해 조금 더 다양한 실험이 가능한 것 같습니다. 아무래도 동물은 개체 수도 많고 그 종류도 많기 때문에 많은 실험을 행할 수 있을 것인데요. 그렇기 때문에 인간은 많은 실험을 통해 데이터를 쌓고 데이터를 수집해서 그런 데이터를 종합적으로 모아 좋은 제품을 선보일 수 있다고 생각됩니다. 하지만 저는 이런 동물 실험에 대해 반대하는 입장입니다. 어 동물도 똑같은 감정을 가지고 있고 고통을 느끼기 때문에 저희가 이렇게 실험을 계속해서 하게 된다면 많은 동물들이 고통 속에서 몸부림칠 것이라 생각이 되는데요. 그렇기 때문에 동물에게 시험을 가하지 않는 방법을 개발하고 동물이든 인간이든 생명체를 가진 그 어떠한 무언가들에게 실험을 하지 않고 좋은 제품을 개발할 수 있는 방향으로 기술이 개발되어야 된다고 생각됩니다.","wordCount":104},"emotion":[{"text":"하지만 저는 이런 동물 실험에 대해 반대하는 입장입니다.","expression":"u-belief","category":"neutral"},{"text":"그렇기 때문에 동물에게 시험을 가하지 않는 방법을 개발하고 동물이든 인간이든 생명체를 가진 그 어떠한 무언가들에게 실험을 하지 않고 좋은 제품을 개발할 수 있는 방향으로 기술이 개발되어야 된다고 생각됩니다.","expression":"u-belief","category":"neutral"}],"intent":[{"text":"하지만 저는 이런 동물 실험에 대해 반대하는 입장입니다.","expression":"c_value","category":"background"},{"text":"그렇기 때문에 동물에게 시험을 가하지 않는 방법을 개발하고 동물이든 인간이든 생명체를 가진 그 어떠한 무언가들에게 실험을 하지 않고 좋은 제품을 개발할 수 있는 방향으로 기술이 개발되어야 된다고 생각됩니다.","expression":"c_value","category":"background"}],"summary":{"text":"동물 실험을 통해 다양한 실험이 가능합니다. 인간은 많은 실험을 통해 데이터를 쌓고 수집해 좋은 제품을 선보일 수 있습니다. 하지만 동물에게 시험을 가하지 않는 방법을 개발하고 동물이든 인간이든 실험을 하지 않는 기술이 개발되어야 합니다.","wordCount":33}}},"rawDataInfo":{"question":{"fileFormat":"wav","fileSize":537038,"duration":16780,"samplingBit":16,"channelCount":1,"samplingRate":"16kHz","audioPath":"/Mock/04.RND/Female/New/ckmk_q_rnd_f_n_266202.wav"},"answer":{"fileFormat":"wav","fileSize":2207438,"duration":68980,"samplingBit":16,"channelCount":1,"samplingRate":"16kHz","audioPath":"/Mock/04.RND/Female/New/ckmk_a_rnd_f_n_266202.wav"}}}