{"version":"1.0","dataSet":{"info":{"date":"20230116","occupation":"RND","channel":"MOCK","place":"ONLINE","gender":"FEMALE","ageRange":"-34","experience":"NEW"},"question":{"raw":{"text":"대한민국의 여러 금융 정책 기관들이 있는데요 어 이런 정책 기관들이 앞으로 어떤 노력을 하고 국민들을 위해 무슨 정책을 펴야 한다고 생각을 하십니까","wordCount":22},"emotion":[],"intent":[]},"answer":{"raw":{"text":"뭐 아무래도 음 중소기업들을 보호를 해야 되는 그런 목적을 가진 기관이기 때문에 우리나라의 그런 가장 근본인 그런 근간인 서민들이 망가지지 않게끔 하려면 어 금리에 대한 부분부터 좀 잘 조금 더 세심하게 워낙 요즘에 불안정한 그 지금 경제 상황이 계속되고 있기 때문에요. 그래서 그거를 유지할 수 있는 부분들을 좀 정책을 잘 좀 세심하게 그거를 메꿔야 되지 않을까 싶은 어 제 주변만 봐도 너무 절망적인 상황들이 많아요. 그래서 이게 개인의 어떤 신용 문제가 아니라 기업들도 지금 많이 다 파산하고 있는 기업들이 주변에 많기 때문에 그러니까 당연히 실직자가 더 늘어날 수 밖에 없고요. 그래서 이러한 부분이 더 확대되지 않게 끔 할 그런 좀 정책을 고민을 해 봐야 되지 않을까 싶습니다.","wordCount":107},"emotion":[],"intent":[{"text":"","expression":"","category":"attitude"}],"summary":{"text":"중소기업들을 보호해야 되는 기관이기 때문에 서민들을 망가지지 않게 하려면 금리에 대한 부분부터 정책을 세심하게 메꿔야 될 것 같습니다. 주변엔 파산한 기업들이 많아서 실직자가 더 늘어날 수 밖에 없기 때문에 이런 부분이 확대되지 않게 정책을 고민해야 합니다.","wordCount":36}}},"rawDataInfo":{"question":{"fileFormat":"wav","fileSize":539278,"duration":16850,"samplingBit":16,"channelCount":1,"samplingRate":"16kHz","audioPath":"/Mock/04.RND/Female/New/ckmk_q_rnd_f_n_158836.wav"},"answer":{"fileFormat":"wav","fileSize":2898638,"duration":90580,"samplingBit":16,"channelCount":1,"samplingRate":"16kHz","audioPath":"/Mock/04.RND/Female/New/ckmk_a_rnd_f_n_158836.wav"}}}