{"version":"1.0","dataSet":{"info":{"date":"20230116","occupation":"RND","channel":"MOCK","place":"ONLINE","gender":"FEMALE","ageRange":"45-54","experience":"NEW"},"question":{"raw":{"text":"소통 능력은 굉장히 중요한 것 중의 하나인데요 소통 능력을 키우기 위해서는 어떤 일을 할 수 있을까 생각나는 방법을 어 면접자님께서 자세하게 설명을 해 주시기 바랍니다","wordCount":25},"emotion":[],"intent":[]},"answer":{"raw":{"text":"소통 능력을 키우기 위해서 어 할 수 있는 일은 공감이 가장 중요한 일이라고 생각합니다. 상대방과 소통을 할려면 나의 이야기만 하는 것이 아니구요. 상대방의 하는 이야기를 듣고 그가 원하는 것이 무엇인지 그 안에서 나의 이야기를 녹여내야 한다고 생각합니다. 그래야 서로가 나의 이야기를 전달하고 그의 이야기를 전달받을 수 있다고 생각을 해서 저는 소통 능력을 키우기 위해서는 가장 중요한 것이 상대방의 이야기를 주의 깊게 듣는 것이라고 생각합니다. 주의 깊게 듣고 그 다음으로 그 이야기에 공감하는 것이라고 생각합니다. 서로 대화를 하고 있는데 공감하지 않는다면 나의 이야기만 하게 되고 상대방도 자기의 이야기만 하게 될 것 같습니다. 그렇다 보면 그것은 소통이 아니라 그냥 각자 말하는 것이 아닌가 싶습니다. 그래서 소통을 키우기 위해서 소통 능력을 키우기 위해서 어 오 해야 할 일은 첫 번째로 잘 듣는 것이구요. 두 번째로는 공감하는 것이라고 저는 생각합니다. 그것을 위해서 노력해야 한다고 생각합니다.","wordCount":131},"emotion":[],"intent":[{"text":"","expression":"","category":"attitude"}],"summary":{"text":"소통 능력 향상을 위한 가장 중요한 일은 공감입니다. 소통을 하려면 자신의 이야기만 하는 것이 아니라 상대방의 이야기를 듣고 그가 원하는 것이 무엇인지 그 안에서 제 이야기를 녹여내야 합니다. 그래야 저의 이야기를 전달하고 그의 이야기를 전달받을 수 있다고 생각하여 상대방의 이야기를 주의 깊게 듣는 것이 가장 중요합니다.","wordCount":46}}},"rawDataInfo":{"question":{"fileFormat":"wav","fileSize":537038,"duration":16780,"samplingBit":16,"channelCount":1,"samplingRate":"16kHz","audioPath":"/Mock/04.RND/Female/New/ckmk_q_rnd_f_n_142044.wav"},"answer":{"fileFormat":"wav","fileSize":2745038,"duration":85780,"samplingBit":16,"channelCount":1,"samplingRate":"16kHz","audioPath":"/Mock/04.RND/Female/New/ckmk_a_rnd_f_n_142044.wav"}}}