{"version":"1.0","dataSet":{"info":{"date":"20230116","occupation":"RND","channel":"MOCK","place":"ONLINE","gender":"FEMALE","ageRange":"-34","experience":"NEW"},"question":{"raw":{"text":"기차가 운행하다 산사태로 삼십 분 동안 정차되었고 이때 지원자님께서는 관리 책임의 위치에 있다고 가정하였을 때 관리 책임자로서 어떻게 조치하실 건가요","wordCount":20},"emotion":[],"intent":[]},"answer":{"raw":{"text":"네 우선 삼십 분 열차 정지 사태로 인해 발생할 수 있는 업무 피해를 파악하고 해당 업무 피해를 최소화할 수 있는 그 백업 플랜을 구상한 후에 그 백업 플랜을 소화할 수 있는 현장 직원분에게 연락을 드리고 어 현 상황을 설명하고 어 이러이러한 업무 지시를 내린 후에 어 제 지시에 따라 좀 움직이고 있는지 유선상으로 좀 최대한 파악하고 어 그리고 이제 현 상황이 어떻게 돌아가는지 기차에 그 운행 재개가 어느 시점에 이루어지는지 약간 이런 부분들을 유선상으로 안내하고 어 그럼으로써 좀 백 업 직원분들의 불안을 좀 덜어주고 어 업무가 원활하게 돌아갈 수 있도록 어 최선을 다하는 그런 책임자로서의 면모를 보이겠습니다.","wordCount":97},"emotion":[],"intent":[{"text":"","expression":"","category":"attitude"}],"summary":{"text":"열차 정지 사태로 인해 발생할 수 있는 업무 피해를 파악하고 업무 피해를 최소화할 수 있는 백업 플랜을 구상한 후에 현장 직원분에게 연락을 드리고 업무 지시를 내린 후에 업무 상황을 유선상으로 안내하여 업무가 원활하게 돌아갈 수 있도록 최선을 다하는 책임자로서의 면모를 보이겠습니다.","wordCount":41}}},"rawDataInfo":{"question":{"fileFormat":"wav","fileSize":556238,"duration":17380,"samplingBit":16,"channelCount":1,"samplingRate":"16kHz","audioPath":"/Mock/04.RND/Female/New/ckmk_q_rnd_f_n_133461.wav"},"answer":{"fileFormat":"wav","fileSize":1923918,"duration":60120,"samplingBit":16,"channelCount":1,"samplingRate":"16kHz","audioPath":"/Mock/04.RND/Female/New/ckmk_a_rnd_f_n_133461.wav"}}}