{"version":"1.0","dataSet":{"info":{"date":"20230116","occupation":"RND","channel":"MOCK","place":"ONLINE","gender":"FEMALE","ageRange":"-34","experience":"NEW"},"question":{"raw":{"text":"지원자는 본인의 전공 또는 연구 경험의 실생활 응용 방안에 대해 말씀해 주시겠습니까","wordCount":12},"emotion":[],"intent":[]},"answer":{"raw":{"text":"아무래도 커다란 배를 만들 때 무거운 부품을 철을 옮길 때 이제 도르래의 역할을 이용해서 배의 부품을 붙이는 경우가 많습니다. 저희가 일상생활에서도 무거운 택배 뭐 쌀이라던지 캔 콜라라든지 굉장히 무거운 물건이 왔을 때 저는 이것을 영 배를 부품을 만들 때 활용했던 도르래의 경험을 살려서 이 물건을 들고 옮겼던 경험이 있던 것 같습니다. 실생활에서도 충분히 활용이 가능한 연구들이었고 이러한 연구들은 제가 실생활을 쫌 더 쫌 더 유용하게 편리하게 살 수 있게 도와 도움을 주었던 것 같습니다.","wordCount":74},"emotion":[],"intent":[{"text":"","expression":"","category":"attitude"}],"summary":{"text":"커다란 배를 만들 때 도르래의 역할을 이용해서 배의 부품을 붙이는 경우가 많은데, 이런 연구들은 실생활을 유용하게 편리하게 살 수 있게 도와 도움을 주었던 것 같습니다.","wordCount":25}}},"rawDataInfo":{"question":{"fileFormat":"wav","fileSize":458318,"duration":14320,"samplingBit":16,"channelCount":1,"samplingRate":"16kHz","audioPath":"/Mock/04.RND/Female/New/ckmk_q_rnd_f_n_269104.wav"},"answer":{"fileFormat":"wav","fileSize":1524558,"duration":47640,"samplingBit":16,"channelCount":1,"samplingRate":"16kHz","audioPath":"/Mock/04.RND/Female/New/ckmk_a_rnd_f_n_269104.wav"}}}