{"version":"1.0","dataSet":{"info":{"date":"20230116","occupation":"RND","channel":"MOCK","place":"ONLINE","gender":"FEMALE","ageRange":"-34","experience":"NEW"},"question":{"raw":{"text":"만약 지원자님께서 지금 지원하신 해당 직무가 아닌 타 부서에 배치되게 된다면 어떻게 하시겠습니까 그래도 괜찮으신가요","wordCount":15},"emotion":[],"intent":[]},"answer":{"raw":{"text":"이 직무가 아닌 다른 부서에 배치되게 된다면 저는 그 직무와 제가 적합한 인재인지 확인을 해 본 다음에 직무를 수행할 것 같습니다. 제가 이 직무에 지원한 이유는 오랫동안 이 직무를 공부해 왔기 때문입니다. 만약 다른 분야의 부서에 배치되게 된다면 회사 입장에서도 부서의 입장에서도 손해가 아닐까 라고 생각이 듭니다. 전문 분야의 지식이 있지 않고 처음부터 끝까지 일 부터 십 까지 저에게 알려주어야 할 것 같은데 그럴 경우라면 많은 사람들이 일을 하는데 불편함을 느낄 것이라고 생각을 합니다. 그렇기 때문에 저는 이 직무가 제가 지원한 이 직무가 저에게 잘 맞는 것이라고 생각을 합니다. 혹여 다른 부서에 배치되게 되었는데 저의 다른 재능이나 역량을 펼칠 수 있다면 그 직무는 마다하지 않고 일을 하도록 하겠습니다. 그래서 저는 이 직무가 아닌 다른 부서에 배치되게 된다고 해도 제 역량과 재능에 잘 부합한다면 기꺼이 해내겠습니다. 제가 이 회사에 지원한 이유도 이 직무 때문이지만 제 역량을 펼칠 수 있는 곳이 다른 곳이라고 해도 저는 상관없이 지원할 것입니다.","wordCount":146},"emotion":[],"intent":[{"text":"이 직무가 아닌 다른 부서에 배치되게 된다면 저는 그 직무와 제가 적합한 인재인지 확인을 해 본 다음에 직무를 수행할 것 같습니다.","expression":"c_adp","category":"personality"},{"text":"제가 이 직무에 지원한 이유는 오랫동안 이 직무를 공부해 왔기 때문입니다.","expression":"c_sincere_job","category":"etc"},{"text":"혹여 다른 부서에 배치되게 되었는데 저의 다른 재능이나 역량을 펼칠 수 있다면 그 직무는 마다하지 않고 일을 하도록 하겠습니다.","expression":"c_adp","category":"personality"},{"text":"그래서 저는 이 직무가 아닌 다른 부서에 배치되게 된다고 해도 제 역량과 재능에 잘 부합한다면 기꺼이 해내겠습니다.","expression":"c_adp","category":"personality"},{"text":"제가 이 회사에 지원한 이유도 이 직무 때문이지만 제 역량을 펼칠 수 있는 곳이 다른 곳이라고 해도 저는 상관없이 지원할 것입니다.","expression":"c_sincere_job","category":"etc"}],"summary":{"text":"이 직무가 아닌 다른 부서에 배치되게 된다면 저는 그 직무와 제가 적합한 인재인지 확인한 후에 직무를 수행할 것 같습니다. 전문 분야의 지식이 없이 일 부터 십 까지 제게 알려주어야 할 것 같은데 그럴 경우라면 많은 사람들이 일을 하는데 불편함을 느낄 것이라고 생각하기 때문에 저는 이 직무를 제가 잘 맞는 것이라고 생각합니다.","wordCount":51}}},"rawDataInfo":{"question":{"fileFormat":"wav","fileSize":387278,"duration":12100,"samplingBit":16,"channelCount":1,"samplingRate":"16kHz","audioPath":"/Mock/04.RND/Female/New/ckmk_q_rnd_f_n_272871.wav"},"answer":{"fileFormat":"wav","fileSize":3722958,"duration":116340,"samplingBit":16,"channelCount":1,"samplingRate":"16kHz","audioPath":"/Mock/04.RND/Female/New/ckmk_a_rnd_f_n_272871.wav"}}}