{"version":"1.0","dataSet":{"info":{"date":"20230116","occupation":"RND","channel":"MOCK","place":"ONLINE","gender":"FEMALE","ageRange":"-34","experience":"NEW"},"question":{"raw":{"text":"어 만약 지원자님께서 지금 지원하신 이 직무가 아닌 다른 부서에 배치가 되실 수도 있는데요 그렇게 된다고 하더라도 괜찮으신가요","wordCount":18},"emotion":[],"intent":[]},"answer":{"raw":{"text":"만약 제가 지금 지원한 이 직무가 아닌 다른 부서에 배치 배치가 되게 된다고 한다면 저는 그렇다고 해도 이 회사를 위해서 한번 열심히 일해보고 싶다는 생각을 가지고 있습니다. 제가 이 회사에 지원을 하게 된 이유는 비단 이 직무를 어 꼭 해야지 하는 생각보다도 이 회사가 가지고 있는 비전과 방향이 제가 생각하는 삶의 그런 방향과 맥락을 같이 하고 또 이 회사가 가지고 있는 직원들을 생각하는 마음이 제가 앞으로 이 회사의 일을 하면서 조금 더 오래 애정을 가지고 할 수 있겠다 라는 생각이 들어서 지원을 하게 된 것입니다. 그러기 때문에 그렇기 때문에 저는 이 직무가 아닌 다른 부서에 배치가 되게 되더라도 맡은 바 직무에 어 소임을 당하고 또 애정을 가지기 위해서 여러 가지 방면으로 노력을 할 것이고 또 함께하는 팀원들과 좋은 관계를 맺어서 기분 좋게 또 즐겁게 일을 할 수 있도록 그런 환경을 만들어가는 그런 직원이 되고 싶습니다.","wordCount":135},"emotion":[],"intent":[{"text":"제가 이 회사에 지원을 하게 된 이유는 비단 이 직무를 어 꼭 해야지 하는 생각보다도 이 회사가 가지고 있는 비전과 방향이 제가 생각하는 삶의 그런 방향과 맥락을 같이 하고 또 이 회사가 가지고 있는 직원들을 생각하는 마음이 제가 앞으로 이 회사의 일을 하면서 조금 더 오래 애정을 가지고 할 수 있겠다 라는 생각이 들어서 지원을 하게 된 것입니다.","expression":"c_sincere_job","category":"etc"},{"text":"그러기 때문에 그렇기 때문에 저는 이 직무가 아닌 다른 부서에 배치가 되게 되더라도 맡은 바 직무에 어 소임을 당하고 또 애정을 가지기 위해서 여러 가지 방면으로 노력을 할 것이고 또 함께하는 팀원들과 좋은 관계를 맺어서 기분 좋게 또 즐겁게 일을 할 수 있도록 그런 환경을 만들어가는 그런 직원이 되고 싶습니다.","expression":"c_sincere_co","category":"etc"}],"summary":{"text":"저는 이 직무가 아닌 다른 부서에 배치 배치가 되더라도 맡은 바 직무에 대한 애정으로 여러 가지 방면으로 노력을 하고, 함께하는 팀원들과 좋은 관계를 맺어서 기분 좋게 또 즐겁게 일을 할 수 있도록 하는 환경을 만들어가는 그런 직원이 되고 싶습니다.","wordCount":39}}},"rawDataInfo":{"question":{"fileFormat":"wav","fileSize":390478,"duration":12200,"samplingBit":16,"channelCount":1,"samplingRate":"16kHz","audioPath":"/Mock/04.RND/Female/New/ckmk_q_rnd_f_n_264580.wav"},"answer":{"fileFormat":"wav","fileSize":2620878,"duration":81900,"samplingBit":16,"channelCount":1,"samplingRate":"16kHz","audioPath":"/Mock/04.RND/Female/New/ckmk_a_rnd_f_n_264580.wav"}}}