{"version":"1.0","dataSet":{"info":{"date":"20230116","occupation":"RND","channel":"MOCK","place":"ONLINE","gender":"FEMALE","ageRange":"-34","experience":"NEW"},"question":{"raw":{"text":"지원자님께서 이전 직장을 그만두게 된 특별한 이유가 있는지 궁금한데요 어떠한 이유로 그만뒀는지 설명해 주시고 그리고 현 직장도 그와 같은 이유로 그만둘 가능성이 있는지까지도 함께 말씀해 주시기 바랍니다","wordCount":27},"emotion":[],"intent":[]},"answer":{"raw":{"text":"전 직장은 굉장히 사무적인 회사였습니다. 그러다 보니 사 년 정도 다니다 보니까 굉장히 일상이 무료하더라고요. 쳇바퀴처럼 도는 것 같고 아침에 일어나서 출근하고 일하고 퇴근해서 집에서 누워 있는데 어느 순간 그런 생각이 딱 들더라구요. 아 여행을 떠나보고 싶다 나를 찾고 싶다 그래서 그 직장을 그만두고 무작정 여행을 떠났습니다. 유럽으로 한 달간 여행을 떠났는데요. 유럽에 있으면서 제 자신을 찾고 여유가 생기니까 제가 진짜 하고 싶은 일에 대해 고민이 들더라고요. 그래서 진짜 내가 하고 싶은 일이 무엇인가에 대해서 고민을 하고 고찰한 결과 이런 지금 제가 지원한 직장이 있다는 걸 알았고 이번 직장을 통해서 제가 저를 만나고 저의 기량을 쌓고 싶습니다. 따라서 저를 만났기 때문에 이번 직장에서는 같은 이유로 그만둘 가능성이 없다고 말씀드리고 싶습니다.","wordCount":110},"emotion":[{"text":"유럽으로 한 달간 여행을 떠났는데요.","expression":"u-fact","category":"neutral"}],"intent":[{"text":"","expression":"","category":"attitude"}],"summary":{"text":"전 직장이 사무적이어서 사 년 정도 다니다보니 일상에 무료함이 느껴져 유럽으로 여행을 떠나보았습니다. 유럽에 있으면서 제 자신을 찾고 여유가 생기니 진짜 하고 싶은 일에 대해 고민이 들었습니다. 이번 직장을 통해 기량을 쌓고 싶습니다. 따라서 같은 이유로 그만둘 가능성은 없습니다.","wordCount":39}}},"rawDataInfo":{"question":{"fileFormat":"wav","fileSize":546638,"duration":17080,"samplingBit":16,"channelCount":1,"samplingRate":"16kHz","audioPath":"/Mock/04.RND/Female/New/ckmk_q_rnd_f_n_289746.wav"},"answer":{"fileFormat":"wav","fileSize":2400718,"duration":75020,"samplingBit":16,"channelCount":1,"samplingRate":"16kHz","audioPath":"/Mock/04.RND/Female/New/ckmk_a_rnd_f_n_289746.wav"}}}