{"version":"1.0","dataSet":{"info":{"date":"20230116","occupation":"RND","channel":"MOCK","place":"ONLINE","gender":"FEMALE","ageRange":"-34","experience":"NEW"},"question":{"raw":{"text":"최근 구급 대원이 주취자에게 폭행을 당해 순직 당한 일이 발생했었는데요 해당 사건에 대해 어떻게 생각하시나요","wordCount":15},"emotion":[],"intent":[]},"answer":{"raw":{"text":"얼마 전 구급대원이 주취자에게 폭행을 당해 순직 당하셨다는 기사를 접한 적이 있습니다. 어 이 기사를 접하면서 굉장히 슬프고 원통한 기분을 느꼈는데요. 아직까지는 국내에서 구급대원에 대한 대우가 그리 좋지 않은 것으로 알고 있습니다. 그러다 보니 이러한 사고 사건들이 지속적으로 일어나고 있는데요. 어 주취자가 폭행을 했기 때문에 주취자에게는 당연히 그에 맞는 벌이 내려져야 마땅할 것이고요. 또 순직한 구급대원의 가족들에게는 이에 걸맞는 보상이 충분히 이루어져야 된다고 생각합니다. 또 해당 사건을 저희가 본보기 삼아 구급대원에 대한 처우를 개선할 수 있는 법을 발안해야 될 것이고요. 또 이러한 사건이 재발되지 않도록 일반 시민들에게 내려지는 처벌되는 법 또한 조금 더 강화돼서 다시는 이러한 비참한 일이 일어나지 않도록 조치해야 할 것이라 생각됩니다.","wordCount":104},"emotion":[],"intent":[{"text":"","expression":"","category":"attitude"}],"summary":{"text":"구급대원이 주취자에게 폭행을 당해 순직하셨다는 기사를 접한 적이 있는데, 아직까지 국내 구급 대원에 대한 대우가 그리 좋지 않은 것으로 알고 있습니다. 주취자가 폭행을 했기 때문에 주취자에게는 그에 맞는 벌이 내려져야 마땅할 것이고, 순직한구급대원의 가족들에게는 이에 맞는 보상이 이루어져야 합니다.","wordCount":39}}},"rawDataInfo":{"question":{"fileFormat":"wav","fileSize":345678,"duration":10800,"samplingBit":16,"channelCount":1,"samplingRate":"16kHz","audioPath":"/Mock/04.RND/Female/New/ckmk_q_rnd_f_n_266196.wav"},"answer":{"fileFormat":"wav","fileSize":2302798,"duration":71960,"samplingBit":16,"channelCount":1,"samplingRate":"16kHz","audioPath":"/Mock/04.RND/Female/New/ckmk_a_rnd_f_n_266196.wav"}}}