{"version":"1.0","dataSet":{"info":{"date":"20230116","occupation":"RND","channel":"MOCK","place":"ONLINE","gender":"FEMALE","ageRange":"35-44","experience":"NEW"},"question":{"raw":{"text":"현대 사회에서 없어서는 안 될 가장 중요하다고 생각하는 직업을 한 가지만 골라서 말씀해 주시길 바랍니다","wordCount":15},"emotion":[],"intent":[]},"answer":{"raw":{"text":"현대 사회에서 없어서는 안 될 가장 중요한 직업은 저는 직업 군인이라고 생각합니다. 직업 군인은 인류 역사상 가장 오래된 직업 중 하나로 그 역사는 전쟁과 함께 해 왔습니다. 중세 시대까지만 해도 인력이 귀하여 상비군은 대규모를 유지한 경우는 거의 없었지만 제 일 차 세계 대전 무렵부터는 언론의 발달로 진정한 군인 모습들이 민간인들에게도 적나라하게 알려지게 되었습니다. 현대사에는 세계 어디를 가도 군인은 존경받는 직업군에 속하며 선진국 복지국 등 다양한 국가에서 공통으로 국방의 중요성을 강조하고 있습니다. 이에 따라 군에 대한 예우와 연봉 보험에서도 국가의 지원이 매우 큰 편이라고 생각합니다. 대한민국에서는 남성의 경우 어 군에 입대하는 방법이 있습니다. 국가의 안정과 국민 보호를 위해 목숨을 아끼지 않고 봉사하는 직업 군인이 저는 아직까지는 없어서는 안 될 가장 중요한 직업이라고 생각합니다.","wordCount":112},"emotion":[],"intent":[{"text":"","expression":"","category":"attitude"}],"summary":{"text":"현대 사회에서 가장 중요한 직업은 제 일차 세계 대전 무렵부터 언론의 발달로 진정한 군인 모습들이 민간인들에게도 적나라하게 알려지게 된 직업 군인이라고 생각합니다. 국가의 안정과 국민 보호를 위해 목숨을 아끼지 않고 봉사하는 직업 군인이 저에게는 가장 중요한 직업이라 생각합니다.","wordCount":38}}},"rawDataInfo":{"question":{"fileFormat":"wav","fileSize":340238,"duration":10630,"samplingBit":16,"channelCount":1,"samplingRate":"16kHz","audioPath":"/Mock/04.RND/Female/New/ckmk_q_rnd_f_n_190604.wav"},"answer":{"fileFormat":"wav","fileSize":2518478,"duration":78700,"samplingBit":16,"channelCount":1,"samplingRate":"16kHz","audioPath":"/Mock/04.RND/Female/New/ckmk_a_rnd_f_n_190604.wav"}}}