{"version":"1.0","dataSet":{"info":{"date":"20230116","occupation":"RND","channel":"MOCK","place":"ONLINE","gender":"FEMALE","ageRange":"-34","experience":"NEW"},"question":{"raw":{"text":"어 공동체의 가치에 입각해서 어 무형문화유산의 보호에 있어 어 우리가 적용이 돼야 하는 그러한 사회적 관념들은 어떤 것들이라고 생각하시는지 말씀해 주시길 바랍니다","wordCount":22},"emotion":[],"intent":[]},"answer":{"raw":{"text":"무형 문화유산 저희가 꼭 보호해야 하는 것들이죠. 이 무형 문화유산에는 강릉 단오제 강강술래 줄다리기 등 저희가 입으로 입에서 전해 오거나 그 놀이의 형태가 남아있는 경우가 대부분입니다. 그렇기 때문에 저희가 지키지 못한다면 저희 후손들에게 이러한 유산을 넘겨줄 수 없을 것이고요. 공동체의 가치에 입각해서 저희가 이 문화유산을 지켜야 한다는 그런 결의가 꼭 필요하다고 생각합니다. 그렇기 때문에 이걸 지키고자 하는 그런 마음들을 모아야 된다고 생각하고요. 어 나만 아니면 돼 라는 그런 생각은 버려야 된다고 생각됩니다. 그렇기 때문에 문화유산을 보호하기 위해서는 사회적으로 많은 노력을 하고 사람들의 많은 관심이 필요할 것이라 생각이 됩니다.","wordCount":88},"emotion":[{"text":"공동체의 가치에 입각해서 저희가 이 문화유산을 지켜야 한다는 그런 결의가 꼭 필요하다고 생각합니다.","expression":"u-belief","category":"neutral"}],"intent":[{"text":"공동체의 가치에 입각해서 저희가 이 문화유산을 지켜야 한다는 그런 결의가 꼭 필요하다고 생각합니다.","expression":"c_value","category":"background"}],"summary":{"text":"무형 문화유산에는 강릉 단오제 강강술래 줄다리기 등 놀이의 형태가 남아있는 경우가 많습니다. 공동체의 가치에 입각해서 이 문화유산을 지켜야 한다는 결의가 필요하고 문화유산 보호를 위해 많은 노력과 사람들의 많은 관심이 필요할 것입니다.","wordCount":31}}},"rawDataInfo":{"question":{"fileFormat":"wav","fileSize":492878,"duration":15400,"samplingBit":16,"channelCount":1,"samplingRate":"16kHz","audioPath":"/Mock/04.RND/Female/New/ckmk_q_rnd_f_n_266201.wav"},"answer":{"fileFormat":"wav","fileSize":1854798,"duration":57960,"samplingBit":16,"channelCount":1,"samplingRate":"16kHz","audioPath":"/Mock/04.RND/Female/New/ckmk_a_rnd_f_n_266201.wav"}}}