{"version":"1.0","dataSet":{"info":{"date":"20230116","occupation":"RND","channel":"MOCK","place":"ONLINE","gender":"FEMALE","ageRange":"-34","experience":"NEW"},"question":{"raw":{"text":"지원자님께서 왜 이 분야에 관심을 가지게 되었고 또 지원하게 되었는지 궁금한데요 지원자님이 관심을 가진 이유와 지원자님의 지원 동기를 말씀해 주시기 바랍니다","wordCount":21},"emotion":[],"intent":[]},"answer":{"raw":{"text":"어릴 때부터 주변에 있는 배 제조 산업을 본 적이 있었습니다. 멀리서 봤을 때는 되게 작아 보였는데 가까이에서 보니 정말 큰 배들이 어떻게 만들어지는지 궁금했었는데 로봇들이 이 배 부품 하나하나를 조립하는 모습을 보면서 제조하는 업에 굉장히 관심을 가지게 되었습니다. 예전에 건담을 만들면서 조립하는 것에 자신이 있었던 저는 이런 커다란 물건을 한 번 만드는 것에 흥미를 가지게 되었고 이 조선업에 지원하게 되었던 것 같습니다.","wordCount":62},"emotion":[{"text":"멀리서 봤을 때는 되게 작아 보였는데 가까이에서 보니 정말 큰 배들이 어떻게 만들어지는지 궁금했었는데 로봇들이 이 배 부품 하나하나를 조립하는 모습을 보면서 제조하는 업에 굉장히 관심을 가지게 되었습니다.","expression":"p-interest","category":"positive"},{"text":"예전에 건담을 만들면서 조립하는 것에 자신이 있었던 저는 이런 커다란 물건을 한 번 만드는 것에 흥미를 가지게 되었고 이 조선업에 지원하게 되었던 것 같습니다.","expression":"p-interest","category":"positive"}],"intent":[{"text":"멀리서 봤을 때는 되게 작아 보였는데 가까이에서 보니 정말 큰 배들이 어떻게 만들어지는지 궁금했었는데 로봇들이 이 배 부품 하나하나를 조립하는 모습을 보면서 제조하는 업에 굉장히 관심을 가지게 되었습니다.","expression":"c_sincere_job","category":"etc"},{"text":"예전에 건담을 만들면서 조립하는 것에 자신이 있었던 저는 이런 커다란 물건을 한 번 만드는 것에 흥미를 가지게 되었고 이 조선업에 지원하게 되었던 것 같습니다.","expression":"c_sincere_job","category":"etc"}],"summary":{"text":"어릴 적 로봇들이 배 부품들을 조립하는 모습을 보며 배 제조 산업을 본 적이 있습니다. 건담을 만들면서 조립에 자신이 있었던 저는 작은 물건을 만드는 것에 흥미를 느껴 조선업에 지원하게 되었습니다.","wordCount":29}}},"rawDataInfo":{"question":{"fileFormat":"wav","fileSize":657358,"duration":20540,"samplingBit":16,"channelCount":1,"samplingRate":"16kHz","audioPath":"/Mock/04.RND/Female/New/ckmk_q_rnd_f_n_269103.wav"},"answer":{"fileFormat":"wav","fileSize":1200718,"duration":37520,"samplingBit":16,"channelCount":1,"samplingRate":"16kHz","audioPath":"/Mock/04.RND/Female/New/ckmk_a_rnd_f_n_269103.wav"}}}