{"version":"1.0","dataSet":{"info":{"date":"20230116","occupation":"RND","channel":"MOCK","place":"ONLINE","gender":"FEMALE","ageRange":"45-54","experience":"NEW"},"question":{"raw":{"text":"지원자님께서 사내 스터디를 만들어서 공부할 수 있는 기회가 된다면 어떤 것을 공부하고 싶으신지 그 이유와 함께 말씀 부탁드립니다","wordCount":18},"emotion":[],"intent":[]},"answer":{"raw":{"text":"제가 만약에 사내 스터디를 만들어서 공부를 할 수 있다면 저는 인권에 관한 공부를 해 보고 싶습니다. 얼마 전에 인권 세미나에 참여하게 됐고요. 한 사 회 정도 되는 세미나였습니다. 그 세미나를 통해서 어 인권과 장애인의 인권에 대해서도 공부하게 됐고요. 그다음에 씨알피디라고 해서 장기 장애인 권리 협약에 대해서도 공부하게 됐습니다. 물론 인권이라는 게 어떻게 보면 추상적이기도 하고 너무 포괄적이기도 해서 다루기 어려운 분야이긴 한데요. 어 앞으로는 인권이라는 부분이 굉장히 많이 필요하고 우리에게 꼭 필요하고 누구나 다 적용돼야 해야 하는 부분이라고 생각이 되어서 저는 어 사내 스터디를 만들어서 어 같이 세미나를 들었던 직원들과 함께 이런 인권에 관한 세미나 어 저희가 뭐 책을 읽는다던가 아니면 동영상 강의를 듣고 난 다음에 그 내용을 정리해서 한 사람씩 발표를 하거나 그것에 대해서 서로의 의견을 이야기하며 토론하는 시간을 갖고 싶습니다. 그래서 저는 인권에 관련된 스터디를 만들어서 공부를 하고 싶습니다.","wordCount":131},"emotion":[],"intent":[{"text":"그 세미나를 통해서 어   인권과 장애인의 인권에 대해서도 공부하게 됐고요.","expression":"r_prof","category":"attitude"},{"text":"그다음에 씨알피디라고    해서 장기 장애인 권리 협약에 대해서도 공부하게 됐습니다.","expression":"r_prof","category":"attitude"}],"summary":{"text":"인권 세미나에 참여해서 인권과 장애인의 인권, 장기 장애인 권리 협약에 대해 공부했습니다. 앞으로는 인권이라는 부분이 꼭 필요하고 누구나 다 적용돼야 하는 부분이라고 생각되어 사내 스터디를 만들어서 서로의 의견을 이야기하며 토론하는 시간을 갖고 싶습니다.","wordCount":33}}},"rawDataInfo":{"question":{"fileFormat":"wav","fileSize":396238,"duration":12380,"samplingBit":16,"channelCount":1,"samplingRate":"16kHz","audioPath":"/Mock/04.RND/Female/New/ckmk_q_rnd_f_n_145166.wav"},"answer":{"fileFormat":"wav","fileSize":2791758,"duration":87240,"samplingBit":16,"channelCount":1,"samplingRate":"16kHz","audioPath":"/Mock/04.RND/Female/New/ckmk_a_rnd_f_n_145166.wav"}}}