{"version":"1.0","dataSet":{"info":{"date":"20230116","occupation":"RND","channel":"MOCK","place":"ONLINE","gender":"FEMALE","ageRange":"45-54","experience":"NEW"},"question":{"raw":{"text":"지원자님께서 이때까지 살아오면서 다양한 커뮤니케이션을 경험해 봤을 거라 생각되는데요 이 경험 중에서 가장 어려웠던 커뮤니케이션 경험을 한 가지 선택해서 말씀해 주세요","wordCount":21},"emotion":[],"intent":[]},"answer":{"raw":{"text":"제가 살면서 어 다양한 커뮤니케이션을 경험해 봤는데요. 정말 많은 사람과 만나서 대화를 해보고 어 많은 경험을 통해서 어 상황을 겪어봤지만 그중에서도 사실은 가장 어려운 경험이라고 하면은 어 자신의 주장만을 하는 독단적인 사람과의 커뮤니케이션인 것 같습니다. 남의 말을 듣지 않고 자신의 말만 하는 그런 사람들이 있습니다. 그리고 어 의견을 제시해서 서로 그 의견을 조율해 가는 것이 아니라 자신의 의견만 자신의 의견만 옳다고 생각하면서 그냥 그 의견을 따르라고 어 떤져 놓는 그런 사람들도 있습니다. 그런 사람들과 대화를 할 때는 일단 대화가 되지 않구요. 어 제가 만약에 그 부분에 있어서 어 이의를 제기하거나 다른 의견을 제시하게 되면은 어 결국은 의견이 부딪쳐서 싸움이 나는 경우도 있습니다. 저는 물론 싸움이 나는 상황까지는 가지 않지만 보통 그렇게 자기 주장만 너무 너무하는 사람들과는 제가 커뮤니케이션을 잘 하지 않을려고 하는 그런 경향이 있습니다.","wordCount":125},"emotion":[],"intent":[{"text":"","expression":"","category":"attitude"}],"summary":{"text":"자신의 주장만을 하는 독단적인 사람과의 커뮤니케이션이 가장 어렵습니다. 의견을 제시해서 서로 그 의견을 조율해 가는 것이 아니라 자신의 의견만 옳다고 생각하면서 그 의견을 따르라고 하는 사람들도 있습니다. 그런 사람들과 대화를 할 때는 대화가 되지 않습니다.","wordCount":35}}},"rawDataInfo":{"question":{"fileFormat":"wav","fileSize":631118,"duration":19720,"samplingBit":16,"channelCount":1,"samplingRate":"16kHz","audioPath":"/Mock/04.RND/Female/New/ckmk_q_rnd_f_n_142103.wav"},"answer":{"fileFormat":"wav","fileSize":2704718,"duration":84520,"samplingBit":16,"channelCount":1,"samplingRate":"16kHz","audioPath":"/Mock/04.RND/Female/New/ckmk_a_rnd_f_n_142103.wav"}}}