{"version":"1.0","dataSet":{"info":{"date":"20230116","occupation":"RND","channel":"MOCK","place":"ONLINE","gender":"FEMALE","ageRange":"-34","experience":"NEW"},"question":{"raw":{"text":"지금 읽고 있는 책이 있다면 그것이 무슨 책인지 궁금합니다 그리고 그 책을 왜 읽는지도 같이 설명해 주세요","wordCount":17},"emotion":[],"intent":[]},"answer":{"raw":{"text":"제가 요즘 읽고 있는 책은 어느 채식 의사의 고백입니다. 최근 들어 건강한 식습관과 채식에 대한 분야가 높은 관심을 받고 있습니다. 저 또한 제 식습관에 대한 고찰을 자주 하게 되는 편입니다. 이 책은 채식에 대한 어느 의사의 생각과 채식을 해야 하는 의학적인 이유 그리고 많은 사람들이 여태 육식을 해 오게 된 환경적인 상황에 대해서 얘기하고 있습니다. 회사에서 업무를 잘 수행할 수 있는 요건에 저는 건강한 체력이 포함된다고 생각합니다. 그리고 건강한 체력과 삶을 얻으려면 나의 식사 구성에 대해서도 잘 알아야 한다고 생각했기 때문에 이 책을 읽게 되었습니다. 책을 읽으면서 제가 여태 주로 가졌던 식사나 습관 그리고 채식에 대한 의학적인 지식을 얻을 수 있었습니다.","wordCount":101},"emotion":[],"intent":[{"text":"","expression":"","category":"attitude"}],"summary":{"text":"최근 건강한 식습관과 채식에 대한 분야가 높은 관심을 받고 있습니다. 이 책은 채식을 해야 하는 의학적인 이유와 채식을 해 온 환경적인 상황에 대해 얘기합니다. 건강한 체력에는 식사 구성도 중요하므로 이 책을 통해 채식에 관한 의학적인 지식을 얻었습니다.","wordCount":37}}},"rawDataInfo":{"question":{"fileFormat":"wav","fileSize":312718,"duration":9770,"samplingBit":16,"channelCount":1,"samplingRate":"16kHz","audioPath":"/Mock/04.RND/Female/New/ckmk_q_rnd_f_n_261074.wav"},"answer":{"fileFormat":"wav","fileSize":1823118,"duration":56970,"samplingBit":16,"channelCount":1,"samplingRate":"16kHz","audioPath":"/Mock/04.RND/Female/New/ckmk_a_rnd_f_n_261074.wav"}}}