{"version":"1.0","dataSet":{"info":{"date":"20230116","occupation":"RND","channel":"MOCK","place":"ONLINE","gender":"FEMALE","ageRange":"-34","experience":"NEW"},"question":{"raw":{"text":"일을 하면서 가장 어려울 것으로 예상되는 것이 있다면 그것은 무엇인가요 그리고 그것은 어떤 방법으로 대처할 생각이신가요","wordCount":16},"emotion":[],"intent":[]},"answer":{"raw":{"text":"저는 아무래도 처음 겪는 직무에 대한 어려움을 조금 겪을 것 같은데요. 어 뭐든지 처음이 가장 어려울 것 같습니다. 어 제가 한 번은 옛날 회사에서 처음 출근하다 보니까 이런 옷에 대해 굉장히 무지했었습니다. 그러다 보니 굉장히 편한 흔히 트레이닝복이라고 하죠. 그런 옷을 입고 갔던 적이 있었었는데요. 네 그런 경험을 하면서 아 항상 처음이 어렵구나. 내가 이런 매뉴얼을 숙지를 하지 못하고 그런 규칙을 숙지를 하지 못하다 보니까 어 이렇게 옷을 입고 이렇게 행동을 할 수 있구나라는 거를 알았는데요. 그렇기 때문에 항상 처음에 모든 매뉴얼을 숙지하고 제가 미처 알지 못하는 사항들에 있어서는 무조건적으로 파악을 할려고 노력하고 대처할 것 같습니다.","wordCount":96},"emotion":[],"intent":[{"text":"","expression":"","category":"attitude"}],"summary":{"text":"처음 겪는 직무는 무엇이든 처음이 가장 어려울 것 같습니다. 옛날 회사에 트레이닝복을 입고 출근하다 보니 트레이닝복에 대해 무지했었습니다. 그래서 항상 매뉴얼을 숙지하고 알지 못하는 것들은 무조건적으로 파악을 하려고 노력하고 대처할 것 입니다.","wordCount":32}}},"rawDataInfo":{"question":{"fileFormat":"wav","fileSize":345038,"duration":10780,"samplingBit":16,"channelCount":1,"samplingRate":"16kHz","audioPath":"/Mock/04.RND/Female/New/ckmk_q_rnd_f_n_289748.wav"},"answer":{"fileFormat":"wav","fileSize":2046158,"duration":63940,"samplingBit":16,"channelCount":1,"samplingRate":"16kHz","audioPath":"/Mock/04.RND/Female/New/ckmk_a_rnd_f_n_289748.wav"}}}