{"version":"1.0","dataSet":{"info":{"date":"20230116","occupation":"RND","channel":"MOCK","place":"ONLINE","gender":"FEMALE","ageRange":"-34","experience":"NEW"},"question":{"raw":{"text":"네이버 다음 구글 이 검색을 비교를 해 보시고 각각 검색 엔진들의 차이점과 다 장단점을 설명해 주세요","wordCount":16},"emotion":[],"intent":[]},"answer":{"raw":{"text":"어 최근에 느낀 거는 이거는 뭐 사실 글쎄요. 네이버는 그래도 국내 최고의 최대 이용자의 그런 포털답게 그래도 참 뭔가 눈치 빠르게 모든 거를 바꾸고 조금 선도해 나가는 편인 것 같아요. 이미지도 역시나 친숙하고 그리고 좀 과하다 싶기는 하지만 그래도 이용자 입장에서 사용자 입장에서 검색을 했을 때 조금 먼저 궁금해 하는 가장 기초적인 어떤 해소 방향을 좀 직관적으로 보여주는 게 네이버 같고요. 다음은 아 답이 없습니다 다음은. 다음은 점점 도태되고 있고 다음의 장점이나 솔직히 존재하지 않는 것 같고요 지금 현재. 글쎄요 뭐 기존의 지금 오래된 유저들 그 사용자들도 많이 떠나게 만드는 게 다음이라는 생각이 들고요. 구글도 꾸준함과 그리고 이미 글로벌 기업으로서의 어떤 그 자존심 자존감 그 자체로 네 계속 계속 조금씩 넓혀 나가고 있는 것 아닌가 조금씩이 아니죠 사실 그런 것 같습니다.","wordCount":121},"emotion":[],"intent":[{"text":"","expression":"","category":"attitude"}],"summary":{"text":"네이버는 국내 최대 이용자의 포털답게 눈치 빠르게 모든 것을 바꾸고 조금 선도해 나가는 편인 것 같습니다. 다음은 점점 도태되고 있고 장점이 존재하지 않습니다. 구글도 꾸준함과 글로벌 기업으로서의 자존감 그 자체로 계속 조금씩 넓혀 나가고 있는 것 아닌가 생각합니다.","wordCount":38}}},"rawDataInfo":{"question":{"fileFormat":"wav","fileSize":471758,"duration":14740,"samplingBit":16,"channelCount":1,"samplingRate":"16kHz","audioPath":"/Mock/04.RND/Female/New/ckmk_q_rnd_f_n_158841.wav"},"answer":{"fileFormat":"wav","fileSize":2876238,"duration":89880,"samplingBit":16,"channelCount":1,"samplingRate":"16kHz","audioPath":"/Mock/04.RND/Female/New/ckmk_a_rnd_f_n_158841.wav"}}}