{"version":"1.0","dataSet":{"info":{"date":"20230116","occupation":"RND","channel":"MOCK","place":"ONLINE","gender":"FEMALE","ageRange":"-34","experience":"NEW"},"question":{"raw":{"text":"지금까지 지원자님은 전공과 관련해서 여러 공부를 해 오셨을 텐데 전공과 관련해서 최근에 부족하다고 느껴서 따로 또 공부를 하고 있는 분야가 있으십니까 있다면 말씀해 주시기 바랍니다","wordCount":25},"emotion":[],"intent":[]},"answer":{"raw":{"text":"어 저는 마케팅 분야가 제가 조금 부족하다고 생각이 들어서 어 마케팅 쪽에 공부를 하고 있구요. 그 분야에서 소비자 행동이라는 것이 있습니다. 어 그래서 어 예열 효과라는 것이 있는데 어 이걸 배울 때 그 파블롭의 개 실험하는 것부터 연관된 논문을 쭉 읽었는데 그 광고의 정당성을 또 깨닫게 해주고 그것을 또 연구하면서 어 어떻게 소비자의 행동을 알 수 있고 소비자의 행동을 어떻게 분석할 것인지에 대해서 또 알 수 있었습니다. 어 예를 들어서 내 물건 가치를 상대방의 물건의 가치보다 높게 평가한다는 어 논문을 읽었을 때 질문을 해 보자면 남의 떡이 더 커 보인다 라는 게 있잖아요. 어 그래서 반대되는 의견 뭐 논리의 오류 등 자유롭게도 토론을 하면서 어떻게 그 소비자의 행동을 알 수 있는지를 분석을 하고 연구를 할 수 있었던 어 공부였습니다.","wordCount":119},"emotion":[],"intent":[{"text":"어 저는 마케팅 분야가 제가 조금 부족하다고 생각이 들어서 어 마케팅 쪽에 공부를 하고 있구요.","expression":"c_imp","category":"personality"},{"text":"어 그래서 어 예열 효과라는 것이 있는데 어 이걸 배울 때 그 파블롭의 개 실험하는 것부터 연관된 논문을 쭉 읽었는데 그 광고의 정당성을 또 깨닫게 해주고 그것을 또 연구하면서 어 어떻게 소비자의 행동을 알 수 있고 소비자의 행동을 어떻게 분석할 것인지에 대해서 또 알 수 있었습니다.","expression":"r_prof","category":"attitude"},{"text":"어 그래서 반대되는 의견 뭐 논리의 오류 등 자유롭게도 토론을 하면서 어떻게 그 소비자의 행동을 알 수 있는지를 분석을 하고 연구를 할 수 있었던 어 공부였습니다.","expression":"r_prof","category":"attitude"}],"summary":{"text":"예열 효과를 통해 광고의 정당성과 소비자의 행동을 연구하면서 소비자의 행동을 어떻게 분석할 것인지에 대해 알 수 있었습니다. 자유로운 토론을 하며 소비자의 행동을 알 수 있는 방법을 분석하고 연구를 할 수 있었던 공부였습니다.","wordCount":32}}},"rawDataInfo":{"question":{"fileFormat":"wav","fileSize":621518,"duration":19420,"samplingBit":16,"channelCount":1,"samplingRate":"16kHz","audioPath":"/Mock/04.RND/Female/New/ckmk_q_rnd_f_n_262538.wav"},"answer":{"fileFormat":"wav","fileSize":2256078,"duration":70500,"samplingBit":16,"channelCount":1,"samplingRate":"16kHz","audioPath":"/Mock/04.RND/Female/New/ckmk_a_rnd_f_n_262538.wav"}}}