{"version":"1.0","dataSet":{"info":{"date":"20230116","occupation":"RND","channel":"MOCK","place":"ONLINE","gender":"FEMALE","ageRange":"45-54","experience":"NEW"},"question":{"raw":{"text":"지금까지 살아오시면서 새로운 환경에서 전혀 몰랐던 일을 맡아서 한 경험이 있으신지요 어 그런 경험이 있다면 어떤 경험이었는지 자세히 얘기해 주시기 바랍니다","wordCount":21},"emotion":[],"intent":[]},"answer":{"raw":{"text":"제가 지금까지 살아오면서 정말 새로운 환경에서 어 새로운 일을 맡아 본 것 중의 하나는 몇 년 전에 어 구청에서 진행하고 있던 안심 귀가 서비스라는 그런 활동에 참여한 경험입니다. 어 그것은 어 두 사람이 조를 이뤄서 밤에 아홉 시부터 열 두 시까지 어 밤늦게 귀가하는 여성들을 어 집까지 안전하게 모셔다 드리는 서비스였는데요. 어 정말 어 여름이나 겨울이나 제가 이 년간 활동을 했는데 더울 땐 정말 너무 더운 상황에서 일을 해야 했고 어 겨울에는 정말 그 추운데도 눈이 오거나 할 때도 나가서 그분들을 모셔다 드리는 그런 서비스를 하게 됐습니다. 어 사실은 어 구청에서 하는 처음엔 봉사의 의미로 시작을 했는데 나중에는 일정 페이도 받았지만 정말 매일매일 그렇게 어 덥거나 춥거나 비가 오고나 눈이 오더라도 나가서 그렇게 어 모셔다 드리는 것이 나중에는 사명감으로 느껴지기도 했지만 정말 지금 생각하면 정말 힘든 경험이었던 것 같습니다. 하지만 그 경험이 제가 지금 다른 일을 하는 데 있어서도 아주 훌륭한 자양분이 되었다고 생각합니다.","wordCount":144},"emotion":[],"intent":[{"text":"","expression":"","category":"attitude"}],"summary":{"text":"제가 새로운 환경에서 일을 맡아 본 것 중의 하나는 구청에서 진행하는 안심 귀가 서비스라는 활동에 참여한 경험입니다. 여름이나 겨울이나 제가 이 년간 활동을 했는데 더울 땐 너무 더운 상황에서 일을 해야 했고 겨울에는 눈이 오거나 할 때도 나가서 모셔다 드리는 그런 서비스를 하게 됐습니다. 그 경험이 다른 일을 하는 데 있어서도 훌륭한 자양분이 되었다고 생각합니다.","wordCount":55}}},"rawDataInfo":{"question":{"fileFormat":"wav","fileSize":452558,"duration":14140,"samplingBit":16,"channelCount":1,"samplingRate":"16kHz","audioPath":"/Mock/04.RND/Female/New/ckmk_q_rnd_f_n_142053.wav"},"answer":{"fileFormat":"wav","fileSize":2762318,"duration":86320,"samplingBit":16,"channelCount":1,"samplingRate":"16kHz","audioPath":"/Mock/04.RND/Female/New/ckmk_a_rnd_f_n_142053.wav"}}}