{"version":"1.0","dataSet":{"info":{"date":"20230116","occupation":"RND","channel":"MOCK","place":"ONLINE","gender":"FEMALE","ageRange":"35-44","experience":"NEW"},"question":{"raw":{"text":"지원자님께서 생각하고 계시는 어 공동체의 가치에 입각한 무형 문화 유산의 보호에 있어서 적용되고 있는 사회적인 관념 이것은 과연 무엇이라고 생각하시는지 저희에게 소개해 주시기 바랍니다","wordCount":24},"emotion":[],"intent":[]},"answer":{"raw":{"text":"글쎄요. 그 어쨌든 지켜야 하는 것 자체가 저는 공동체 이익이라고 생각이 들어서 그 문화유산 무형문화유산 자체가 그게 되게 가치가 있는 것이기 때문에 우리가 무형 문화유산으로 지정을 하는 것도 있잖아요. 어떻게 보면은 그것들이 많을수록 이 공동체가 어떤 식으로 이거를 대하는지 존중하는지를 보여준다고 생각이 들어서 그 공동체 만의 굉장히 경쟁력이 될 수 있을 거라고 생각이 듭니다.","wordCount":54},"emotion":[],"intent":[{"text":"","expression":"","category":"attitude"}],"summary":{"text":"무형문화유산을 무형 문화유산으로 지정하는 것은 공동체의 존중을 보여주고 공동체만의 경쟁력이 될 수 있을 것이라고 생각합니다.","wordCount":15}}},"rawDataInfo":{"question":{"fileFormat":"wav","fileSize":595278,"duration":18600,"samplingBit":16,"channelCount":1,"samplingRate":"16kHz","audioPath":"/Mock/04.RND/Female/New/ckmk_q_rnd_f_n_126038.wav"},"answer":{"fileFormat":"wav","fileSize":1454798,"duration":45460,"samplingBit":16,"channelCount":1,"samplingRate":"16kHz","audioPath":"/Mock/04.RND/Female/New/ckmk_a_rnd_f_n_126038.wav"}}}