{"version":"1.0","dataSet":{"info":{"date":"20230116","occupation":"RND","channel":"MOCK","place":"ONLINE","gender":"FEMALE","ageRange":"45-54","experience":"NEW"},"question":{"raw":{"text":"지원자님께서 생각하셨을 때 자신의 노년은 어떤 모습이었으면 좋겠다고 생각하시는지 생각하시는 이상적인 노년의 모습에 대해서 말씀해 주세요","wordCount":16},"emotion":[],"intent":[]},"answer":{"raw":{"text":"노년의 이상적인 나의 모습을 보면 정말 음 상상이 가네요 상상이. 얼마나 행복할지가 상상이 갑니다. 행복한 모습은 저의 로망이기도 하고 그 모습을 상상만 해도 너무 기분이 좋아지고 행복해지는 것 같아요. 왜냐하면 지금부터 저는 행복하고 오늘이 행복하고 내일이 행복하고 매일매일이 행복할 거거든요. 이런 행복을 전할 수 있는 내 자신이 너무 행복하고 어 그 행복을 받는 사람들한테도 어 좋을 것 같애서 제가 그런 모습으로 노년의 모습이 된다면 주변이 환한 빛으로 물들이지 않을까 하는 그런 생상을 하게 됩니다. 그래서 음 저 젊게 백 세 시대 요즘에 어 할머니 할아버지 이러한 모습이 아니라 누구누구씨 누구누구 할머니 이렇게 내 이름을 불러줄 수 있는 내 이름이 불려지는 이런 거를 생상해 볼 때 좋은 거 같애요. 그래서 나의 노년의 미래는 밝고 행복하고 어 정말 어 에너지 넘치는 지금보다 더 기쁨이 넘치는 그런 날이 오지 않을까 하는 생각이 들기 때문에 정말 행복한 꿈나라를 꾸는 것 같은 그런 작은 소망을 이루어지면 좋은 날일 것 같아서 가슴이 벅찬 걸 느끼게 됩니다. 지금부터 잘 노력해서 좋은 노년이 되도록 하겠습니다.","wordCount":157},"emotion":[{"text":"행복한 모습은 저의 로망이기도 하고 그 모습을 상상만 해도 너무 기분이 좋아지고 행복해지는 것 같아요.","expression":"p-happiness","category":"positive"},{"text":"왜냐하면 지금부터 저는 행복하고 오늘이 행복하고 내일이 행복하고 매일매일이 행복할 거거든요.","expression":"p-happiness","category":"positive"}],"intent":[{"text":"","expression":"","category":"attitude"}],"summary":{"text":"노년의 이상적인 저의 모습을 상상해 보면 기분이 좋아지고 행복해지는 것 같습니다. 노년이 되면 주변이 밝은 빛으로 물들일 것 같은 생상을 하게 됩니다. 그래서 저의 노년은 밝고 행복하고 에너지 넘치는 행복한 꿈나라를 꾸는 것 같은 작은 소망이 이루어지면 좋겠습니다.","wordCount":38}}},"rawDataInfo":{"question":{"fileFormat":"wav","fileSize":358478,"duration":11200,"samplingBit":16,"channelCount":1,"samplingRate":"16kHz","audioPath":"/Mock/04.RND/Female/New/ckmk_q_rnd_f_n_281752.wav"},"answer":{"fileFormat":"wav","fileSize":3681998,"duration":115060,"samplingBit":16,"channelCount":1,"samplingRate":"16kHz","audioPath":"/Mock/04.RND/Female/New/ckmk_a_rnd_f_n_281752.wav"}}}