{"version":"1.0","dataSet":{"info":{"date":"20230116","occupation":"RND","channel":"MOCK","place":"ONLINE","gender":"FEMALE","ageRange":"-34","experience":"NEW"},"question":{"raw":{"text":"현재 많은 대기업들이 해외로 공장을 이전하고 있습니다 지원자님께서는 이것에 대해서 찬성하십니까 반대하십니까 지원사님의 입장과 이유를 말씀해 주세요","wordCount":17},"emotion":[],"intent":[]},"answer":{"raw":{"text":"현재 많은 대기업들이 해외로 공장을 이전하고 있습니다. 저는 이에 대해 반대합니다. 해외로 이전하는 이유는 인건비가 가장 큰 이유라고 생각합니다. 우리나라 인건비가 많이 상승했기 때문에 그에 맞는 인건비 상승을 감당하지 못하여서 수익이 발생이 줄어들고 그래서 지금 해외로 공장 이전을 하고 있는 것으로 생각합니다. 하지만 인건비만 생각해서 해외로 공장을 이전한다면 우리나라의 사회 경제가 주춤할 것이라고 생각합니다. 왜냐하면 공장으로 많은 사람들의 인력이 소요되는데 그러한 노동력들이 소비될 곳이 없어집니다. 그러다 보면 실업자들이 많이 생겨나고 그렇게 되면 경제는 오히려 악화될 수 있다 라고 생각합니다. 그리고 공장으로 인해서 많은 오염들도 생겨나고 있는 것으로 알고 있습니다. 그런 오염들을 개발도상국이나 제 삼 개국 같이 어 잘 못 사는 나라들에게 그런 환경을 자꾸 제공하는 것이 안 좋다 라고 생각합니다. 우리나라에서 발생한 문제와 환경 오염들은 우리나라가 해소해야 된다 라고 생각합니다. 그래서 저는 이것에 대해서 반대하는 입장입니다.","wordCount":126},"emotion":[],"intent":[{"text":"","expression":"","category":"attitude"}],"summary":{"text":"많은 대기업들이 인건비 상승으로 인해 해외로 공장을 이전하고 있습니다. 하지만 인건비만 생각해서 이전을 한다면 우리나라의 사회 경제가 주춤할 것이라고 생각합니다. 또한 공장으로 인해서 많은 오염들도 생겨나고 있으며, 우리나라에서 발생한 문제와 환경 오염들은 우리나라가 해소해야 된다고 생각합니다.","wordCount":36}}},"rawDataInfo":{"question":{"fileFormat":"wav","fileSize":656398,"duration":20510,"samplingBit":16,"channelCount":1,"samplingRate":"16kHz","audioPath":"/Mock/04.RND/Female/New/ckmk_q_rnd_f_n_275543.wav"},"answer":{"fileFormat":"wav","fileSize":2878798,"duration":89960,"samplingBit":16,"channelCount":1,"samplingRate":"16kHz","audioPath":"/Mock/04.RND/Female/New/ckmk_a_rnd_f_n_275543.wav"}}}