{"version":"1.0","dataSet":{"info":{"date":"20230116","occupation":"RND","channel":"MOCK","place":"ONLINE","gender":"FEMALE","ageRange":"-34","experience":"NEW"},"question":{"raw":{"text":"만약 지원자분께서 가지고 있는 상위 일 퍼센트 정도 된다고 생각하시는 능력이 있으시다고 한다면 그 능력에 대해서 저희가 쉽게 이해할 수 있게끔 최대한 자세하게 설명해 주시면 감사하겠습니다","wordCount":26},"emotion":[],"intent":[]},"answer":{"raw":{"text":"제가 가지고 있는 상위 일 퍼센트의 능력이 있다면 바로 상호 소통 능력이라고 생각합니다. 제가 눈치가 빠른 편이기도 해서 다른 분들이 불편한 사인을 주셨을 때 그걸 캐치를 잘하는 편이라 다른 분들과 소통 자체를 굉장히 잘하는 편이라고 스스로 자부하고 또 그래서 팀 프로젝트에 굉장한 강점이 있습니다. 아 이런 씨피원 프로젝트 같은 경우에는 어 팀원 분 중에 저의 방법이 마음에 들지 않으셨던 분이 있는데 그런 부분께 직접 구체적으로 어떤 상황이 불만이신지 여쭤서 그분들 그분께 저희 상황을 여쭈어 설명을 드리고 또 그 분이 원하시는 방식에 어느 정도 맞춰주는 방식으로 이 팀 분위기를 다시 원활하게 만들었던 경험이 있습니다.","wordCount":93},"emotion":[],"intent":[{"text":"제가 가지고 있는 상위 일 퍼센트의 능력이 있다면 바로 상호 소통 능력이라고   생각합니다.","expression":"c_person","category":"background"},{"text":"제가 눈치가 빠른 편이기도 해서 다른 분들이 불편한 사인을 주셨을 때   그걸 캐치를 잘하는 편이라 다른 분들과 소통 자체를 굉장히 잘하는 편이라고    스스로 자부하고 또 그래서 팀 프로젝트에 굉장한 강점이 있습니다.","expression":"c_person","category":"background"}],"summary":{"text":"저는 눈치가 빠른 편이기도 해서 다른 분들이 불편한 사인을 주셨을 때 캐치를 잘하는 편이라 다른 분들과 소통 자체를 굉장히 잘하는 편이라고 자부하고 그래서 팀 프로젝트에 굉장히 강점이 있습니다.","wordCount":28}}},"rawDataInfo":{"question":{"fileFormat":"wav","fileSize":623438,"duration":19480,"samplingBit":16,"channelCount":1,"samplingRate":"16kHz","audioPath":"/Mock/04.RND/Female/New/ckmk_q_rnd_f_n_178187.wav"},"answer":{"fileFormat":"wav","fileSize":1691598,"duration":52860,"samplingBit":16,"channelCount":1,"samplingRate":"16kHz","audioPath":"/Mock/04.RND/Female/New/ckmk_a_rnd_f_n_178187.wav"}}}