{"version":"1.0","dataSet":{"info":{"date":"20230116","occupation":"RND","channel":"MOCK","place":"ONLINE","gender":"FEMALE","ageRange":"-34","experience":"NEW"},"question":{"raw":{"text":"지원자님께서는 본인이 교번 근무에 잘 적응할 수 있다고 생각하시나요 만약 그렇다고 생각하신다면 그 근거에 대해서도 함께 말씀해 주시기 바랍니다","wordCount":19},"emotion":[],"intent":[]},"answer":{"raw":{"text":"저는 교번 근무에 잘 적응할 수 있다고 생각됩니다. 어 교번 근무는 시작 종료 시간이 다른 여러 개의 근무 패턴을 만들어두고 매일 근무 패턴을 바꿔가며 근로하는 교대 근무라고 알고 있습니다. 그렇기 때문에 교번 근무를 하게 되면은 제가 어떤 날은 일찍 출근하고 다른 날은 조금 늦게 출근할 수 있다고 생각되는데요. 그렇기 때문에 제가 조금 더 제 시간을 자유롭게 쓰고 또 다양하게 활용할 수 있다고 생각이 됩니다. 또 저는 제가 굉장히 잔디 같은 사람이라고 생각이 드는데요. 어느 환경 어디서든 잘 적응을 하고 잘 자라기 때문에 이런 교번 근무로 인해서 제가 겪을 수 있는 불편함보다는 어떤 행복감이 더 클 것이라고 생각이 되기 때문에 교번 근무에 잘 적응할 수 있다고 생각됩니다.","wordCount":106},"emotion":[],"intent":[{"text":"","expression":"","category":"attitude"}],"summary":{"text":"교번 근무는 매일 근무 패턴을 바꿔가며 근로하는 교대 근무라고 알고 있습니다. 교번 근무를 하게 되면은 좀 더 자유롭게 시간을 쓰고 다양하게 활용할 수 있다고 생각되며, 교번근무로 인한 불편함보다는 어떤 행복감이 더 클 것이라고 생각되어지므로 잘 적응할 수 있을 것 같습니다.","wordCount":40}}},"rawDataInfo":{"question":{"fileFormat":"wav","fileSize":590798,"duration":18460,"samplingBit":16,"channelCount":1,"samplingRate":"16kHz","audioPath":"/Mock/04.RND/Female/New/ckmk_q_rnd_f_n_266960.wav"},"answer":{"fileFormat":"wav","fileSize":2005838,"duration":62680,"samplingBit":16,"channelCount":1,"samplingRate":"16kHz","audioPath":"/Mock/04.RND/Female/New/ckmk_a_rnd_f_n_266960.wav"}}}