{"version":"1.0","dataSet":{"info":{"date":"20230116","occupation":"RND","channel":"MOCK","place":"ONLINE","gender":"FEMALE","ageRange":"45-54","experience":"NEW"},"question":{"raw":{"text":"팀으로 일하는 것과 혼자 일하는 것 중에 어떤 것을 더 선호하시는지 이유와 함께 말씀해 주시기 바랍니다","wordCount":16},"emotion":[],"intent":[]},"answer":{"raw":{"text":"제가 일을 하는 방식에 있어 팀으로 일하는 것과 혼자서 일하는 것을 중에 어떤 게 더 중요하냐고 물어보셨는데요. 저는 팀으로 일하는 것을 더 선호하고 있습니다. 그 이유는 혼자서 일할 경우에는 어 업무에 진행 과정이나 아니면 세부적인 항목들을 혼자서 다 처리해야 하는데요. 저는 그것보다도 같이 일을 하면서 그 안에서 시너지를 더 느끼는 편입니다. 어 힘든 상황을 어 맞닥뜨렸을 때에도 팀원들 간에 서로 의논하고 그것을 같이 풀어나갈 때 더 시너지가 오르고 있는데요. 그래서 저는 혼자서 끙끙 앓고 일을 하는 것보다도 제가 혼자 일할 때도 여기 저기에 조언을 구하거나 혹은 그들에게 도움을 요청해서 어 그 안에서 새로운 방법 혹은 문제해결 능력을 키우고 있습니다. 그래서 저는 어 혼자 일하는 것보다 팀이 같이 일해서 거기에서 문제를 해결하는 것을 더 선호하고 있습니다.","wordCount":115},"emotion":[],"intent":[{"text":"","expression":"","category":"attitude"}],"summary":{"text":"저는 개인적으로 팀으로 일하는 것을 더 선호하고 있습니다. 왜냐하면 혼자서 일을 할 경우에는 세부적인 항목들을 혼자서 다 처리해야 하지만, 같이 일을 하면서 시너지를 더 느끼는 편입니다. 그래서 혼자 일하는 것보다는 팀이 같이 일해서 문제를 해결하는 것을 더 선호하는 것 같습니다.","wordCount":40}}},"rawDataInfo":{"question":{"fileFormat":"wav","fileSize":411278,"duration":12850,"samplingBit":16,"channelCount":1,"samplingRate":"16kHz","audioPath":"/Mock/04.RND/Female/New/ckmk_q_rnd_f_n_149466.wav"},"answer":{"fileFormat":"wav","fileSize":2465998,"duration":77060,"samplingBit":16,"channelCount":1,"samplingRate":"16kHz","audioPath":"/Mock/04.RND/Female/New/ckmk_a_rnd_f_n_149466.wav"}}}