{"version":"1.0","dataSet":{"info":{"date":"20230116","occupation":"RND","channel":"MOCK","place":"ONLINE","gender":"FEMALE","ageRange":"45-54","experience":"NEW"},"question":{"raw":{"text":"현대인은 하루 평균 세 번 거짓말을 하고 산다고 합니다 지원자님께서 해 본 가장 기억에 남는 거짓말은 무엇이었는지 설명 부탁드리겠습니다","wordCount":19},"emotion":[],"intent":[]},"answer":{"raw":{"text":"제가 최근에 거짓말을 한 기억은 잘 생각해보면 회사에서 일어났던 것 같습니다. 회사에서는 나 혼자가 아닌 단체 생활을 하면서 팀으로 구성돼 있는데 어디를 가거나 팀의 의견을 낼 때 여러 사람들의 얘기를 조율해서 결정하고 있는데요. 그 결정 기준에 따라 마음에 드는 사람이 있고 마음에 안 드는 사람이 있기 마련입니다. 그 중에서는 마음에 안 들더라도 팀의 의견이 과반수가 넘어갈 때는 그쪽에 적용해야 되는데 그땐 내가 싫어도 할 수 있는 방법이 없습니다. 그래서 하기 싫은 일도 해야 되는 그런 일들이 발생하게 됩니다.","wordCount":78},"emotion":[],"intent":[{"text":"","expression":"","category":"attitude"}],"summary":{"text":"회사에서는 여러 사람들의 의견을 조율해서 결정하는데, 과반수가 넘어갈 때는 그걸 적용해야 되기 때문에 하기 싫은 일도 해야 되는 일들이 발생하게 됩니다.","wordCount":21}}},"rawDataInfo":{"question":{"fileFormat":"wav","fileSize":438478,"duration":13700,"samplingBit":16,"channelCount":1,"samplingRate":"16kHz","audioPath":"/Mock/04.RND/Female/New/ckmk_q_rnd_f_n_115556.wav"},"answer":{"fileFormat":"wav","fileSize":2391118,"duration":74720,"samplingBit":16,"channelCount":1,"samplingRate":"16kHz","audioPath":"/Mock/04.RND/Female/New/ckmk_a_rnd_f_n_115556.wav"}}}