{"version":"1.0","dataSet":{"info":{"date":"20230116","occupation":"RND","channel":"MOCK","place":"ONLINE","gender":"FEMALE","ageRange":"45-54","experience":"NEW"},"question":{"raw":{"text":"지원자님께서는 회사에 들어와서 선배를 만나게 된다면 어떤 모습의 선배를 만나고 싶으신가요 그렇게 생각하는 이유도 함께 말씀해주세요","wordCount":16},"emotion":[],"intent":[]},"answer":{"raw":{"text":"제가 바라는 선배의 모습 또 제가 되고픈 선배의 모습은 어 일단은 조금 능력이 조금 뛰어나서 후배가 바라보고 싶은 기대고 싶은 그런 선배가 되었으면 좋겠습니다. 열심히 근무 열심히 근무하는 선배의 모습이었으면 좋겠고요. 두 번째로는 또 어 잘 노는 선배 였으면 좋겠습니다. 잘 노는 사람이 일도 열심히 하는 것 같더라고요. 그리고 세 번째는 그 어떤 일이 있음에 에 남에게 그 요구를 하기 보다는 본인 스스로 모범을 보이는 그런 선배였으면 좋겠습니다. 모범을 보이는 선배가 있다면 어 조금 일이 힘들거나 그렇더라도 그 선배를 믿고 따르며 열심히 할 수 있을 것 같기 때문입니다.","wordCount":88},"emotion":[],"intent":[{"text":"","expression":"","category":"attitude"}],"summary":{"text":"제가 바라는 선배의 모습은 능력이 조금 뛰어나서 후배가 기대는 그런 선배, 잘 노는 선배, 본인의 스스로 모범을 보이는 선배가 되었으면 좋겠습니다.","wordCount":21}}},"rawDataInfo":{"question":{"fileFormat":"wav","fileSize":552398,"duration":17260,"samplingBit":16,"channelCount":1,"samplingRate":"16kHz","audioPath":"/Mock/04.RND/Female/New/ckmk_q_rnd_f_n_244038.wav"},"answer":{"fileFormat":"wav","fileSize":1544398,"duration":48260,"samplingBit":16,"channelCount":1,"samplingRate":"16kHz","audioPath":"/Mock/04.RND/Female/New/ckmk_a_rnd_f_n_244038.wav"}}}