{"version":"1.0","dataSet":{"info":{"date":"20230116","occupation":"RND","channel":"MOCK","place":"ONLINE","gender":"FEMALE","ageRange":"45-54","experience":"NEW"},"question":{"raw":{"text":"지원자님께서 가지고 있는 상위 일 퍼센트의 능력이 있을까요 그 능력에 대해서 최대한 구체적으로 저희에게 설명 부탁드립니다","wordCount":16},"emotion":[],"intent":[]},"answer":{"raw":{"text":"제가 가지고 있는 능력이 실제로 상위 일 프로인지 그렇지 않은지는 잘 모르겠지만 어 제가 생각하기에 저 제가 갖고 있는 조금 남들이 부러워할 만한 능력은 바로 친화력이라고 생각을 합니다. 특히나 낯선 환경 낯선 사람을 만나더라도 누군가에게 먼저 이야기를 걸 수 있고 또 그 사람과 금세 금세 친해질 수 있는 마음을 터놓을 수 있는 친화력이 음 상위 일 퍼센트인지는 모르겠지만 어 희귀하게 갖고 있는 큰 장점이라고 생각을 합니다.","wordCount":66},"emotion":[],"intent":[{"text":"특히나 낯선 환경 낯선 사람을 만나더라도 누군가에게 먼저 이야기를 걸 수 있고 또 그 사람과 금세 금세 친해질 수 있는 마음을 터놓을 수 있는 친화력이 음 상위 일 퍼센트인지는 모르겠지만 어 희귀하게 갖고 있는 큰 장점이라고 생각을 합니다.","expression":"c_person","category":"background"}],"summary":{"text":"친화력은 제가 갖출 수 있는 능력으로, 낯선 사람과 쉽게 친해질 수 있는 친화력이 상위 일 퍼센트인지 모르겠지만, 희귀하게 갖고 있는 큰 장점이라고 생각합니다.","wordCount":23}}},"rawDataInfo":{"question":{"fileFormat":"wav","fileSize":580878,"duration":18150,"samplingBit":16,"channelCount":1,"samplingRate":"16kHz","audioPath":"/Mock/04.RND/Female/New/ckmk_q_rnd_f_n_244033.wav"},"answer":{"fileFormat":"wav","fileSize":1127118,"duration":35220,"samplingBit":16,"channelCount":1,"samplingRate":"16kHz","audioPath":"/Mock/04.RND/Female/New/ckmk_a_rnd_f_n_244033.wav"}}}