{"version":"1.0","dataSet":{"info":{"date":"20230116","occupation":"RND","channel":"MOCK","place":"ONLINE","gender":"FEMALE","ageRange":"-34","experience":"NEW"},"question":{"raw":{"text":"이전 직장에서 퇴사한 뒤 퇴사한 것을 후회하신 적은 없습니까 만약에 있다면 왜인지도 함께 말씀해 주시기 바랍니다","wordCount":16},"emotion":[],"intent":[]},"answer":{"raw":{"text":"네 물론 이전 직장을 퇴사한 후에 가장 후회됐던 거는 제가 퇴사를 한 뒤에 임금이 또 오르면서 어 쪼금 많은 동료들이 이제 이전 동료들이 만족을 하는 모습을 보면서 그때 쪼금 후회가 됐지만 하지만 제가 원하는 분야 그리고 제가 원하는 회사에 가는 것이 더 중요하다고 생각이 들어서 지금 제가 입사할 회사에서 더 그것보다 높은 능력을 또 인정을 받고 높은 임금을 받을 수 있다고 생각을 하기 때문에 그것이 그 예전에 받 받을 수 있었던 그 임금이 월급이 연봉이 생각이 조금 나기는 하지만 그래도 제가 능력을 펼치는 만큼 또 받을 수 있기 때문에 네 긍정적으로 생각을 하고 있고 또 열심히 또 버는 만큼 네 또 만족을 느낄 수 있으리라 라고 생각을 하기 때문에 네 생각은 하고 있지만 네 지금 회사에서도 충분히 그 임금을 벌어갈 수 있을 것이라고 자신 있게 말씀드리겠습니다.","wordCount":126},"emotion":[],"intent":[{"text":"","expression":"","category":"attitude"}],"summary":{"text":"이전 직장을 퇴사한 후에 가장 후회했던 건 임금 상승과 동료들의 만족을 보며 후회했지만, 제가 원하는 분야와 회사에 가는 것이 더 중요하다고 생각해 입사할 회사에서 더 높은 능력을 인정받고 높은 임금을 받을 수 있을 것이라고 자신 있게 말씀드리겠습니다.","wordCount":37}}},"rawDataInfo":{"question":{"fileFormat":"wav","fileSize":367118,"duration":11470,"samplingBit":16,"channelCount":1,"samplingRate":"16kHz","audioPath":"/Mock/04.RND/Female/New/ckmk_q_rnd_f_n_262542.wav"},"answer":{"fileFormat":"wav","fileSize":2305358,"duration":72040,"samplingBit":16,"channelCount":1,"samplingRate":"16kHz","audioPath":"/Mock/04.RND/Female/New/ckmk_a_rnd_f_n_262542.wav"}}}