{"version":"1.0","dataSet":{"info":{"date":"20230116","occupation":"RND","channel":"MOCK","place":"ONLINE","gender":"FEMALE","ageRange":"-34","experience":"NEW"},"question":{"raw":{"text":"이전 직장에서 퇴사하신 후에 퇴사했던 것을 후회하신 적은 없나요 있다면 어떤 부분에서 후회하셨는지도 말씀 부탁드립니다","wordCount":15},"emotion":[],"intent":[]},"answer":{"raw":{"text":"사실 이전 직장에서 저는 많이 성장을 했습니다. 업무를 하나도 모르던 제가 업무 처리하는 방법에 대해 배울 수 있었고요. 어 많은 고마운 분들을 만나 뵀었기 때문에 제가 여기까지 성장할 수 있었는데요. 어 다만 퇴사한 것을 후회하지는 않습니다. 당시에 다녔던 기업이 소기업이었는데 그러다 보니 월급 체계 급여 체계가 정상적으로 진행이 되지 않았고 유지가 되지 않았기 때문에 야근했어도 항상 그 급여가 제가 생각했던 것만큼 크지 않았습니다. 그래서 어느 순간 여기에 대해서 불만이 쌓이게 됐었고요. 결국 그 불만이 폭발해 퇴사를 하게 되었는데요. 어 물론 그 회사에서 저는 많이 성장할 수 있었지만 그 회사를 퇴사한 것에 후회는 하지 않습니다.","wordCount":94},"emotion":[],"intent":[{"text":"","expression":"","category":"attitude"}],"summary":{"text":"이전 직장에서 업무 처리 방법을 배웠고, 감사한 분들을 만나 뵀기 때문에 여기까지 성장할 수 있었지만, 퇴사한 것을 후회하지는 않습니다. 소기업에서 월급 체계 급여 체계가 정상적으로 되지 않아 불만이 쌓이게 되었고, 결국 퇴사하게 되었습니다.","wordCount":33}}},"rawDataInfo":{"question":{"fileFormat":"wav","fileSize":618958,"duration":19340,"samplingBit":16,"channelCount":1,"samplingRate":"16kHz","audioPath":"/Mock/04.RND/Female/New/ckmk_q_rnd_f_n_290518.wav"},"answer":{"fileFormat":"wav","fileSize":2041038,"duration":63780,"samplingBit":16,"channelCount":1,"samplingRate":"16kHz","audioPath":"/Mock/04.RND/Female/New/ckmk_a_rnd_f_n_290518.wav"}}}