{"version":"1.0","dataSet":{"info":{"date":"20230116","occupation":"RND","channel":"MOCK","place":"ONLINE","gender":"FEMALE","ageRange":"-34","experience":"NEW"},"question":{"raw":{"text":"지원자님께서 본인이 현재 가지고 있는 위치보다 어려운 목표를 달성한 적이 있으신가요 해당 경험을 구체적으로 설명해 주세요","wordCount":16},"emotion":[],"intent":[]},"answer":{"raw":{"text":"제가 현재 가지고 있는 위치보다 어려운 목표에 달성한 적이 있다면 그거에 대해서 말씀드리겠습니다. 제가 생각하는 어려운 목표로 달성한 적은 지금 이 순간이라고 생각합니다. 저는 제가 이 회사에 들어올 수 있을지 사실 크게 자신이 없을 때도 있었습니다. 하지만 저는 꼭 이 회사에 들어가고 싶다 라는 생각을 해서 일단 면접을 볼 수 있는 기회가 생기면 좋겠다 라고 생각했습니다. 그래서 저는 조금 상향 지원을 하였고 제가 이 회사에 들어올 수 있도록 많은 노력을 했습니다. 제가 학점이 조금 모자르지만 다른 점으로 이 것을 채울 수 있을 것이라고 생각했습니다. 그래서 알앤디 관련해서 많은 전문 지식과 기술을 미리 공부하려고 노력했고 박람회 등을 관람하고 자격증을 공부하면서 제가 조금 더 부족한 면을 채울 수 있도록 노력했습니다. 그래서 결국 제가 조금 더 채울 수 있는 것들을 채우고 그러다 보니 이 면접 자리에 오게 된 것 같습니다. 그래서 저는 제가 갖고 있는 위치보다 조금 더 어려운 목표로 이것을 설정했지만 결국 이곳에 있다는 것은 이 목표를 달성했다 라고 말씀드릴 수 있겠습니다.","wordCount":150},"emotion":[],"intent":[{"text":"그래서 알앤디 관련해서 많은 전문 지식과 기술을 미리 공부하려고 노력했고 박람회 등을 관람하고 자격증을 공부하면서 제가 조금 더 부족한 면을 채울 수 있도록 노력했습니다.","expression":"r_prof","category":"attitude"}],"summary":{"text":"저는 이 회사에 들어가고 싶다 라는 생각을 해서 조금 상향 지원을 하였고, 학점이 조금 모자르지만 다른 점으로 이 부분을 채우려 생각했습니다. 그래서 알앤디 관련 전문 지식과 기술을 공부하고 박람회 등을 관람하고 자격증을 공부하면서 조금 더 부족한 부분을 채웠고 결국 이 면접 자리에 오게 되었습니다.","wordCount":44}}},"rawDataInfo":{"question":{"fileFormat":"wav","fileSize":604878,"duration":18900,"samplingBit":16,"channelCount":1,"samplingRate":"16kHz","audioPath":"/Mock/04.RND/Female/New/ckmk_q_rnd_f_n_282329.wav"},"answer":{"fileFormat":"wav","fileSize":2737358,"duration":85540,"samplingBit":16,"channelCount":1,"samplingRate":"16kHz","audioPath":"/Mock/04.RND/Female/New/ckmk_a_rnd_f_n_282329.wav"}}}