{"version":"1.0","dataSet":{"info":{"date":"20230116","occupation":"RND","channel":"MOCK","place":"ONLINE","gender":"FEMALE","ageRange":"-34","experience":"NEW"},"question":{"raw":{"text":"최근 지원자님께서 재밌게 하고 있는 일이 있으신가요 있다면 왜 그 일이 재미있는지도 함께 설명해 주시길 바랍니다","wordCount":16},"emotion":[],"intent":[]},"answer":{"raw":{"text":"저는 최근에 영어 공부를 다시 진행하고 있습니다. 영어는 실생활에서도 쓰이고 또 비즈니스적으로도 필수적으로 요구하기 때문에 살아가면서 계속해서 그만두지 않고 공부해야 하는 분야라고 생각합니다. 예전에는 영어 공부를 억지로 단어부터 암기하는 등 재미를 그다지 느끼지 못하는 방식으로 공부를 했었습니다. 그러나 지금은 일상 생활 용어부터 가볍게 시작하면서 영상 매체로 자연스럽게 영어에 접근하는 방식을 이용하고 있습니다. 덕분에 처음부터 재미를 느끼게 되었습니다. 외국인과 대화를 하거나 영상 매체를 볼 때 제가 아는 단어나 표현 방식 그리고 문화 상식에 대해서 나올 때 그 희열이 계속해서 즐겁게 영어를 공부하게 되는 원동력이 되는 것 같습니다.","wordCount":86},"emotion":[],"intent":[{"text":"","expression":"","category":"attitude"}],"summary":{"text":"과거에 영어는 암기위주의 공부였으나 지금은 일상 생활 용어부터 영상 매체로 자연스럽게 접근하고 있습니다. 외국인과 대화하거나 영상 매체를 볼 때 아는 단어나 표현 방식, 문화 상식에 대해서 나올 때 그 희열이 영어를 공부하게 하는 원동력입니다.","wordCount":34}}},"rawDataInfo":{"question":{"fileFormat":"wav","fileSize":547598,"duration":17110,"samplingBit":16,"channelCount":1,"samplingRate":"16kHz","audioPath":"/Mock/04.RND/Female/New/ckmk_q_rnd_f_n_255784.wav"},"answer":{"fileFormat":"wav","fileSize":1790798,"duration":55960,"samplingBit":16,"channelCount":1,"samplingRate":"16kHz","audioPath":"/Mock/04.RND/Female/New/ckmk_a_rnd_f_n_255784.wav"}}}