{"version":"1.0","dataSet":{"info":{"date":"20230116","occupation":"RND","channel":"MOCK","place":"ONLINE","gender":"FEMALE","ageRange":"-34","experience":"NEW"},"question":{"raw":{"text":"본인만의 스트레스 해소 방법이 있다면 그것은 무엇이고 왜 그 방법으로 스트레스를 해소하는지도 함께 얘기해 주세요","wordCount":15},"emotion":[],"intent":[]},"answer":{"raw":{"text":"저만의 스트레스 해소 방법은 바로 운동입니다. 운동 중에서도 크로스핏 이라고 하는 운동이 요즘 저에게 스트레스 해소 방법으로 가장 좋은 방법으로 손에 꼽히는데요. 그 이유는 음 땀을 흘리면서 운동을 하다 보면 다른 생각을 잊어 버릴 수 있고 특히 스트레스 받는 것을 받는 그런 상황에서 잠시나마 벗어나서 환기를 할 수 있기 때문입니다. 처음에는 이렇게 땀이 나고 헐떡 숨이 헐떡이는 이 운동을 왜 하나 싶었는데 어 제가 체력도 떨어지고 삶의 질이 점점 낮아지는 것을 느껴지면 느끼면서 운동을 해야겠다 라는 생각이 들어서 시작을 하게 된 것입니다. 막상 운동을 해보니까 음 이렇게 이렇게 아까 말씀드렸듯이 스트레스 상황에서 조금 벗어나는 그런 효과도 있었고 또 부가적으로 체력이 좀 좋아지면서 같은 상황에서도 짜증이 쉽게 났던 그런 것이 점점 좀 무뎌지고 제가 참을 수 있는 한도가 조금 높아지는 인내심이 높아지는 그런 경험을 할 수 있었습니다. 그래서 저는 크로스핏을 통해서 스트레스를 해소하곤 합니다.","wordCount":133},"emotion":[],"intent":[{"text":"","expression":"","category":"attitude"}],"summary":{"text":"요즘 스트레스 해소 방법으로 크로스핏이 가장 좋은 방법입니다. 운동을 하다 보면 다른 생각을 잊어버릴 수 있고 스트레스 받는 것을 받는 상황에서 잠시 벗어나서 환기를 할 수 있기 때문입니다. 운동을 하면서 스트레스 상황에서 조금 벗어나는 효과도 있었고 인내심이 높아지는 경험을 할 수 있었습니다.","wordCount":42}}},"rawDataInfo":{"question":{"fileFormat":"wav","fileSize":297038,"duration":9280,"samplingBit":16,"channelCount":1,"samplingRate":"16kHz","audioPath":"/Mock/04.RND/Female/New/ckmk_q_rnd_f_n_282938.wav"},"answer":{"fileFormat":"wav","fileSize":3030478,"duration":94700,"samplingBit":16,"channelCount":1,"samplingRate":"16kHz","audioPath":"/Mock/04.RND/Female/New/ckmk_a_rnd_f_n_282938.wav"}}}