{"version":"1.0","dataSet":{"info":{"date":"20230116","occupation":"RND","channel":"MOCK","place":"ONLINE","gender":"FEMALE","ageRange":"-34","experience":"NEW"},"question":{"raw":{"text":"어 지금 읽고 계신 책이 있으신가요 있으시다면 무슨 책인지 궁금합니다 또 그 책을 읽으시는 이유도 함께 말씀해 주시기 바랍니다","wordCount":19},"emotion":[],"intent":[]},"answer":{"raw":{"text":"제가 요즘 읽고 있는 책은 어느 채식 의사의 고백입니다. 최근 들어서 건강한 식습관과 채식에 대한 관심이 높게 올라가고 있습니다. 저 또한 제 식습관에 대한 고찰을 자주 하는 편입니다. 이 책은 채식에 대한 어느 의사의 생각과 그리고 채식을 해야 하는 의학적인 이유 많은 사람들이 여태까지 육식을 해 왔던 이유와 환경적인 상황에 대해서 얘기하고 있습니다. 회사에서 업무를 잘 수행할 수 있는 요건에 저는 업무를 할 수 있는 수행 능력 그리고 원활한 커뮤니케이션 외에도 건강한 체력이 포함된다고 생각합니다. 그리고 그러한 건강한 삶을 얻으려면 나의 식사에 대해서도 잘 알아야 한다고 생각했기 때문에 이 책을 읽게 되었습니다. 이 책을 읽으면서 제가 여태 주로 가지고 있었던 식사나 습관 그리고 채식에 대한 의학적인 지식을 얻어갈 수 있었습니다.","wordCount":110},"emotion":[],"intent":[{"text":"","expression":"","category":"attitude"}],"summary":{"text":"최근 건강한 식습관과 채식에 관심이 높아지고 있는데, 이 책은 채식에 대한 의사의 생각과 채식을 해야 하는 의학적인 이유, 환경적인 상황 등을 얘기합니다. 또한 건강한 삶을 위해서는 저의 식사에 대해서도 잘 알아야 한다고 생각해 이 책을 읽었습니다.","wordCount":36}}},"rawDataInfo":{"question":{"fileFormat":"wav","fileSize":441678,"duration":13800,"samplingBit":16,"channelCount":1,"samplingRate":"16kHz","audioPath":"/Mock/04.RND/Female/New/ckmk_q_rnd_f_n_261167.wav"},"answer":{"fileFormat":"wav","fileSize":2227918,"duration":69620,"samplingBit":16,"channelCount":1,"samplingRate":"16kHz","audioPath":"/Mock/04.RND/Female/New/ckmk_a_rnd_f_n_261167.wav"}}}