{"version":"1.0","dataSet":{"info":{"date":"20230116","occupation":"RND","channel":"MOCK","place":"ONLINE","gender":"FEMALE","ageRange":"-34","experience":"NEW"},"question":{"raw":{"text":"역사적인 인물 중에 지원자님 본인이 가장 존경하는 인물을 말씀해 주시고 가장 존경하는 이유에 대해서도 함께 설명 부탁드립니다","wordCount":17},"emotion":[],"intent":[]},"answer":{"raw":{"text":"저는 개인적으로 이순신 장군님을 존경합니다. 어 올해 한산이라는 영화가 개봉했습니다. 이번 영화를 보면서 굉장히 카리스마 있으시고 결단력 있으시고 모든 경우의 수를 다 예측한 뒤에 일본군을 무찌르는 그 장면이 저는 너무 멋있더라고요. 그래서 그때부터 저는 이순신 장군님을 존경하게 됐습니다. 저렇게 많은 전술을 미리 대비하고 많은 병사들의 사기를 복돋아 주면서 모든 경우에 대한 대비수를 준비하는 그 치밀함 저는 그 치밀함이 참 멋있더라고요. 저 이순신 장군님을 참 존경하고 이순신 장군님처럼 저도 리더십 있는 사람이 되고 싶다고 생각했었습니다.","wordCount":74},"emotion":[{"text":"저는 개인적으로 이순신 장군님을 존경합니다.","expression":"p-affection","category":"positive"},{"text":"그래서 그때부터 저는 이순신 장군님을 존경하게 됐습니다.","expression":"p-affection","category":"positive"}],"intent":[{"text":"","expression":"","category":"attitude"}],"summary":{"text":"올해 개봉한 한산이라는 영화를 보면서 카리스마 있으시고 결단력 있으셔서 일본군을 무찌르는 그 장면이 너무 멋져요. 저 이순신 장군님처럼 나도 리더십 있는 사람이 되고 싶다고 생각했습니다.","wordCount":25}}},"rawDataInfo":{"question":{"fileFormat":"wav","fileSize":455118,"duration":14220,"samplingBit":16,"channelCount":1,"samplingRate":"16kHz","audioPath":"/Mock/04.RND/Female/New/ckmk_q_rnd_f_n_289747.wav"},"answer":{"fileFormat":"wav","fileSize":1924238,"duration":60130,"samplingBit":16,"channelCount":1,"samplingRate":"16kHz","audioPath":"/Mock/04.RND/Female/New/ckmk_a_rnd_f_n_289747.wav"}}}