{"version":"1.0","dataSet":{"info":{"date":"20230116","occupation":"RND","channel":"MOCK","place":"ONLINE","gender":"FEMALE","ageRange":"-34","experience":"NEW"},"question":{"raw":{"text":"일을 하면서 가장 어려울 것으로 생각되는 것은 무엇입니까 그리고 그에 어떻게 대처할 생각이신지도 궁금합니다","wordCount":14},"emotion":[],"intent":[]},"answer":{"raw":{"text":"저는 사실 상사와 얼마나 부딪치는 것이 가장 어려운지 고민이 됩니다. 제가 어떤 일을 하려고 할 때 그 부분을 막는 상사가 있다면 저는 그 부분에 대해서 이해하지 못할 것 같습니다. 사실 그것이 타당한 것이라면 분명 저도 이해하고 그 일을 포기할 것이지만 그게 아니라 단지 본인만을 위해서 저의 일을 막고 굳이 사적인 이유로 저의 행동을 막아서려고 한다 면 저에게는 그런 것이 가장 큰 스트레스로 작용하고 그런 것들이 가장 어려울 것 같습니다. 사실 그것에 대해 대처할 수 있는 것은 평상시에 어떻게 생활하는지에 대한 저의 태도인 것이라고 생각합니다. 최대한 분쟁거리를 만들지 않고 그리고 원만한 사회생활과 원만한 관계로 그런 것들을 만들지 않는 것이 저의 목표인데요. 그런 것들이 원만하게 해결돼야지 나중에 제가 어떤 일을 하려고 할 때 저에 대한 반발심이라는 이유로 일을 방해하지 않고 굳이 제 일에 반대하지 않을 것이라고 생각하기 때문입니다. 그렇기 때문에 저는 최대한 회사에 적을 만들려고 하지 않습니다. 모든 사람들과 원활한 관계를 유지하면서 모든 사람들과 친목을 도모하고 그런 식으로 회사 내에 적을 두려고 하지 않는 편입니다.","wordCount":153},"emotion":[],"intent":[{"text":"최대한 분쟁거리를 만들지 않고 그리고 원만한 사회생활과 원만한 관계로 그런 것들을 만들지 않는 것이 저의 목표인데요.","expression":"c_chl","category":"personality"}],"summary":{"text":"저는 어떤 일을 하려고 할 때 사적인 이유로 제 행동을 막는 상사가 있다면 이해하지 못할 것 같습니다. 그에 대해 대처할 수 있는 것은 평상시에 어떻게 생활하는지에 대한 저의 태도입니다. 최대한 분쟁거리를 만들지 않고 원만한 사회생활과 원만한 관계로 그런 것들을 만들지 않는 것이 목표입니다.","wordCount":43}}},"rawDataInfo":{"question":{"fileFormat":"wav","fileSize":360398,"duration":11260,"samplingBit":16,"channelCount":1,"samplingRate":"16kHz","audioPath":"/Mock/04.RND/Female/New/ckmk_q_rnd_f_n_275875.wav"},"answer":{"fileFormat":"wav","fileSize":3253838,"duration":101680,"samplingBit":16,"channelCount":1,"samplingRate":"16kHz","audioPath":"/Mock/04.RND/Female/New/ckmk_a_rnd_f_n_275875.wav"}}}