{"version":"1.0","dataSet":{"info":{"date":"20230116","occupation":"RND","channel":"MOCK","place":"ONLINE","gender":"FEMALE","ageRange":"-34","experience":"NEW"},"question":{"raw":{"text":"이전 직장이나 대학에서 어떤 프로젝트를 해 보셨나요 생각나시는 게 있다면 해당 프로젝트에 대해서 가능한 구체적으로 말씀해 주실 수 있을까요","wordCount":19},"emotion":[],"intent":[]},"answer":{"raw":{"text":"어 네 저는 어 대학 시절에 동아리를 통해서 한 프로젝트가 생각이 납니다. 동아리에서 저는 지역아동센터 아동들을 대상으로 요리 프로그램을 진행한 적이 있습니다. 이 지원 지역아동센터라는 것은 맞벌이 부모 밑에서 자라는 어 아동들이 방과 후에 이제 혼자 집에 있을 수 없으니 지역아동센터에서 뭐 센터에 모여서 함께 공부도 하고 또 문화 체험도 하는 그런 활동들을 지원하는 곳이라고 할 수 있겠습니다. 이 지역아동센터 아 아이들을 대상으로 어 여러 가지 문화 체험 중에서 어떤 것을 하면 좋을까 생각을 하다가 아이들의 니즈에 맞춰서 요리 프로그램을 진행하게 되었는데 아이들에게 전달할 수 있는 그런 교육적인 지식들 그리고 혼자 요리를 해 먹을 수도 있는 아이들에게 안전 교육을 하는 그런 일환으로 시작을 하게 되었고 프로그램 프로젝트를 진행하고 나서 아이들이 어 자신에 대한 긍정적인 자존감도 향상이 되고 또 할 수 있다는 그런 효능감도 향상이 되는 그런 긍정적인 효과를 보여서 어 가장 먼저 생각한 생각나는 프로젝트가 이 프로젝트인 것 같습니다.","wordCount":139},"emotion":[{"text":"동아리에서 저는 지역아동센터 아동들을 대상으로 요리 프로그램을 진행한 적이 있습니다.","expression":"u-fact","category":"neutral"}],"intent":[{"text":"동아리에서 저는 지역아동센터 아동들을 대상으로 요리 프로그램을 진행한 적이 있습니다.","expression":"c_private","category":"background"},{"text":"이 지역아동센터 아 아이들을 대상으로 어 여러 가지 문화 체험 중에서 어떤 것을 하면 좋을까 생각을 하다가 아이들의 니즈에 맞춰서 요리 프로그램을 진행하게 되었는데 아이들에게 전달할 수 있는 그런 교육적인 지식들 그리고 혼자 요리를 해 먹을 수도 있는 아이들에게 안전 교육을 하는 그런 일환으로 시작을 하게 되었고 프로그램 프로젝트를 진행하고 나서 아이들이 어 자신에 대한 긍정적인 자존감도 향상이 되고 또 할 수 있다는 그런 효능감도 향상이 되는 그런 긍정적인 효과를 보여서 어 가장 먼저 생각한 생각나는 프로젝트가 이 프로젝트인 것 같습니다.","expression":"c_private","category":"background"}],"summary":{"text":"대학 시절에 동아리에서 아동들을 대상으로 요리 프로그램을 진행한 적이 있습니다. 맞벌이 부모 밑에서 자라는 아동들이 방과 후에 센터에 모여서 함께 공부도 하고 문화 체험도 하는 활동들을 지원하는 곳입니다. 아이들에게 전달할 수 있는 교육적인 지식들 그리고 아이들에게 안전 교육을 하는 일환으로 시작을 하게 되었습니다.","wordCount":43}}},"rawDataInfo":{"question":{"fileFormat":"wav","fileSize":581518,"duration":18170,"samplingBit":16,"channelCount":1,"samplingRate":"16kHz","audioPath":"/Mock/04.RND/Female/New/ckmk_q_rnd_f_n_264714.wav"},"answer":{"fileFormat":"wav","fileSize":3062478,"duration":95700,"samplingBit":16,"channelCount":1,"samplingRate":"16kHz","audioPath":"/Mock/04.RND/Female/New/ckmk_a_rnd_f_n_264714.wav"}}}