{"version":"1.0","dataSet":{"info":{"date":"20230116","occupation":"RND","channel":"MOCK","place":"ONLINE","gender":"FEMALE","ageRange":"35-44","experience":"NEW"},"question":{"raw":{"text":"어 지금 공부하고 있는 분야는 어떤 것인가요 그리고 지금 그 분야를 공부하고 있는 이유를 말씀해 주시길 바랍니다 그리고 지금까지 그 분야를 공부하면서 배운 것들도 말씀해 주시기를 바랍니다","wordCount":27},"emotion":[],"intent":[]},"answer":{"raw":{"text":"제가 지금 현재 공부하고 있는 분야는 영어입니다. 새로운 아이디어들이 대부분 글로벌 사회에서 영향력을 갖고 뻗어 나가지 못하고 있습니다. 미래 사회는 아이디어와 기술을 승부하는 사회입니다. 우리는 아이디어와 기술을 모두 다 갖추었습니다. 그런데 이 아이디어와 기술을 알리려면 세계인의 소통 영어가 필요합니다. 나는 저는 우리가 우리의 잠재력을 세계를 잘 알리지 못하는 주 원인이 영어 소통의 부족이라고 저는 생각합니다. 우리는 문화에 대해서 세계 대 세계에 잘 알려고자 하는 노력을 덜 하는 것 같습니다. 문호 개방을 늦게 한 것에 대한 뒤늦은 후회 때문이니까요. 항상 우리는 서양의 문화를 받아 들이고 배우는 것에만 집중하고 우리 것을 찾아서 알린 일에 게을렀던 것 같습니다. 영어는 우리와 우리의 후손들이 우물 안 개구리가 되지 않고 세계와 소통하는 글로벌 지식인 글로벌 기업인이 되기 위해서 꼭 필요합니다.","wordCount":114},"emotion":[],"intent":[{"text":"","expression":"","category":"attitude"}],"summary":{"text":"미래사회는 아이디어와 기술에 승부하는 사회이므로 우리는 아이디어와 기술을 다 갖추었는데 이를 알리려면 세계인의 소통 영어가 필요합니다. 영어는 우리와 우리의 후손들이 우물 안 개구리가 되지 않고 세계와 소통하는 글로벌 지식인 글로벌 기업인이 되기 위해서 꼭 필요합니다.","wordCount":35}}},"rawDataInfo":{"question":{"fileFormat":"wav","fileSize":500558,"duration":15640,"samplingBit":16,"channelCount":1,"samplingRate":"16kHz","audioPath":"/Mock/04.RND/Female/New/ckmk_q_rnd_f_n_190611.wav"},"answer":{"fileFormat":"wav","fileSize":2377038,"duration":74280,"samplingBit":16,"channelCount":1,"samplingRate":"16kHz","audioPath":"/Mock/04.RND/Female/New/ckmk_a_rnd_f_n_190611.wav"}}}