{"version":"1.0","dataSet":{"info":{"date":"20230116","occupation":"RND","channel":"MOCK","place":"ONLINE","gender":"FEMALE","ageRange":"-34","experience":"NEW"},"question":{"raw":{"text":"지원자님은 본인의 의견을 주장하실 때 강하게 주장하는 타입이신가요 어떤 스타일로 본인의 의견을 주장하시는지 궁금합니다","wordCount":14},"emotion":[],"intent":[]},"answer":{"raw":{"text":"저는 강하게 주장하되 다른 분들의 의견을 적극적으로 수용하는 편입니다. 제가 아직 신입이라서 그런지 어 다른 분들의 의견을 또 적극적으로 수용하여 피드백을 받고자 하는 편이구요. 그러면서 또 배우는 게 많다고 생각이 들었습니다. 어 저의 짧은 의견보다 짧은 생각과 짧은 의견보다는 다른 분들에 의견을 받았을 때 결과물이 좋았던 점이 많고 특히 팀 프로젝트 같은 경우에는 그런 점이 많았습니다. 어 저에 의견을 고집하면은 아무래도 좁은 시야를 가지게 되고 다른 분들 것을 수용하면서 좀 더 넓은 시야를 가지게 되는 효과를 가지 효과가 있었고 또 팀 분위기도 좋았던 경험이 있어서 저는 강하게 주장은 하되 적극적으로 자신감 있게 주장을 하는 따른 분들에 의견을 적극적으로 수용하면서 주장합니다.","wordCount":100},"emotion":[],"intent":[{"text":"저는 강하게 주장하되 다른 분들의 의견을 적극적으로 수용하는 편입니다.","expression":"c_person","category":"background"}],"summary":{"text":"팀 프로젝트에서 다른 의견을 수용하면서 시야를 넓히는 효과가 있었고 팀 분위기도 좋았던 경험이 있어서 강하게 주장을 하되 적극적으로 자신감 있게 주장을 하는 따른 분들에 의견을 적극적으로 수용하며 주장합니다.","wordCount":28}}},"rawDataInfo":{"question":{"fileFormat":"wav","fileSize":507918,"duration":15870,"samplingBit":16,"channelCount":1,"samplingRate":"16kHz","audioPath":"/Mock/04.RND/Female/New/ckmk_q_rnd_f_n_178190.wav"},"answer":{"fileFormat":"wav","fileSize":2003918,"duration":62620,"samplingBit":16,"channelCount":1,"samplingRate":"16kHz","audioPath":"/Mock/04.RND/Female/New/ckmk_a_rnd_f_n_178190.wav"}}}