{"version":"1.0","dataSet":{"info":{"date":"20230116","occupation":"RND","channel":"MOCK","place":"ONLINE","gender":"FEMALE","ageRange":"35-44","experience":"NEW"},"question":{"raw":{"text":"저희 회사에 들어오게 된다면 가장 가고 싶은 부서와 왜 그렇게 생각하셨는지 그 이유도 함께 말씀 부탁드립니다","wordCount":16},"emotion":[],"intent":[]},"answer":{"raw":{"text":"저는 재무 팀에서 일을 하고 싶습니다. 저는 이전 회사 재무 회계 팀에서 십 년 동안 일을 한 경험이 있습니다. 저는 꼼꼼하고 정확한 것을 좋아하는 성격이라 그런지 십 년 동안 이 일을 하면서 흥미를 가지고 일을 했었고 정확하게 입력된 수치의 결과가 나오고 정확한 결과 값으로 의사 결정을 내리는 이런 회계 업무가 제 적성에 맞다고 판단하였습니다. 또한 단순 회계 업무뿐만이 아니라 경력이 쌓일수록 결산과 세무 업무 등도 직접 하게 되면서 능력을 인정받았습니다. 어떤 분들은 매일 똑같듯이 반복되는 업무가 지겹지 않냐 라고 묻지만 저는 일을 하면 할수록 이 일이 기계적인 일이 아니라 좀 더 회사 이익을 추구할 수 있는 일이라고 생각되어집니다. 특히 세무 업무 같은 경우는 매년 바뀌는 정책에 따라 꾸준히 공부하지 않으면 바로 도태되어 지는 분야이기 때문에 저는 매일 관련 매일 관련 뉴스를 접해서 법 테두리 안에서 최대한 기업이 절세하는 방법 등을 공부하고 있고 그리고 제대로 회계 처리를 하지 못했을 경우 회사가 손실을 볼 수 있는 부분이기 때문에 저는 제가 재무 팀 일에 자부심을 가지고 지원을 하고 싶습니다.","wordCount":156},"emotion":[{"text":"저는 이전 회사 재무 회계 팀에서 십 년 동안 일을 한 경험이 있습니다.","expression":"u-fact","category":"neutral"}],"intent":[{"text":"저는 이전 회사 재무 회계 팀에서 십 년 동안 일을 한 경험이 있습니다.","expression":"c_private","category":"background"},{"text":"저는 꼼꼼하고 정확한 것을 좋아하는 성격이라 그런지 십 년 동안 이 일을 하면서 흥미를 가지고 일을 했었고 정확하게 입력된 수치의 결과가 나오고 정확한 결과 값으로 의사 결정을 내리는 이런 회계 업무가 제 적성에 맞다고 판단하였습니다.","expression":"c_person","category":"background"},{"text":"특히 세무 업무 같은 경우는 매년 바뀌는 정책에 따라 꾸준히 공부하지 않으면 바로 도태되어 지는 분야이기 때문에 저는 매일 관련 매일 관련 뉴스를 접해서 법 테두리 안에서 최대한 기업이 절세하는 방법 등을 공부하고 있고 그리고 제대로 회계 처리를 하지 못했을 경우 회사가 손실을 볼 수 있는 부분이기 때문에 저는 제가 재무 팀 일에 자부심을 가지고 지원을 하고 싶습니다.","expression":"c_sincere_job","category":"etc"}],"summary":{"text":"저는 이전 회사 재무 회계 팀에서 십 년 동안 일을 한 경험이 있습니다. 회계 업무가 적성에 맞고 경력이 쌓일수록 결산과 세무 업무 등도 직접 하게 되면서 능력을 인정받았습니다. 앞으로 이 일은 기계적인 일이 아니라 좀 더 회사 이익을 추구할 수 있는 일이라고 생각되어집니다. 재무 팀 일에 자부심을 가지고 지원을 하고 싶습니다.","wordCount":51}}},"rawDataInfo":{"question":{"fileFormat":"wav","fileSize":368078,"duration":11500,"samplingBit":16,"channelCount":1,"samplingRate":"16kHz","audioPath":"/Mock/04.RND/Female/New/ckmk_q_rnd_f_n_236597.wav"},"answer":{"fileFormat":"wav","fileSize":2461198,"duration":76910,"samplingBit":16,"channelCount":1,"samplingRate":"16kHz","audioPath":"/Mock/04.RND/Female/New/ckmk_a_rnd_f_n_236597.wav"}}}