{"version":"1.0","dataSet":{"info":{"date":"20230116","occupation":"RND","channel":"MOCK","place":"ONLINE","gender":"FEMALE","ageRange":"45-54","experience":"NEW"},"question":{"raw":{"text":"지원자님께서 직장을 선택할 때 가장 중요하게 생각하시는 것은 무엇인가요 세 가지를 꼽아서 각각 설명해 주시길 바랍니다","wordCount":16},"emotion":[],"intent":[]},"answer":{"raw":{"text":"아 직장을 선택할 때 중요한 게 있다면 음 분위기 회사의 분위기가 제일 좀 중요했던 것 같습니다. 그리고 얼마나 그 사람들의 능력치를 올려줄 수 있고 그 사람을 잘 리드해 줄 수 있는지가 중요한 것 같애요. 대기업이 다 좋을 수만도 없고 또 작은 회사가 다 나쁠 수만도 없잖아요. 그래서 자기한테 맞는 회사가 있을 거라는 생각이 들어요. 저 같은 경우에는 우선 분위기가 좋은 회사 그리고 좀 일할 로 갈 때 즐거운 마음으로 갈 수 있는 이런 회사 분위기 이런 것들이 있다면 좋지 않을까 하는 생각이 들어서 저는 어 직장을 선택할 때에 있어서 어 중요한 부분이 그리고 저의 역량을 키워줄 수 있는 그런 회사가 더 좋지 않을까 싶습니다. 사람들은 어 그냥 단순하게 어 그 주어진 일만 하고 끝내면 되지 하는 이런 안일한 생각을 하는 사람들이 의외로 많다고 생각이 들어요. 하지만 저는 쫌 더 진취적이고 쫌 더 활력 있고 정말 내가 해낼 수 있는 성취감을 느낄 수 있는 일이 더 좋다 생각이 들거든요. 그래서 제가 더 열심히 할 수 있고 그거를 더 찾아서 하는 일을 더 좋아하고 시키는 일보다 제가 찾아서 하는 일을 더 좋아하기 때문에 그런 부분이 쫌 잘 맞고 회사의 그런 규율이 잘 돼 있다면 행복하게 일을 했을 거 같습니다.","wordCount":187},"emotion":[],"intent":[{"text":"아 직장을 선택할 때 중요한 게 있다면 음 분위기 회사의 분위기가 제일 좀 중요했던 것 같습니다.","expression":"c_value","category":"background"},{"text":"저 같은 경우에는 우선 분위기가 좋은 회사 그리고 좀 일할 로 갈 때 즐거운 마음으로 갈 수 있는 이런 회사 분위기 이런 것들이 있다면 좋지 않을까 하는 생각이 들어서 저는 어 직장을 선택할 때에 있어서 어 중요한 부분이 그리고 저의 역량을 키워줄 수 있는 그런 회사가 더 좋지 않을까 싶습니다.","expression":"c_value","category":"background"}],"summary":{"text":"직장 선택할 때 중요한 건 분위기 회사의 분위기가 제일 중요했던 것 같습니다. 회사 분위기가 좋은 회사가 제 역량을 키워줄 수 있는 회사가 더 좋다고 생각합니다. 사람들은 주어진 일만 하고 끝내면 되지 하는 생각을 하는 사람들이 많지만 저는 진취적이고 성취감을 느낄 수 있는 일을 더 좋아합니다. 그런 부분이 잘 맞고 회사의 규율이 잘 돼 있다면 행복하게 일을 했을 거 같습니다","wordCount":59}}},"rawDataInfo":{"question":{"fileFormat":"wav","fileSize":581518,"duration":18170,"samplingBit":16,"channelCount":1,"samplingRate":"16kHz","audioPath":"/Mock/04.RND/Female/New/ckmk_q_rnd_f_n_281744.wav"},"answer":{"fileFormat":"wav","fileSize":3809998,"duration":119060,"samplingBit":16,"channelCount":1,"samplingRate":"16kHz","audioPath":"/Mock/04.RND/Female/New/ckmk_a_rnd_f_n_281744.wav"}}}