{"version":"1.0","dataSet":{"info":{"date":"20230116","occupation":"RND","channel":"MOCK","place":"ONLINE","gender":"FEMALE","ageRange":"-34","experience":"NEW"},"question":{"raw":{"text":"지원자님께서 과거의 프로젝트를 수행하셨던 경험이 있으신지 궁금한데요 만약 그런 경험이 있으시다면 지원자님은 프로젝트 내에서 어떠한 역할을 맡으셨는지 말씀해 주세요","wordCount":19},"emotion":[],"intent":[]},"answer":{"raw":{"text":"저는 과거에 창업을 하는 프로젝트를 수행한 경험이 있습니다. 당시 해당 프로젝트에는 여섯 명의 팀원이 있었고요. 저는 그 프로젝트의 리더를 맡았는데요. 어 본 프로젝트는 이런 오토바이에 들어가는 부품을 개발하는 업무였고 저희가 처음에 회로 개발에서부터 어 부품 조립까지 굉장히 큰 고난과 역경이 있었지만 저는 그럴 때마다 팀원들의 갈등을 최대한 조율하고 부품이 고장 났을 경우를 대비해서 여분의 부품을 구매하는 등 전체적인 스케줄을 조정했던 경험이 있습니다. 해당 프로젝트를 경험하면서 리더십을 기를 수 있었고요. 또 부품 설계부터 부품 출시까지 다 진행 했기 때문에 전반적인 업무에 대한 이해도를 높일 수 있었습니다.","wordCount":85},"emotion":[],"intent":[{"text":"어 본 프로젝트는 이런 오토바이에 들어가는 부품을 개발하는 업무였고 저희가 처음에 회로 개발에서부터 어 부품 조립까지 굉장히 큰 고난과 역경이 있었지만 저는 그럴 때마다 팀원들의 갈등을 최대한 조율하고 부품이 고장 났을 경우를 대비해서 여분의 부품을 구매하는 등 전체적인 스케줄을 조정했던 경험이 있습니다.","expression":"r_prsv","category":"attitude"}],"summary":{"text":"저는 과거에 창업을 하는 프로젝트를 수행한 경험이 있습니다. 팀원들의 갈등을 조율하고 전체적인 일정을 조정했던 경험이 있어서 리더십을 기를 수 있었고 부품 설계부터 출시까지 다 진행 했기 때문에 전반적인 업무에 대한 이해도를 높일 수 있었습니다.","wordCount":34}}},"rawDataInfo":{"question":{"fileFormat":"wav","fileSize":593358,"duration":18540,"samplingBit":16,"channelCount":1,"samplingRate":"16kHz","audioPath":"/Mock/04.RND/Female/New/ckmk_q_rnd_f_n_290257.wav"},"answer":{"fileFormat":"wav","fileSize":2167118,"duration":67720,"samplingBit":16,"channelCount":1,"samplingRate":"16kHz","audioPath":"/Mock/04.RND/Female/New/ckmk_a_rnd_f_n_290257.wav"}}}