{"version":"1.0","dataSet":{"info":{"date":"20230116","occupation":"RND","channel":"MOCK","place":"ONLINE","gender":"FEMALE","ageRange":"-34","experience":"NEW"},"question":{"raw":{"text":"연구와 개발을 하는 데 있어서 아이디어를 탐색하는 본인만의 방법이나 노하우가 있다면 한번 구체적인 사례와 함께 설명해 주시겠습니까","wordCount":17},"emotion":[],"intent":[]},"answer":{"raw":{"text":"네 주로 연구 개발 공모전 등지를 돌면서 역대 수상작들을 훑어보고 어 그분들의 아이디어가 어 좋다 싶으면은 제 파일에 넣어놓고 어 뜯어보고 또 그렇게 좀 수학하는 편이구요. 어 이와 더불어서 이제 동아리에서 함께 활동했었던 우리 선배님들 현재 현장에서 몸담고 있는 그분들이 어 그분들이 던지는 약간 그런 아이디어를 부지런히 수집하는 편입니다. 그래서 그분들과의 어떤 네트워킹도 게을리하지 않는 편이고 그리고 어 이제 우리 귀사에 어떤 매년 나오는 어 어떤 연구 개발 트렌드 그 동향 보고서를 매년 챙겨 챙겨 봄으로써 어 현재 동향을 파악하고 어 도출되는 다양한 아이디어라든가 어 그런 부분들을 세세하게 쫌 어 체킹 하는 편입니다. 어 그리고 시중에 뭐 등장해 있는 어떤 시판 제품들과 서비스 아이디어 등지에서도 아이디어를 얻고 어 이를 메모함으로써 제 것으로 만들기 위해 어 평소에 이 노력하는 편입니다.","wordCount":119},"emotion":[],"intent":[{"text":"네 주로 연구 개발 공모전 등지를 돌면서 역대 수상작들을 훑어보고   어 그분들의 아이디어가 어 좋다 싶으면은 제 파일에 넣어놓고   어 뜯어보고 또 그렇게 좀 수학하는 편이구요.","expression":"r_info_col","category":"attitude"},{"text":"그래서 그분들과의 어떤 네트워킹도 게을리하지 않는 편이고   그리고 어 이제 우리 귀사에 어떤 매년 나오는 어 어떤 연구 개발 트렌드 그 동향 보고서를 매년 챙겨 챙겨 봄으로써   어 현재 동향을 파악하고 어 도출되는 다양한 아이디어라든가 어 그런 부분들을 세세하게 쫌   어 체킹 하는 편입니다.","expression":"r_prof","category":"attitude"},{"text":"어 그리고 시중에 뭐 등장해 있는 어떤 시판 제품들과 서비스 아이디어   등지에서도 아이디어를 얻고 어 이를 메모함으로써 제 것으로 만들기 위해 어 평소에 이 노력하는 편입니다.","expression":"r_prof","category":"attitude"}],"summary":{"text":"주로 연구 개발 공모전을 훑어보고 아이디어가 좋다 싶으면 제 파일에 넣어두고 수학하는 편입니다. 그리고 동아리에서 함께했던 선배들의 아이디어를 수집하고 네트워킹도 게을리하지 않으며 연구 개발 트렌드 동향 보고서를 통해 현재 동향을 파악하고 다양한 아이디어 등을 체킹합니다.","wordCount":35}}},"rawDataInfo":{"question":{"fileFormat":"wav","fileSize":419278,"duration":13100,"samplingBit":16,"channelCount":1,"samplingRate":"16kHz","audioPath":"/Mock/04.RND/Female/New/ckmk_q_rnd_f_n_133456.wav"},"answer":{"fileFormat":"wav","fileSize":2551758,"duration":79740,"samplingBit":16,"channelCount":1,"samplingRate":"16kHz","audioPath":"/Mock/04.RND/Female/New/ckmk_a_rnd_f_n_133456.wav"}}}