{"version":"1.0","dataSet":{"info":{"date":"20230116","occupation":"RND","channel":"MOCK","place":"ONLINE","gender":"FEMALE","ageRange":"-34","experience":"NEW"},"question":{"raw":{"text":"입사 후에 일을 하다 보면 영어로 서류를 작성해야 할 일이 생길 수도 있는데요 혹시 지원자님께서는 영어로 서류를 작성하실 수 있으신지 궁금합니다","wordCount":21},"emotion":[],"intent":[]},"answer":{"raw":{"text":"네 가능합니다. 저는 일단 캐나다에서 약 일 년 간의 워킹홀리데이 경험이 있습니다. 그곳에서 살면서 일상 생활에서 늘 영어를 사용해 왔기 때문에 영어를 크게 어려워하지는 않습니다. 여행이 아닌 긴 시간 그곳에서 생활하고 일을 함으로써 실제로 영어권에서 사용되는 방식으로 미약하게나마 영어 서류를 작성할 수 있을 것이라고 생각됩니다. 또 최근에는 영어 스터디를 따로 진행하고 있습니다. 모국어가 아니기 때문에 항상 언제든지 언어를 잊어 먹을 수 있다고 경계하고 꾸준히 주기적으로 영어 실력을 테스트하고 있습니다. 또 비즈니스 용어를 최대한 짬이 날 때마다 외우려고 습관을 들이고 있습니다. 제 전공 분야 자체는 영어와 다소 거리가 멀겠지만 여때 해왔던 영어 공부와 관련 활동들을 경험 삼아서 최선을 다해 영어로 서류를 작성해 보겠습니다.","wordCount":102},"emotion":[{"text":"저는 일단 캐나다에서 약 일 년 간의 워킹홀리데이 경험이 있습니다.","expression":"u-fact","category":"neutral"}],"intent":[{"text":"저는 일단 캐나다에서 약 일 년 간의 워킹홀리데이 경험이 있습니다.","expression":"c_private","category":"background"}],"summary":{"text":"저는 캐나다에서 워킹홀리데이 생활을 하며 영어를 크게 어려워하지는 않으며, 실제로 영어권에서 사용되는 방식으로 서류를 작성할 수 있을 것이라 생각됩니다. 최근에는 영어 스터디를 따로 진행하고 있으며 비즈니스 용어를 최대한 틈날 때마다 외우려고 습관을 들이고 있습니다.","wordCount":34}}},"rawDataInfo":{"question":{"fileFormat":"wav","fileSize":522958,"duration":16340,"samplingBit":16,"channelCount":1,"samplingRate":"16kHz","audioPath":"/Mock/04.RND/Female/New/ckmk_q_rnd_f_n_260886.wav"},"answer":{"fileFormat":"wav","fileSize":1996878,"duration":62400,"samplingBit":16,"channelCount":1,"samplingRate":"16kHz","audioPath":"/Mock/04.RND/Female/New/ckmk_a_rnd_f_n_260886.wav"}}}