{"version":"1.0","dataSet":{"info":{"date":"20230116","occupation":"RND","channel":"MOCK","place":"ONLINE","gender":"FEMALE","ageRange":"-34","experience":"NEW"},"question":{"raw":{"text":"지원자님은 평소에 개인 작업을 많이 하시는 편인가요 그렇다면 그렇게 할 수 있는 원동력은 무엇인지 말씀해 주세요","wordCount":16},"emotion":[],"intent":[]},"answer":{"raw":{"text":"저는 일단 사람들하고 섞이는 거를 좋아하지 않구요. 혼자서 할 때 시간을 제 마음대로 쓸 때 좀 힘이 많이 생기는 편이고 그때 많은 아이디어가 떠오르는 편입니다. 그리고 어 제가 혼자 좀 개발하는 그런 거를 나중에 하고 싶어하는 것도 있어서 저는 개인 작업을 좀 많이 하는 편이고 그동안 그래서 재택을 좀 많이 해 왔습니다. 어 원동력 자체는 좀 저한테 스스로 시간이 부족하다고 느껴지는 것들이 있어서 그런 것 같애요. 그래서 빠르게 빨리 이 일 처리를 끝내고 다음 단계 넘어가고 싶은데 그럴 때는 확실히 같이 있는 것보다 저 혼자 스스로 판단하고 결정하는 게 좀 빠르다고 생각이 듭니다.","wordCount":93},"emotion":[],"intent":[{"text":"","expression":"","category":"attitude"}],"summary":{"text":"개인 작업을 좀 많이 하는 편이고 재택을 좀 많이 해 왔습니다. 빠르게 빨리 이 일 처리를 끝내고 다음 단계 넘어가고 싶은데 그럴 때는 확실히 같이 있는 것보다 저 혼자 판단하고 결정하는 게 좀 빠르다고 생각합니다.","wordCount":35}}},"rawDataInfo":{"question":{"fileFormat":"wav","fileSize":502478,"duration":15700,"samplingBit":16,"channelCount":1,"samplingRate":"16kHz","audioPath":"/Mock/04.RND/Female/New/ckmk_q_rnd_f_n_126284.wav"},"answer":{"fileFormat":"wav","fileSize":1688398,"duration":52760,"samplingBit":16,"channelCount":1,"samplingRate":"16kHz","audioPath":"/Mock/04.RND/Female/New/ckmk_a_rnd_f_n_126284.wav"}}}