{"version":"1.0","dataSet":{"info":{"date":"20230116","occupation":"RND","channel":"MOCK","place":"ONLINE","gender":"FEMALE","ageRange":"-34","experience":"NEW"},"question":{"raw":{"text":"현재 많은 대기업들이 해외로 공장을 이전하고 있습니다 면접자님은 이에 찬성하는 편이세요 아니면 반대하는 편이세요 입장과 이유가 궁금합니다","wordCount":17},"emotion":[],"intent":[]},"answer":{"raw":{"text":"세계화로 인해서 많은 대기업들이 인건비가 싼 해외로 공장을 이전하고 있습니다. 어 해외로 공장 이전하게 된다면은 대기업들은 인건비를 줄일 수 있기 때문에 많은 이익을 볼 거라고 생각이 듭니다. 하지만 저는 이에 조금 반대하는 입장인데요. 해외로 이전을 하게 되면 그만큼 국내 노동자가 일할 수 있는 자리가 줄어들게 되고요. 또 해외 같은 경우는 기술 보안에 있어서 조금 어려움을 겪을 것 같은데요. 실제로도 그런 사례가 있고 대기업들이 해외에 나갔다가 다시 자국으로 이동하는 경우도 요즘 심심치 않게 나타나고 있습니다. 그래서 저는 대기업들이 해외로 공장을 이전하기보다는 국내에 땅값이 저렴한 지역의 공장을 설립하고 그곳에 노동자를 고용해서 지역 활성화 경제 활성화를 유도하는 게 조금 더 좋다고 생각이 됩니다.","wordCount":100},"emotion":[],"intent":[{"text":"","expression":"","category":"attitude"}],"summary":{"text":"세계화로 인해 대기업들이 인건비가 싼 해외로 공장을 이전하고 있습니다. 이는 국내 노동자가 일할 수 있는 자리가 줄어들게 되고, 기술 보안에 어려움을 겪을 것 같습니다. 그래서 국내에 토지가 저렴한 지역의 공장을 설립하고 노동자를 고용해서 지역 활성화 경제 활성화를 유도하는 게 좋습니다.","wordCount":40}}},"rawDataInfo":{"question":{"fileFormat":"wav","fileSize":435278,"duration":13600,"samplingBit":16,"channelCount":1,"samplingRate":"16kHz","audioPath":"/Mock/04.RND/Female/New/ckmk_q_rnd_f_n_290522.wav"},"answer":{"fileFormat":"wav","fileSize":2231438,"duration":69730,"samplingBit":16,"channelCount":1,"samplingRate":"16kHz","audioPath":"/Mock/04.RND/Female/New/ckmk_a_rnd_f_n_290522.wav"}}}