{"version":"1.0","dataSet":{"info":{"date":"20230116","occupation":"RND","channel":"MOCK","place":"ONLINE","gender":"FEMALE","ageRange":"-34","experience":"NEW"},"question":{"raw":{"text":"협업을 할 때 가장 중요하게 생각하는 것이 있다면 말씀을 해 주시고 그것을 왜 중요하게 생각하시는지 이유와 함께 설명해 주세요","wordCount":19},"emotion":[],"intent":[]},"answer":{"raw":{"text":"저는 협업을 할 때 가장 중요하게 생각하는 것은 협업팀과의 갈등을 일으키지 않는 것이라고 생각합니다. 갈등이 생기게 되면 업무 진행에도 영향을 줄 뿐만 아니라 팀원과의 신뢰도에도 치명적인 영향을 줄 것입니다. 신뢰가 중요한 협업에서 갈등이야말로는 가장 경계해야 닿는 대상입니다. 만약 팀원과 불화가 생긴다면 일단 잠시간 각자 개인적으로 생각을 정리할 시간을 가질 것입니다. 당장에는 적절한 판단을 하기가 어려울 것이라고 생각하기 때문입니다. 그 후 제가 먼저 다가가서 서로의 의견에 대한 장점과 단점 그리고 차이점에 대해서 객관적으로 나열해 보고 앞으로의 팀을 위해서 어떤 것이 더 나을지 다시 처음부터 대화를 해볼 것입니다. 그렇게 진행을 하다 보면 그 과정에서 분명 더 두터운 신뢰가 형성될 것이고 갈등도 자연스럽게 풀릴 것이라고 생각됩니다.","wordCount":103},"emotion":[],"intent":[{"text":"만약 팀원과 불화가 생긴다면 일단 잠시간 각자 개인적으로 생각을 정리할 시간을 가질 것입니다.","expression":"c_confl_mg","category":"personality"}],"summary":{"text":"협업할 때 팀원과 갈등을 일으키지 않는 것이 가장 중요합니다. 갈등이 생기면 업무 진행과 팀원, 신뢰도에 치명적입니다. 만약 팀원과 불화가 생긴다면 일단 개인적인 생각을 정리하고, 서로의 의견에 대해 객관적으로 나열한 후 대화를 해보는 것입니다. 그렇게 하면 갈등도 자연스럽게 풀 것입니다.","wordCount":39}}},"rawDataInfo":{"question":{"fileFormat":"wav","fileSize":367438,"duration":11480,"samplingBit":16,"channelCount":1,"samplingRate":"16kHz","audioPath":"/Mock/04.RND/Female/New/ckmk_q_rnd_f_n_261153.wav"},"answer":{"fileFormat":"wav","fileSize":2194958,"duration":68590,"samplingBit":16,"channelCount":1,"samplingRate":"16kHz","audioPath":"/Mock/04.RND/Female/New/ckmk_a_rnd_f_n_261153.wav"}}}