{"version":"1.0","dataSet":{"info":{"date":"20230116","occupation":"RND","channel":"MOCK","place":"ONLINE","gender":"FEMALE","ageRange":"45-54","experience":"NEW"},"question":{"raw":{"text":"지원자님만의 스트레스 해소 방법 나만에 방법이 따로 좀 있으실까요 그리고 왜 그 방법으로 스트레스를 해소하시는지도 함께 좀 말씀을 부탁드립니다","wordCount":19},"emotion":[],"intent":[]},"answer":{"raw":{"text":"저만의 스트레스 해소법이 있다면 저는 일단 잠을 자는 것입니다. 제가 평소에 굉장히 열정적이고 많는 일을 하는 편인데요. 그러다보니 늘 종종거리고 다니고 무엇인가를 계속 검색하고 그다음에 제가 해야 될 것 하고 싶은 것들을 계속 찾는 편입니다. 그러면서 시간을 쪼개서 그 일을 하거나 아니면 어 공부를 하거나 이 이런 편이기 때문에 늘 어 뇌도 깨어있고 몸도 깨어 있어서 사실은 제가 스트레스를 너무 받거나 너무 피곤하고 그래서 어 몸에서 약간 이상이 있을 때 여기서 이상이라는 건 너무 피곤했을 때 느껴지는 그런 무력감이라던가 약간 멍한 두통 같은 게 있을 경우가 있는데요. 그럴 때는 다른 곳은 다 필요 없고 그냥 눈을 감고 어 뇌도 쉬게 해주고 어 내 마음도 쉬게 해주는 휴식을 취하는 게 가장 좋은 거 같습니다. 그래서 휴식을 취하면서 평소에 좋아하던 드라마를 청취한다거나 아니면 평소에 좋아하던 유튜브에 어 그런 내용들을 보면서 그냥 잠이 들고 하고 나면 한 두 시간 자고 나면 되게 머리도 맑아지고 편안해지는 것 같습니다.","wordCount":144},"emotion":[],"intent":[{"text":"","expression":"","category":"attitude"}],"summary":{"text":"저만의 스트레스 해소법이 있다면 잠을 자는 것입니다. 제가 굉장히 열정적이고 많은 일을 하는 편인데, 그러다 보니 항상 무언가를 찾고, 검색하고, 하고 싶은 것들을 찾는 편입니다. 그래서 스트레스를 받거나 몸이 약간 이상할 때가 있습니다. 그럴 때는 눈을 감고 뇌도 쉬게 해주고, 제 마음도 쉬게 해주는 휴식이 가장 좋습니다.","wordCount":47}}},"rawDataInfo":{"question":{"fileFormat":"wav","fileSize":578638,"duration":18080,"samplingBit":16,"channelCount":1,"samplingRate":"16kHz","audioPath":"/Mock/04.RND/Female/New/ckmk_q_rnd_f_n_141783.wav"},"answer":{"fileFormat":"wav","fileSize":2750798,"duration":85960,"samplingBit":16,"channelCount":1,"samplingRate":"16kHz","audioPath":"/Mock/04.RND/Female/New/ckmk_a_rnd_f_n_141783.wav"}}}