{"version":"1.0","dataSet":{"info":{"date":"20230116","occupation":"RND","channel":"MOCK","place":"ONLINE","gender":"FEMALE","ageRange":"-34","experience":"NEW"},"question":{"raw":{"text":"본인이 생각했을 때 자신의 노년은 어떤 모습이었으면 좋을까요 생각하시는 가장 이상적인 노년의 모습에 대해서 설명해 주세요","wordCount":16},"emotion":[],"intent":[]},"answer":{"raw":{"text":"제 노년은 안정적이었으면 좋겠습니다. 제가 항상 상상하는 모습은 제가 사랑하는 가족들이 있고 그 가족들을 지켜줄 수 있는 보금자리가 있고 보금자리로부터 이동할 수 있는 차량이 있고 제 주변에는 좋은 지인들이 있었으면 좋겠다고 늘 상상하고 하는데요. 어 제가 그리는 노년은 이런 안정적인 모습입니다. 어 지금은 물론 어떤 풍파도 겪고 있고 힘든 점이 많지만 그런 풍파를 겪고 나서 안정적인 삶을 찾았을 때 저는 비로소 제 삶을 온전히 즐길 수 있다 라고 생각이 드는데요. 지금부터 열심히 노력해서 노년에는 안정적인 보금자리와 차량 그리고 제가 사랑하는 가족들을 지킬 수 있는 힘을 기르고 싶습니다.","wordCount":87},"emotion":[],"intent":[{"text":"","expression":"","category":"attitude"}],"summary":{"text":"제가 그리는 노년은 안정적인 모습이며 풍파도 겪지만 안정적인 삶을 찾았을 때 제 삶을 온전히 즐길 수 있다고 생각합니다. 지금부터 열심히 노력해서 노년에는 안정적인 보금자리와 차량 그리고 사랑하는 가족들을 지킬 수 있는 힘을 기르고 싶습니다.","wordCount":34}}},"rawDataInfo":{"question":{"fileFormat":"wav","fileSize":334158,"duration":10440,"samplingBit":16,"channelCount":1,"samplingRate":"16kHz","audioPath":"/Mock/04.RND/Female/New/ckmk_q_rnd_f_n_266195.wav"},"answer":{"fileFormat":"wav","fileSize":1903758,"duration":59490,"samplingBit":16,"channelCount":1,"samplingRate":"16kHz","audioPath":"/Mock/04.RND/Female/New/ckmk_a_rnd_f_n_266195.wav"}}}