{"version":"1.0","dataSet":{"info":{"date":"20230116","occupation":"RND","channel":"MOCK","place":"ONLINE","gender":"FEMALE","ageRange":"35-44","experience":"NEW"},"question":{"raw":{"text":"지원자분께 질문하겠습니다 지원자분에게 익숙한 연구 방법론을 언급하고 실제 적응해 본 사례가 있으시다면 그에 관해 말씀해 주시겠습니까","wordCount":16},"emotion":[],"intent":[]},"answer":{"raw":{"text":"경영학에서 배운 원가론으로 어 문제를 해결해 본 경험이 있습니다. 의류 창고에서 상품 출하 시 빡스 적재 방식을 바꿔 비용을 대폭 줄였습니다. 의류 창고의 경우 상품 출하량이 증가할수록 재고 공간 확보 및 운용 운송료를 줄일 수 있어 창고 유지 비용을 줄일 수 있었습니다. 제가 일했던 의류 창고의 경우 상품 입고에는 문제가 없었지만 상품 출하에서는 문제가 있었습니다. 빡스 적재할 시 한 차량에 백 구십 두 개의 빡스를 적재하는 정해진 방법이 있었는데 그 방법대로 적재를 하다 보면 중간에 틈이 생겨 상당히 비효율적이라는 생각이 들었습니다. 이 점을 눈여겨보고 쉬는 시간을 이용해 차량 적재 공간에 크기 박스의 크기를 실측하여 가장 효율적인 적재 방법을 계산 후 출하 업무를 할 때 이론적으로 계산 방법이 실제로 가능한 지 확인하는 작업을 했습니다. 그 결과 빈 공간을 최대한 줄이는 적재 방법을 찾아 한 차량에 백 구십 여덟 개의 빡스를 실어 실어 이전 방법보다 여섯 개를 더 실을 수 있게 되었습니다. 하루 평균 세 대에서 네 대에 차량에 적재를 하고 차령 운송비가 일 회 평균 삼십 만 원이라는 점을 고려한다면 십 일마다 한 대의 운송 비용을 줄일 수 있었습니다. 제게 주어진 출하 업무를 묵묵히 수랭 수행 하기보다 문제를 인식하고 창의적인 사고를 발휘해 문제글 해결한 경험이었습니다.","wordCount":184},"emotion":[],"intent":[{"text":"이 점을 눈여겨보고 쉬는 시간을 이용해 차량 적재 공간에 크기 박스의 크기를 실측하여 가장 효율적인 적재 방법을 계산 후 출하 업무를 할 때 이론적으로 계산 방법이 실제로 가능한 지 확인하는 작업을 했습니다.","expression":"r_prsv","category":"attitude"}],"summary":{"text":"제게 주어진 출하 업무를 묵묵히 수랭 수행 하기보다 문제를 인식하고 창의적인 사고를 발휘해 문제글 해결한 경험이었습니다. 의류 창고의 상품 출하량이 증가할수록 재고 공간 확보 및 운용 운송료를 줄일 수 있어 창고 유지 비용을 줄일 수 있었습니다. 하루 평균 세 대에서 네 대에 차량에 적재를 하고 차령 운송비가 일 회 평균 삼천 만 원이라는 점을 고려한다면 십 일마다 한 대의 운송 비용을 줄였습니다.","wordCount":62}}},"rawDataInfo":{"question":{"fileFormat":"wav","fileSize":478158,"duration":14940,"samplingBit":16,"channelCount":1,"samplingRate":"16kHz","audioPath":"/Mock/04.RND/Female/New/ckmk_q_rnd_f_n_236366.wav"},"answer":{"fileFormat":"wav","fileSize":3266958,"duration":102090,"samplingBit":16,"channelCount":1,"samplingRate":"16kHz","audioPath":"/Mock/04.RND/Female/New/ckmk_a_rnd_f_n_236366.wav"}}}