{"version":"1.0","dataSet":{"info":{"date":"20230116","occupation":"RND","channel":"MOCK","place":"ONLINE","gender":"FEMALE","ageRange":"45-54","experience":"NEW"},"question":{"raw":{"text":"지원자님이 살면서 인생에서 겪었던 갈등 중 가장 심각했던 갈등 한 가지만 소개해 주세요","wordCount":13},"emotion":[],"intent":[]},"answer":{"raw":{"text":"어 제가 인생을 살면서 겪었던 갈등 중에 가장 심각했다고 하는 갈등이라고 한다면 어 제가 아들 둘 키우고 있는데요. 그중에 둘째 아들과 어 사춘기를 겪는 아들과 제가 그때 당시에는 어떻게 보면은 갱년기 증상이 있던 그런 상황이었습니다. 그 상황에서 사춘기 아들과 갱년기 엄마는 정말 그 갈등은 이루 말할 수가 없습니다. 왜냐하면 저 또한 심리적으로 굉장히 예민해 있고 신체적으로도 아픈 곳도 많고 그런 상황이었고요. 아이 또한 사춘기다 보니까 인생에 대해서나 자기 스스로 친구들 관계 등에 있어서 굉장히 격동의 시간을 겪었던 상황이었던 것 같습니다. 그렇다 보니 서로가 서로를 바라보는 모습이라든가 대하는 태도에 있어서도 엄 안정적이지도 못하고 자꾸 삐뚤게 바라보게 되고 사춘기 아이이다 보니 그 아이 또한 저에게 그렇게 대하는 모습에 서로 말다툼도 많았었고 어 저도 그 아이에게 자꾸 혼내는 그런 제 모습을 보면서 그 모습이 싫기도 하지만 그럴 수 밖에 없었던 상황이었습니다. 그래서 지금 생각해 보면 사춘기 아이와 제가 겪었던 갈등이 가장 심했던 갈등이 아닌가 생각이 듭니다.","wordCount":143},"emotion":[],"intent":[{"text":"","expression":"","category":"attitude"}],"summary":{"text":"사춘기 아이와 제가 겪었던 갈등이 가장 심했던 갈등이라고 한다면 제가 아들 둘 키우고 있을 때 사춘기를 겪는 아들과 제가 갱년기 증상이 있던 상황이었습니다. 아이 또한 사춘기다 보니 친구들 관계 등에 있어서 격동의 시간을 겪었던 상황이어서 서로를 바라보는 모습이나 대하는 태도에 있어서도 불안정하지 못하고 삐뚤게 바라보게 되었던 것 같습니다.","wordCount":48}}},"rawDataInfo":{"question":{"fileFormat":"wav","fileSize":350798,"duration":10960,"samplingBit":16,"channelCount":1,"samplingRate":"16kHz","audioPath":"/Mock/04.RND/Female/New/ckmk_q_rnd_f_n_145164.wav"},"answer":{"fileFormat":"wav","fileSize":2893198,"duration":90410,"samplingBit":16,"channelCount":1,"samplingRate":"16kHz","audioPath":"/Mock/04.RND/Female/New/ckmk_a_rnd_f_n_145164.wav"}}}