{"version":"1.0","dataSet":{"info":{"date":"20230116","occupation":"RND","channel":"MOCK","place":"ONLINE","gender":"FEMALE","ageRange":"-34","experience":"NEW"},"question":{"raw":{"text":"팀으로 일을 하는 것과 혼자 일하는 것 중에 무엇을 더 선호하시나요 그렇게 생각하시는 이유에 대해서도 함께 말씀해 주실 수 있을까요","wordCount":20},"emotion":[],"intent":[]},"answer":{"raw":{"text":"팀 작업도 많이 해 보았지만 확실히 개인 작업을 많이 하고 있습니다. 제게도 저만의 업무를 수행하는 일정한 루틴과 방식이 있기 때문에 고민이나 눈치를 볼 것 없이 일을 적용해서 일을 진행하는 것이 더 편하게 느껴지기 때문입니다. 저는 혼자 하는 업무를 따라서 더 선호하는 편입니다. 물론 팀 과제도 많이 해왔고 함께 협업하는 즐거움과 장점도 잘 알고 있습니다. 그러나 일단은 개인 과제가 제가 원하는 방향대로 수행해 나갈 수 있다는 점이 가장 큰 메리트로 작용하고 있습니다. 또 개인에게 보이는 기대와 응원 조언과 같은 좋은 감정들을 얻을 수 있는데 이는 제가 개인 업무를 원활히 수행할 수 있도록 해주는 아주 큰 원동력이라고 생각합니다. 저를 선택하고 저를 믿고 일을 맡겨준다는 사실은 삶에서 얻을 수 있는 아주 중요하고 희소한 가치라고 생각합니다. 따라서 저는 협업하는 과제보다는 혼자 하는 작업을 더 선호하는 편입니다.","wordCount":122},"emotion":[],"intent":[{"text":"","expression":"","category":"attitude"}],"summary":{"text":"팀 작업도 많이 해 보았지만 개인 작업을 많이 하고 있습니다. 제게도 저만의 업무를 수행하는 방식이 있기 때문입니다. 협업하는 과제보다는 혼자 하는 작업을 더 선호하는 편입니다. 개인에게 보이는 기대와 응원 조언과 같은 좋은 감정들은 제 개인 업무를 원활히 수행할 수 있도록 해주는 원동력이라고 생각합니다.","wordCount":43}}},"rawDataInfo":{"question":{"fileFormat":"wav","fileSize":613198,"duration":19160,"samplingBit":16,"channelCount":1,"samplingRate":"16kHz","audioPath":"/Mock/04.RND/Female/New/ckmk_q_rnd_f_n_284454.wav"},"answer":{"fileFormat":"wav","fileSize":2093518,"duration":65420,"samplingBit":16,"channelCount":1,"samplingRate":"16kHz","audioPath":"/Mock/04.RND/Female/New/ckmk_a_rnd_f_n_284454.wav"}}}