{"version":"1.0","dataSet":{"info":{"date":"20230116","occupation":"RND","channel":"MOCK","place":"ONLINE","gender":"FEMALE","ageRange":"-34","experience":"NEW"},"question":{"raw":{"text":"평소 개인 작업을 많이 하시는 편이신가요 그렇게 할 수 있는 원동력은 무엇이라고 생각하십니까","wordCount":13},"emotion":[],"intent":[]},"answer":{"raw":{"text":"네 개인적으로는 틈틈이 하는 편이라고 생각하는데요. 어 아무래도 어 일을 하다 보면 계속 부족한 점이 느껴지기 때문에 그 부족한 점들을 어 계속 채워나가기 위해서 개인 작업을 한다고 생각합니다. 어 아무래도 어 하다가 이 작업을 하다가 모르는 점이나 그 어려운 점이 생기면은 저도 불편하고 어 회사나 상사 도 불편하기 때문에 어 더 일을 잘 할 수 있게 하기 위해 한다고 생각합니다. 이런 것이 저에게는 원동력이 되는 것 같습니다.","wordCount":67},"emotion":[],"intent":[{"text":"","expression":"","category":"attitude"}],"summary":{"text":"개인 작업을 하는 이유는 일을 하면서 부족한 점을 채우기 위해서 입니다. 회사나 상사의 불편함에도 불구하고 일을 잘 할 수 있는 원동력이 되는 것 같습니다.","wordCount":24}}},"rawDataInfo":{"question":{"fileFormat":"wav","fileSize":325838,"duration":10180,"samplingBit":16,"channelCount":1,"samplingRate":"16kHz","audioPath":"/Mock/04.RND/Female/New/ckmk_q_rnd_f_n_231558.wav"},"answer":{"fileFormat":"wav","fileSize":1153358,"duration":36040,"samplingBit":16,"channelCount":1,"samplingRate":"16kHz","audioPath":"/Mock/04.RND/Female/New/ckmk_a_rnd_f_n_231558.wav"}}}