{"version":"1.0","dataSet":{"info":{"date":"20230116","occupation":"RND","channel":"MOCK","place":"ONLINE","gender":"FEMALE","ageRange":"-34","experience":"NEW"},"question":{"raw":{"text":"만약 일을 하다가 상사에게 어려운 지시를 받는다면 어떻게 하실 건가요 그렇게 하시려는 이유도 함께 말씀 부탁드립니다","wordCount":16},"emotion":[],"intent":[]},"answer":{"raw":{"text":"만약 제게 어려운 지시를 주신다면 저는 일단 이 업무가 제게 적합한 지를 구체적으로 파악한 후에 무턱대고 이를 해결하려고 나서기 보다는 많은 준비를 하여서 해결하려고 할 것입니다. 상사가 제게 이러한 지시를 내렸다는 것은 오히려 제게 거는 기대와 잠재력을 생각해서 주신 게 아닐까요. 저는 이를 긍정적으로 받아들여서 적극적으로 다른 상사 분이나 동료 직원분들에게 도움이나 조언을 받아서 이 업무를 최선을 다해서 해결해 나가 보도록 하겠습니다. 포기하지 않는 마음이 저는 가장 중요하다고 생각합니다. 어려운 지시를 제대로 수행하지 못한다고 해서 혼이 나서 풀이 죽거나 감정이 상하는 것을 곧 생각하기보다는 그 시점에서 조금 더 배우려는 자세로 임하겠습니다.","wordCount":91},"emotion":[],"intent":[{"text":"포기하지 않는 마음이 저는 가장 중요하다고 생각합니다.","expression":"c_value","category":"background"}],"summary":{"text":"어려운 지시를 받았을 때 적극적으로 다른 상사나 동료 직원분들에게 도움이나 조언을 받아서 이 업무를 최선을 다해서 해결해 나가도록 하겠습니다. 어려운 지시를 제대로 수행하지 못한다고 해서 풀이 죽거나 감정이 상하는 것을 곧 생각하기보다는 조금 더 배우려는 자세로 임하겠습니다.","wordCount":37}}},"rawDataInfo":{"question":{"fileFormat":"wav","fileSize":597198,"duration":18660,"samplingBit":16,"channelCount":1,"samplingRate":"16kHz","audioPath":"/Mock/04.RND/Female/New/ckmk_q_rnd_f_n_284335.wav"},"answer":{"fileFormat":"wav","fileSize":1747278,"duration":54600,"samplingBit":16,"channelCount":1,"samplingRate":"16kHz","audioPath":"/Mock/04.RND/Female/New/ckmk_a_rnd_f_n_284335.wav"}}}