{"version":"1.0","dataSet":{"info":{"date":"20230116","occupation":"RND","channel":"MOCK","place":"ONLINE","gender":"FEMALE","ageRange":"45-54","experience":"NEW"},"question":{"raw":{"text":"면접자분은 열역학 영 법칙에 대해서 설명해 주시길 바랍니다","wordCount":8},"emotion":[],"intent":[]},"answer":{"raw":{"text":"열역학 영의 법칙은 열 평형 상태를 이야기합니다. 열 평형 상태라는 것은 어떤 물체 에이가 있는데 이 물체가 비와 씨 각각 다른 물체와 접촉을 한 후 비와 씨가 에이 와 같은 온도가 됐다면 비와 씨는 열 평형 상태에 있다고 말할 수 있습니다. 예를 들어 냉장고에 있던 물을 물병을 꺼내서 실온 상태에 인 식탁에 올려놓고 잠시 후에 원래 식탁에 있던 물병에 있는 물과 같은 온도가 됐다면 이는 냉장고에서 꺼낸 물병과 원래 식탁 위에 있던 물병이 열 평형 상태가 됐다고 설명할 수 있습니다.","wordCount":80},"emotion":[{"text":"열역학 영의 법칙은 열 평형 상태를 이야기합니다.","expression":"u-fact","category":"neutral"},{"text":"열 평형 상태라는 것은   어떤 물체 에이가 있는데 이 물체가 비와 씨 각각 다른 물체와 접촉을 한 후 비와 씨가   에이 와 같은 온도가 됐다면 비와 씨는 열 평형 상태에 있다고 말할 수 있습니다.","expression":"u-fact","category":"neutral"}],"intent":[{"text":"","expression":"","category":"attitude"}],"summary":{"text":"열역학 영의 법칙은 열평형 상태를 이야기합니다. 열평형 상태란 어떤 물체가 비와 씨 각각 다른 물체와 접촉을 한 후 에이와 같은 온도가 됐다면 비와 씨는 열평형 상태에 있다고 말할 수 있습니다.","wordCount":30}}},"rawDataInfo":{"question":{"fileFormat":"wav","fileSize":219278,"duration":6850,"samplingBit":16,"channelCount":1,"samplingRate":"16kHz","audioPath":"/Mock/04.RND/Female/New/ckmk_q_rnd_f_n_185716.wav"},"answer":{"fileFormat":"wav","fileSize":1561358,"duration":48790,"samplingBit":16,"channelCount":1,"samplingRate":"16kHz","audioPath":"/Mock/04.RND/Female/New/ckmk_a_rnd_f_n_185716.wav"}}}