{"version":"1.0","dataSet":{"info":{"date":"20230116","occupation":"RND","channel":"MOCK","place":"ONLINE","gender":"FEMALE","ageRange":"-34","experience":"NEW"},"question":{"raw":{"text":"지원자님이 생각할 때 협업을 하면서 가장 중요한 것은 무엇인가요 그리고 본인이 왜 그것을 가장 중요하게 생각하시는지 이유도 함께 설명해 주세요","wordCount":20},"emotion":[],"intent":[]},"answer":{"raw":{"text":"협업을 할 때 가장 중요하게 생각하는 거는 어 의사소통 능력이라고 생각을 합니다. 앞서 말씀 드렸듯이 의사소통을 통해서 이 팀 분위기가 좌우되는 것 같기도 하고 의사소통이 불발 되었을 시 서로 불만이 쌓인 채로 프로젝트 결과도 또 일의 수행 결과도 좋지 않은 경우가 굉장히 많았어 굉장히 많은 걸 주변에서 봤었고 또 이런 상황은 굉장히 피하고 싶다는 생각이 들더라구요. 팀 프로젝트 같은 경우가 협업에 굉장히 중점을 둔 것인데 이런 중점이 된 협업 자체가 중점인 프로젝트에서 협업을 놓쳐 버리면은 정말 두 마리 토끼 다 놓치는 경우가 많기 때문에 그래서 상호 의사소통 같은 경우가 굉장히 중요하다고 저는 생각합니다.","wordCount":93},"emotion":[],"intent":[{"text":"","expression":"","category":"attitude"}],"summary":{"text":"협업을 할 때 가장 중요하게 생각하는 것은 의사소통 능력입니다. 의사소통이 불발 되었을 때 서로 불만이 쌓인 채로 결과도 좋지 않은 경우가 많았습니다. 중점이 된 프로젝트에서 협업을 놓쳐버리면 두 마리 토끼 다 놓치는 경우가 많기 때문입니다.","wordCount":35}}},"rawDataInfo":{"question":{"fileFormat":"wav","fileSize":435278,"duration":13600,"samplingBit":16,"channelCount":1,"samplingRate":"16kHz","audioPath":"/Mock/04.RND/Female/New/ckmk_q_rnd_f_n_178188.wav"},"answer":{"fileFormat":"wav","fileSize":1691598,"duration":52860,"samplingBit":16,"channelCount":1,"samplingRate":"16kHz","audioPath":"/Mock/04.RND/Female/New/ckmk_a_rnd_f_n_178188.wav"}}}