{"version":"1.0","dataSet":{"info":{"date":"20230116","occupation":"RND","channel":"MOCK","place":"ONLINE","gender":"FEMALE","ageRange":"-34","experience":"NEW"},"question":{"raw":{"text":"네이버 다음 구글 검색을 비교해 보시고 각각 검색 엔진들에는 분명히 차이점이 존재하는데요 이러한 차이점에 대해서 말씀해 주시고 또 그러한 차이점을 기반으로 장단점을 설명해 주시기를 바랍니다","wordCount":25},"emotion":[],"intent":[]},"answer":{"raw":{"text":"정말 다양한 검색 엔진들이 있죠. 네이버 다음 구글 사람들이 많이 사용하는 검색 엔진인데요. 먼저 네이버는 많은 정보를 한꺼번에 수용할 수 있습니다. 많은 정보들을 한꺼번에 볼 수 있기 때문에 편의성이 굉장히 높다고 말씀드릴 수 있고요. 단점으로는 실시간 검색어가 사라지게 되면서 그 불편함이 조금은 있는 것 같습니다. 다음은 과거에 많이 사용되었던 검색 엔진인데요. 다음 같은 경우에는 뉴스 엔터테인먼트 등 네이버와 같이 다양한 정보를 한꺼번에 얻을 수 있다는 장점이 있지만 그 접근성이 조금 낮다는 단점이 있습니다. 구글 같은 경우에는 어 딱 보면은 배너 하나만 있기 때문에 어 이게 과연 효율적일까 라는 생각이 들면서 어 한꺼번에 많은 정보를 얻을 수 없다는 단점이 있습니다. 하지만 구글 같은 경우에는 네이버 다음과는 다르게 다양한 정보를 많이 전 세계적으로 접할 수 있기 때문에 이러한 장점을 가지고 있다고 생각됩니다.","wordCount":120},"emotion":[{"text":"네이버 다음 구글 사람들이 많이 사용하는 검색 엔진인데요.","expression":"u-fact","category":"neutral"}],"intent":[{"text":"","expression":"","category":"attitude"}],"summary":{"text":"많은 정보를 한꺼번에 수용할 수 있는 네이버는 편의성이 높지만 실시간 검색어가 사라지게 되면서 불편함이 있습니다. 다음은 다양한 정보를 한꺼번에 얻을 수 있지만 접근성이 조금 낮습니다. 구글은 배너 하나만 있어 많은 정보를 얻을 수 없다는 단점이 있지만 다양한 정보를 접할 수 있어 장점입니다.","wordCount":42}}},"rawDataInfo":{"question":{"fileFormat":"wav","fileSize":543758,"duration":16990,"samplingBit":16,"channelCount":1,"samplingRate":"16kHz","audioPath":"/Mock/04.RND/Female/New/ckmk_q_rnd_f_n_265998.wav"},"answer":{"fileFormat":"wav","fileSize":2536078,"duration":79250,"samplingBit":16,"channelCount":1,"samplingRate":"16kHz","audioPath":"/Mock/04.RND/Female/New/ckmk_a_rnd_f_n_265998.wav"}}}