{"version":"1.0","dataSet":{"info":{"date":"20230116","occupation":"RND","channel":"MOCK","place":"ONLINE","gender":"FEMALE","ageRange":"-34","experience":"NEW"},"question":{"raw":{"text":"최근 고령화 사회로 가면서 치매로 인한 문제가 많이 대두되고 있습니다 이에 대해 건보공단이 하는 일과 개선할 방안에 대해 말씀해 주실 수 있나요","wordCount":22},"emotion":[],"intent":[]},"answer":{"raw":{"text":"치매는 이미 발생하고 나서 해결 할려고 하면 굉장히 어렵다는 이야기를 들은 적이 있습니다. 그래서 치매는 예방이 더 중요하다고 생각이 들어 건보건단이 우선 치매 이 치매를 걸릴 확률이 높은 노인분들을 분류한 후 그분들에게 교구나 교재 또는 치매 예방 운동 같은 것들을 보내 드리면 좋을 것 같다는 생각이 들었습니다. 또한 이미 치매 초기 단계이신 분들에게는 가족분들에게 치매 노인에게 좋은 영양소 그리고 치매 노인이 치매를 늦출 수 있는 방법에 대해서 알려드려서 혼자서 해결하시는 것이 아니라 보호자가 함께 도움을 줄 수 있는 그런 것들을 제공을 하면 더 좋을 것 같다는 생각이 들었습니다.","wordCount":88},"emotion":[],"intent":[{"text":"","expression":"","category":"attitude"}],"summary":{"text":"건보건단이 치매를 걸릴 확률이 높은 노인분들을 분류한 후 치매 예방 운동 등을 보내 드리거나 치매 초기 단계이신 분들에게는 가족분들에게 치매 노인에게 좋은 영양소 등을 알려드려야 할 것 같습니다.","wordCount":28}}},"rawDataInfo":{"question":{"fileFormat":"wav","fileSize":447758,"duration":13990,"samplingBit":16,"channelCount":1,"samplingRate":"16kHz","audioPath":"/Mock/04.RND/Female/New/ckmk_q_rnd_f_n_269108.wav"},"answer":{"fileFormat":"wav","fileSize":1651598,"duration":51610,"samplingBit":16,"channelCount":1,"samplingRate":"16kHz","audioPath":"/Mock/04.RND/Female/New/ckmk_a_rnd_f_n_269108.wav"}}}