{"version":"1.0","dataSet":{"info":{"date":"20230116","occupation":"RND","channel":"MOCK","place":"ONLINE","gender":"FEMALE","ageRange":"-34","experience":"NEW"},"question":{"raw":{"text":"지원자님의 의견을 주장하실 때 강하게 주장하는 편이세요 평소 어떤 스타일로 자신의 의견을 주장하시는지 말씀해 주시길 바랍니다","wordCount":16},"emotion":[],"intent":[]},"answer":{"raw":{"text":"저는 의견을 주장할 때 강하게 주장하는 편이라고 생각합니다. 하지만 남의 의견도 잘 들어주는 편이라고 생각합니다. 제가 생각하기에 제가 타협할 수 있는 것이라면 남의 의견을 잘 들어줍니다. 하지만 제가 타협하기 어렵다 라고 생각하는 면에서는 강하게 주장하는 편이기도 합니다. 때때로는 강하게 주장하는 것도 필요하다 라고 생각합니다. 모든 것을 타협하며 살 수는 없기 때문에 타협에 타협되지 않는 점은 강하게 말하는 자세도 필요하다 라고 생각합니다. 물론 강하게 말을 하지만 남의 의견을 무시하거나 남의 의견을 전혀 듣지 않으면서 제 의견만 내세우는 것은 아닙니다. 하지만 강력하게 주장해야 할 때는 강력하게 주장하는 편입니다. 보통은 논리적으로 많은 말을 하는 편입니다. 그래서 말을 잘한다는 얘기도 많이 들어봤고 논리적으로 얘기를 하다 보니 크게 제 의견이 굽혀진 적이 별로 없었던 것 같습니다. 하지만 원숭이도 나무에서 떨어질 날이 온다고 저도 제 말이 모든 것이 맞다 라고 생각하지 않기 때문에 남의 의견도 잘 들어볼려고 노력하는 편입니다. 그리고 주장을 하더라도 서로 기분이 상하지 않는 선에서 주장을 주고받을 수 있도록 많은 노력을 하는 편입니다.","wordCount":149},"emotion":[],"intent":[{"text":"저는 의견을 주장할 때 강하게 주장하는 편이라고 생각합니다.","expression":"c_person","category":"background"}],"summary":{"text":"저는 의견을 주장할 때 강하게 주장하는 편이지만 남의 의견도 잘 들어주는 편이라고 생각합니다. 하지만 타협에 타협되지 않는 점은 강하게 말하는 자세도 필요하다고 생각합니다. 물론 강하게 말을 하지만 남의 의견을 무시하고 제 의견만 내세우는 것은 아닙니다. 하지만 강력하게 주장해야 할 때는 논리적으로 많은 말을 하는 편입니다. 그리고 주장을 하더라도 서로 기분 상하지 않는 선에서 주장을 주고받을 수 있도록 많은 노력을 합니다.","wordCount":60}}},"rawDataInfo":{"question":{"fileFormat":"wav","fileSize":606158,"duration":18940,"samplingBit":16,"channelCount":1,"samplingRate":"16kHz","audioPath":"/Mock/04.RND/Female/New/ckmk_q_rnd_f_n_275965.wav"},"answer":{"fileFormat":"wav","fileSize":2770638,"duration":86580,"samplingBit":16,"channelCount":1,"samplingRate":"16kHz","audioPath":"/Mock/04.RND/Female/New/ckmk_a_rnd_f_n_275965.wav"}}}