{"version":"1.0","dataSet":{"info":{"date":"20230116","occupation":"RND","channel":"MOCK","place":"ONLINE","gender":"FEMALE","ageRange":"35-44","experience":"NEW"},"question":{"raw":{"text":"면접자님께서 그동안 진행했던 프로젝트들 가운데에서 가장 기억에 남는 프로젝트가 있다면 어떤 것인지 그리고 어떤 점에서 기억에 남는지 설명해 주시기 바랍니다","wordCount":20},"emotion":[],"intent":[]},"answer":{"raw":{"text":"저는 사실 처음 이제 이 분야의 일을 시작하는 거기 때문에 프로젝트를 진행한 적이 없습니다. 그래서 딱히 기억나는 게 있다고 말씀드리기는 어렵구요. 진짜 프로젝트라고 말할 수 있는 건 제가 대학 시절에 조별 과제 정보로 제출했던 것 밖에 없긴 한데 그때도 그렇게 썩 기억에 남는 거는 없어서 어 인상깊게 제가 설명 드릴 수 있는 건 없는 거 같습니다.","wordCount":56},"emotion":[{"text":"저는 사실 처음 이제 이 분야의 일을 시작하는 거기 때문에 프로젝트를 진행한 적이 없습니다.","expression":"u-fact","category":"neutral"}],"intent":[{"text":"","expression":"","category":"attitude"}],"summary":{"text":"이 분야의 일을 시작하는 거라서 프로젝트를 진행한 적이 없습니다. 진짜 프로젝트라고 말할 수 있는 건 조별 과제 정보로 제출했던 것 밖에 없어요.","wordCount":22}}},"rawDataInfo":{"question":{"fileFormat":"wav","fileSize":491598,"duration":15360,"samplingBit":16,"channelCount":1,"samplingRate":"16kHz","audioPath":"/Mock/04.RND/Female/New/ckmk_q_rnd_f_n_126039.wav"},"answer":{"fileFormat":"wav","fileSize":1049038,"duration":32780,"samplingBit":16,"channelCount":1,"samplingRate":"16kHz","audioPath":"/Mock/04.RND/Female/New/ckmk_a_rnd_f_n_126039.wav"}}}