{"version":"1.0","dataSet":{"info":{"date":"20230116","occupation":"RND","channel":"MOCK","place":"ONLINE","gender":"FEMALE","ageRange":"45-54","experience":"NEW"},"question":{"raw":{"text":"지원자님께서는 평소에 스트레스를 받으면 어떻게 행동하시나요 그리고 왜 그런 방법으로 스트레스를 해소하는지 어 들어보고 싶습니다","wordCount":15},"emotion":[],"intent":[]},"answer":{"raw":{"text":"저는 스트레스를 받으면 무조건 쉽니다. 어 쉰다 라는 것은 정말 어 생각도 많이 하지 않고 편안하게 있는 상태를 말하는데요. 어 제가 평소에 어 많은 것을 찾고 많은 활동을 하는 편이어서 쉬는 시간이 그렇게 많지 않습니다. 그런데 정말 일을 하거나 어떤 스트레스로 인해서 과부하가 올 때에는 일단 아무 것도 하지 않고 침대에 눕거나 쇼파에 누워서 평소에 보고 싶었던 드라마나 아니면 유튜브를 통해서 제가 좋아하는 역사나 문화와 관련된 어 그런 콘텐츠를 보는 것이 저만의 스트레스 해소법입니다. 그렇게 되면 어 그동안 제가 스트레스를 받았던 어떠한 일이나 아니면 어떤 상황들을 잊게 되고요. 그러므로 인해서 좀 머리가 리플렛이 되거나 아니면은 좀 몸도 회복이 되는 편입니다. 그래서 제가 스트레스를 받았을 때 하는 가장 좋은 거는 무조건 아무 것도 하지 않고 쉬는 것입니다. 어 몇 년 전에 어 씨에프 티비 씨에프에도 그런 것이 있었습니다. 어 정말 지금도 아무 것도 하고 있지 않지만 정말 아주 아무 것도 하고 싶지 않다 라는 말이 있는데요. 스트레스 받을 땐 아무것도 하지 않는 게 가장 좋은 것 같습니다.","wordCount":156},"emotion":[],"intent":[{"text":"","expression":"","category":"attitude"}],"summary":{"text":"스트레스 받으면 무조건 쉽니다. 이는 생각도 많이 하지 않고 편안하게 있는 상태를 말합니다. 과부하가 올 때는 아무 것도 하지 않고 드라마나 유튜브를 통해 좋아하는 콘텐츠를 보는 것이 스트레스 해소법입니다. 스트레스를 받았을 때 하는 가장 좋은 건 아무것도 하지 않는 것입니다.","wordCount":40}}},"rawDataInfo":{"question":{"fileFormat":"wav","fileSize":420878,"duration":13150,"samplingBit":16,"channelCount":1,"samplingRate":"16kHz","audioPath":"/Mock/04.RND/Female/New/ckmk_q_rnd_f_n_149563.wav"},"answer":{"fileFormat":"wav","fileSize":2873678,"duration":89800,"samplingBit":16,"channelCount":1,"samplingRate":"16kHz","audioPath":"/Mock/04.RND/Female/New/ckmk_a_rnd_f_n_149563.wav"}}}