{"version":"1.0","dataSet":{"info":{"date":"20230116","occupation":"RND","channel":"MOCK","place":"ONLINE","gender":"FEMALE","ageRange":"-34","experience":"NEW"},"question":{"raw":{"text":"지원자님께서 일을 하다가 상사에게 어려운 지시를 받게 된다면 어떻게 하실 것 같은지 그 이유와 함께 설명해 주시기 바랍니다","wordCount":18},"emotion":[],"intent":[]},"answer":{"raw":{"text":"우선 상사 분에게 이 어려운 지시를 받게 되었을 때 제가 이 일을 처리하기 조금 어려울 것 같다는 이야기를 먼저 드릴 것 같습니다. 그리고 그 상사분에게 어떻게 일을 처리하면 좋을지 조언을 먼저 들은 후에 어 이런 조언을 바탕으로 문제를 먼저 해결해 보려고 노력을 할 것 같습니다. 그 후에 만약에 문제가 해결 되지 않는다면 어 다시 한 번 더 상사분에게 이 일을 처리하기는 조금 힘들 것 같다 아니면 일을 조금만 줄여 달라는 부탁을 요할 것 같습니다. 절대로 포기하지 않고 무조건 제가 주어진 일을 해결해 해결하되 어 상사분과 다른 기업의 도움을 받을 것 같습니다.","wordCount":91},"emotion":[],"intent":[{"text":"","expression":"","category":"attitude"}],"summary":{"text":"상사분에게 어려운 지시를 받았을 때 어렵다는 이야기를 먼저 하고, 조언을 들은 후 문제를 먼저 해결해 보려고 노력을 할 것 같습니다. 만약 문제가 해결 되지 않는다면 다른 기업의 도움을 받을 수 있습니다.","wordCount":31}}},"rawDataInfo":{"question":{"fileFormat":"wav","fileSize":377678,"duration":11800,"samplingBit":16,"channelCount":1,"samplingRate":"16kHz","audioPath":"/Mock/04.RND/Female/New/ckmk_q_rnd_f_n_269112.wav"},"answer":{"fileFormat":"wav","fileSize":1537358,"duration":48040,"samplingBit":16,"channelCount":1,"samplingRate":"16kHz","audioPath":"/Mock/04.RND/Female/New/ckmk_a_rnd_f_n_269112.wav"}}}