{"version":"1.0","dataSet":{"info":{"date":"20230116","occupation":"RND","channel":"MOCK","place":"ONLINE","gender":"FEMALE","ageRange":"-34","experience":"NEW"},"question":{"raw":{"text":"살면서 가장 힘들었던 점은 무엇인가요 또 그것을 극복하기 위해서 어떤 노력을 해 오셨는지 구체적으로 말씀 부탁드립니다","wordCount":16},"emotion":[],"intent":[]},"answer":{"raw":{"text":"살면서 저를 힘들게 했던 점들은 참 많았던 것 같습니다. 전공을 선택할 때 어떠한 직업을 가져야 될지 이러한 고민을 하면서 정말 많은 어려움을 겪었었는데요. 어 저는 그중에서 가장 힘들었던 점은 제가 고등학생 때 연극부 회장을 맡은 적이 있습니다. 처음 회장을 맡다 보니까 많은 어려움을 겪었고 어 많은 아이들을 통솔하에 이 극을 올린다는 게 참 힘들었는데요. 어 이 아이들을 통제하기 위해서 매일 연구했고 아이들의 특성을 보다 보니 어 이런 경우에는 이렇게 대응을 해주면 되겠구나 라는 노하우를 터득을 했고요. 그러다 보니 아이들을 다루기가 수월해졌고 연극 극을 준비하는 과정이 굉장히 즐거웠었습니다. 어 저는 어 힘들었던 점은 참 많았지만 그 힘들었던 점들이 저를 더 성장시켰고 한발 나아갈 수 있는 원동력이 되었다고 생각됩니다.","wordCount":107},"emotion":[{"text":"그러다 보니 아이들을 다루기가 수월해졌고 연극 극을 준비하는 과정이 굉장히 즐거웠었습니다.","expression":"p-happiness","category":"positive"}],"intent":[{"text":"어 저는 그중에서 가장 힘들었던 점은 제가 고등학생 때 연극부 회장을 맡은 적이 있습니다.","expression":"c_private","category":"background"},{"text":"처음 회장을 맡다 보니까 많은 어려움을 겪었고 어 많은 아이들을 통솔하에 이 극을 올린다는 게 참 힘들었는데요.","expression":"c_private","category":"background"},{"text":"어 이 아이들을 통제하기 위해서 매일 연구했고 아이들의 특성을 보다 보니 어 이런 경우에는 이렇게 대응을 해주면 되겠구나 라는 노하우를 터득을 했고요.","expression":"r_prsv","category":"attitude"}],"summary":{"text":"전공을 선택할 때 가장 힘들었던 점은 제가 고등학생 때 연극부 회장을 맡았을 때 아이들을 통솔하에 극을 올리는 게 참 힘들었던 것입니다. 아이들을 통제하다 보니 노하우를 터득했고 연극 극을 준비하는 과정이 굉장히 즐거웠습니다. 그 힘들었던 점들이 저를 성장시켰고 원동력이 되었습니다.","wordCount":39}}},"rawDataInfo":{"question":{"fileFormat":"wav","fileSize":630478,"duration":19700,"samplingBit":16,"channelCount":1,"samplingRate":"16kHz","audioPath":"/Mock/04.RND/Female/New/ckmk_q_rnd_f_n_266000.wav"},"answer":{"fileFormat":"wav","fileSize":2250958,"duration":70340,"samplingBit":16,"channelCount":1,"samplingRate":"16kHz","audioPath":"/Mock/04.RND/Female/New/ckmk_a_rnd_f_n_266000.wav"}}}