{"version":"1.0","dataSet":{"info":{"date":"20230116","occupation":"RND","channel":"MOCK","place":"ONLINE","gender":"FEMALE","ageRange":"-34","experience":"NEW"},"question":{"raw":{"text":"어 어떤 문제에 부딪쳤을 때 혼자 해결하는 편이신지요 아니면 다른 사람들에게 이야기를 하는 편이신지요 어 본인의 그 해결 방법에 대해서 말씀해 주시기 바랍니다","wordCount":23},"emotion":[],"intent":[]},"answer":{"raw":{"text":"저는 무조건 혼자 해결하는 편입니다. 근데 이게 진짜 혼자서 하는 게 편해서 제가 좀 그렇게 행동하는 거긴 한데 뭔가 다른 사람들에게 도움을 청하거나 좀 조언을 구하는 게 익숙치가 않아서 어 주로 혼자서 좀 해결을 하는 편이고 진짜 해결할 때까지 혼자서 좀 붙잡고 있는 편이긴 해요. 그래서 뭐 예전에 제가 너무 그러고 있으니까 겉에서 이제 곁에서 보던 사람들이 먼저 도와준 적은 있는데 아무래도 제가 어디를 가도 이런 성격인 거를 알기 때문에 알게 되기 때문에 다들 어느 순간부터는 그냥 좀 손을 놓긴 하더라구요. 그래서 그런 저도 사실 그게 편하긴 해서 혼자 해결하려고 하는 편이긴 한데 어떤 제가 생각했을 때 제 스타일이 그런 거일 수도 있는데 자존심인 것 같기도 합니다. 뭔가 남한테 묻고 싶어하지 않고 모른다는 거에 대해서 조금 드러내고 싶어하지 않는 좀 그런 성격이 있는 것 같애요. 그런데 저도 이거를 잘 몰랐다가 점점 나중에 이제 일을 하면서 스스로 좀 깨닫게 된 경우입니다.","wordCount":140},"emotion":[],"intent":[{"text":"","expression":"","category":"attitude"}],"summary":{"text":"저는 다른 사람들에게 도움을 청하거나 조언을 구하는 게 익숙치 않아서 혼자 해결하는 편입니다. 남한테 묻고 싶어하지 않고 모른다는 거에 대해 조금 드러내고 싶어하지 않는 좀 성격이 있는 것 같은데, 이것을 잘 몰랐다가 일을 하면서 스스로 깨닫게 된 경우입니다.","wordCount":38}}},"rawDataInfo":{"question":{"fileFormat":"wav","fileSize":452558,"duration":14140,"samplingBit":16,"channelCount":1,"samplingRate":"16kHz","audioPath":"/Mock/04.RND/Female/New/ckmk_q_rnd_f_n_126289.wav"},"answer":{"fileFormat":"wav","fileSize":2657998,"duration":83060,"samplingBit":16,"channelCount":1,"samplingRate":"16kHz","audioPath":"/Mock/04.RND/Female/New/ckmk_a_rnd_f_n_126289.wav"}}}