{"version":"1.0","dataSet":{"info":{"date":"20230116","occupation":"RND","channel":"MOCK","place":"ONLINE","gender":"FEMALE","ageRange":"-34","experience":"NEW"},"question":{"raw":{"text":"어 만약 지원자님께서 지금 지원하신 이 직무가 아닌 다른 부서에 배치가 되실 수도 있는데요 또 그렇게 된다면 어떻게 하실 건가요 또 그렇다고 하더라도 괜찮으신가요","wordCount":24},"emotion":[],"intent":[]},"answer":{"raw":{"text":"만약 제가 지원한 직무가 아닌 다른 부서에 배치가 된다면 우선 그런 결과가 나오게 된 이유가 무엇인지 알아봐야 할 것 같아요. 만약 이유에 대해서 들어보고 제가 납득할 만한 이유가 있다면 다른 부서에 배치가 되더라도 저는 일을 할 수 있을 것 같습니다. 왜냐하면 모든 회사 내의 업무는 유기적으로 연결되어 있고 그렇다 보면 다른 부서에서의 경험을 쌓게 되는 것이 제가 원래 원했던 직무에서도 많은 도움이 될 수 있다고 생각하기 때문이에요. 그렇기 때문에 저는 이유가 타당하다면 다른 부서에서 우선 일을 하면서 경험을 쌓고 제 역량을 키워가겠습니다.","wordCount":82},"emotion":[],"intent":[{"text":"","expression":"","category":"attitude"}],"summary":{"text":"모든 회사 내의 업무는 유기적으로 연결되어 있고 다른 부서에서의 경험이 원래 원했던 직무에서도 많은 도움이 될 수 있다고 생각하기 때문에 다른 부서에서 우선 일을 하면서 경험을 쌓고 역량을 키워가겠습니다.","wordCount":29}}},"rawDataInfo":{"question":{"fileFormat":"wav","fileSize":480078,"duration":15000,"samplingBit":16,"channelCount":1,"samplingRate":"16kHz","audioPath":"/Mock/04.RND/Female/New/ckmk_q_rnd_f_n_283863.wav"},"answer":{"fileFormat":"wav","fileSize":1753038,"duration":54780,"samplingBit":16,"channelCount":1,"samplingRate":"16kHz","audioPath":"/Mock/04.RND/Female/New/ckmk_a_rnd_f_n_283863.wav"}}}