{"version":"1.0","dataSet":{"info":{"date":"20230116","occupation":"RND","channel":"MOCK","place":"ONLINE","gender":"FEMALE","ageRange":"-34","experience":"NEW"},"question":{"raw":{"text":"흔히 개발을 하면 환경이 파괴된다 라고 말을 하는데 개발과 환경의 바람직한 조화에 대해서 본인의 의견을 말씀해 주세요","wordCount":17},"emotion":[],"intent":[]},"answer":{"raw":{"text":"지금도 많은 사람들이 고민하고 있습니다. 개발과 환경 보존는 양립할 수 있을까 라는 질문에 대한 대답은 아직 정답은 존재하지 않는데요. 저는 이 바람직한 조화란 환경을 최대한 해치지 않는 선에서 이루어지는 개발인 것 같습니다. 어 실제로 뉴욕 센트럴 파크를 보면은 뉴욕 안에 도시 안에 공원이 조성이 되어 있는데요. 어 공원 옆에는 굉장히 길쭉한 빌딩들이 서 있고요. 빌딩들이 서 있지만 그 안에 있는 환경은 보존되어 있습니다. 네 이러한 개발과 환경이 바람직하게 조화되면 사람들의 이동성 편리성 그리고 삶의 질이 굉장히 올라간다고 생각이 되는데요. 그래서 저는 이 바람직한 조화가 이루어지기 위해서는 최대한 욕심을 버리고 저희가 타협할 수 있는 그러한 방안 안에서 개발이 이루어져야 된다고 생각됩니다.","wordCount":100},"emotion":[],"intent":[{"text":"네 이러한 개발과 환경이 바람직하게 조화되면 사람들의 이동성 편리성 그리고 삶의 질이 굉장히 올라간다고 생각이 되는데요.","expression":"c_value","category":"background"},{"text":"그래서 저는 이 바람직한 조화가 이루어지기 위해서는 최대한 욕심을 버리고 저희가 타협할 수 있는 그러한 방안 안에서 개발이 이루어져야 된다고 생각됩니다.","expression":"c_value","category":"background"}],"summary":{"text":"개발과 환경 보존의 양립 가능 여부에 대해서는 정답이 없지만, 저는 바람직한 조화란 환경을 해치지 않는 선에서 이루어지는 개발이라고 생각합니다. 그래서 최대한 욕심을 버리고 타협할 수 있는 방안 안에서 개발이 이루어져야 된다고 생각됩니다.","wordCount":32}}},"rawDataInfo":{"question":{"fileFormat":"wav","fileSize":427598,"duration":13360,"samplingBit":16,"channelCount":1,"samplingRate":"16kHz","audioPath":"/Mock/04.RND/Female/New/ckmk_q_rnd_f_n_266510.wav"},"answer":{"fileFormat":"wav","fileSize":2266318,"duration":70820,"samplingBit":16,"channelCount":1,"samplingRate":"16kHz","audioPath":"/Mock/04.RND/Female/New/ckmk_a_rnd_f_n_266510.wav"}}}