{"version":"1.0","dataSet":{"info":{"date":"20230116","occupation":"RND","channel":"MOCK","place":"ONLINE","gender":"FEMALE","ageRange":"-34","experience":"NEW"},"question":{"raw":{"text":"지원자분께서는 학교와 기업 두 곳 모두에서 연구를 해 보셨나요 만약 해 보셨다면 학교에서의 연구와 기업에서의 연구는 어떻게 다르다고 생각하는지 말씀해 주실 수 있으신가요","wordCount":23},"emotion":[],"intent":[]},"answer":{"raw":{"text":"학교에서의 연구와 기업에서의 연구는 가장 우선적으로 금전적인 부분이 가장 크다고 생각합니다. 학교에서 연구는 대부분 정부 과제이기 때문에 정보 제출용으로 굉장히 그 내역이 세세하게 집행이 되어야 하지만 기업 같은 경우에는 기업 자본으로 진행이 되기 때문에 정부만큼 그 지출 내역이 세세하지 않아도 되고요. 학교에서 하는 거는 공공 기관의 연구로서 공공 기관에 제출할 수 있는 그런 용도 저희 사람들에게 익히 사용될 수 있는 그런 연구가 진행되는 반면에 기업에서는 오직 기업의 이익만을 위해서 진행하는 연구이기 때문에 기업의 그런 목적에 조금 초점이 맞춰진 연구가 진행된다고 생각합니다. 따라서 저는 학교 연구와 기업 연구 모두 연구의 목적을 가지고 있지만 그 방향성이 조금 다르다고 생각합니다.","wordCount":97},"emotion":[],"intent":[{"text":"","expression":"","category":"attitude"}],"summary":{"text":"학교 연구와 기업 연구의 차이는 금전적인 부분입니다. 학교 연구는 정부 과제이기 때문에 정보 제출용으로 세세하게 집행되어야 하지만 기업 연구는 기업 자본으로 진행되어 지출 내역이 세세하지 않아도 됩니다. 두 연구 모두 연구의 목적이 있지만 방향성이 조금 다르다고 생각합니다.","wordCount":37}}},"rawDataInfo":{"question":{"fileFormat":"wav","fileSize":512078,"duration":16000,"samplingBit":16,"channelCount":1,"samplingRate":"16kHz","audioPath":"/Mock/04.RND/Female/New/ckmk_q_rnd_f_n_266956.wav"},"answer":{"fileFormat":"wav","fileSize":2073998,"duration":64810,"samplingBit":16,"channelCount":1,"samplingRate":"16kHz","audioPath":"/Mock/04.RND/Female/New/ckmk_a_rnd_f_n_266956.wav"}}}