{
    "version": "1.0",
    "dataSet": {
        "info": {
            "date": "20230116",
            "occupation": "RND",
            "channel": "MOCK",
            "place": "ONLINE",
            "gender": "FEMALE",
            "ageRange": "35-44",
            "experience": "NEW"
        },
        "question": {
            "raw": {
                "text": "지원자님은 몇 년 전 우버택시와 관한 논란이 있었던 걸 알고 계실 겁니다 지원자께서는 찬성 반대 양론에 대해 각각 어떻게 생각하시나요",
                "wordCount": 20
            },
            "emotion": [],
            "intent": []
        },
        "answer": {
            "raw": {
                "text": "몇 년 전 우버 서비스가 국내에 등장으로 인해 찬반 논란이 된 적이 있었습니다. 우선 찬성적 의견으로는 우버는 출퇴근 등 혼잡 시간대 택시 부족 현상에 관한 가장 합리적인 방법이라는 점입니다. 특히 편의성과 친절함에 대한 구체적인 방법론을 제시하는 우버가 각광받는 것은 이제 기존 택시 업계가 스스로 불러온 측면이 또 있습니다. 또한 맞춤형 분명히 법령이 없다는 이유로 불법화하여 새로운 서비스를 무조건적으로 불법으로 비각하는 것은 좀 곤란하다고 생각합니다. 특히 자가용 승용차의 효율 효율이 높은 우리나라에서는 우버 서비스가 아주 적합한 공유 경제의 실현 방안으로 자리 잡을 수 있기 때문입니다. 반대 의견으로는 이미 택시는 공급 과잉 상태이며 우버 택시로 인해 이런 문제는 더욱더 심각해질 것이라는 의견입니다. 택시 관련 종사자들에게는 이는 그대로 피해로 돌아올 것이며 특히 새로운 부가 가치를 창출하는 행위가 아닌 기존 수요를 잠식시키는 방식의 서비스는 공유 경제의 창출이나 혁신 서비스가 아닌 다속한 단순한 잠식이 될 수도 있습니다. 대한민국의 법을 준수한 정식 사업자가 아닌 이상 사고 시의 책임이 불분명하다는 단점이 있습니다. 개인이 앱을 통해서 일반 회사의 정보를 제공하여 운영하는 방식 또한 유출 가능성이 매우 높아 보입니다. 특히 이용자로부터 어떠한 민원이나 불만도 접수하지 않는다면 어 이런 아 예 역시 접수하지 않는다고 명시한 우버 측의 공신은 우버가 가지는 불 안전성을 수 내 미치는 꼴이 아닌가 싶습니다.",
                "wordCount": 187
            },
            "emotion": [],
            "intent": [
                {
                    "text": "",
                    "expression": "",
                    "category": "attitude"
                }
            ],
            "summary": {
                "text": "몇 년 전 우버 서비스가 국내에 등장하여 찬반 논란이 되었습니다. 찬성적 의견으로는 혼잡 시간대 택시 부족 현상에 관한 가장 합리적인 방법이라는 점입니다. 반대 의견으로는 이미 택시는 공급 과잉 상태이며 우버 택시로 인해 문제는 더욱 더 심각해질 것이라는 의견입니다. 대한민국의 법을 준수한 정식 사업자가 아닌 이상 사고 시의 책임이 불분명하다는 단점이 있습니다.",
                "wordCount": 51
            }
        }
    },
    "rawDataInfo": {
        "question": {
            "fileFormat": "wav",
            "fileSize": 617678,
            "duration": 19300,
            "samplingBit": 16,
            "channelCount": 1,
            "samplingRate": "16kHz",
            "audioPath": "/Mock/04.RND/Female/New/ckmk_q_rnd_f_n_246282.wav"
        },
        "answer": {
            "fileFormat": "wav",
            "fileSize": 3235918,
            "duration": 101120,
            "samplingBit": 16,
            "channelCount": 1,
            "samplingRate": "16kHz",
            "audioPath": "/Mock/04.RND/Female/New/ckmk_a_rnd_f_n_246282.wav"
        }
    }
}