{"version":"1.0","dataSet":{"info":{"date":"20230116","occupation":"RND","channel":"MOCK","place":"ONLINE","gender":"FEMALE","ageRange":"-34","experience":"NEW"},"question":{"raw":{"text":"본인이 그동안 인생에서 겪었던 갈등들 중 가장 심각했던 갈등은 무엇인지 한 가지만 골라 말씀해 주세요","wordCount":15},"emotion":[],"intent":[]},"answer":{"raw":{"text":"저는 그동안 인생에서 많은 갈등을 겪었는데요. 최근 제가 겪었던 갈등을 하나 말씀드리자면 아침 아홉 시 수업에 참여를 할까 말까 하는 갈등이었습니다. 저는 지금 학교까지 두 시간이 넘는 거리를 통학하고 있는데요. 그러다 보니 하 침 아홉 시 수업을 가기 위해서는 아침 다섯 시 반에는 기상을 해야 됩니다. 최근 날씨가 많이 추워지면서 이러한 갈등이 더 심화되었습니다. 다섯 시 반 해가 뜨지 않는 시각에 과연 지금 일어나 학교를 가게 되면 내가 얻는 것은 무엇일까 라는 갈등과 학교를 가야지 학점을 얻을 수 있는 있다는 갈등이 항상 충돌하곤 하는데요. 어 지금 저는 이 학점을 위해서라도 이러한 갈등을 고민을 하다가 항상 학교에 가는 방향을 결정하곤 합니다.","wordCount":100},"emotion":[],"intent":[{"text":"","expression":"","category":"attitude"}],"summary":{"text":"통학하며 아침 다섯 시 반에 기상해야 하는 아침 아홉 시 수업 참여에 대한 갈등과, 학교에 가야 학점을 얻을 수 있다는 갈등 때문에 항상 학교에 가는 방향을 정하곤 합니다.","wordCount":28}}},"rawDataInfo":{"question":{"fileFormat":"wav","fileSize":360398,"duration":11260,"samplingBit":16,"channelCount":1,"samplingRate":"16kHz","audioPath":"/Mock/04.RND/Female/New/ckmk_q_rnd_f_n_265993.wav"},"answer":{"fileFormat":"wav","fileSize":2017038,"duration":63030,"samplingBit":16,"channelCount":1,"samplingRate":"16kHz","audioPath":"/Mock/04.RND/Female/New/ckmk_a_rnd_f_n_265993.wav"}}}