{"version":"1.0","dataSet":{"info":{"date":"20230116","occupation":"RND","channel":"MOCK","place":"ONLINE","gender":"FEMALE","ageRange":"-34","experience":"NEW"},"question":{"raw":{"text":"시간에 촉박한 상황이 생긴다고 하면 본인은 어떻게 시간 관리를 하시나요 본인만의 시간 관리법을 소개해 주세요","wordCount":15},"emotion":[],"intent":[]},"answer":{"raw":{"text":"저는 시간이 촉박한 상황이 생기면 주로 스케줄러와 체크리스트 메모지를 사용하는 편입니다. 요즘 대부분 시간 관리를 할 때 어플이나 프로그램을 많이 사용하는데요. 저는 오히려 이렇게 전자 프로그램을 쓰면 주위에 보이는 업무나 메시지 알림과 같이 기타 커뮤니케이션 어플들 때문에 신경이 쓰여서 아무래도 객관적이고 냉정하게 스케줄 관리가 잘 안 된다고 생각했습니다. 그래서 직접 종이에 쓰면서 머릿속으로 생각해 둔 하루에 우선 순위를 정하고 꼭 해야만 하는 것들을 체크리스트로 작성을 해서 구분을 하는 편이고 또 정확한 휴식 시간과 업무 시간을 정해두는 편입니다. 이렇게 전략적으로 시간을 나누어서 정리를 하게 되면 한눈에 알아보기도 쉽고 스트레스도 줄이게 되고 결과적으로 업무 효율에 좋은 영향을 끼치게 되었다고 봅니다.","wordCount":98},"emotion":[],"intent":[{"text":"","expression":"","category":"attitude"}],"summary":{"text":"시간 관리를 할 때 주로 스케줄러와 체크리스트 메모지를 사용하는데, 전자 프로그램을 쓰면 주변 커뮤니케이션 어플들 때문에 신경이 쓰여서 객관적이고 냉정하게 스케줄 관리가 잘 안 된다고 생각했습니다. 전략적으로 시간을 나누어서 정리를 하게 되면 업무 효율이 좋아집니다.","wordCount":35}}},"rawDataInfo":{"question":{"fileFormat":"wav","fileSize":366798,"duration":11460,"samplingBit":16,"channelCount":1,"samplingRate":"16kHz","audioPath":"/Mock/04.RND/Female/New/ckmk_q_rnd_f_n_261112.wav"},"answer":{"fileFormat":"wav","fileSize":2112078,"duration":66000,"samplingBit":16,"channelCount":1,"samplingRate":"16kHz","audioPath":"/Mock/04.RND/Female/New/ckmk_a_rnd_f_n_261112.wav"}}}