{"version":"1.0","dataSet":{"info":{"date":"20230116","occupation":"RND","channel":"MOCK","place":"ONLINE","gender":"FEMALE","ageRange":"-34","experience":"NEW"},"question":{"raw":{"text":"지원자님께서 직장을 선택하실 때 가장 중요하게 생각하는 세 가지가 있으시다면 각각 무엇인지에 대해서 말씀해 주세요","wordCount":15},"emotion":[],"intent":[]},"answer":{"raw":{"text":"저는 우선 네 그 기업 평가 관련 앱과 사이트를 모조리 뒤집니다. 제가 가고 싶어하는 후보에 회사들 그래서 그 평점과 리뷰들에 대해서 참고하는 부분이 한 이 삼십 퍼센트 정도는 되는 것 같아요. 적지 않습니다. 그래서 되게 계속 체크를 하고 제가 지원하려고 하는 회사의 흐름이 내부적으로 내부자들이 보기에는 어떤지 아 복지는 어떤지 이런 것들을 조금 보는 편이고요. 그리고 그 회사에 어 계획 방향이라고 해야 될까요 그런 게 이제 또 맞아야 되는 부분이 있어야 되기 때문에 그거를 조금 수시로 체크를 하는 편이고 제가 아무래도 또 저의 주변 지인들도 있겠지만 제가 아는 개인적인 그런 루트들도 있기 때문에 그리고 뭐 일 순위는 말할 필요 없이 급여고요. 페이 그게 가장 중요한 부분이기 때문에 고런 부분으로 좀 체크를 하면서 네 이직 방향을 보는 것 같습니다.","wordCount":118},"emotion":[],"intent":[{"text":"","expression":"","category":"attitude"}],"summary":{"text":"저는 기업 평가 관련 앱과 사이트를 모두 뒤집니다. 그리고 제가 지원하려는 회사의 흐름이 내부자들의 시각과 복지에 대해 조금 보는 편입니다. 그리고 급여와 페이에 대해 체크하면서 이직 방향을 보는 것 같습니다.","wordCount":30}}},"rawDataInfo":{"question":{"fileFormat":"wav","fileSize":525838,"duration":16430,"samplingBit":16,"channelCount":1,"samplingRate":"16kHz","audioPath":"/Mock/04.RND/Female/New/ckmk_q_rnd_f_n_158839.wav"},"answer":{"fileFormat":"wav","fileSize":2791118,"duration":87220,"samplingBit":16,"channelCount":1,"samplingRate":"16kHz","audioPath":"/Mock/04.RND/Female/New/ckmk_a_rnd_f_n_158839.wav"}}}