{"version":"1.0","dataSet":{"info":{"date":"20230116","occupation":"RND","channel":"MOCK","place":"ONLINE","gender":"FEMALE","ageRange":"-34","experience":"NEW"},"question":{"raw":{"text":"지금까지 살아오시면서 새로운 환경에서 전혀 몰랐던 일을 직접 맡아서 해 보신 경험이 있나요 있다면 구체적으로 설명해 주세요","wordCount":17},"emotion":[],"intent":[]},"answer":{"raw":{"text":"저는 지금까지 정말 다양한 경험을 한 적이 있는데요. 어 한번은 외국에서 제가 어떠한 팀 프로젝트를 진행한 적이 있습니다. 당시에 외국이기 때문에 언어가 원활히 소통이 어려웠지만 제가 팀장을 맡게 되는 굉장히 막중한 업무를 수행한 적이 있는데요. 또 해당 업무 분야가 저랑은 전혀 관계없는 예술 분야였기 때문에 더욱더 어려움이 있었던 것 같습니다. 어 그 당시에 저는 팀장으로서 업무를 수행하고 예술을 이해하기 위해서 각종 책을 읽었고 또 미숙하지만 다른 언어로서 팀원들과 소통을 하면서 해당 프로젝트를 원활히 수행하기 위해 많은 노력을 기울였습니다. 팀원들과 밤낮에 가며 해당 프로젝트에 대해 고민을 한 덕분에 저희 팀은 좋은 성과를 낼 수 있었고 그 성과 때문에 다른 회사에 재직을 하거나 다른 나라에 또 가서 일을 하게 되는 경험으로 이어졌기 때문에 해당 경험이 저에게는 굉장히 소중한 경험입니다.","wordCount":117},"emotion":[],"intent":[{"text":"","expression":"","category":"attitude"}],"summary":{"text":"저는 외국에서 팀 프로젝트를 진행한 적이 있습니다. 언어가 원활히 소통이 어려웠지만 팀원들과 소통을 하면서 좋은 성과를 낼 수 있었고 그 성과로 다른 회사에 재직하거나 다른 나라에 또 가서 일을 하게 되는 경험으로 이어졌기 때문에 저에게는 굉장히 소중한 경험입니다.","wordCount":38}}},"rawDataInfo":{"question":{"fileFormat":"wav","fileSize":581838,"duration":18180,"samplingBit":16,"channelCount":1,"samplingRate":"16kHz","audioPath":"/Mock/04.RND/Female/New/ckmk_q_rnd_f_n_266200.wav"},"answer":{"fileFormat":"wav","fileSize":2418638,"duration":75580,"samplingBit":16,"channelCount":1,"samplingRate":"16kHz","audioPath":"/Mock/04.RND/Female/New/ckmk_a_rnd_f_n_266200.wav"}}}