{"version":"1.0","dataSet":{"info":{"date":"20230116","occupation":"RND","channel":"MOCK","place":"ONLINE","gender":"FEMALE","ageRange":"-34","experience":"NEW"},"question":{"raw":{"text":"지원자분께서 대학에서 배우셨던 지원자분의 전공 과목들 가운데에서 가장 기억에 남는 과목이 한 가지 있다면 그것을 골라서 저희에게 이야기해 주신다면 좋을 것 같습니다","wordCount":22},"emotion":[],"intent":[]},"answer":{"raw":{"text":"제가 배웠던 과목 중에서 가장 기억에 남는 전공 과목은 신재생 농업 에너지입니다. 왜냐하면 신재생 농업 에너지는 앞으로 많은 분야에서 쓰여질 가능성이 많습니다. 그래서 이거와 관련해서 많은 교육을 받았고 많은 지식을 얻을 수 있어서 좋았습니다. 신재생 에너지는 그리고 신재생 에너지가 농업에서 활용되는 것은 매우 중요하다 라고 생각합니다. 지역 혁신 플랫폼에서도 많이 사용될 수 있고 인력 양성과 에너지 특화 기업 육성 에너지 효율화 기술 개발 등 이러한 목표에 맞는 관 전공 과목이기 때문에 많은 곳에서 쓰일 수 있다 라고 생각합니다. 그래서 저는 이런 알앤디 기술 개발과 함께 다양하게 사용할 수 있는 신재생 농업 에너지 관련된 전공 과목을 들었을 때 가장 기억에 남았습니다. 그리고 앞으로도 다른 프로그램과 함께 다른 대학들과 같이 프로젝트를 진행했던 적이 많았어서 그것 또한 기억에 남는 일 중의 하나 였습니다. 앞으로는 더 많은 신재생 농업 에너지에 대해서 공부하고 활용해 보고 싶습니다.","wordCount":131},"emotion":[],"intent":[{"text":"그래서 저는 이런 알앤디 기술 개발과 함께 다양하게 사용할 수 있는 신재생 농업 에너지 관련된 전공 과목을 들었을 때 가장 기억에 남았습니다.","expression":"r_prof","category":"attitude"},{"text":"앞으로는 더 많은 신재생 농업 에너지에 대해서 공부하고 활용해 보고 싶습니다.","expression":"r_info_col","category":"attitude"}],"summary":{"text":"신재생 농업 에너지는 앞으로 많은 분야에서 쓰일 가능성이 많은데, 이 에너지를 농업에서 활용하는 것은 매우 중요하기 때문에 관련 교육을 받고 많은 지식을 얻을 수 있어 좋았습니다. 그리고 다른 대학들과 같이 프로젝트를 진행하는 것이 기억에 남습니다.","wordCount":35}}},"rawDataInfo":{"question":{"fileFormat":"wav","fileSize":562318,"duration":17570,"samplingBit":16,"channelCount":1,"samplingRate":"16kHz","audioPath":"/Mock/04.RND/Female/New/ckmk_q_rnd_f_n_282325.wav"},"answer":{"fileFormat":"wav","fileSize":2769998,"duration":86560,"samplingBit":16,"channelCount":1,"samplingRate":"16kHz","audioPath":"/Mock/04.RND/Female/New/ckmk_a_rnd_f_n_282325.wav"}}}