{"version":"1.0","dataSet":{"info":{"date":"20230116","occupation":"RND","channel":"MOCK","place":"ONLINE","gender":"FEMALE","ageRange":"-34","experience":"NEW"},"question":{"raw":{"text":"본인의 성격상 장점 그리고 단점에 대해 각각 말씀을 해 주시고 구체적인 예시를 들어서 그 성격을 설명해 주시기 바랍니다","wordCount":18},"emotion":[],"intent":[]},"answer":{"raw":{"text":"저는 다양한 분야의 생활과 문화를 경험하고 도전해 보는 것을 좋아합니다. 어렸을 적부터 전국의 다른 지방이나 혹은 아예 한국을 넘어서 여러 대륙의 나라에서 아주 긴 생활 동안 일상 생활을 보내 본 적이 있습니다. 이미 익숙한 환경에 안주하고 살아가기보다는 다채로운 경험을 하는 것을 좋아합니다. 남보다 먼저 경험을 해보고 그것을 하고자 하려는 사람들에게 조언을 주고 이끌어주기 위해서 도움을 주는 것을 좋아합니다. 저는 이러한 점이 저만을 가지고 있는 차별점으로 장점이라고 생각합니다. 제 이 장점은 분명 회사가 성장하는 데 좋은 영향을 줄 것입니다. 자료가 부족하거나 생각되는 이미지가 확실치 않아 주장하는 분야를 먼저 나서서 경험해 볼 수 있을 것입니다. 다만 이제 단점이 실패를 두려워 하는 것입니다. 아무래도 많은 곳에서 살아가 보면서 경험을 쌓았다 보니 실패를 두려워 하게 되었는데요. 하지만 제게 든든한 회사 동료분들의 지원과 조언이 있다면 저는 이 실패를 두려워 하는 것도 분명히 극복할 수 있을 것입니다.","wordCount":131},"emotion":[{"text":"저는 다양한 분야의 생활과 문화를 경험하고 도전해 보는 것을 좋아합니다.","expression":"p-interest","category":"positive"},{"text":"남보다 먼저 경험을 해보고 그것을 하고자 하려는 사람들에게 조언을 주고 이끌어주기 위해서 도움을 주는 것을 좋아합니다.","expression":"p-interest","category":"positive"},{"text":"아무래도 많은 곳에서 살아가 보면서 경험을 쌓았다 보니 실패를 두려워 하게 되었는데요.","expression":"n-anxiety","category":"negative"}],"intent":[{"text":"어렸을 적부터 전국의 다른 지방이나 혹은 아예 한국을 넘어서 여러 대륙의 나라에서 아주 긴 생활 동안 일상 생활을 보내 본 적이 있습니다.","expression":"c_private","category":"background"}],"summary":{"text":"저는 다양한 분야의 생활과 문화를 경험하고 도전하는 것을 좋아합니다. 남보다 먼저 경험을 해보고 조언을 주려는 것이 저만의 차별점입니다. 이것은 회사 성장에 도움이 될 것이며, 단점이라 생각하는 것은 실패를 두려워 하는 것입니다. 하지만 회사 동료분들의 지원과 조언이 있다면 극복이 가능할 것입니다.","wordCount":40}}},"rawDataInfo":{"question":{"fileFormat":"wav","fileSize":364878,"duration":11400,"samplingBit":16,"channelCount":1,"samplingRate":"16kHz","audioPath":"/Mock/04.RND/Female/New/ckmk_q_rnd_f_n_284338.wav"},"answer":{"fileFormat":"wav","fileSize":2387918,"duration":74620,"samplingBit":16,"channelCount":1,"samplingRate":"16kHz","audioPath":"/Mock/04.RND/Female/New/ckmk_a_rnd_f_n_284338.wav"}}}