{"version":"1.0","dataSet":{"info":{"date":"20230116","occupation":"RND","channel":"MOCK","place":"ONLINE","gender":"FEMALE","ageRange":"-34","experience":"NEW"},"question":{"raw":{"text":"지원자님께서는 평소에 검색을 주로 하시나요 어 어떤 검색을 하시는지 궁금하고 또 그 검색을 왜 하시는지 이유도 설명해 주시면 감사하겠습니다","wordCount":19},"emotion":[],"intent":[]},"answer":{"raw":{"text":"저는 평소에 여러 가지 플랫폼을 이용해서 직접 검색을 해보는 것을 굉장히 중요하게 생각합니다. 왜냐하면 어 저 같은 경우에는 인터넷 쇼핑을 굉장히 즐겨하는데요. 이런 인터넷 쇼핑을 이제 소비자의 입장에서 구매를 할 때는 제 자원이 한정되어 있기 때문에 이 한정된 자원 내에서 어 좀 저렴하게 혹시 물품을 구입할 수 있지 않을까 이런 부분을 중요하게 생각하기 때문에 가격 비교를 하기 위해서 여러 가지 플랫폼들을 이용하는 편입니다. 물론 어 뭐 여러 네이버나 혹은 구글을 통해서도 쇼핑 가격 비교가 가능하지만 저 같은 경우에는 그곳에 나와 있지 않은 다른 플랫폼들도 있기 때문에 여러 최대한 여러 가지 플랫폼들을 이용해서 직접 검색을 해보고 또 회원 가입을 해서 쿠폰 적용을 한다던지 이런 부분들을 굉장히 조금 유의해서 어 직접 활용하고 있습니다. 그렇지만 시간이 없을 때에는 어 당일 배송이 될 수 있는 그런 플랫폼을 찾아서 직접 검색을 하는 편입니다.","wordCount":128},"emotion":[],"intent":[{"text":"","expression":"","category":"attitude"}],"summary":{"text":"인터넷 쇼핑을 즐겨하는 저 같은 경우에는 한정된 자원 내에서 좀 저렴하게 물품을 구입할 수 있을까 이런 부분을 중요하게 생각하기 때문에 가격 비교를 위해 여러 가지 플랫폼들을 이용해 직접 검색을 해보고 또 회원 가입을 해서 쿠폰 적용을 한다던지 이런 부분들을 굉장히 유의해서 직접 활용하고 있습니다.","wordCount":44}}},"rawDataInfo":{"question":{"fileFormat":"wav","fileSize":459598,"duration":14360,"samplingBit":16,"channelCount":1,"samplingRate":"16kHz","audioPath":"/Mock/04.RND/Female/New/ckmk_q_rnd_f_n_171021.wav"},"answer":{"fileFormat":"wav","fileSize":2619598,"duration":81860,"samplingBit":16,"channelCount":1,"samplingRate":"16kHz","audioPath":"/Mock/04.RND/Female/New/ckmk_a_rnd_f_n_171021.wav"}}}