{"version":"1.0","dataSet":{"info":{"date":"20230116","occupation":"RND","channel":"MOCK","place":"ONLINE","gender":"FEMALE","ageRange":"-34","experience":"NEW"},"question":{"raw":{"text":"본인이 생각하는 자신의 단점과 장점이 아니라 지원자님의 다른 주변 사람들이 생각하는 지원자님의 단점과 장점이 있다면 이 자리에서 모두 말씀해 주시기 바랍니다","wordCount":21},"emotion":[],"intent":[]},"answer":{"raw":{"text":"주변 사람들은 저에게 항상 넌 참 에너지가 넘친다 활력이 넘친다 라고 말씀을 하십니다. 그만큼 저는 굉장히 활력이 넘치고 에너지가 넘치는 사람인데요. 그러다 보니 항상 모든 일에 있어서 솔선수범하고 어 남들이 힘들어 하는 일을 대신해서 막고 또 모든 행사 그리고 모든 모임에 앞장서는 편인데요. 그러다보니 가끔 이제 사람들이 저에 대해서 안 좋게 평가하는 경우가 있습니다. 어 재는 흔히 너무 나댄다 라고 하죠. 모든 일이 나서다 보니까 오지랖이 넓다 라고 말씀을 해주시는데요. 하지만 저는 이 또한 단점이라고 생각하지 않습니다. 제가 이렇게 오지랖을 부림으로써 많은 분들을 만날 수 있고 많은 분들과 교감을 함으로써 그분들의 어려움을 해결해 줄 수 있기 때문에 저는 이 또한 장점이라고 생각을 하고 있습니다.","wordCount":104},"emotion":[],"intent":[{"text":"그만큼 저는 굉장히 활력이 넘치고 에너지가 넘치는 사람인데요.","expression":"c_person","category":"background"}],"summary":{"text":"저는 활력이 넘치고 에너지가 넘치는 사람입니다. 그래서 제가 모든 일에 솔선수범하고 행사와 모임에 앞장서는 편인데, 사람들이 저에 대해 안 좋게 평가하는 경우가 있습니다. 하지만 저로 인해 많은 분들을 만날 수 있고 교감을 함으로써 어려움을 해결해 줄 수 있다고 생각합니다.","wordCount":39}}},"rawDataInfo":{"question":{"fileFormat":"wav","fileSize":608078,"duration":19000,"samplingBit":16,"channelCount":1,"samplingRate":"16kHz","audioPath":"/Mock/04.RND/Female/New/ckmk_q_rnd_f_n_290171.wav"},"answer":{"fileFormat":"wav","fileSize":2090958,"duration":65340,"samplingBit":16,"channelCount":1,"samplingRate":"16kHz","audioPath":"/Mock/04.RND/Female/New/ckmk_a_rnd_f_n_290171.wav"}}}