{"version":"1.0","dataSet":{"info":{"date":"20230116","occupation":"RND","channel":"MOCK","place":"ONLINE","gender":"FEMALE","ageRange":"-34","experience":"NEW"},"question":{"raw":{"text":"일을 하던 도 중 난관에 봉착한다면 어떻게 해결하실 건가요 본인만의 해결법과 그렇게 해결하시는 이유에 대해서 설명해 주세요","wordCount":17},"emotion":[],"intent":[]},"answer":{"raw":{"text":"직무에는 정해진 정답이 없는 것 같습니다. 그러다 보니 정답이 없다 보니 난관에 봉착하는 경우가 종종 있는데요. 저는 난관에 봉착했다면 먼저 상사에게 해결법에 대한 힌트를 요청할 것 같습니다. 만약 상사가 그 힌트를 주지 못하고 마땅한 해결책을 찾지 못한다면 먼저 검색 엔진을 통해서 다른 해결책들을 찾아볼 것 같구요. 논문을 통해서 정보를 얻고 검색 엔진에서 다양한 정보를 얻어서 이러한 정보들을 조합해서 해결할 수 있는 방안에는 무엇이 있을까 라는 고민을 우선 해볼 생각이고요. 또 만약 이로서도 불가능하다 라고 한다면 어 직무 수행에 있어서 어려움을 겪는다는 것을 상사에게 말씀드리고 다른 해결 방안이나 아니면 이 직무를 다른 분께 넘겨줄 수 있는지 요청을 드릴 것 같습니다.","wordCount":99},"emotion":[],"intent":[{"text":"저는 난관에 봉착했다면 먼저 상사에게 해결법에 대한 힌트를 요청할 것 같습니다.","expression":"c_adp","category":"personality"},{"text":"만약 상사가 그 힌트를 주지 못하고 마땅한 해결책을 찾지 못한다면 먼저 검색 엔진을 통해서 다른 해결책들을 찾아볼 것 같구요.","expression":"c_adp","category":"personality"},{"text":"논문을 통해서 정보를 얻고 검색 엔진에서 다양한 정보를 얻어서 이러한 정보들을 조합해서 해결할 수 있는 방안에는 무엇이 있을까 라는 고민을 우선 해볼 생각이고요.","expression":"c_adp","category":"personality"},{"text":"라고 한다면 어 직무 수행에 있어서 어려움을 겪는다는 것을 상사에게 말씀드리고 다른 해결 방안이나 아니면 이 직무를 다른 분께 넘겨줄 수 있는지 요청을 드릴 것 같습니다.","expression":"c_adp","category":"personality"}],"summary":{"text":"직무에는 정해진 정답이 없어 난관에 봉착하는 경우가 종종 있는데, 정답이 없다 보면 먼저 상사에게 해결법에 대한 힌트를 요청해야 합니다. 그렇지 못할 경우에는 다른 해결 방안이나 직무를 다른 분과 넘겨줄 수 있는지 요청을 해야 합니다.","wordCount":34}}},"rawDataInfo":{"question":{"fileFormat":"wav","fileSize":367438,"duration":11480,"samplingBit":16,"channelCount":1,"samplingRate":"16kHz","audioPath":"/Mock/04.RND/Female/New/ckmk_q_rnd_f_n_266001.wav"},"answer":{"fileFormat":"wav","fileSize":2028238,"duration":63380,"samplingBit":16,"channelCount":1,"samplingRate":"16kHz","audioPath":"/Mock/04.RND/Female/New/ckmk_a_rnd_f_n_266001.wav"}}}