{"version":"1.0","dataSet":{"info":{"date":"20230116","occupation":"RND","channel":"MOCK","place":"ONLINE","gender":"FEMALE","ageRange":"-34","experience":"NEW"},"question":{"raw":{"text":"왜 이 분야에 관심을 가지게 되었고 입사 지원을 하게 되셨는지 궁금합니다 지원장님이 관심을 갖게 된 계기와 지원 동기를 말씀해 주세요","wordCount":20},"emotion":[],"intent":[]},"answer":{"raw":{"text":"제가 이 건설업 쪽에 관심을 가지게 된 이유는 바로 저는 예쁜 공간에 가는 것을 좋아하기 때문입니다. 그런 아름다운 공간에서 공간이 주는 그런 심리적인 쉼의 경험이라든가 아니면 그 거기서 느끼는 거기서 받을 수 있는 그런 영감들이 저를 지금까지 살아오게 한 그런 동력이라고 할 수 있겠습니다. 그래서 저는 아름다운 공간을 제 스스로 음 만들어보게 보고 싶다는 그런 생각까지 하게 되었습니다. 음 그런 공간을 만들기 위해서 여러 가지로 노력을 해 보았는데요. 그 노력 중에 이제 캐드 자격증을 취득하는 과정에서 제가 생각하는 그런 공간을 설계도로 표현을 하고 또 그 설계도를 통해 쓰리디로 또 구현을 하는 그런 작업들이 정말 즐거웠고 또 앞으로 이 직업을 통해서 라면 제가 보람을 얻고 살 수 있을 것 같아서 이 분야에 관심을 가지게 되었고 또 이 회사에서 일하고 싶다는 생각이 들어서 지원을 하게 되었습니다.","wordCount":124},"emotion":[],"intent":[{"text":"제가 이 건설업 쪽에 관심을 가지게 된 이유는 바로 저는 예쁜 공간에 가는 것을 좋아하기 때문입니다.","expression":"c_sincere_job","category":"etc"},{"text":"그 노력 중에 이제 캐드 자격증을 취득하는 과정에서 제가 생각하는 그런 공간을 설계도로 표현을 하고 또 그 설계도를 통해 쓰리디로 또 구현을 하는 그런 작업들이 정말 즐거웠고 또 앞으로 이 직업을 통해서 라면 제가 보람을 얻고 살 수 있을 것 같아서 이 분야에 관심을 가지게 되었고 또 이 회사에서 일하고 싶다는 생각이 들어서 지원을 하게 되었습니다.","expression":"c_sincere_job","category":"etc"}],"summary":{"text":"건설업에 관심을 가지게 된 이유는 예쁜 공간에 가는 것을 좋아하기 때문입니다. 캐드 자격증을 취득하는 과정에서 공간을 설계도로 표현하고 쓰리디로 구현하는 작업들이 즐거웠고 이 직업을 통해서 보람을 얻고 살 수 있을 것 같아 지원을 하게 되었습니다.","wordCount":35}}},"rawDataInfo":{"question":{"fileFormat":"wav","fileSize":621518,"duration":19420,"samplingBit":16,"channelCount":1,"samplingRate":"16kHz","audioPath":"/Mock/04.RND/Female/New/ckmk_q_rnd_f_n_282941.wav"},"answer":{"fileFormat":"wav","fileSize":2687118,"duration":83970,"samplingBit":16,"channelCount":1,"samplingRate":"16kHz","audioPath":"/Mock/04.RND/Female/New/ckmk_a_rnd_f_n_282941.wav"}}}