{"version":"1.0","dataSet":{"info":{"date":"20230116","occupation":"RND","channel":"MOCK","place":"ONLINE","gender":"FEMALE","ageRange":"-34","experience":"NEW"},"question":{"raw":{"text":"업무를 하던 도중 분쟁이 발생할 때를 대비해서 본인만의 대처법이 있다면 그것이 무엇인지 궁금합니다","wordCount":13},"emotion":[],"intent":[]},"answer":{"raw":{"text":"업무 시 분쟁이 발생했을 때 저는 가만히 있습니다. 제가 큰소리를 내거나 상대방의 의견에 반박을 하는 경우 이 분쟁이 굉장히 커지기 때문에 먼저 가만히 있고요. 상대방이 화를 가라앉히고 저희가 이성적으로 대화를 할 수 있을 때 본격적으로 소통을 합니다. 이렇게 상대방이 이성적으로 대화를 할 수 있을 때가 되어서야지 저희가 해결해야 하는 점들을 해결할 수 있고 협상해야 하는 부분들을 협상할 수 있는데요. 그래서 저는 가장 먼저 가만히 있고요. 어 제가 예전에 회사에 다녔을 때 실제로 상사분께서 저에게 크게 화를 내신 적이 있었는데요. 저는 그럴 때 죄송합니다 라는 말을 먼저 했고요. 그 상사분의 화가 가라앉을 때까지 기다렸습니다. 상사분께서는 화가 가라앉아 저에게 미안하다고 하시며 다시 업무를 수행할 수 있을 정도로 이성을 되찾으셨고 그때에 되서야 저는 제가 말씀드리고자 하는 바를 말씀드려서 원활하게 업무 조정이 가능했던 경험이 있습니다.","wordCount":121},"emotion":[],"intent":[{"text":"업무 시 분쟁이 발생했을 때 저는 가만히 있습니다.","expression":"c_confl_mg","category":"personality"},{"text":"제가 큰소리를 내거나 상대방의 의견에 반박을 하는 경우 이 분쟁이 굉장히 커지기 때문에 먼저 가만히 있고요.","expression":"c_confl_mg","category":"personality"},{"text":"상대방이 화를 가라앉히고 저희가 이성적으로 대화를 할 수 있을 때 본격적으로 소통을 합니다.","expression":"c_confl_mg","category":"personality"},{"text":"상사분께서는 화가 가라앉아 저에게 미안하다고 하시며 다시 업무를 수행할 수 있을 정도로 이성을 되찾으셨고 그때에 되서야 저는 제가 말씀드리고자 하는 바를 말씀드려서 원활하게 업무 조정이 가능했던 경험이 있습니다.","expression":"c_confl_mg","category":"personality"}],"summary":{"text":"업무 시 분쟁이 발생했을 때 저는 먼저 가만히 있습니다. 상대방이 화를 가라앉히고 우리가 이성적으로 대화를 할 수 있을 때 본격적으로 소통을 합니다. ","wordCount":22}}},"rawDataInfo":{"question":{"fileFormat":"wav","fileSize":320078,"duration":10000,"samplingBit":16,"channelCount":1,"samplingRate":"16kHz","audioPath":"/Mock/04.RND/Female/New/ckmk_q_rnd_f_n_266507.wav"},"answer":{"fileFormat":"wav","fileSize":2515918,"duration":78620,"samplingBit":16,"channelCount":1,"samplingRate":"16kHz","audioPath":"/Mock/04.RND/Female/New/ckmk_a_rnd_f_n_266507.wav"}}}