{"version":"1.0","dataSet":{"info":{"date":"20230116","occupation":"RND","channel":"MOCK","place":"ONLINE","gender":"FEMALE","ageRange":"-34","experience":"NEW"},"question":{"raw":{"text":"앞으로 본인이 다니실 직장들을 찾아보시고 계실 텐데 직장을 선택하실 때 가장 중요하게 생각하시는 세 가지 기준이 있으시다면 각각 어떤 것인지 말씀해 주시면 감사하겠습니다","wordCount":23},"emotion":[],"intent":[]},"answer":{"raw":{"text":"가장 중요하게 생각하는 것 중 일단 가장 중요한 첫 번째는 어 회사가 사회적 공헌을 하고 있느냐입니다. 최근에는 회사의 이익보다는 이런 사회적 공헌 활동을 하면서 어 기업에 대한 가치를 점처 점차 끌어올리고 있는데요. 저는 가장 중요한 게 어떤 회사에 다니냐 다니느냐에 대한 질문에 어 정말 자신감 있게 대답하고 싶은 이유 중의 하나는 바로 귀사가 사회적 공헌을 많이 하고 있다는 것을 알고 있습니다. 그다음으로는 두 번째는 바로 보수와 어 급여죠. 어 많이 일단 연봉이 높다는 것을 알고 있습니다. 그래서 그 연봉을 통해서 많은 정말 만족감을 크게 가질 것 같고 어 정말 장기간 어 회사를 다닐 것 같습니다. 그다음에 함께 일하는 동료입니다. 같이 함께 일하는 동료가 쪼금 잘 맞지 않는다거나 배려나 협업 능력이 없다면은 어 다니기가 조금 힘든 것 같은데요. 최대한 이런 세 가지를 많이 봐서 어 제가 지원한 이 기업이 가장 저에게 잘 맞는다고 생각이 들어서 지원을 하게 되었습니다.","wordCount":137},"emotion":[],"intent":[{"text":"","expression":"","category":"attitude"}],"summary":{"text":"회사가 사회적 공헌을 하고 있는지, 보수와 급여가 높다는 것을 알고 있으며, 함께 일하는 동료가 잘 맞지 않는다거나 배려나 협업 능력이 없으면 회사 다니기가 힘들 것 같습니다. 최대한 이런 세 가지를 많이 봐서 제가 지원한 이 기업이 가장 잘 맞는다고 생각되어서 지원을 하게 되었습니다.","wordCount":43}}},"rawDataInfo":{"question":{"fileFormat":"wav","fileSize":489038,"duration":15280,"samplingBit":16,"channelCount":1,"samplingRate":"16kHz","audioPath":"/Mock/04.RND/Female/New/ckmk_q_rnd_f_n_262534.wav"},"answer":{"fileFormat":"wav","fileSize":2663438,"duration":83230,"samplingBit":16,"channelCount":1,"samplingRate":"16kHz","audioPath":"/Mock/04.RND/Female/New/ckmk_a_rnd_f_n_262534.wav"}}}