{"version":"1.0","dataSet":{"info":{"date":"20230116","occupation":"RND","channel":"MOCK","place":"ONLINE","gender":"FEMALE","ageRange":"-34","experience":"NEW"},"question":{"raw":{"text":"기차가 운행하다가 산사태로 삼십 분 동안 정차되었다고 생각해 봅시다 이때 관리 책임의 위치에 있다면 지원자님께서는 어떻게 조치하실 건가요","wordCount":18},"emotion":[],"intent":[]},"answer":{"raw":{"text":"일단 가장 먼저 기차에 탄 승객들을 안전한 장소로 대피시킬 것입니다. 산사태는 자연재해입니다. 어쩔 수 없는 것이지만 그래도 제가 기차 관리 책임에 있는 책임자라면 승객들을 안전한 곳으로 대피를 시킨 후 먼저 죄송하다고 사과를 할 것 같습니다. 승객들은 기차를 탄 이유가 자신이 원하는 곳에 가기 위함이였습니다. 하지만 제 관리하에 있는 기차가 산사태로 삼십 분 동안 정차되어 있는 상황을 겪은 승객들은 굉장한 스트레스와 화가 나 있을 것입니다. 그렇기 때문에 저는 미리 승객들에게 안전한 곳으로 대피를 시킨 후 죄송하다고 사과를 드린 드리고 제가 관리에 책임이 있기 때문에 승객들에게 기차표나 이득이 될만한 다른 이벤트 같은 걸 진행할 것 같습니다.","wordCount":94},"emotion":[],"intent":[{"text":"","expression":"","category":"attitude"}],"summary":{"text":"산사태로 기차가 정차되어 있는 상황을 겪은 승객들은 큰 스트레스와 화가 나 있을 것입니다. 그래서 저는 미리 승객들에게 안전한 곳으로 대피 시킨 후 죄송하다 사과를 드린 후 기차표나 이득이 될만한 이벤트 같은 걸 진행할 것 같습니다.","wordCount":35}}},"rawDataInfo":{"question":{"fileFormat":"wav","fileSize":627918,"duration":19620,"samplingBit":16,"channelCount":1,"samplingRate":"16kHz","audioPath":"/Mock/04.RND/Female/New/ckmk_q_rnd_f_n_122888.wav"},"answer":{"fileFormat":"wav","fileSize":2106958,"duration":65840,"samplingBit":16,"channelCount":1,"samplingRate":"16kHz","audioPath":"/Mock/04.RND/Female/New/ckmk_a_rnd_f_n_122888.wav"}}}