{"version":"1.0","dataSet":{"info":{"date":"20230116","occupation":"RND","channel":"MOCK","place":"ONLINE","gender":"FEMALE","ageRange":"-34","experience":"NEW"},"question":{"raw":{"text":"이제까지 대학 생활을 하면서 제일 힘들었던 경험은 무엇이었나요 그리고 그것은 어떤 방법으로 극복하셨는지도 함께 말씀해 주세요","wordCount":16},"emotion":[],"intent":[]},"answer":{"raw":{"text":"제가 다녔던 대학교는 굉장히 저희 집에서 멀리 있었습니다. 편도로 두 시간 이십 분 가량 걸리는 거리에 있었었는데요. 어 그러다 보니까 대학교 일 학년 때는 기숙사 생활을 했지만 그 뒤로는 학점이 조금 부족하면서 어쩔 수 없이 통학을 했습니다. 물론 자취라는 선택지도 있었지만 저는 자취를 하고 싶지 않았기 때문에 통학을 선택했는데요. 어 처음 한 달은 괜찮았습니다. 개강을 했다는 그 설렘과 동기들과 같이 학교를 다닌다는 그 기쁨이 피곤함을 잊게 만들었고요. 하지만 그 뒤로는 굉장히 힘들었습니다. 매일 피곤했고 집에 가고 싶고 싶었고 학교에 어 등교를 해야지 라는 생각으로 아침에 일어나면 하루가 굉장히 우울했는데요. 네 그래서 저는 차를 구매했습니다. 경차을 구매해서 차량을 이용해서 학교까지 갔는데요. 그러다 보니 시간도 단축되었고 저의 체력도 아낄 수 있어서 저는 그런 힘든 점을 차량 구매를 통해 극복했습니다.","wordCount":117},"emotion":[{"text":"개강을 했다는 그 설렘과 동기들과 같이 학교를 다닌다는 그 기쁨이 피곤함을 잊게 만들었고요.","expression":"p-happiness","category":"positive"}],"intent":[{"text":"어 그러다 보니까 대학교 일 학년 때는 기숙사 생활을 했지만 그 뒤로는 학점이 조금 부족하면서 어쩔 수 없이 통학을 했습니다.","expression":"c_private","category":"background"}],"summary":{"text":"저는 기숙사 생활을 했지만 학점이 부족하여 통학을 했습니다. 첫 달은 괜찮았지만 그 뒤로는 굉장히 우울했습니다. 그래서 차를 구매해서 학교까지 가면서 시간을 단축하고 체력도 아낄 수 있어서 그런 힘든 점을 차량 구매를 통해 극복하였습니다.","wordCount":33}}},"rawDataInfo":{"question":{"fileFormat":"wav","fileSize":327758,"duration":10240,"samplingBit":16,"channelCount":1,"samplingRate":"16kHz","audioPath":"/Mock/04.RND/Female/New/ckmk_q_rnd_f_n_289751.wav"},"answer":{"fileFormat":"wav","fileSize":2530958,"duration":79090,"samplingBit":16,"channelCount":1,"samplingRate":"16kHz","audioPath":"/Mock/04.RND/Female/New/ckmk_a_rnd_f_n_289751.wav"}}}