{"version":"1.0","dataSet":{"info":{"date":"20230116","occupation":"RND","channel":"MOCK","place":"ONLINE","gender":"FEMALE","ageRange":"-34","experience":"NEW"},"question":{"raw":{"text":"지원자님께서 입사하시게 된다면 지금 지원하신 직무가 아닌 다른 부서로 배치가 될 수도 있습니다 만약 그렇게 된다면 어떻게 하시겠습니까","wordCount":18},"emotion":[],"intent":[]},"answer":{"raw":{"text":"의류 제작 공정은 단순한 한 단계만에 전문성을 가지는 것이 아니라 전반적인 공정의 이해도를 높임으로써 어 제 스스로의 어떤 역량을 향상시킨다고 생각합니다. 그렇기 때문에 다른 업무를 발정받게 되더라도 그 어떤 업무든 제 재봉 파트 제 역량에 어떤 향상을 가져온다는 마음가짐을 가지고 일에 전념하도록 하겠습니다. 더불어서 회사는 어 본인 회사에 필요한 어떤 단계를 어 수행할 수 있는 그런 직원을 원한다고 생각합니다. 그렇기 때문에 제가 선발된 이상 채용된 이상 그 기대를 만족시키기 위해서 최선을 다하는 그런 유연한 조직의 일원이 되도록 최선을 다하겠습니다.","wordCount":79},"emotion":[],"intent":[{"text":"","expression":"","category":"attitude"}],"summary":{"text":"의류 제작 공정은 전반적인 공정의 이해도를 높임으로써 제 스스로의 역량을 향상시킨다고 생각합니다. 채용된 이상 기대를 만족시키기 위해서 최선을 다하는 그런 유연한 조직의 일원이 되도록 최선을 다하겠습니다.","wordCount":26}}},"rawDataInfo":{"question":{"fileFormat":"wav","fileSize":549198,"duration":17160,"samplingBit":16,"channelCount":1,"samplingRate":"16kHz","audioPath":"/Mock/04.RND/Female/New/ckmk_q_rnd_f_n_133455.wav"},"answer":{"fileFormat":"wav","fileSize":1797198,"duration":56160,"samplingBit":16,"channelCount":1,"samplingRate":"16kHz","audioPath":"/Mock/04.RND/Female/New/ckmk_a_rnd_f_n_133455.wav"}}}