{"version":"1.0","dataSet":{"info":{"date":"20230116","occupation":"RND","channel":"MOCK","place":"ONLINE","gender":"FEMALE","ageRange":"-34","experience":"NEW"},"question":{"raw":{"text":"본인이 협업을 할 때 가장 중요하게 여기는 것은 무엇입니까 왜 그것을 가장 중요하게 여기시는지 말씀 부탁드립니다","wordCount":16},"emotion":[],"intent":[]},"answer":{"raw":{"text":"협업을 할 때 가장 중요하게 생각하는 것은 바로 신뢰입니다. 이 어떤 일을 함께 해 나갈 때 가장 중요한 것은 신뢰가 바탕이 되어야 한다는 것이라고 생각을 합니다. 그 이유는 이 신뢰가 바탕이 되어야만 그 위에 친밀감이라는 게 쌓일 수 있고 또 서로가 신뢰했을 때 맡은 바 역할을 잘 해낼 수 있는 책임감도 생기고 또 서로의 어 소임을 다하고 서로의 영역을 지켜줄 수 있기 때문입니다. 협업을 할 때 어떤 사람의 역할이 너무 커지고 어 다른 사람의 역할이 작아질 때 어 서로가 느끼는 그런 보람의 차이가 느껴질 수 있고 또 그것으로 인해서 균열이나 분열이 생길 수 있습니다. 이런 것들은 다 신뢰가 바탕이 되지 못한 상태에서 그냥 업무적인 것을 던져주고 그것을 해결하기 위해서만 고군분투하기 위해서 하기 위 하는 하기 때문인데 저는 그런 것에서 벗어나서 조금 더 즐겁게 그리고 오래 어 좋은 관계를 이어나가면서 일을 하기 위해서는 신뢰가 바탕이 되어야 한다고 생각하기 때문에 협업을 할 때 가장 중요하게 생각하는 것을 신뢰라고 하겠습니다.","wordCount":147},"emotion":[],"intent":[{"text":"협업을 할 때 가장 중요하게 생각하는 것은 바로 신뢰입니다.","expression":"c_cop","category":"personality"},{"text":"이런 것들은 다 신뢰가 바탕이 되지 못한 상태에서 그냥 업무적인 것을 던져주고 그것을 해결하기 위해서만 고군분투하기 위해서 하기 위 하는 하기 때문인데 저는 그런 것에서 벗어나서 조금 더 즐겁게 그리고 오래 어 좋은 관계를 이어나가면서 일을 하기 위해서는 신뢰가 바탕이 되어야 한다고 생각하기 때문에 협업을 할 때 가장 중요하게 생각하는 것을 신뢰라고 하겠습니다.","expression":"c_cop","category":"personality"}],"summary":{"text":"협업을 할 때 가장 중요하게 생각하는 것은 신뢰입니다. 신뢰가 바탕이 되어야만 친밀감이 쌓일 수 있고 서로 신뢰했을 때 맡은 바 역할을 잘 해낼 수 있는 책임감도 생기고 서로의 영역을 지켜줄 수 있기 때문입니다. 저는 조금 더 즐겁게 그리고 오래 좋은 관계를 이어나가면서 일을 하기 위해 가장 중요하게 여기는 것을 신뢰라고 하겠습니다.","wordCount":51}}},"rawDataInfo":{"question":{"fileFormat":"wav","fileSize":382158,"duration":11940,"samplingBit":16,"channelCount":1,"samplingRate":"16kHz","audioPath":"/Mock/04.RND/Female/New/ckmk_q_rnd_f_n_282937.wav"},"answer":{"fileFormat":"wav","fileSize":2880078,"duration":90000,"samplingBit":16,"channelCount":1,"samplingRate":"16kHz","audioPath":"/Mock/04.RND/Female/New/ckmk_a_rnd_f_n_282937.wav"}}}