{"version":"1.0","dataSet":{"info":{"date":"20230116","occupation":"RND","channel":"MOCK","place":"ONLINE","gender":"FEMALE","ageRange":"35-44","experience":"NEW"},"question":{"raw":{"text":"배달의 민족을 사용하시면서 지원자님이 해당 서비스에서 아쉬웠던 부분이 따로 있으실까요 만약 있으시다면 그게 무엇이었는지 어느 부분이 아쉬웠는지 말씀해 주세요","wordCount":19},"emotion":[],"intent":[]},"answer":{"raw":{"text":"배달의민족은 머 먹지 라는 채널을 통해서 음식점 추천 기능을 제공합니다. 그러나 머 먹지 채널은 인스타그램의 타임 라인처럼 한 음식점에 대해 자세에게 나오는 반면 한 화면에 띄워주는 음식점의 개수는 적습니다. 물론 타 앱들과는 다르게 사진이 아니라 음식 영상으로 홍보를 한다는 점에서 상당히 독특한 마케팅을 한다고 볼 수 있습니다. 그러나 사용자 입장에서는 메뉴를 정하지 못해 추천 채널을 들어 가는데 그런 영상보다도 최대한 많은 추천 음식점이 뜨는 것이 더 도움이 됩니다. 따라서 음식점 추천 채널에 더 많은 음식점이 노출되었으면 좋겠다고 생각을 합니다. 한 단계 더 생각해 보자면 추천 알고리즘을 마치 넷플릭스나 유튜브처럼 유절 과거 검색기로 주문기로 주문 시간대별로 기록 등을 바탕으로 맞춤형 추천 음식을 보여주는 방식으로 활용하면 좋을 것 같습니다.","wordCount":107},"emotion":[],"intent":[{"text":"","expression":"","category":"attitude"}],"summary":{"text":"배달의민족의 머 먹지 채널은 음식점 추천 기능을 제공하지만 추천 알고리즘을 넷플릭스나 유튜브처럼 유절 과거 검색기로 주문기로 주문 시간대별로 기록 등을 바탕으로 맞춤형 추천 음식을 보여주는 방식으로 활용하면 좋을 것 같습니다.","wordCount":30}}},"rawDataInfo":{"question":{"fileFormat":"wav","fileSize":594318,"duration":18570,"samplingBit":16,"channelCount":1,"samplingRate":"16kHz","audioPath":"/Mock/04.RND/Female/New/ckmk_q_rnd_f_n_190610.wav"},"answer":{"fileFormat":"wav","fileSize":2343118,"duration":73220,"samplingBit":16,"channelCount":1,"samplingRate":"16kHz","audioPath":"/Mock/04.RND/Female/New/ckmk_a_rnd_f_n_190610.wav"}}}