{"version":"1.0","dataSet":{"info":{"date":"20230116","occupation":"RND","channel":"MOCK","place":"ONLINE","gender":"FEMALE","ageRange":"-34","experience":"NEW"},"question":{"raw":{"text":"지원자님께서 일을 하게 되면 중국으로 출장을 갈 일이 조금 생길 수도 있는데요 혹시 지원자님께서는 중국 출장도 괜찮으십니까","wordCount":17},"emotion":[],"intent":[]},"answer":{"raw":{"text":"일을 하게 되면 중국으로 출장을 갈 일이 생길 수도 있다고 하셨는데요. 저는 생각만으로도 설레는 그런 경험이 있지 않나 하는 생각이 듭니다. 어 우선 저는 해외로 가서 체류를 하는 그런 경험이 대학 시절부터 어 많았는데요. 다양한 자원봉사 활동이나 그리고 해외 유학 등으로 체류를 하는 데 있어서 어 일단 적응을 하는 데 있어서 두려움이나 어려움은 없는 편이라고 생각합니다. 그리고 다양한 다른 나라의 언어 그리고 문화를 접하는 것에 그런 거부감이 없는 사람이라서 적응하는 면에서는 전혀 문제가 없다고 생각을 하고 또 이 중국어 라는 언어는 제가 중학교 때부터 제 이 외국어로 선택을 해서 배운 적이 있습니다. 아직은 어 엄청나게 어 자연스럽게 회화를 할 정도는 아니지만 중국으로 출장을 갈 일이 생긴다고 한다면 지금부터라도 열심히 중국어로 어 중국어 회화를 연습해서 어 도움이 될 수 있는 직원이 될 수 있도록 노력하겠습니다.","wordCount":124},"emotion":[],"intent":[{"text":"어 우선 저는 해외로 가서 체류를 하는 그런 경험이 대학 시절부터 어 많았는데요.","expression":"c_private","category":"background"}],"summary":{"text":"저는 자원봉사 활동이나 해외 유학 등으로 체류를 하는 데 있어서 두려움이나 어려움은 없는 편이며, 다양한 다른 나라의 언어 그리고 문화를 접하는 것에 거부감이 없는 사람이기 때문에 적응하는 면에서는 전혀 문제가 없다고 생각합니다. 앞으로 중국어 회화를 열심히 연습해서 도움이 될 수 있는 직원이 되도록 노력하겠습니다.","wordCount":44}}},"rawDataInfo":{"question":{"fileFormat":"wav","fileSize":585678,"duration":18300,"samplingBit":16,"channelCount":1,"samplingRate":"16kHz","audioPath":"/Mock/04.RND/Female/New/ckmk_q_rnd_f_n_270423.wav"},"answer":{"fileFormat":"wav","fileSize":2757838,"duration":86180,"samplingBit":16,"channelCount":1,"samplingRate":"16kHz","audioPath":"/Mock/04.RND/Female/New/ckmk_a_rnd_f_n_270423.wav"}}}