{"version":"1.0","dataSet":{"info":{"date":"20230116","occupation":"RND","channel":"MOCK","place":"ONLINE","gender":"FEMALE","ageRange":"-34","experience":"NEW"},"question":{"raw":{"text":"만약 일을 하던 중 팀원과 불화가 생기게 된다면 어떻게 해결하실 걸까요 해결법과 그렇게 해결하시는 이유에 대해서 설명해 주세요","wordCount":18},"emotion":[],"intent":[]},"answer":{"raw":{"text":"불화 없이 업무를 마무리하면 가장 좋겠지만 어 만약 불화가 생기게 된다면 저는 가장 먼저 원인을 분석할 것 같습니다. 해당 불화가 팀원에게 있다고 하더라도 저는 그 원인을 분석한 뒤에 제 책임이 어느 정도 있다고 말씀을 드리면서 최대한 갈등을 풀어보고자 노력을 할 것 같고요. 만약 이렇게 진솔한 대화를 통해서도 해당 불화가 해결이 되지 않는다면 상사나 혹은 주변 사람 다른 부서에게 이런 어려움을 알리고 업무 교체나 아니면 부서 교체와 같은 교체에 대해 말씀드리고 해결해 달라고 요청드릴 것 같습니다. 어 최대한 불화가 생기지 않도록 하고 불화가 생겼을 경우에는 대화로서 해결을 먼저 한 뒤 그다음에 교체를 요청 드릴 것 같습니다.","wordCount":95},"emotion":[],"intent":[{"text":"만약 이렇게 진솔한 대화를 통해서도 해당 불화가 해결이 되지 않는다면 상사나 혹은 주변 사람 다른 부서에게 이런 어려움을 알리고 업무 교체나 아니면 부서 교체와 같은 교체에 대해 말씀드리고 해결해 달라고 요청드릴 것 같습니다.","expression":"c_confl_mg","category":"personality"},{"text":"어 최대한 불화가 생기지 않도록 하고 불화가 생겼을 경우에는 대화로서 해결을 먼저 한 뒤 그다음에 교체를 요청 드릴 것 같습니다.","expression":"c_confl_mg","category":"personality"}],"summary":{"text":"업무 마무리에 있어 불화가 생길 경우 가장 먼저 원인을 분석할 것 같습니다. 그 원인을 분석한 뒤에 제 책임이 어느 정도 있다고 말씀을 드리면서 최대한 갈등을 풀어보고자 노력을 할 것이고, 이것이 해결되지 않는다면 다른 부서에게 교체를 요청드릴 것입니다.","wordCount":37}}},"rawDataInfo":{"question":{"fileFormat":"wav","fileSize":339598,"duration":10610,"samplingBit":16,"channelCount":1,"samplingRate":"16kHz","audioPath":"/Mock/04.RND/Female/New/ckmk_q_rnd_f_n_290665.wav"},"answer":{"fileFormat":"wav","fileSize":2199758,"duration":68740,"samplingBit":16,"channelCount":1,"samplingRate":"16kHz","audioPath":"/Mock/04.RND/Female/New/ckmk_a_rnd_f_n_290665.wav"}}}