{"version":"1.0","dataSet":{"info":{"date":"20230116","occupation":"RND","channel":"MOCK","place":"ONLINE","gender":"FEMALE","ageRange":"-34","experience":"NEW"},"question":{"raw":{"text":"일을 하다 보면 상사와 트러블이 생길 수도 있는데요 이럴 때 어떻게 하실 건가요 또한 상사가 혼을 내면 기분 나쁘지는 않으실까요","wordCount":20},"emotion":[],"intent":[]},"answer":{"raw":{"text":"일을 하다 보면 상사와 트러블이 생길 수 있다 라고 생각합니다. 왜냐하면 사람은 저마다 다 다르게 생각합니다. 그래서 모두가 똑같이 생각할 수 없기 때문에 그러한 점에서 오해와 차이점이 생겨 갈등이 생길 수 있다 라고 생각합니다. 그리고 제가 신입이기 때문에 못하는 것이 있어서 실수를 하는 경우도 생길 수 있다 라고 생각합니다. 그러한 경우 상사가 혼내는 일도 생길 거라고 생각합니다. 물론 기분이 좋을 것 같지는 않습니다. 제가 잘못한 것도 있고 그 상황 자체가 아무래도 기분 좋을 수는 없는 상황이기 때문에 기분은 나쁠 수도 있겠습니다. 하지만 그것은 개인적인 감정이 아니라 업무적으로 이것을 소화해야 한다 라고 생각합니다. 그래서 상사가 저를 감정적으로 혼내는 것이 아니라 제가 했던 실수나 제가 부족했던 점에 대해서 정확히 지적을 해 주신다면 저는 이것을 정확히 받아들이고 이를 인정하고 해결해 나가야 한다 라고 생각합니다. 그래서 이것을 단순히 기분 나쁘게만 생각하지 않고 무엇이 부족했는지 어떠한 점이 개선해야 되는지 이것에 대해서 정확히 공부하고 훈련해서 또 다른 실수를 발생하지 않도록 노력할 것입니다.","wordCount":146},"emotion":[],"intent":[{"text":"","expression":"","category":"attitude"}],"summary":{"text":"일을 하다 보면 상사와 트러블이 생길 수 있습니다. 상사가 감정적으로 혼내는 것이 아니라 제가 했던 실수나 부족했던 점에 대해 정확히 지적해 주신다면 이를 정확히 받아들이고 이를 인정하고 해결해 나가야 합니다. 이것을 단순히 기분 나쁘게 생각하지 않고 무엇이 부족했는지 어떠한 점이 개선해야 되는지 이것에 대해 정확히 공부하고 훈련해서 또 다른 실수를 하지 않도록 노력할 것입니다.","wordCount":54}}},"rawDataInfo":{"question":{"fileFormat":"wav","fileSize":603598,"duration":18860,"samplingBit":16,"channelCount":1,"samplingRate":"16kHz","audioPath":"/Mock/04.RND/Female/New/ckmk_q_rnd_f_n_275720.wav"},"answer":{"fileFormat":"wav","fileSize":2626638,"duration":82080,"samplingBit":16,"channelCount":1,"samplingRate":"16kHz","audioPath":"/Mock/04.RND/Female/New/ckmk_a_rnd_f_n_275720.wav"}}}