{"version":"1.0","dataSet":{"info":{"date":"20230116","occupation":"RND","channel":"MOCK","place":"ONLINE","gender":"FEMALE","ageRange":"-34","experience":"NEW"},"question":{"raw":{"text":"본인의 단점이 있다면 말씀해 주시고 이를 보완하기 위해 기여한 노력이 있다면 함께 말씀해 주시기 바랍니다","wordCount":15},"emotion":[],"intent":[]},"answer":{"raw":{"text":"저는 사실 실패를 두려워하는 경향이 있습니다. 이것은 좋게 포장하자면 신중하고 생각이 깊다고 할 수 있는 여지가 있지만 아무래도 부정적인 면이 더 많이 보인다고 생각했습니다. 물론 누구나 실패를 겪습니다. 저는 그것을 받아들이고 어떻게 대처를 할지 앞으로는 어떻게 행동을 해야 할지에 대해서가 오히려 중요하다고 생각했습니다. 제 장점이 마침 무엇이든지 경험해 보려고 하는 도전 정신이었습니다. 이 끈키로 저는 단점을 극복하기 위하여 오히려 실패와 성공을 논하지 않고 뭐든 상관없이 눈앞의 문제를 직접 몸을 부딪쳐서 경험하려고 했습니다. 아르바이트나 대외 활동 등 다양한 분야의 업무를 경험함에 따라서 여러 분야의 실패를 느끼는 것이 이를 극복하는 데 큰 도움이 되었습니다. 덕분에 두려운 마음이 생기면 이를 보다 빠르게 떨쳐내고 앞으로 나아가려고 하는 노하우가 생겼습니다.","wordCount":105},"emotion":[],"intent":[{"text":"저는 사실 실패를 두려워하는 경향이 있습니다.","expression":"c_person","category":"background"}],"summary":{"text":"저는 실패를 두려워하는 경향이 있습니다. 하지만 아르바이트나 대외 활동 등 다양한 분야의 업무를 경험하면서 여러 분야의 실패를 경험하는 것이 이를 극복하는 데 큰 도움이 되었습니다. 덕분에 두려운 마음이 생기면 이를 빠르게 떨쳐내고 앞으로 나아가는 노하우가 생겼습니다.","wordCount":36}}},"rawDataInfo":{"question":{"fileFormat":"wav","fileSize":318798,"duration":9960,"samplingBit":16,"channelCount":1,"samplingRate":"16kHz","audioPath":"/Mock/04.RND/Female/New/ckmk_q_rnd_f_n_261107.wav"},"answer":{"fileFormat":"wav","fileSize":2165838,"duration":67680,"samplingBit":16,"channelCount":1,"samplingRate":"16kHz","audioPath":"/Mock/04.RND/Female/New/ckmk_a_rnd_f_n_261107.wav"}}}