{"version":"1.0","dataSet":{"info":{"date":"20230116","occupation":"RND","channel":"MOCK","place":"ONLINE","gender":"FEMALE","ageRange":"45-54","experience":"NEW"},"question":{"raw":{"text":"지원자님이 생각하는 본인의 장점과 장점을 말씀해 주시고 그것을 특화시키기 위해 하는 노력과 또 단점을 보완하기 위한 노력은 어떤 것이 있는지 말씀 부탁드립니다","wordCount":22},"emotion":[],"intent":[]},"answer":{"raw":{"text":"어 저의 단 장점과 단점을 말씀드리겠습니다. 일단 저의 장점은 어 주변에서들도 많이 얘기해 주시는데요. 사람과의 소통을 잘한다고 말씀해 주십니다. 특히 제가 말을 하는 목소리나 아니면 제가 말을 하는 어 톤 등이 상대방에게 신뢰를 주기 때문에 제가 어떤 조직이나 단체에 같이 있을 때 모임에 같이 있을 때 제가 있어야 그 모임의 분위기가 더 좋아지고 서로가 즐겁게 모임을 이끌어 갈 수 있다고 말씀해 주십니다. 어 그것은 제가 보면 어 저의 말투나 목소리도 중요하지만 이야기를 전달하는 능력이 좀 좋다고 생각이 됩니다. 그래서 어떤 똑같은 이야기를 전달하더라도 저는 거기에 어 좀 정확성도 있고 그다음에 재미도 있고 이렇게 이야기를 전달하다 보니 어 사람들이 저에게 어 많이 상담을 하기도 하고요 어떻게 보면 저와 함께 지내는 걸 즐거워 한다고 생각이 됩니다. 그렇게 저의 장점을 특화하기 위해서 저는 코칭 프로그램도 수업을 들어본 적이 있구요. 상대방에게 공감하는 그런 어 능력 아니면 제가 그렇게 할려고 굉장히 노력을 했습니다. 그러다 보니 정말 너무 많은 사람들하고 얘기를 하다 보니 저의 단점이 또 그게 아닌가 하는 생각도 듭니다.","wordCount":155},"emotion":[],"intent":[{"text":"그렇게 저의 장점을 특화하기 위해서 저는 코칭 프로그램도 수업을 들어본 적이 있구요.","expression":"r_prof","category":"attitude"}],"summary":{"text":"저는 말투나 목소리도 중요하지만 이야기를 전달하는 능력이 좀 좋다고 생각합니다. 그래서 어떤 이야기를 전달하더라도 정확성도 있고 재미도 있고 사람들이 즐겁게 상담을 하기도 합니다. 그렇게 저의 장점을 특화하기 위해서 코칭 프로그램도 들어본 적이 있고 상대방에게 공감하는 능력 아니면 그렇게 할려고 굉장히 노력을 했습니다.","wordCount":42}}},"rawDataInfo":{"question":{"fileFormat":"wav","fileSize":586638,"duration":18330,"samplingBit":16,"channelCount":1,"samplingRate":"16kHz","audioPath":"/Mock/04.RND/Female/New/ckmk_q_rnd_f_n_145167.wav"},"answer":{"fileFormat":"wav","fileSize":2884558,"duration":90140,"samplingBit":16,"channelCount":1,"samplingRate":"16kHz","audioPath":"/Mock/04.RND/Female/New/ckmk_a_rnd_f_n_145167.wav"}}}