{"version":"1.0","dataSet":{"info":{"date":"20230116","occupation":"RND","channel":"MOCK","place":"ONLINE","gender":"FEMALE","ageRange":"45-54","experience":"NEW"},"question":{"raw":{"text":"타인이 생각하는 지원자님의 장점과 단점은 무엇인가요 그렇게 생각하는 이유도 함께 자세하게 말씀해 주시기 바랍니다","wordCount":14},"emotion":[],"intent":[]},"answer":{"raw":{"text":"주변에서 저에게 어 장점은 어 상대방에게 이야기를 아주 잘 전달해 준다고 그렇게 말하고 있습니다. 어 저의 그 말하는 능력 혹은 저의 목소리 발화 어 이런 톤 등이 상대방을 편안하게 해 주구도 하고 제가 말하는 이야기가 재미있다고 그렇게 말씀들을 하십니다. 똑같은 이야기를 전달하는데 저는 그곳에 좀 재미도 더 넣고 좀 이야기하는 게 실감나서 굉장히 재미있다고 얘기해 주셔서 제 주변에는 저와 함께 지내는 사람들이 다 저를 그런 면으로 평가해 주시는 것 같습니다. 그래서 사실은 저는 지금 현재 어 덕수궁에서 야경 해설을 주말에 하고 있는데요. 저에게 해설을 들으시는 많은 분들도 어 정말 귀에 쏙쏙 들어오게 이야기를 잘 해 주셔서 너무 재미있었다는 그런 후기들도 많이 올려주고 계십니다. 어 이렇게 제가 인제 사람들하고 소통하고 이야기하는 것을 즐기고 그것이 또 저의 장점이기도 하지만 또 그러다 보니 제가 또 사람들하고 같이 즐기는 걸 너무 좋아해서 어 친구들하고 약속도 많고 어 또 이렇게 친구들이 부르면 거절하지 못하고 또 가야 하는 그런 성향이 있어서 좀 남편은 별로 좋아하지 않습니다. 그래서 그런 것 또한 거절하지 못하는 것 또한 저의 단점인 것 같습니다.","wordCount":162},"emotion":[],"intent":[{"text":"주변에서 저에게 어 장점은 어 상대방에게 이야기를 아주   잘 전달해 준다고 그렇게 말하고 있습니다.","expression":"c_person","category":"background"},{"text":"어 이렇게 제가 인제 사람들하고   소통하고 이야기하는 것을 즐기고 그것이 또 저의 장점이기도 하지만   또 그러다 보니 제가 또 사람들하고 같이 즐기는 걸 너무 좋아해서 어 친구들하고 약속도 많고    어 또 이렇게 친구들이 부르면 거절하지 못하고 또 가야 하는 그런   성향이 있어서 좀 남편은 별로 좋아하지 않습니다.","expression":"c_person","category":"background"},{"text":"그래서 그런 것 또한 거절하지    못하는 것 또한 저의 단점인 것 같습니다.","expression":"c_person","category":"background"}],"summary":{"text":"저는 상대방에게 이야기를 잘 전달해 준다는 장점이 있어서 덕수궁에서 야경 해설을 하고 있습니다. 사람들하고 소통하고 이야기하는 것을 즐기는 것이 장점인 동시에 단점인 것 같습니다. 친구들하고 약속도 많고 친구들이 필요하면 거절하지 못하는 성향이 있어서 남편은 별로 좋아하지 않습니다.","wordCount":37}}},"rawDataInfo":{"question":{"fileFormat":"wav","fileSize":458958,"duration":14340,"samplingBit":16,"channelCount":1,"samplingRate":"16kHz","audioPath":"/Mock/04.RND/Female/New/ckmk_q_rnd_f_n_145183.wav"},"answer":{"fileFormat":"wav","fileSize":2874958,"duration":89840,"samplingBit":16,"channelCount":1,"samplingRate":"16kHz","audioPath":"/Mock/04.RND/Female/New/ckmk_a_rnd_f_n_145183.wav"}}}