{"version":"1.0","dataSet":{"info":{"date":"20230116","occupation":"RND","channel":"MOCK","place":"ONLINE","gender":"FEMALE","ageRange":"35-44","experience":"NEW"},"question":{"raw":{"text":"지원자님께서는 일을 하다가 만약 상사에게 어려운 지시를 받으면 어떻게 하시겠습니까 이유도 함께 지원자님의 생각을 듣고 싶습니다","wordCount":16},"emotion":[],"intent":[]},"answer":{"raw":{"text":"상사가 저에게 지시를 내릴 때에는 그것을 풀어나가야 할 능력이 저에게 있기 때문에 주어졌을 거라고 생각을 합니다. 따라서 저는 어려운 지시을 받더라도 할 수 있다는 자신감을 가지고 풀어낼 것입니다. 우선 어려운 지시를 받게 되면 이 일을 언제까지 해야 되는지를 먼저 물을 것 같습니다. 아무래도 어려운 일을 시작 시간적으로 부담이 될 수 있기 때문에 언제까지 업무를 해야 되는지 물어보고 그 기한 내에 최대한 능력을 발휘하여 지시를 수행하도록 하겠습니다. 여러 사례를 통해서 문제 해결 방법을 찾을 것이며 전문가나 경험이 많은 분들을 찾아가 조언을 얻을 것입니다. 하지만 기한 내에 수행하기 힘들 경우에는 제가 이때까지 취업한 자료와 현재 상황들을 설명하면서 부족한 부분을 객관적으로 설명을 하고 이러한 이유로 수행하지 못했다는 것을 보고하여 상사와 함께 다른 방법을 찾아내도록 할 것입니다. 업무를 하면서 쉬운 일만 할 수는 없을 것입니다.이렇게 어려운 일들을 찾아내고 극복한다면 저를 더 발전시킬 수 있기 때문에 저는 적극적으로 해결하려고 노력을 할 것입니다.","wordCount":137},"emotion":[],"intent":[{"text":"","expression":"","category":"attitude"}],"summary":{"text":"저는 어려운 지시를 받더라도 할 수 있다는 자신감을 가지고 풀어낼 것입니다. 우선 언제까지 업무를 해야 되는지를 먼저 묻고 그 기한 내에 최대한 능력을 발휘하여 지시를 수행하도록 하겠습니다. 여러 사례를 통해서 문제 해결 방법을 찾을 것이고, 전문가나 경험 많은 분들을 찾아가 조언을 얻을 것입니다. 적극적으로 해결하려고 노력을 할 것입니다.","wordCount":48}}},"rawDataInfo":{"question":{"fileFormat":"wav","fileSize":606158,"duration":18940,"samplingBit":16,"channelCount":1,"samplingRate":"16kHz","audioPath":"/Mock/04.RND/Female/New/ckmk_q_rnd_f_n_246277.wav"},"answer":{"fileFormat":"wav","fileSize":2284238,"duration":71380,"samplingBit":16,"channelCount":1,"samplingRate":"16kHz","audioPath":"/Mock/04.RND/Female/New/ckmk_a_rnd_f_n_246277.wav"}}}