{"version":"1.0","dataSet":{"info":{"date":"20230116","occupation":"RND","channel":"MOCK","place":"ONLINE","gender":"FEMALE","ageRange":"-34","experience":"NEW"},"question":{"raw":{"text":"지금 공부하고 있는 분야는 무엇인가요 왜 그것을 공부하고 있는지 지금까지 배운 것들은 무엇인지도 자세하게 말씀해 주실 수 있을까요","wordCount":18},"emotion":[],"intent":[]},"answer":{"raw":{"text":"지금 공부하고 있는 분야는 피아노입니다. 사실 어릴 때 피아노를 팔 년 가까이 쳤었는데요. 성인이 되어서 피아노를 치지 않다 보니 손이 많이 굳었습니다. 그래서 다시 감각을 살리기 위해서 피아노를 치기 시작했습니다. 그리고 누가 말하기를 피아노는 손이 긴 사람한테 유리하다고 합니다. 저는 손이 길기 때문에 피아노를 치기 유리한 손이라고 생각합니다. 그리고 또한 이 피아노를 치면 심신에 안정이 된다고 생각을 합니다. 요즘 업무로 많이 지쳐서 스트레스를 받곤 했었는데 그럴 때 피아노를 치면 심신의 안정도 가져올 뿐만이 아니라 업무를 할 때 조금 더 차분하게 집중을 할 수가 있습니다. 저는 지금까지 피아노를 치면서 다른 사람들의 축가 반주도 담당을 했었는데요. 다른 사람들의 축복을 빌어주면서 축가까지 반주를 칠 수 있다는 것에 굉장히 만족감을 느끼고 있습니다. 그렇기 때문에 저는 이 피아노를 치면서 심신의 안정도 얻고 스트레스도 풀고 있습니다. 피아노뿐만 아니라 다른 악기도 많이 배워보고 싶습니다.","wordCount":127},"emotion":[{"text":"사실 어릴 때 피아노를 팔 년 가까이 쳤었는데요.","expression":"u-fact","category":"neutral"},{"text":"다른 사람들의 축복을 빌어주면서 축가까지 반주를 칠 수 있다는 것에 굉장히 만족감을 느끼고 있습니다.","expression":"p-achievement","category":"positive"}],"intent":[{"text":"지금 공부하고 있는 분야는 피아노입니다.","expression":"c_imp","category":"personality"},{"text":"사실 어릴 때 피아노를 팔 년 가까이 쳤었는데요.","expression":"c_private","category":"background"},{"text":"저는 지금까지 피아노를 치면서 다른 사람들의 축가 반주도 담당을 했었는데요.","expression":"c_private","category":"background"}],"summary":{"text":"피아노는 손이 긴 사람한테 유리하다고 합니다. 또한 이 피아노를치면 심신에 안정이 되고 차분한 업무에 집중할 수 있습니다. 지금까지 다른 사람들의 축가 반주도 담당했었는데 이 피아노로 심신의 안정도 얻고 스트레스도 풀면서 다른 악기도 많이 배워보고 싶습니다.","wordCount":35}}},"rawDataInfo":{"question":{"fileFormat":"wav","fileSize":615118,"duration":19220,"samplingBit":16,"channelCount":1,"samplingRate":"16kHz","audioPath":"/Mock/04.RND/Female/New/ckmk_q_rnd_f_n_272866.wav"},"answer":{"fileFormat":"wav","fileSize":3707598,"duration":115860,"samplingBit":16,"channelCount":1,"samplingRate":"16kHz","audioPath":"/Mock/04.RND/Female/New/ckmk_a_rnd_f_n_272866.wav"}}}