{"version":"1.0","dataSet":{"info":{"date":"20230116","occupation":"RND","channel":"MOCK","place":"ONLINE","gender":"FEMALE","ageRange":"45-54","experience":"NEW"},"question":{"raw":{"text":"제품 한 가지를 선정해서 거기에 대한 문제점을 생각해보시고 그 문제점을 해결하기 위한 기술적 개선 방안에 대해서 말씀해 주실 수 있으실까요","wordCount":20},"emotion":[],"intent":[]},"answer":{"raw":{"text":"저는 집에서 선풍기를 두 가지 형태를 다 사용하고 있는데요. 하나는 서큘레이터 그리고 하나는 스탠드형 선풍기입니다. 그런데 가끔 이 높이 조절을 하더라도 스탠드형 선풍기 같은 경우에 이제 누워 있을 때 아래까지 바람이 잘 오지 않고 좀 멀리에서는 바람이 느껴지지만 가까이 있을 경우 바람이 잘 느껴지지 않는 경우가 있더라구요. 그래서 어 이 선 스탠드형 선풍기에 그 기동 부분이 좀 접이식으로 변환을 시켜서 음 두 가지 방법 서큘레이터 형태 그리고 스탠드형 형태로 이중으로 사용할 수 있게끔 개선을 해보면 어떨까 생각해봤습니다.","wordCount":77},"emotion":[],"intent":[{"text":"","expression":"","category":"attitude"}],"summary":{"text":"저는 서큘레이터와스탠드형 선풍기를 사용하고 있는데, 높이 조절을 하더라도 높이가 낮은 경우 바람은 잘 오지않습니다. 이 선풍기의 기동부분을 접이식으로 변환하여 이중사용이 가능하도록 개선을 생각해봤습니다.","wordCount":23}}},"rawDataInfo":{"question":{"fileFormat":"wav","fileSize":385358,"duration":12040,"samplingBit":16,"channelCount":1,"samplingRate":"16kHz","audioPath":"/Mock/04.RND/Female/New/ckmk_q_rnd_f_n_185721.wav"},"answer":{"fileFormat":"wav","fileSize":1476878,"duration":46150,"samplingBit":16,"channelCount":1,"samplingRate":"16kHz","audioPath":"/Mock/04.RND/Female/New/ckmk_a_rnd_f_n_185721.wav"}}}