{"version":"1.0","dataSet":{"info":{"date":"20230116","occupation":"RND","channel":"MOCK","place":"ONLINE","gender":"FEMALE","ageRange":"-34","experience":"NEW"},"question":{"raw":{"text":"얼마 전 구급대원이 주취자에게 폭행을 당해서 순직 당하는 일이 있었죠 지원자님은 이 사건에 대해서 어떻게 생각하시는지 궁금합니다","wordCount":17},"emotion":[],"intent":[]},"answer":{"raw":{"text":"얼마 전 구급대원이 주취자에게 폭행을 당해 순직 당하는 일에 대해서 유감이라고 생각합니다. 저는 이것이 일어나지 말았어야 할 인재라고 생각합니다. 구급대원이 주취자에게 폭행을 당해서 어떠한 불미스러운 일이 일어나지 않도록 미연에 방지했어야 한다 라고 생각합니다. 구급대원을 이 인 일 조 혹은 삼 인 일 조로 정해서 주취자를 제대로 통제할 수 있는 환경을 만들어 주어야 한다 라고 생각합니다. 항상 인건비를 아끼거나 혹은 경비를 아끼는 그러한 돈적인 이유 때문에 사람의 생명이 인력이 다치는 경우가 많습니다. 하지만 그런 것은 미연에 방지할 수 있었다 라고 생각합니다. 그러므로 구급대원이 본인의 직업 의식을 지켜 주취자를 잘 통제하는 것도 좋지만 애초부터 주취자가 구급대원에게 그러한 환경을 그러한 폭행을 하거나 이러한 가학적인 상황을 만들어질 수 없도록 환경을 만들어지는 게 중요하다 라고 생각합니다. 그리고 벌금형이나 이러한 것들도 높여서 주취자들이 경각심을 가질 수 있도록 해야 된다 라고 생각합니다. 많은 것들을 미연에 방지해서 또 다시 이러한 사건이 일어나지 않도록 해야 한다 라고 생각합니다.","wordCount":139},"emotion":[],"intent":[{"text":"","expression":"","category":"attitude"}],"summary":{"text":"구급대원이 주취자에게 폭행을 당해 순직하는 일이 있었는데, 이는 미연에 방지해야 할 인재라고 생각합니다. 주취자를 제대로 통제할 수 있는 환경을 만들어 주어야 하고, 벌금형이나 이러한 것들을 높여서 주취자들이 경각심을 가질 수 있도록 해야 됩니다.","wordCount":33}}},"rawDataInfo":{"question":{"fileFormat":"wav","fileSize":580558,"duration":18140,"samplingBit":16,"channelCount":1,"samplingRate":"16kHz","audioPath":"/Mock/04.RND/Female/New/ckmk_q_rnd_f_n_275716.wav"},"answer":{"fileFormat":"wav","fileSize":2785998,"duration":87060,"samplingBit":16,"channelCount":1,"samplingRate":"16kHz","audioPath":"/Mock/04.RND/Female/New/ckmk_a_rnd_f_n_275716.wav"}}}