{"version":"1.0","dataSet":{"info":{"date":"20230116","occupation":"RND","channel":"MOCK","place":"ONLINE","gender":"FEMALE","ageRange":"-34","experience":"NEW"},"question":{"raw":{"text":"지원자님께서는 시간이 촉박한 상황이 생긴다면 시간 관리를 어떻게 하십니까","wordCount":9},"emotion":[],"intent":[]},"answer":{"raw":{"text":"시간 굉장히 중요하죠. 저희가 이 시간을 잘 지켜야지 신뢰를 쌓을 수 있고 여러 약속에 차질이 없을 수 있는데요. 그러다 보니 이 관리가 굉장히 중요하다고 생각됩니다. 저는 촉박한 상황이 발생했을 때는 항상 플랜을 짭니다. 이때는 이걸 하고 이때는 이걸 해야지 라는 플랜을 항상 세워주는데요. 이러한 플랜을 세워두면은 그날 그 시간에 무엇을 해야 되는지에 대한 대략적인 계획이 세워지기 때문에 시간을 조금 더 효율적으로도 효과적으로 사용할 수 있습니다. 서 예를 들면 오늘 같은 경우 아침에 몇 시에 일어나서 옷을 이때까지 입고 화장을 이때까지 하고 이때까지 아침을 먹어야지 라는 계획을 세웠는데요. 그러다 보니 알람에 맞춰서 일어났을 때 해당 시간에 따라서 이동을 했고 몸을 움직여서 오늘 정해진 일정에 늦지 않게 도착할 수 있었습니다.","wordCount":108},"emotion":[],"intent":[{"text":"저는 촉박한 상황이 발생했을 때는 항상 플랜을 짭니다.","expression":"c_adp","category":"personality"}],"summary":{"text":"우리가 이 시간을 잘 지켜야 신뢰를 쌓을 수 있고 여러 약속에 차질이 없을 수 있기 때문에 이 관리가 굉장히 중요합니다. 저는 촉박한 상황이 발생했을 때 항상 플랜을 짭니다. 이런 플랜을 세우면 그날 그 시간에 무엇을 해야 되는지에 대한 대략적인 계획이 세워지기 때문에 시간을 효율적으로 사용할 수 있습니다.","wordCount":47}}},"rawDataInfo":{"question":{"fileFormat":"wav","fileSize":337998,"duration":10560,"samplingBit":16,"channelCount":1,"samplingRate":"16kHz","audioPath":"/Mock/04.RND/Female/New/ckmk_q_rnd_f_n_265999.wav"},"answer":{"fileFormat":"wav","fileSize":2278478,"duration":71200,"samplingBit":16,"channelCount":1,"samplingRate":"16kHz","audioPath":"/Mock/04.RND/Female/New/ckmk_a_rnd_f_n_265999.wav"}}}