{"version":"1.0","dataSet":{"info":{"date":"20230116","occupation":"RND","channel":"MOCK","place":"ONLINE","gender":"FEMALE","ageRange":"35-44","experience":"NEW"},"question":{"raw":{"text":"면접자님이 생각하시기에 글로벌 인재의 필수 요소란 무엇이라고 생각하십니까 면접자님께선 그것을 위해 노력했던 경험이 있으시다면 말씀해 주세요","wordCount":16},"emotion":[],"intent":[]},"answer":{"raw":{"text":"저는 글로벌 인재의 필수적인 요소는 우선 커뮤니케이션의 능력 도전 정신 열린 마음이 필수인 것 같습니다. 그중 커뮤니케이션이 원하 원활하게 하기 위해서는 외국어 능력이 필수입니다. 하지만 이제는 외국어 능력만으로는 성과를 낼 수 있는 글로벌 인재가 될 수 없습니다. 외국어 뿜니 아니라 글로벌 문화에 대한 이해와 글로벌 사업 경력과 높은 통창력 또한 필요하기 때문입니다. 따라서 얼마나 열린 마음으로 글로벌 문화를 이해하고 그 문화에 맞게 도전할 수 있는 도전 정신이 필요합니다. 저는 글로벌 인재가 되기 위해서 꾸준히 외국어 공부를 하고 있습니다. 지금은 영어는 물론이고 중국어 학원을 다니면서 언어적인 문제를 어렵지 않게 노력 중입니다. 그리고 지금은 코로나로 해 해외 나가기가 조금 힘든 상황이라 화상 영어를 통해서 외국에 있는 여러 다양한 민족들과 대화를 나누며 그들이 가진 문화를 이해하고 영어 실력 또한 향상시키기 위해 노력 중입니다. 그리고 저는 해외 생활이 좀 경험이 좀 다양합니다. 해외 여행은 물론이고 대학 졸업 후 이 년간 미국에서 인턴 생활을 한 경험이 있기 때문에 어 해외 업무에 대한 두려움 없고 글로벌 인재에 필수한 요소를 다 가지고 있다고 생각합니다.","wordCount":157},"emotion":[],"intent":[{"text":"해외 여행은 물론이고 대학 졸업 후 이 년간 미국에서 인턴 생활을 한 경험이 있기 때문에 어 해외 업무에 대한 두려움 없고 글로벌 인재에 필수한 요소를 다 가지고 있다고 생각합니다.","expression":"c_private","category":"background"}],"summary":{"text":"저는 글로벌 인재가 되기 위해 꾸준히 외국어 공부를 하고 있고 화상 영어를 통해서 외국에 있는 여러 민족들과 대화를 나누며 영어 실력 또한 향상시키기 위해 노력 중입니다. 그리고 해외 생활이 좀 다양한데 해외 여행은 물론이고 대학 졸업 후 이 년간 미국에서 인턴 생활을 한 경험이 있어서 해외 업무에 대한 두려움이 없고 글로벌 인재에 필수한 요소를 다 가지고 있다고 생각합니다.","wordCount":58}}},"rawDataInfo":{"question":{"fileFormat":"wav","fileSize":448078,"duration":14000,"samplingBit":16,"channelCount":1,"samplingRate":"16kHz","audioPath":"/Mock/04.RND/Female/New/ckmk_q_rnd_f_n_246281.wav"},"answer":{"fileFormat":"wav","fileSize":2475598,"duration":77360,"samplingBit":16,"channelCount":1,"samplingRate":"16kHz","audioPath":"/Mock/04.RND/Female/New/ckmk_a_rnd_f_n_246281.wav"}}}