{"version":"1.0","dataSet":{"info":{"date":"20230116","occupation":"RND","channel":"MOCK","place":"ONLINE","gender":"FEMALE","ageRange":"35-44","experience":"NEW"},"question":{"raw":{"text":"어 지원자님께서는 본인이 팀장에 더 잘 맞을 것 같으시나요 아니면 팀원에 더 잘 맞을 것 같으시나요 그 이유와 함께 본인이 어디에 더 잘 맞을 것 같은지 설명해 주세요","wordCount":28},"emotion":[],"intent":[]},"answer":{"raw":{"text":"저는 지난 삶 가운데 여러 조직에서 리더를 맡았습니다. 작게는 한 수업 과제를 함에 있어 크게는 한 공동체의 회장으로서 자리를 맡았습니다. 리더에게는 조직원들에 들과 함께 최선에 고민으로 최고에 결과를 만들 수 있도록 하는 힘이 필요합니다. 리더의 경험이 없을 당시 한 팀이 함께 의견을 모으는 일은 상당히 어려웠습니다. 하지만 여러 번의 경험을 통해 어떻게 해야 함께 의견을 모을 수 있는지 조금은 알아가게 되었습니다. 의견을 함께 나눌 때 가장 중요한 것은 방향성입니다. 리더가 방향을 제시하지 못하면 조직원들은 길을 제대로 찾지 못합니다. 그렇기 때문에 리더는 항상 많은 생각들을 하며 주변의 소리에 항상 귀를 기울이며 가장 적절하고 가장 효율적인 그리고 가장 실현 가능한 방향이 무엇인지 고민하는 자세가 필요합니다.","wordCount":103},"emotion":[],"intent":[{"text":"","expression":"","category":"attitude"}],"summary":{"text":"저는 여러 조직에서 리더를 맡았습니다. 리더에게는 조직원들과 함께 최선에 고민으로 최고에 결과를 만들 수 있도록 하는 힘이 필요합니다. 의견을 함께 나눌 때 가장 중요한 것은 방향성입니다. 리더는 가장 적절하고 가장 효율적인 방향이 무엇인지 고민하는 자세가 필요합니다.","wordCount":36}}},"rawDataInfo":{"question":{"fileFormat":"wav","fileSize":537678,"duration":16800,"samplingBit":16,"channelCount":1,"samplingRate":"16kHz","audioPath":"/Mock/04.RND/Female/New/ckmk_q_rnd_f_n_236372.wav"},"answer":{"fileFormat":"wav","fileSize":1973838,"duration":61680,"samplingBit":16,"channelCount":1,"samplingRate":"16kHz","audioPath":"/Mock/04.RND/Female/New/ckmk_a_rnd_f_n_236372.wav"}}}