{"version":"1.0","dataSet":{"info":{"date":"20230116","occupation":"RND","channel":"MOCK","place":"ONLINE","gender":"FEMALE","ageRange":"-34","experience":"NEW"},"question":{"raw":{"text":"지원자님께서 입사 후 근무를 하면서 정작 지원하신 분야가 지원자님과 잘 맞지 않다는 사실을 깨닫게 된다면 지원자님은 어떻게 하실 계획이십니까","wordCount":19},"emotion":[],"intent":[]},"answer":{"raw":{"text":"입사 후에 근무를 하면서 정작 제가 지원한 분야가 저와 잘 맞지 않는다는 사실을 깨닫게 된다면 저는 그렇다 해도 우선은 그 업무를 해낼 수 있도록 노력을 할 것 같습니다. 음 회사에서 하는 일이 뭐든지 제가 좋아하는 일일 수 없고 또 인생을 살면서 좋아하는 일만 하면서 살 수 없기 때문에 그렇게 할 것 같고요. 하지만 저는 이 회사에서 좀 더 오래 더 많이 그리고 애정을 가지고 다니고 싶은 회사이기 때문에 지원을 한 것입니다. 그래서 보다 애정을 가지고 더 오래 오랜 기간 동안 근속을 하기 위해서는 지원한 분야가 저에게 맞지 않는다면 조금 더 저에게 맞는 직업 직업 지원 분야를 좀 찾는 것도 좋은 노력이라고 생각을 합니다. 이런 부분을 어 상관께 말씀을 드려서 좀 조정할 수 있는 부분이 있다면 조정을 할 수 있도록 어 그런 시도는 해 볼 것 같습니다. 하지만 맡겨주신 일을 제가 해야 한다면 열심히 해내 볼 수 있도록 정말로 노력을 다 할 것 같습니다.","wordCount":143},"emotion":[],"intent":[{"text":"하지만 저는 이 회사에서 좀 더 오래 더 많이 그리고 애정을 가지고 다니고 싶은 회사이기 때문에 지원을 한 것입니다.","expression":"c_sincere_job","category":"etc"}],"summary":{"text":"저는 회사에서 더 오래 그리고 애정을 가지고 다니고 싶은 회사이기 때문에 지원을 한 것입니다. 따라서 더 오래 오래 근속을 하기 위해서는 조금 더 자신에게 맞는 지원 분야를 찾는 것도 좋은 노력이라고 생각합니다.","wordCount":32}}},"rawDataInfo":{"question":{"fileFormat":"wav","fileSize":573518,"duration":17920,"samplingBit":16,"channelCount":1,"samplingRate":"16kHz","audioPath":"/Mock/04.RND/Female/New/ckmk_q_rnd_f_n_282821.wav"},"answer":{"fileFormat":"wav","fileSize":2755918,"duration":86120,"samplingBit":16,"channelCount":1,"samplingRate":"16kHz","audioPath":"/Mock/04.RND/Female/New/ckmk_a_rnd_f_n_282821.wav"}}}