{"version":"1.0","dataSet":{"info":{"date":"20230116","occupation":"RND","channel":"MOCK","place":"ONLINE","gender":"FEMALE","ageRange":"-34","experience":"NEW"},"question":{"raw":{"text":"지금 읽고 계신 책이 있는지 있다면 무슨 책인지 궁금합니다 또한 왜 그 책을 읽고 계시는지도 함께 말씀 부탁드립니다","wordCount":18},"emotion":[],"intent":[]},"answer":{"raw":{"text":"저는 정의란 무엇인가 라는 책을 읽고 있습니다. 매번 뉴스를 접하다 보면 정의로운 사람이라는 타이틀이 많이 나타나곤 하는데요. 그런 타이틀을 읽을 때마다 과연 정의란 무엇일까 정의로운 행동이란 무엇일까 라는 의문이 생겼습니다. 그래서 이 책을 시작했는데요. 어 정의라는 개념이 참 어려운 것 같습니다. 그 속에 많은 의미가 포함이 되어 있고 쪼금 철학적인 내용을 담고 있는데요. 서 이 책 안에서는 정의에 대해 설명을 하고 정의로운 상황이란 어떤 것인지에 대한 설명을 지속적으로 하고 있습니다. 어 사실 제가 이 책을 읽을 때는 권장 도서였기 때문에 시작을 했는데요. 이 책이 조금 두껍고 어려운 내용이 많다 보니 아직까지도 책을 읽고 있습니다. 그래서 제 목표는 올해 안에 이 정의란 무엇인가 라는 책을 다 읽는 것이 저의 올해 목표 중 하나입니다.","wordCount":112},"emotion":[],"intent":[{"text":"그래서 제 목표는 올해 안에 이 정의란 무엇인가 라는 책을 다 읽는 것이 저의 올해 목표 중 하나입니다.","expression":"c_chl","category":"personality"}],"summary":{"text":"정의란 무엇인가 라는 책은 철학적인 내용을 담고 있으며 권장 도서이기 때문에 시작을 하였습니다. 이 책이 다소 두껍고 어려운 내용이 많아서 아직까지도 책을 읽고 있습니다. 올해 안에 이 책을 다 읽는 것이 올해 목표 중 하나입니다.","wordCount":35}}},"rawDataInfo":{"question":{"fileFormat":"wav","fileSize":618318,"duration":19320,"samplingBit":16,"channelCount":1,"samplingRate":"16kHz","audioPath":"/Mock/04.RND/Female/New/ckmk_q_rnd_f_n_266505.wav"},"answer":{"fileFormat":"wav","fileSize":2174798,"duration":67960,"samplingBit":16,"channelCount":1,"samplingRate":"16kHz","audioPath":"/Mock/04.RND/Female/New/ckmk_a_rnd_f_n_266505.wav"}}}