{"version":"1.0","dataSet":{"info":{"date":"20230116","occupation":"RND","channel":"MOCK","place":"ONLINE","gender":"FEMALE","ageRange":"-34","experience":"NEW"},"question":{"raw":{"text":"지원자님이 만약 해외로 파견 근무를 나가게 된다면 어떤 나라에서 일을 하고 싶으신지 그 이유도 함께 답변해 주세요","wordCount":17},"emotion":[],"intent":[]},"answer":{"raw":{"text":"저는 해외 파견 근무로 나가게 되어서 나라를 선택할 수 있는 기회가 온다면 저는 캐나다를 선택할 것 같습니다. 일단 저는 캐나다에서 약 일 년 간의 워킹홀리데이 경험이 있습니다. 그곳에서 살면서 일상 생활에서는 늘 영어를 사용해 왔기 때문에 영어가 크게 어렵지 않습니다. 여행이 아닌 긴 시간 그곳에서 생활을 하고 일을 함으로써 실제로 영어권에서 사용되는 표현 방식이나 혹은 문화 생활에 대한 생각들까지 잘 알고 있습니다. 또 영어적인 문제로는 모국어가 아니기 때문에 항상 언제든지 언어를 잊어먹을 수 있다고 생각하고 있기 때문에 꾸준히 주기적으로 영어 실력을 테스트하고 있습니다. 그리고 비즈니스 용어 또한 최대한 외우려고 하고 있기 때문에 저는 캐나다에서 일을 할 수 있으면 좋겠습니다.","wordCount":99},"emotion":[{"text":"일단 저는 캐나다에서 약 일 년 간의 워킹홀리데이 경험이 있습니다.","expression":"u-fact","category":"neutral"}],"intent":[{"text":"일단 저는 캐나다에서 약 일 년 간의 워킹홀리데이 경험이 있습니다.","expression":"c_private","category":"background"},{"text":"또 영어적인 문제로는 모국어가 아니기 때문에 항상 언제든지 언어를 잊어먹을 수 있다고 생각하고 있기 때문에 꾸준히 주기적으로 영어 실력을 테스트하고 있습니다.","expression":"r_prof","category":"attitude"}],"summary":{"text":"해외 파견 근무로 가게 되어서 나라를 선택할 수 있는 기회가 온다면 저는 캐나다를 선택할 것 같습니다. 캐나다에서 생활하면서 늘 영어를 사용해서 영어가 어렵지 않으며, 비즈니스 용어도 최대한 외우려고 하기 때문에 캐나다에서 일을 할 수 있으면 좋겠습니다.","wordCount":36}}},"rawDataInfo":{"question":{"fileFormat":"wav","fileSize":554318,"duration":17320,"samplingBit":16,"channelCount":1,"samplingRate":"16kHz","audioPath":"/Mock/04.RND/Female/New/ckmk_q_rnd_f_n_261164.wav"},"answer":{"fileFormat":"wav","fileSize":2134478,"duration":66700,"samplingBit":16,"channelCount":1,"samplingRate":"16kHz","audioPath":"/Mock/04.RND/Female/New/ckmk_a_rnd_f_n_261164.wav"}}}