{"version":"1.0","dataSet":{"info":{"date":"20230116","occupation":"RND","channel":"MOCK","place":"ONLINE","gender":"FEMALE","ageRange":"45-54","experience":"NEW"},"question":{"raw":{"text":"이전 직장 혹은 대학에서 어떤 프로젝트를 진행해 보셨는지 생각나시는 게 있다면 지금 한번 말씀해 주시겠어요","wordCount":15},"emotion":[],"intent":[]},"answer":{"raw":{"text":"제가 이전 직장에서 진행해 봤던 프로젝트라고 하면 장애인 관련된 어 정부에서 어 예산을 짜고 있는 장애인 정책에 관한 모니터링의 프로젝트였습니다. 그 프로젝트 같은 경우에는 매년 어 정부에서 짜고 있는 예산 중에서 각 부처별로 장애인 관련된 예산이 얼마나 있는지를 어 모니터링하고 그것으로 분석해서 보고서를 내는 프로젝트였는데요. 어 이렇게 각 부처에 예산서를 일단 취합해야 하고 모니터단들에게 그 예산서를 주고 모니터단들을 미리 교육해서 어떻게 예산을 취합하는지 어 발췌하는 지를 교육해서 그 예산 발췌된 걸 받아서 그것을 가지고 어 전년도와 비교도 하고 어 몇 년간을 비교하기도 하며 전체 예산 중에 장애인 예산이 얼마나 있는지 각 부처별로도 비교하는 이런 모니터링 프로젝트를 진행해 봤습니다. 그것으로 인해서 저는 어 그 사회의 인식도 사회에 관한 인식도 많이 변화하게 됐고요. 그것으로 인해서 평소 알지 못했던 그런 것도 많이 알게 됐고 보고서까지 만들어 본 경험이 있습니다.","wordCount":126},"emotion":[],"intent":[{"text":"","expression":"","category":"attitude"}],"summary":{"text":"정부에서 장애인 관련 예산을 짜는 프로젝트에 참여했던 적이 있습니다. 그 프로젝트는 매년 정부에서 짜는 예산 중 장애인 관련 예산이 얼마나 있는지를 모니터링하고 이것을 분석해서 보고서를 내는 프로젝트였습니다. 그로 인해 사회의 인식도 많이 변했고, 알지 못했던 것을 많이 알게 됐습니다.","wordCount":39}}},"rawDataInfo":{"question":{"fileFormat":"wav","fileSize":419918,"duration":13120,"samplingBit":16,"channelCount":1,"samplingRate":"16kHz","audioPath":"/Mock/04.RND/Female/New/ckmk_q_rnd_f_n_149775.wav"},"answer":{"fileFormat":"wav","fileSize":2846798,"duration":88960,"samplingBit":16,"channelCount":1,"samplingRate":"16kHz","audioPath":"/Mock/04.RND/Female/New/ckmk_a_rnd_f_n_149775.wav"}}}