{"version":"1.0","dataSet":{"info":{"date":"20230116","occupation":"RND","channel":"MOCK","place":"ONLINE","gender":"FEMALE","ageRange":"-34","experience":"NEW"},"question":{"raw":{"text":"본인의 생각이 아니라 본인 다른 주변 사람들이 생각하는 면접자님의 장점과 단점을 전부 말씀해 주세요","wordCount":14},"emotion":[],"intent":[]},"answer":{"raw":{"text":"많은 분들이 제가 화가 많다 라고 말해 주시더라고요. 어 제가 이제 화가 나는 부분이 있어서 엄청 감정적으로 격하게 표현을 하지 않지만 순간적으로 얼굴 표정을 숨기기를 좀 어려워 하는 편입니다. 어 굉장히 감정 표현이 단순한 사람인데요. 그래서 이러한 점이 저의 단점으로 많이 봐주셨지만 그만큼 저는 감정에 솔직한 사람입니다. 좋으면 좋다 싫으면 싫다 가 확실하기 때문에 제가 정말 좋아하는 사람에게는 제 온 마음을 다해서 모든 걸 해주기 위해 노력을 하는 편이고요. 또 감정에 솔직하기 때문에 사람들과 진솔한 대화가 가능합니다. 저 많은 분들이 저에게 고민 상담을 해 하면은 너는 본인 고민도 아닌데 참 잘 들어준다 라고 말을 해주더라고요. 저 이러한 것들이 저의 단점과 장점인 것 같습니다.","wordCount":103},"emotion":[],"intent":[{"text":"","expression":"","category":"attitude"}],"summary":{"text":"감정 표현이 단순한 저는 감정에 솔직한 사람입니다. 제가 좋아하는 사람에게는 모든 걸 해주기 위해 노력하고 진솔한 대화가 가능합니다. 이런 것들이 내 단점과 장점인 것 같습니다.","wordCount":25}}},"rawDataInfo":{"question":{"fileFormat":"wav","fileSize":266318,"duration":8320,"samplingBit":16,"channelCount":1,"samplingRate":"16kHz","audioPath":"/Mock/04.RND/Female/New/ckmk_q_rnd_f_n_290260.wav"},"answer":{"fileFormat":"wav","fileSize":2227278,"duration":69600,"samplingBit":16,"channelCount":1,"samplingRate":"16kHz","audioPath":"/Mock/04.RND/Female/New/ckmk_a_rnd_f_n_290260.wav"}}}