{"version":"1.0","dataSet":{"info":{"date":"20230116","occupation":"RND","channel":"MOCK","place":"ONLINE","gender":"FEMALE","ageRange":"-34","experience":"NEW"},"question":{"raw":{"text":"얼마 전 구급 대원이 주취자에게 폭행을 당해 순직 당하는 일이 있었는데요 이 사건에 대해서 지원자는 어떻게 생각하는지 말씀해 주세요","wordCount":19},"emotion":[],"intent":[]},"answer":{"raw":{"text":"네 최근에 사회적인 뉴스를 보다 보면 우리 사회에서 많은 일들이 일어나고 있는 것 같습니다. 어 긍정적인 소식보다는 부정적이고 참 보기에 안타까운 일들이 많이 일어나고 있는데요. 구급대원 폭행은 물론이고 어 다른 사람에게 폭행을 하거나 또 마약 등 여러 가지 사회적인 문제들이 나타나다고 있는 상황입니다. 어 일단 이런 상황이 많이 발생하는 거에 대해 안타까움을 느끼고요. 하지만 미연에 조금이라도 노력했으면 방지할 수 있는 일인데 이런 일이 발생하는 건 아무래도 제도적인 문제와 교육 부분에서 어 문제가 발생해 있을 것 같습니다. 우리는 어렸을 때부터 본인이 어떤 태도를 가져야 하고 또 삶에 대한 가치관을 갖는지에 대해서 배우게 되는데요. 어 실제로 우리나라는 학습적인 공부만 필요하고 이런 사회적인 교육이 제대로 안 되는 경우가 많습니다. 그래서 성인이 됐다고 하더라도 저는 사회적인 교육이 필요하다고 생각을 하는데요. 성인이 되면 개인의 결정권을 가지긴 하지만 중간중간에 본인의 판단력이 흐려지거나 문제가 발생할 수 있기 때문에 계속해서 이런 것들을 인지 시켜주고 잘못된 거는 바로 잡는 그런 교육들이 좀 진행되어야 한다고 생각을 합니다.","wordCount":147},"emotion":[],"intent":[{"text":"성인이 되면   개인의 결정권을 가지긴 하지만 중간중간에 본인의 판단력이 흐려지거나   문제가 발생할 수 있기 때문에 계속해서 이런 것들을 인지 시켜주고 잘못된 거는 바로 잡는   그런 교육들이 좀 진행되어야 한다고 생각을 합니다.","expression":"c_value","category":"background"}],"summary":{"text":"최근 우리 사회에서 구급대원 폭행 등 부정적이고 참기에 안타까운 일들이 많이 일어나고 있습니다. 이는 제도적인 문제와 교육적인 부분에서 문제가 발생했기 때문입니다. 학습적인 공부만 필요하고 사회적인 교육이 제대로 안 되는 경우가 많습니다. 따라서 성인이 되었어도 사회적인 교육이 필요합니다.","wordCount":37}}},"rawDataInfo":{"question":{"fileFormat":"wav","fileSize":508878,"duration":15900,"samplingBit":16,"channelCount":1,"samplingRate":"16kHz","audioPath":"/Mock/04.RND/Female/New/ckmk_q_rnd_f_n_114201.wav"},"answer":{"fileFormat":"wav","fileSize":2748878,"duration":85900,"samplingBit":16,"channelCount":1,"samplingRate":"16kHz","audioPath":"/Mock/04.RND/Female/New/ckmk_a_rnd_f_n_114201.wav"}}}