{"version":"1.0","dataSet":{"info":{"date":"20230116","occupation":"RND","channel":"MOCK","place":"ONLINE","gender":"FEMALE","ageRange":"-34","experience":"NEW"},"question":{"raw":{"text":"일을 하게 되면 중국으로 출장을 갈 일이 아무래도 생길 수도 있는데요 지원자님께서는 그러한 중국 출장도 괜찮다고 생각하시나요","wordCount":17},"emotion":[],"intent":[]},"answer":{"raw":{"text":"네 저는 중국 출장도 굉장히 좋아합니다. 어 실제로 중국은 아니지만 다른 외국에서 오랫동안 거주했던 경험이 있습니다. 당시 해외에 거주하면서 이런 다른 나라 문물에 접하는 것에 있어서 거부감이 전혀 없어졌고요. 그렇기 때문에 이런 출장 또한 저는 거부감 없이 갈 수 있습니다. 또 제가 중국어 관련해서 오랫동안 학습을 꾸준히 해왔기 때문에 일상 소통에 전혀 문제를 가지고 있지 않습니다. 이렇게 중국에 가서도 제가 원하던 바 그리고 제가 말하고자 하는 그 의도를 정확히 전달을 할 수 있기 때문에 일을 할 때 중국으로 출장을 가는 부분에 대해서는 전혀 문제될 것이 없다고 말씀드리고 싶습니다.","wordCount":88},"emotion":[],"intent":[{"text":"","expression":"","category":"attitude"}],"summary":{"text":"저는 중국 출장도 굉장히 좋아합니다. 실제로 다른 외국에서 오랫동안 거주하면서 다른 나라 문물에 접하는 것에 있어서 거부감이 없어졌기 때문입니다. 또한 중국어 관련해서 학습을 꾸준히 해왔기 때문에 일상 소통에 전혀 문제가 없습니다.","wordCount":31}}},"rawDataInfo":{"question":{"fileFormat":"wav","fileSize":454478,"duration":14200,"samplingBit":16,"channelCount":1,"samplingRate":"16kHz","audioPath":"/Mock/04.RND/Female/New/ckmk_q_rnd_f_n_290663.wav"},"answer":{"fileFormat":"wav","fileSize":1888366,"duration":59009,"samplingBit":16,"channelCount":1,"samplingRate":"16kHz","audioPath":"/Mock/04.RND/Female/New/ckmk_a_rnd_f_n_290663.wav"}}}