{"version":"1.0","dataSet":{"info":{"date":"20230116","occupation":"RND","channel":"MOCK","place":"ONLINE","gender":"FEMALE","ageRange":"-34","experience":"NEW"},"question":{"raw":{"text":"남들과 다른 지원자님만의 경쟁력이 있다면 설명해 주시고 경쟁력을 키우기 위해 어떤 노력을 했는지도 설명해 주세요","wordCount":15},"emotion":[],"intent":[]},"answer":{"raw":{"text":"저만의 경쟁력이 있는 포인트는 바로 목소리라고 생각을 합니다. 이 목소리를 가꾸기 위해서는 정말 많은 노력을 했습니다. 저는 사투리를 쓰기 때문에 이 사투리를 고치는데 너무 힘들었습니다. 경상도 사람 같은 경우는 쌀을 쌀과 살에 살 이런 식으로 발음을 합니다. 하지만 이것은 쉽게 고치기가 쉽지 않습니다. 그렇기 때문에 많은 노력이 필요한데요. 가부터 하까지 가 갸 거 겨 고 교 이렇게 발음 연습하는 것들 잘 알고 계시죠. 이런 연습을 매일매일 하다 보면 발음 교정이 가능합니다. 또한 경쟁력을 키우기 위해서는 나만의 목소리를 갖는 것이 중요하다고 생각을 합니다. 마냥 높은 목소리가 아닌 나만이 가지고 있는 목소리의 장점 이런 것들을 잘 찾아내야 된다고 생각을 합니다. 이것을 위해서는 저는 목 관리도 꾸준히 해 왔습니다. 목 관리를 어떻게 하는지 많이들 궁금해 하실 것 같은데요. 배와 도라지를 이용해서 항상 목을 관리하고요. 목에 균이 생기지 않기 위해서 약도 틈틈이 챙겨 먹고 있습니다. 컨디션 또한 중요하기 때문에 컨디션 관리도 필요합니다.","wordCount":138},"emotion":[],"intent":[{"text":"","expression":"","category":"attitude"}],"summary":{"text":"저는 사투리를 쓰기 때문에 사투리를 고치는데 힘들었지만 매일 발음 연습으로 발음 교정이 가능합니다. 또한 경쟁력을 키우기 위해서는 나만의 목소리를 갖는 것이 중요하다고 생각을 합니다. 이것을 위해서는 목 관리도 꾸준히 해 왔고 몸에 균이 생기지 않기 위해 약도 틈틈이 챙겨 먹고 있습니다.","wordCount":41}}},"rawDataInfo":{"question":{"fileFormat":"wav","fileSize":389198,"duration":12160,"samplingBit":16,"channelCount":1,"samplingRate":"16kHz","audioPath":"/Mock/04.RND/Female/New/ckmk_q_rnd_f_n_272868.wav"},"answer":{"fileFormat":"wav","fileSize":3788878,"duration":118400,"samplingBit":16,"channelCount":1,"samplingRate":"16kHz","audioPath":"/Mock/04.RND/Female/New/ckmk_a_rnd_f_n_272868.wav"}}}