{"version":"1.0","dataSet":{"info":{"date":"20230116","occupation":"RND","channel":"MOCK","place":"ONLINE","gender":"FEMALE","ageRange":"-34","experience":"NEW"},"question":{"raw":{"text":"본인이 창의적으로 어떤 문제를 해결한 경험이 있나요 그 과정을 최대한 자세하게 설명을 해 주시기 바랍니다","wordCount":15},"emotion":[],"intent":[]},"answer":{"raw":{"text":"창의적으로 문제를 해결한 경험은 바로 이것인 것 같습니다. 주말에 가족 모임이 있는데 회사에 급한 일이 생겨서 출근해야 하는 경험이었습니다. 이럴 때 저는 가족들에게 양해를 구하고 출근을 했습니다. 그리고 가족들에게 미안한 만큼 더 집중해서 해야 하는 일을 말끔하게 처리했습니다. 과거 아르바이트를 하면서 뒷타임에 와야 하는 동료가 갑자기 펑크를 내어서 매장을 비울 수 없었을 때도 사정을 설명하고 저녁 식사에 참석하지 못한 적이 있었습니다. 그때 부모님께서는 서운해 하시긴 했지만 아르바이트도 사회생활인 만큼 책임감 있는 자세는 좋다고 칭찬해 주셨습니다. 회사 생활에서 필요한 일이라면 더욱 지지해 줄 것이라고 생각을 합니다. 출근해서 업무를 마친 후에 가족들이 좋아하는 맛있는 간식을 사서 미안한 마음과 고마움을 전하겠습니다. 저는 이러한 문제를 해결한 경험이 있습니다. 앞으로도 이렇게 창의적으로 해결할 예정입니다. 그렇기 때문에 저는 항상 이런 문제가 생기면 양해를 구하고 모든 상황을 헤쳐 나갔습니다. 감사합니다.","wordCount":123},"emotion":[],"intent":[{"text":"주말에 가족 모임이 있는데 회사에 급한 일이 생겨서 출근해야 하는 경험이었습니다.","expression":"c_private","category":"background"},{"text":"과거 아르바이트를 하면서 뒷타임에 와야 하는 동료가 갑자기 펑크를 내어서 매장을 비울 수 없었을 때도 사정을 설명하고 저녁 식사에 참석하지 못한 적이 있었습니다.","expression":"c_private","category":"background"}],"summary":{"text":"창의적으로 문제를 해결한 경험으로 주말에 가족 모임이 있는데 회사에 급한 일이 생겨서 출근해야 할 때 가족들에게 양해를 구하고 출근했습니다. 과거 아르바이트로 저녁 식사에 참여하지 못한 적이 있는데 부모님은 책임감 있는 자세는 좋다고 칭찬해 주셨습니다. 앞으로 필요한 일이라면 더욱 지지해 줄 것이라고 생각합니다.","wordCount":42}}},"rawDataInfo":{"question":{"fileFormat":"wav","fileSize":417358,"duration":13040,"samplingBit":16,"channelCount":1,"samplingRate":"16kHz","audioPath":"/Mock/04.RND/Female/New/ckmk_q_rnd_f_n_279622.wav"},"answer":{"fileFormat":"wav","fileSize":3806478,"duration":118950,"samplingBit":16,"channelCount":1,"samplingRate":"16kHz","audioPath":"/Mock/04.RND/Female/New/ckmk_a_rnd_f_n_279622.wav"}}}