{"version":"1.0","dataSet":{"info":{"date":"20230116","occupation":"RND","channel":"MOCK","place":"ONLINE","gender":"FEMALE","ageRange":"-34","experience":"NEW"},"question":{"raw":{"text":"지원자님께서 입사를 하고 나서 기존에 원하던 일을 못 하게 되었을 수 있습니다 이 경우에 어떻게 하시겠습니까 그리고 그렇게 할 이유도 함께 말씀해 주세요","wordCount":23},"emotion":[],"intent":[]},"answer":{"raw":{"text":"만약 입사 후 기존에 하고 싶었던 업무를 하지 못하고 다른 직무를 맡게 된다면 아무래도 처음에는 당황하고 어리숙게 하는 부분이 있을 것이라고 생각합니다. 그러나 전혀 다른 직무를 제게 맡기신 데에는 이유가 있을 것이라고 생각합니다. 제게 적절하다고 판단하여서 이 일을 주지 않았을까요. 그렇다면 저는 일단 제게 주어진 업무가 무엇인지 파악해보고 이에 관련하여서 회사내 팀원과 상사분들에게 조언을 구하고 어떻게 하면 이 일들을 제가 잘 소화해낼 수 있을지 고려해 볼 것 같습니다. 노력하는 자에게는 꼭 행운이 찾아온다고 믿습니다. 아무리 다른 일 일들과 직무라고 해도 노력해서 맡은 일을 천천히 잘 처리하다 보면 분명 그것이 제가 하고 싶은 직무가 아니더라도 제가 살아가는 데 있어서 좋은 경험이 될 것이라고 믿습니다.","wordCount":103},"emotion":[],"intent":[{"text":"","expression":"","category":"attitude"}],"summary":{"text":"저는 제게 주어진 업무가 무엇인지 파악하고 회사내 팀원과 상사분들에게 조언을 구하고 어떻게 하면 이 일들을 제가 잘 소화해낼 수 있을지 고려해 볼 것 같습니다. 노력하는 자에게는 꼭 행운이 찾아오고 노력해서 맡은 일을 천천히 잘 처리다 보면 좋은 경험이 될 것입니다.","wordCount":40}}},"rawDataInfo":{"question":{"fileFormat":"wav","fileSize":474638,"duration":14830,"samplingBit":16,"channelCount":1,"samplingRate":"16kHz","audioPath":"/Mock/04.RND/Female/New/ckmk_q_rnd_f_n_261075.wav"},"answer":{"fileFormat":"wav","fileSize":2084558,"duration":65140,"samplingBit":16,"channelCount":1,"samplingRate":"16kHz","audioPath":"/Mock/04.RND/Female/New/ckmk_a_rnd_f_n_261075.wav"}}}