{"version":"1.0","dataSet":{"info":{"date":"20230116","occupation":"RND","channel":"MOCK","place":"ONLINE","gender":"FEMALE","ageRange":"45-54","experience":"NEW"},"question":{"raw":{"text":"만약 상사가 업무와 무관한 일을 지시한다면 그때도 잘 수행할 자신이 있으실까요 아니면 수행하지 않을 건가요","wordCount":15},"emotion":[],"intent":[]},"answer":{"raw":{"text":"기본적으로 저는 회사에서 상사가 저에게 지시한 일을 잘 수행하고자 노력하는 편에 속합니다. 하지만 어 상사가 시키는 업무가 어 제가 지금 하고 있는 업무와 무관한 일 혹은 회사의 일과 전혀 무관한 개인적인 일을 시킨다면 저는 그 일을 수행하지 않겠습니다. 최근에 사회적으로 여러 가지 이슈가 되었던 문제들 중의 하나가 상사에 과도한 갑질이었습니다. 어 회사의 업무가 아닌 어 상사 개인의 어떤 심부름을 하거나 상사의 집안일을 어 아래 부하 직원이 가서 어 도와주는 그런 경우들을 어 신문 기사에서 본 적이 있습니다. 어 저는 제가 생각할 때 그런 회사에서 그런 상사가 시키는 업무는 하지 않는 것이 옳다고 생각합니다. 제가 회사에 들어간 이유는 회사 전체의 이익을 위해서 어 어떤 업무를 맡아서 어 그 일을 진행하는 것이지 상사 개인의 일을 하기 위해서 그 회사에 입사를 해서 월급은 월급을 받는 것은 아니라고 생각을 합니다. 그래서 처음에는 아마도 상사가 그런 일을 시켰을 때 처음부터 딱 잘라 거절하기에는 힘들 수 있다 고 생각을 합니다. 하지만 그런 일이 한 번 두 번이 아니라 연속적으로 지속이 된다 면 저는 상사에게 이런 일은 할 수 없다고 어 딱 잘라서 네 그리고 음 굉장히 어 정확하게 할 수 없는 일이라는 말을 전하고 하지 않도록 하겠습니다.","wordCount":181},"emotion":[],"intent":[{"text":"하지만 어 상사가 시키는 업무가 어 제가 지금 하고 있는 업무와 무관한 일 혹은 회사의 일과 전혀 무관한 개인적인 일을 시킨다면 저는 그 일을 수행하지 않겠습니다.","expression":"c_adp","category":"personality"},{"text":"어 저는 제가 생각할 때 그런 회사에서 그런 상사가 시키는 업무는 하지 않는 것이 옳다고 생각합니다.","expression":"c_adp","category":"personality"}],"summary":{"text":"최근 사회적 이슈 중 하나가 상사에 대한 과도한 갑질이었습니다. 저는 회사 전체의 이익을 위해서 어떤 업무를 맡아서 그 일을 진행하는 것이지 상사 개인의 일을 위해서 그 회사에 입사해서 월급을 받는 것은 아니라고 생각합니다. 상사가 시키는 업무가 업무와 무관한 일, 회사와 무관한 개인적인 일을 시킨다면 그 일을 수행하지 않겠습니다.","wordCount":48}}},"rawDataInfo":{"question":{"fileFormat":"wav","fileSize":310478,"duration":9700,"samplingBit":16,"channelCount":1,"samplingRate":"16kHz","audioPath":"/Mock/04.RND/Female/New/ckmk_q_rnd_f_n_275150.wav"},"answer":{"fileFormat":"wav","fileSize":3639118,"duration":113720,"samplingBit":16,"channelCount":1,"samplingRate":"16kHz","audioPath":"/Mock/04.RND/Female/New/ckmk_a_rnd_f_n_275150.wav"}}}