{"version":"1.0","dataSet":{"info":{"date":"20230116","occupation":"RND","channel":"MOCK","place":"ONLINE","gender":"FEMALE","ageRange":"45-54","experience":"NEW"},"question":{"raw":{"text":"만약 지원자님께서 지금 지원하신 이 직무가 아닌 다른 부서에 배치되게 된다면 어떻게 하시겠습니까 아예 다른 업무를 보게 되어도 괜찮으신가요","wordCount":19},"emotion":[],"intent":[]},"answer":{"raw":{"text":"만약에 제가 지원한 직무가 아닌 다른 부서로 배정이 된다고 해도 저는 그 직무를 잘 수행할려고 노력할 것입니다. 그 이유로 말씀드릴 것 같으면 어 저의 능력을 제가 가지고 있는 저도 알 수 없는 그런 잠재적인 능력을 면접관분들께서 파악하시고 그 부분을 평가하시어 저를 다른 부서에 배치를 하셨다고 생각이 됩니다. 물론 처음에 그런 부분에 관해서 이유를 여쭤볼 수도 있을 것 같습니다 .하지만 그 이유 여하를 막론하고 저는 저의 능력을 펼칠 수 있는 잠재력을 보시고 그 부서에 배치했다고 생각하기 때문에 저는 어떠한 부서에 배치되더라도 최선을 다해서 직무를 수행할 것입니다. 그러다 보면 제가 지원했던 제가 스스로 생각했을 때 잘 할 수 있었다고 생각하는 부서에 또 배치될 수 있을 것이라고 생각하구요. 또한 직무라는 것이 다 유기적으로 연결되어 있기 때문에 새로운 직무 다른 직무와 함께 여러 가지를 다 해보는 것이 업무를 수행하는 데에 저의 능력을 배가하는 데에는 더 필요하다고 생각합니다.","wordCount":133},"emotion":[],"intent":[{"text":"","expression":"","category":"attitude"}],"summary":{"text":"직무가 유기적으로 연결되어 있기 때문에 새로운 직무 다른 직무와 함께 여러 가지를 다 해보는 것이 업무를 수행하는 데에 저의 능력을 배가하는 데에는 더 필요하다고 생각합니다.","wordCount":25}}},"rawDataInfo":{"question":{"fileFormat":"wav","fileSize":457998,"duration":14310,"samplingBit":16,"channelCount":1,"samplingRate":"16kHz","audioPath":"/Mock/04.RND/Female/New/ckmk_q_rnd_f_n_141575.wav"},"answer":{"fileFormat":"wav","fileSize":2848078,"duration":89000,"samplingBit":16,"channelCount":1,"samplingRate":"16kHz","audioPath":"/Mock/04.RND/Female/New/ckmk_a_rnd_f_n_141575.wav"}}}