{"version":"1.0","dataSet":{"info":{"date":"20230116","occupation":"RND","channel":"MOCK","place":"ONLINE","gender":"FEMALE","ageRange":"-34","experience":"NEW"},"question":{"raw":{"text":"동물실험이 인간에게 주는 이익에 관해서 말씀해 주세요 동물실험에 대한 본인의 생각도 궁금합니다","wordCount":12},"emotion":[],"intent":[]},"answer":{"raw":{"text":"동물 실험에 대한 논쟁은 이전부터 많은 논쟁이 오간 주제입니다. 동물 실험을 실시하였을 때 인간은 가장 먼저 위험성에 대한 부분을 동물에게 넘겨서 고통이나 부정적인 결과에 대한 위험으로부터 보호받을 수 있다는 것이 아마도 가장 큰 이익일 것입니다. 생리학적으로 동물과 인간의 메커니즘은 큰 차이를 가지고 있을 것입니다. 동물에게 진행한 실험이 그대로 인간에게도 같은 결과가 일어날 것이라고 단언하기에는 어렵습니다. 저는 이러한 이유들로 동물 실험을 반대하고 있습니다. 시대가 지나면서 윤리의식이 많이 바뀌었고 오늘 실험 또한 현대적인 윤리 기준에 맞춰서 반영을 해야 한다고 생각을 합니다. 최대한 고통이 없고 인도적인 방식으로 동물들을 다루어야 옳다고 생각합니다.","wordCount":88},"emotion":[],"intent":[{"text":"","expression":"","category":"attitude"}],"summary":{"text":"동물 실험에 대한 논쟁에서 인간은 가장 먼저 위험성에 대한 부분을 동물에게 넘겨서 고통이나 부정적인 결과에 대한 위험으로부터 보호받을 수 있다는 것이 가장 큰 이익일 것입니다. 저는 이러한 이유들로 동물 실험을 반대하고 있습니다.","wordCount":32}}},"rawDataInfo":{"question":{"fileFormat":"wav","fileSize":326798,"duration":10210,"samplingBit":16,"channelCount":1,"samplingRate":"16kHz","audioPath":"/Mock/04.RND/Female/New/ckmk_q_rnd_f_n_255788.wav"},"answer":{"fileFormat":"wav","fileSize":1809358,"duration":56540,"samplingBit":16,"channelCount":1,"samplingRate":"16kHz","audioPath":"/Mock/04.RND/Female/New/ckmk_a_rnd_f_n_255788.wav"}}}