{"version":"1.0","dataSet":{"info":{"date":"20230116","occupation":"RND","channel":"MOCK","place":"ONLINE","gender":"FEMALE","ageRange":"-34","experience":"NEW"},"question":{"raw":{"text":"구조물을 설계할 때 고려해야 할 점은 무엇일까요 세 가지로 말씀해 주시고 그 세 가지의 각각 이유에 대해서도 말씀해 주세요","wordCount":19},"emotion":[],"intent":[]},"answer":{"raw":{"text":"구조물을 설계할 때 아무래도 설계 측과 시공 측이 고려하는 점이 다를 것이라고 생각됩니다. 설계쪽 분야는 재료 효율을 중요하게 생각할 것이고 시공적 분야는 시공의 용의성을 가장 중요하게 고려할 것입니다. 설계의 시공 경험이 이러한 두 가지 고려점을 둘 다 밸런스 있게 고려를 할 수 있다고 생각합니다. 제가 그러한 시공 경험이 많은지 안목이 있는지를 가장 먼저 생각하고 현재 주어진 상황에서 가지고 있는 것들이 충분히 큰 효율을 도출해 낼 수 있을지를 고민할 것 같습니다. 물론 아직까지는 국내에서는 인건비보다는 재료비 비중이 크기 때문에 저 또한 안정성을 해치지 않는 선에서 재료 효율을 더 따져서 그 점을 설계를 진행할 것 같습니다.","wordCount":94},"emotion":[],"intent":[{"text":"","expression":"","category":"attitude"}],"summary":{"text":"구조물 설계 시 설계측은 재료 효율을, 시공적 분야는 시공의 용의성을 가장 중요하게 고려하므로 시공 경험이 두 가지 고려점을 모두 고려하여 설계를 진행할 수 있습니다.","wordCount":24}}},"rawDataInfo":{"question":{"fileFormat":"wav","fileSize":515278,"duration":16100,"samplingBit":16,"channelCount":1,"samplingRate":"16kHz","audioPath":"/Mock/04.RND/Female/New/ckmk_q_rnd_f_n_254579.wav"},"answer":{"fileFormat":"wav","fileSize":1687438,"duration":52730,"samplingBit":16,"channelCount":1,"samplingRate":"16kHz","audioPath":"/Mock/04.RND/Female/New/ckmk_a_rnd_f_n_254579.wav"}}}