{"version":"1.0","dataSet":{"info":{"date":"20230116","occupation":"RND","channel":"MOCK","place":"ONLINE","gender":"FEMALE","ageRange":"45-54","experience":"NEW"},"question":{"raw":{"text":"오늘 이렇게 면접을 오셨는데 만약에 오늘 의사에게 내일 죽는다는 고지를 갑자기 받으셨으면 당장에 뭘 할 것인지 이 면접에 오실 것인지 그것도 궁금합니다","wordCount":22},"emotion":[],"intent":[]},"answer":{"raw":{"text":"어 굉장히 어려운 질문인 것 같습니다. 일단 제가 내일 죽는다는 사실을 어 알게 됐더라도 어 지금 현재 하고 있는 일을 먼저 끝낼 것 같습니다. 제가 지금 현재 면접을 보고 있는데 어 이 면접을 끝까지 보는 것 또한 저의 인생을 마무리하는 것에 또 굉장히 중요한 일이라고 생각이 됩니다. 긴 시간이 주어지지 않고 하루 정도 주어진 상황에서 지금 현재 하고 있는 일을 일단 마무리하고 그 다음에 집에 가서 가족들과 함께 보낼 것 같습니다. 어 결국은 어 나에게 남는 내 옆에 있는 가장 소중한 사람들과 마지막을 보내는 것이 그게 제 인생을 마무리하는데 가장 어 보람된 일이라 생각이 됩니다. 일단 제가 결혼해서 아이를 낳았기 때문에 그 결혼을 하게 된 저의 배우자와 함께 하고 싶고 그다음에 제가 열 달 배 아파서 난 우리 아이들과도 저의 분신이죠 그 아이들과도 함께 하고 싶습니다. 그리고 기회가 된다면 저희 부모님과 꼭 인사를 나누고 저희 부모님에게 어 맛있는 식사를 대접하고 싶은 게 제가 하고 싶은 일입니다.","wordCount":146},"emotion":[],"intent":[{"text":"","expression":"","category":"attitude"}],"summary":{"text":"내일 죽는다는 사실을 알게 됐더라도 지금 현재 하고 있는 일을 먼저 끝낼 것 같습니다. 그리고 나중에 가족과 함께 할 것 같은데, 결국은 나에게 남는 제 옆에 있는 가장 소중한 사람들과 마지막을 보내는 것이 제 인생을 마무리하는데 가장 보람된 일이라 생각합니다.","wordCount":40}}},"rawDataInfo":{"question":{"fileFormat":"wav","fileSize":511438,"duration":15980,"samplingBit":16,"channelCount":1,"samplingRate":"16kHz","audioPath":"/Mock/04.RND/Female/New/ckmk_q_rnd_f_n_149853.wav"},"answer":{"fileFormat":"wav","fileSize":2752078,"duration":86000,"samplingBit":16,"channelCount":1,"samplingRate":"16kHz","audioPath":"/Mock/04.RND/Female/New/ckmk_a_rnd_f_n_149853.wav"}}}