{"version":"1.0","dataSet":{"info":{"date":"20230116","occupation":"RND","channel":"MOCK","place":"ONLINE","gender":"FEMALE","ageRange":"-34","experience":"NEW"},"question":{"raw":{"text":"엔지니어로서 저희 회사에 입사한 뒤 오 년 그리고 십 년 뒤에 본인이 어떤 모습일지 말씀해 보세요","wordCount":16},"emotion":[],"intent":[]},"answer":{"raw":{"text":"어 체계적인 성장 플랜을 가지고 성장 방향을 정해서 향후 가장 영향력 있고 미래 유망한 기업으로 손꼽히고 있는 어 저희 귀사에서 어 저는 어 친환경 원유 정제 분야에 대해 또 관심을 가지고 있기 때문에 어 아로마틱 콤플렉스나 미래 성장 동력에 대해서 최대한 많은 기여를 하고 싶습니다. 어 그리고 아무래도 요즘 에너지 분야가 어 친환경에 대한 그런 관심이 고조되고 있기 때문에 친 친환경 관련해서 그런 원유 정제법을 또 개발을 하고 그것을 또 같이 팀과 함께 같이 보여드리면서 그러한 업적을 달성해 보고 싶습니다. 어 그래서 후배들에게 귀감이 되어주는 그런 선배의 모습을 또 보여드리고 싶습니다.","wordCount":91},"emotion":[{"text":"어 체계적인 성장 플랜을 가지고 성장 방향을 정해서 향후 가장 영향력 있고 미래 유망한 기업으로 손꼽히고 있는 어 저희 귀사에서 어 저는 어 친환경 원유 정제 분야에 대해 또 관심을 가지고 있기 때문에 어 아로마틱 콤플렉스나 미래 성장 동력에 대해서 최대한 많은 기여를 하고 싶습니다.","expression":"p-interest","category":"positive"},{"text":"어 그리고 아무래도 요즘 에너지 분야가 어 친환경에 대한 그런 관심이 고조되고 있기 때문에 친 친환경 관련해서 그런 원유 정제법을 또 개발을 하고 그것을 또 같이 팀과 함께 같이 보여드리면서 그러한 업적을 달성해 보고 싶습니다.","expression":"p-interest","category":"positive"}],"intent":[{"text":"어 체계적인 성장 플랜을 가지고 성장 방향을 정해서 향후 가장 영향력 있고 미래 유망한 기업으로 손꼽히고 있는 어 저희 귀사에서 어 저는 어 친환경 원유 정제 분야에 대해 또 관심을 가지고 있기 때문에 어 아로마틱 콤플렉스나 미래 성장 동력에 대해서 최대한 많은 기여를 하고 싶습니다.","expression":"c_sincere_co","category":"etc"}],"summary":{"text":"귀사에서 친환경 원유 정제 분야에 관심을 가지고 있기 때문에 아로마틱 콤플렉스나 미래 성장 동력에 대해서 최대한 많은 기여를 하고 싶습니다. 친환경 관련해서는 원유 정제법을 개발해서 같이 달성해 보고 싶습니다","wordCount":29}}},"rawDataInfo":{"question":{"fileFormat":"wav","fileSize":338318,"duration":10570,"samplingBit":16,"channelCount":1,"samplingRate":"16kHz","audioPath":"/Mock/04.RND/Female/New/ckmk_q_rnd_f_n_262533.wav"},"answer":{"fileFormat":"wav","fileSize":1833358,"duration":57290,"samplingBit":16,"channelCount":1,"samplingRate":"16kHz","audioPath":"/Mock/04.RND/Female/New/ckmk_a_rnd_f_n_262533.wav"}}}