{"version":"1.0","dataSet":{"info":{"date":"20230116","occupation":"RND","channel":"MOCK","place":"ONLINE","gender":"FEMALE","ageRange":"-34","experience":"NEW"},"question":{"raw":{"text":"만약 지원자님께서 어 입사를 하게 되셨는데 지금 지원하신 이 직무가 아닌 다른 부서에 배치가 되실 수 있는데요 그렇게 된다면 어떻게 대처하실 건가요","wordCount":22},"emotion":[],"intent":[]},"answer":{"raw":{"text":"가장 좋은 건 제가 지원한 이 직무에 합격을 해서 해당 직무를 수행할 수 있다면 가장 좋겠지만 어 다른 부서에 배치된다고 하더라도 저는 입사를 할 것 같습니다. 왜냐하면 이 회사는 제가 어릴 적부터 굉장히 동경해 왔던 회사입니다. 어릴 적부터 이 회사에 취직하는 것을 목표로 열심히 달려왔기 때문에 꼭 이 회사에 들어와서 체계나 많은 분들을 뵙고 저는 경험을 쌓고 싶은데요. 그러다보니 제가 소화를 하지 못한다고 하더라도 다른 부서에 가서 일을 배우고 싶습니다. 꼭 제가 지원한 직무 뿐 아니더라도 다른 부서에 가서도 배울 수 있는 점이 충분히 많다고 생각이 되기 때문에 배치된다고 하면은 그래도 지원할 것 같습니다.","wordCount":94},"emotion":[],"intent":[{"text":"가장 좋은 건 제가 지원한 이 직무에 합격을 해서 해당 직무를 수행할 수 있다면 가장 좋겠지만 어 다른 부서에 배치된다고 하더라도 저는 입사를 할 것 같습니다.","expression":"c_adp","category":"personality"},{"text":"꼭 제가 지원한 직무 뿐 아니더라도 다른 부서에 가서도 배울 수 있는 점이 충분히 많다고 생각이 되기 때문에 배치된다고 하면은 그래도 지원할 것 같습니다.","expression":"c_sincere_job","category":"etc"}],"summary":{"text":"제가 지원한 직무에 합격해서 해당 직무를 수행할 수 있다면 가장 좋겠지만 어 다른 부서에 배치된다고 하더라도 저는 입사를 할 것 같습니다. 다른 부서에서 배울 수 있는 점이 많기 때문에 배치된다면 지원할 것 같다고 생각합니다.","wordCount":34}}},"rawDataInfo":{"question":{"fileFormat":"wav","fileSize":467918,"duration":14620,"samplingBit":16,"channelCount":1,"samplingRate":"16kHz","audioPath":"/Mock/04.RND/Female/New/ckmk_q_rnd_f_n_289744.wav"},"answer":{"fileFormat":"wav","fileSize":2011598,"duration":62860,"samplingBit":16,"channelCount":1,"samplingRate":"16kHz","audioPath":"/Mock/04.RND/Female/New/ckmk_a_rnd_f_n_289744.wav"}}}