{"version":"1.0","dataSet":{"info":{"date":"20230116","occupation":"RND","channel":"MOCK","place":"ONLINE","gender":"FEMALE","ageRange":"-34","experience":"NEW"},"question":{"raw":{"text":"만약 지원자님께서 게임 속 캐릭터라면 이때 어떤 게임에서 어떤 역할을 맡아서 그 게임을 한번 해보고 싶으신가요","wordCount":16},"emotion":[],"intent":[]},"answer":{"raw":{"text":"어 제가 게임 속 캐릭터 라면 저는 롤이라는 게임에서 음 탑 부분에서 어 게임을 하는 그런 캐릭터가 되고 싶습니다. 롤에서 탑 캐릭터가 된다는 것은 어 리더의 역할을 한다는 것과 다름이 없는데요. 가장 선두에 서서 어 적의 동태를 살피고 적이 어떻게 전략을 짰는지를 파악하면서 이기기 위한 전략 우리 팀의 전략을 수립하고 또 팀원들에게 각각의 역할을 잘 해낼 수 있도록 독려하는 그런 역할을 하는 캐릭터입니다. 저는 어 대학 시절부터 이전 회사에서 일을 할 때까지 어 다양한 프로젝트 프로젝트에 임해 왔는데 그때마다 리더의 역할을 하면서 보람을 느껴왔습니다. 팀원들과 함께 친밀감을 싹 쌓고 또 그 과정에서 어 그 사람들의 특성을 발견하고 또 그 특성에 맞는 역할을 부여하는 그런 일들이 굉장히 재미있고 재미있었습니다. 어 그 결과 프로젝트도 다양한 성공의 경험이 있는데요. 께임 속 캐릭터 중에서 그런 역할을 맡는다면 그 께임도 성공으로 이끌 수 있지 않을까 하는 생각이 듭니다.","wordCount":133},"emotion":[{"text":"저는 어 대학 시절부터 이전 회사에서 일을 할 때까지 어 다양한 프로젝트 프로젝트에 임해 왔는데 그때마다 리더의 역할을 하면서 보람을 느껴왔습니다.","expression":"p-achievement","category":"positive"},{"text":"팀원들과 함께 친밀감을 싹 쌓고 또 그 과정에서 어 그 사람들의 특성을 발견하고 또 그 특성에 맞는 역할을 부여하는 그런 일들이 굉장히 재미있고 재미있었습니다.","expression":"p-happiness","category":"positive"}],"intent":[{"text":"","expression":"","category":"attitude"}],"summary":{"text":"롤에서 탑 캐릭터가 된다면 리더의 역할을 하는 것 같습니다. 리더로서 팀원들과 친밀감을 쌓고 특성에 맞는 역할을 부여하는 일이 재미있었고 그 결과 프로젝트도 다양한 성공의 경험이 있습니다. 게임 속 캐릭터 중에서 그런 역할을 맡는다면 게임도 성공으로 이끌 수 있다고 생각합니다.","wordCount":39}}},"rawDataInfo":{"question":{"fileFormat":"wav","fileSize":301518,"duration":9420,"samplingBit":16,"channelCount":1,"samplingRate":"16kHz","audioPath":"/Mock/04.RND/Female/New/ckmk_q_rnd_f_n_270314.wav"},"answer":{"fileFormat":"wav","fileSize":2881998,"duration":90060,"samplingBit":16,"channelCount":1,"samplingRate":"16kHz","audioPath":"/Mock/04.RND/Female/New/ckmk_a_rnd_f_n_270314.wav"}}}