{"version":"1.0","dataSet":{"info":{"date":"20230116","occupation":"RND","channel":"MOCK","place":"ONLINE","gender":"FEMALE","ageRange":"-34","experience":"NEW"},"question":{"raw":{"text":"만약 일을 하던 중에 팀원과 불화가 생긴다면 어떻게 해결하실 건가요 본인의 해결법과 그렇게 하시려는 이유도 함께 말씀해 주세요","wordCount":18},"emotion":[],"intent":[]},"answer":{"raw":{"text":"저희는 똑같은 사람이 아니기 때문에 이런 팀 활동을 하면은 불화가 생기는 거는 당연하다고 생각합니다. 그렇기 때문에 불화가 생기게 된다면 저는 대화로서 타협을 할 것 같습니다. 어 실제로 제가 학창 시절 이런 팀 활동을 한 적이 있었는데요. 어 팀 활동 도중에 팀원 두 명이 의견이 맞지 않았고 의견이 맞지 않아서 다툼이 생겼던 경험이 있습니다. 어 많은 사람들의 앞에서 어떠한 폭력 행위도 진행이 되곤 했었는데요. 이 불화를 해결하기 위해서 저는 가장 먼저 대화를 선택했습니다. 한 친구랑 먼저 대화를 한 뒤 그다음 친구랑 대화를 했고 서로 원하는 바를 조합을 해서 세 명이 모인 자리에서 서로 앙금을 풀 수 있도록 대화를 유도를 한 경험이 있었는데요. 어 제 이런 경험에 비추어 봤을 때 불화가 생긴다면 가장 먼저 대화를 하고 대화가 통하지 않는다면 다른 방법을 고민해 볼 것 같습니다.","wordCount":123},"emotion":[],"intent":[{"text":"그렇기 때문에 불화가 생기게 된다면 저는 대화로서 타협을 할 것 같습니다.","expression":"c_confl_mg","category":"personality"},{"text":"이 불화를 해결하기 위해서 저는 가장 먼저 대화를 선택했습니다.","expression":"c_confl_mg","category":"personality"},{"text":"한 친구랑 먼저 대화를 한 뒤 그다음 친구랑 대화를 했고 서로 원하는 바를 조합을 해서 세 명이 모인 자리에서 서로 앙금을 풀 수 있도록 대화를 유도를 한 경험이 있었는데요.","expression":"c_confl_mg","category":"personality"},{"text":"어 제 이런 경험에 비추어 봤을 때 불화가 생긴다면 가장 먼저 대화를 하고 대화가 통하지 않는다면 다른 방법을 고민해 볼 것 같습니다.","expression":"c_confl_mg","category":"personality"}],"summary":{"text":"팀 활동에서 불화가 생기면 대화로 타협해야 합니다. 학창 시절 팀원 두 명이 의견이 맞지 않아 다툼이 생겼던 적이 있습니다. 불화 해결을 위해 한 친구랑 먼저 대화를 한 뒤 다른 친구랑 대화를 했고 세 명이 모인 자리에서 서로 앙금을 풀 수 있도록 대화를 유도했습니다.","wordCount":43}}},"rawDataInfo":{"question":{"fileFormat":"wav","fileSize":617678,"duration":19300,"samplingBit":16,"channelCount":1,"samplingRate":"16kHz","audioPath":"/Mock/04.RND/Female/New/ckmk_q_rnd_f_n_266957.wav"},"answer":{"fileFormat":"wav","fileSize":2220878,"duration":69400,"samplingBit":16,"channelCount":1,"samplingRate":"16kHz","audioPath":"/Mock/04.RND/Female/New/ckmk_a_rnd_f_n_266957.wav"}}}