{"version":"1.0","dataSet":{"info":{"date":"20230116","occupation":"RND","channel":"MOCK","place":"ONLINE","gender":"FEMALE","ageRange":"-34","experience":"NEW"},"question":{"raw":{"text":"만약에 일을 하고 있는데 팀원과 불화가 생깁니다 그럼 이때 어떻게 해결을 하시겠습니까 해결법과 그 이유를 말씀해 주시기 바랍니다","wordCount":18},"emotion":[],"intent":[]},"answer":{"raw":{"text":"일을 하던 중 팀원과 불화가 생긴다면 저는 최대한 대화로 해결을 하고 싶습니다. 보통 불만이 생기거나 논쟁이 생겼을 때 화를 삭힌 다음 이틀 삼 일이 지나서 이야기하는 사람들이 있는데요. 그랬을 경우 그 당시의 감정이 기억나지 않고 얼버무려지는 경우가 있기 때문에 저는 바로바로 대화로 해결을 하고 싶습니다. 대화로 해결을 한다면 이 사람과 다퉜을 경우라도 조금 더 끈끈해질 수 있는 계기가 생길 뿐만 아니라 또 다른 모습도 발견할 수 있기 때문에 이 대화법이 굉장히 중요하다고 생각합니다. 대화를 어떻게 하느냐에 따라서 해결이 되고 안 되고 그럴 수 있는데요. 대화는 최대한 부드럽게 유하게 해야 한다고 생각합니다. 감정이 격해진 상태에서 감정적으로 이야기하다 보면 불화가 더 심해지기 때문에 불화를 해결해야 한다면 부드럽게 이야기를 꼭 해야 한다고 생각을 합니다. 저는 이렇게 해결을 하고 싶습니다.","wordCount":116},"emotion":[],"intent":[{"text":"일을 하던 중 팀원과 불화가 생긴다면 저는 최대한 대화로 해결을 하고 싶습니다.","expression":"c_confl_mg","category":"personality"},{"text":"그랬을 경우 그 당시의 감정이 기억나지 않고 얼버무려지는 경우가 있기 때문에 저는 바로바로 대화로 해결을 하고 싶습니다.","expression":"c_confl_mg","category":"personality"},{"text":"대화로 해결을 한다면 이 사람과 다퉜을 경우라도 조금 더 끈끈해질 수 있는 계기가 생길 뿐만 아니라 또 다른 모습도 발견할 수 있기 때문에 이 대화법이 굉장히 중요하다고 생각합니다.","expression":"c_confl_mg","category":"personality"},{"text":"대화는 최대한 부드럽게 유하게 해야 한다고 생각합니다.","expression":"c_confl_mg","category":"personality"},{"text":"보면 불화가 더 심해지기 때문에 불화를 해결해야 한다면 부드럽게 이야기를 꼭 해야 한다고 생각을 합니다.","expression":"c_confl_mg","category":"personality"}],"summary":{"text":"일을 하던 중 팀원과 불화가 생겼다면 최대한 대화로 해결해야 합니다. 감정적으로 이야기하다 보면 불화가 더 심해지기 때문에 불화를 해결해야 한다면 부드럽게 이야기를 꼭 해야 한다고 생각합니다.","wordCount":26}}},"rawDataInfo":{"question":{"fileFormat":"wav","fileSize":431438,"duration":13480,"samplingBit":16,"channelCount":1,"samplingRate":"16kHz","audioPath":"/Mock/04.RND/Female/New/ckmk_q_rnd_f_n_258155.wav"},"answer":{"fileFormat":"wav","fileSize":3786318,"duration":118320,"samplingBit":16,"channelCount":1,"samplingRate":"16kHz","audioPath":"/Mock/04.RND/Female/New/ckmk_a_rnd_f_n_258155.wav"}}}