{"version":"1.0","dataSet":{"info":{"date":"20230116","occupation":"RND","channel":"MOCK","place":"ONLINE","gender":"FEMALE","ageRange":"35-44","experience":"NEW"},"question":{"raw":{"text":"혹시 매일 공부하고 있는 분야가 따로 있으신가요 있다면 그것을 왜 공부하고 계시는지 함께 구체적으로 설명해 주세요","wordCount":16},"emotion":[],"intent":[]},"answer":{"raw":{"text":"지금 제가 매일 하고 있는 공부는 영어입니다. 매일 영어를 읽고 듣고 매일 영어를 말하고 쓰고 있습니다. 매일 영어를 접하면서 무수한 시행착오로 겪었습니다. 영어를 매일 접해야 하는 이유는 첫 번째는 언어는 노출 없이 배울 수가 없습니다. 두 번째는 두려움이 사라지고 자신감이 생깁니다.세 번째는 영어 습관이 생긴다는 것입니다. 영어는 정말 우리가 딱 한국에 있는 동안에 약 열 시간 동안만 노출이 됩니다. 의식적이고 무의식적인 간에 십만 시간을 부정할 수 없는 시간입니다. 영어를 제대로 배운다면 몇 시간은 못 채우더라도 십만 시간에 가깝게 매일 노출시켜야 합니다. 어 처음으로 영어 강의를 시작했습니다. 당시에 영어 관련 자격증도 없었어도 그냥 휴학생 처지였습니다. 하지만 영어 강의를 시작하면서 어 저보다 나이가 많은 사람들을 가르쳐야 했기 때문에 영어 수업을 열심히 준비하는 방법밖에 없었습니다. 그리고 매일 열 주 간씩 영어를 공부를 하는 것이었습니다.","wordCount":121},"emotion":[],"intent":[{"text":"","expression":"","category":"attitude"}],"summary":{"text":"영어는 우리가 한국에 있는 동안에 약 열 시간 동안만 노출이 되기 때문에 매일 영어를 접하면서 무수한 시행착오를 겪었습니다. 처음으로 영어 강의를 시작하면서 저보다 나이가 많은 사람들을 가르쳐야 했기 때문에 영어 수업을 열심히 준비하는 방법밖에 없었습니다. 그리고 매일 열 주 간씩 영어를 공부했습니다.","wordCount":42}}},"rawDataInfo":{"question":{"fileFormat":"wav","fileSize":585038,"duration":18280,"samplingBit":16,"channelCount":1,"samplingRate":"16kHz","audioPath":"/Mock/04.RND/Female/New/ckmk_q_rnd_f_n_214419.wav"},"answer":{"fileFormat":"wav","fileSize":2521358,"duration":78790,"samplingBit":16,"channelCount":1,"samplingRate":"16kHz","audioPath":"/Mock/04.RND/Female/New/ckmk_a_rnd_f_n_214419.wav"}}}