{"version":"1.0","dataSet":{"info":{"date":"20230116","occupation":"RND","channel":"MOCK","place":"ONLINE","gender":"FEMALE","ageRange":"45-54","experience":"NEW"},"question":{"raw":{"text":"면접자분께서는 지금 읽고 계신 책이 있는지 있다면 무슨 책인지 궁금하거든요 왜 그 책을 읽으시는지도 한 번 꼭 한 번 말씀해 주세요","wordCount":21},"emotion":[],"intent":[]},"answer":{"raw":{"text":"시 그림책인 거장 박완서 작가님의 산문집 시를 읽는다 입니다. 시를 읽는다 내용은 시의 가시에 찔려 정신이 번쩍 나고 싶을 때의 명문장을 그림책으로 새롭게 꾸민 작품입니다. 특히 심심하고 심심해서로 시작되는 시 그림책은 내 문장을 문학을 향유하는 방식에 대해 담담하게 이야기를 풀어내는 것 같지만 여기서 삶과 죽음 그리고 작가가 삶을 바라보는 시각이 여가 없이 담겨져 있습니다. 좋은 시간 만큼 좋은 문장 한 줄의 그림책이 될 수 있으며 시가 되기도 하고 또 다른 작품이 될 수 있어 을 보여주는 책입니다.","wordCount":77},"emotion":[],"intent":[{"text":"","expression":"","category":"attitude"}],"summary":{"text":"박완서 작가님의 산문집 시를 읽는다 에는 삶과 죽음, 작가가 삶을 바라보는 시각이 담겨 있습니다. 좋은 시간 만큼 좋은 문장 한 줄의 그림책이 시가 되기도 하고 또 다른 작품이 될 수 있어 을 보여줍니다.","wordCount":33}}},"rawDataInfo":{"question":{"fileFormat":"wav","fileSize":390478,"duration":12200,"samplingBit":16,"channelCount":1,"samplingRate":"16kHz","audioPath":"/Mock/04.RND/Female/New/ckmk_q_rnd_f_n_115554.wav"},"answer":{"fileFormat":"wav","fileSize":2533838,"duration":79180,"samplingBit":16,"channelCount":1,"samplingRate":"16kHz","audioPath":"/Mock/04.RND/Female/New/ckmk_a_rnd_f_n_115554.wav"}}}