{"version":"1.0","dataSet":{"info":{"date":"20230116","occupation":"RND","channel":"MOCK","place":"ONLINE","gender":"FEMALE","ageRange":"-34","experience":"NEW"},"question":{"raw":{"text":"다른 지원자들에 비해서 지원자님만이 가진 차별성이나 장점은 무엇인가요 가능한 구체적으로 자신만의 장점을 말씀해 주세요","wordCount":14},"emotion":[],"intent":[]},"answer":{"raw":{"text":"제가 다른 지원자들에 비해 저만이 가진 차별성과 장점을 어필한다면 저는 경험이 많다는 것을 어필할 수 있다고 생각합니다. 저는 다양한 분야에 경험이 많습니다. 창업을 해 봤기 때문에 대표로 일해 본 적도 있고 또한 인턴으로 시작해서 회사의 말단 직원으로 경험을 해 본 적도 있습니다. 그리고 비영리 단체인 아름다운 가게에서 일을 하면서 비영리와 협동조합 사회적 기업들이 어떻게 운영되고 있는지에 대해서 경험하는 했던 것도 있습니다. 그리고 서점에도 다녀보면서 서비스직을 했었고 또한 외국에 나가서 워킹 홀리데이로 일 년 정도 있었습니다. 그리고 필리핀에서 어 매니징을 하면서 매니저로 일을 한 적도 있습니다. 그래서 저는 많은 나라와 많은 나라의 경험도 있을뿐더러 그리고 많은 경험을 하고 많은 지역도 많이 가 보았습니다. 그래서 저는 제가 가진 저만의 장점은 다른 사람들보다 경험이 많기 때문에 그에 따른 많은 교육과 교훈을 얻었다 라고 생각합니다. 그래서 저만에 많은 노하우들을 여러 분야에서 접목시켜 제 능력을 상승시킬 수 있을 거라고 생각합니다.","wordCount":135},"emotion":[{"text":"그리고 서점에도 다녀보면서 서비스직을 했었고 또한 외국에 나가서 워킹 홀리데이로 일 년 정도 있었습니다.","expression":"u-fact","category":"neutral"},{"text":"그리고 필리핀에서 어 매니징을 하면서 매니저로 일을 한 적도 있습니다.","expression":"u-fact","category":"neutral"}],"intent":[{"text":"","expression":"","category":"attitude"}],"summary":{"text":"저는 창업을 해 봤기 때문에 대표로 일해 본 적도 있고, 인턴으로 시작해서 회사의 말단 직원으로 경험을 해 본 적도 있으며, 비영리 단체인 아름다운 가게에서 일을 하면서 비영리와 협동조합 사회적 기업들이 어떻게 운영되고 있는지에 대해서 경험하는 것도 있고, 서점에도 다녀보면서 서비스직을 했습니다.","wordCount":41}}},"rawDataInfo":{"question":{"fileFormat":"wav","fileSize":585038,"duration":18280,"samplingBit":16,"channelCount":1,"samplingRate":"16kHz","audioPath":"/Mock/04.RND/Female/New/ckmk_q_rnd_f_n_275545.wav"},"answer":{"fileFormat":"wav","fileSize":2706638,"duration":84580,"samplingBit":16,"channelCount":1,"samplingRate":"16kHz","audioPath":"/Mock/04.RND/Female/New/ckmk_a_rnd_f_n_275545.wav"}}}