{"version":"1.0","dataSet":{"info":{"date":"20230116","occupation":"RND","channel":"MOCK","place":"ONLINE","gender":"FEMALE","ageRange":"-34","experience":"NEW"},"question":{"raw":{"text":"지원자님께서는 본인이 현재 가지고 있는 위치보다 어려운 목표를 달성한 적이 있나요 해당 경험에 대해 구체적으로 설명해 주실 수 있을까요","wordCount":19},"emotion":[],"intent":[]},"answer":{"raw":{"text":"저희가 고등학생 시절 참여했던 영어 말하기 대회를 말씀드리고 싶습니다. 저는 인문계 고등학교에 재학 중이었구요. 당시 영어 대회가 외고 학생들 그리고 국제고 학생들이 많이 참여하는 그런 대회였습니다. 당시에 저는 인문계 학생이지만 이러한 대회에서 저의 역량을 더 키우기 위해서 참여했었는데요. 어 제 차례는 비교적 뒤에였기 때문에 앞에서 발표했던 국제고 외고 학생들의 스피치를 들으면서 점차 위축이 되었습니다. 하지만 무대에 올라서는 순간 모든 청중들 그리고 심사 위원들이 저를 바라보았고 그때 자신감이 생기며 당당하게 영어로 제가 발표하고자 하는 바를 발표했던 적이 있는데요. 저의 당당함을 좋게 봐주셨는지 그날 좋은 성적을 얻었습니다. 그래서 그때 저는 인문계 학생임에도 불구하고 국제고 외고 학생들을 제치고 수상을 했던 경험이 있습니다.","wordCount":99},"emotion":[],"intent":[{"text":"저희가 고등학생 시절 참여했던 영어 말하기 대회를 말씀드리고 싶습니다.","expression":"c_private","category":"background"},{"text":"저는 인문계 고등학교에 재학 중이었구요.","expression":"c_private","category":"background"},{"text":"당시에 저는 인문계 학생이지만 이러한 대회에서 저의 역량을 더 키우기 위해서 참여했었는데요.","expression":"c_private","category":"background"},{"text":"어 제 차례는 비교적 뒤에였기 때문에 앞에서 발표했던 국제고 외고 학생들의 스피치를 들으면서 점차 위축이 되었습니다.","expression":"c_private","category":"background"},{"text":"하지만 무대에 올라서는 순간 모든 청중들 그리고 심사 위원들이 저를 바라보았고 그때 자신감이 생기며 당당하게 영어로 제가 발표하고자 하는 바를 발표했던 적이 있는데요.","expression":"c_private","category":"background"},{"text":"저의 당당함을 좋게 봐주셨는지 그날 좋은 성적을 얻었습니다.","expression":"c_private","category":"background"},{"text":"그래서 그때 저는 인문계 학생임에도 불구하고 국제고 외고 학생들을 제치고 수상을 했던 경험이 있습니다.","expression":"c_private","category":"background"}],"summary":{"text":"고등학생 시절 참여했던 영어 말하기 대회에서 저는 인문계 학생임에도 국제고 외고 학생들을 제치고 수상을 했던 경험이 있습니다. 청중들이 제 발표를 보며 자신감을 가지고 당당하게 발표했던 그때 그 당당함이 좋은 성적을 얻었습니다.","wordCount":31}}},"rawDataInfo":{"question":{"fileFormat":"wav","fileSize":629198,"duration":19660,"samplingBit":16,"channelCount":1,"samplingRate":"16kHz","audioPath":"/Mock/04.RND/Female/New/ckmk_q_rnd_f_n_266511.wav"},"answer":{"fileFormat":"wav","fileSize":2169038,"duration":67780,"samplingBit":16,"channelCount":1,"samplingRate":"16kHz","audioPath":"/Mock/04.RND/Female/New/ckmk_a_rnd_f_n_266511.wav"}}}