{"version":"1.0","dataSet":{"info":{"date":"20230116","occupation":"RND","channel":"MOCK","place":"ONLINE","gender":"FEMALE","ageRange":"35-44","experience":"NEW"},"question":{"raw":{"text":"열심히 하는데도 본인이 원하는 만큼 따라오지 못하는 팀 동료들이 있을 수도 있는데요 지원자님은 이럴 때 팀원으로서 어떻게 하시나요","wordCount":18},"emotion":[],"intent":[]},"answer":{"raw":{"text":"열심히는 하는데 본인이 원하는 제가 원하는 만큼 따라오지 못하는 동료가 있다면 먼저 그 동료가 왜 따라오지 못하는지 그럼 아니면 업무량이 너무 많아서 따라오지 못했는지 원인을 먼저 파악해 보겠습니다. 원인 원인을 먼저 파악해 보고 업무량이 너무 많다면 업무량은 줄여 주든가 하고 만약에 업무량 자 업무에 대해 자체를 이해하지 못한다고 하면 주변에 있는 동료들과 함께 그 문제를 풀어가 나갈 수 있도록 하겠습니다. 물론 제가 원하는 만큼 따라오지 못해 속상하기는 하지만 그 따라오지 못하는 동료도 또한 답답할 거라고 저는 생각합니다. 제일 좋은 거는 주변 지인들이 그 동료를 도와 주는 거라고 저는 생각합니다. 그리고 저 또한 그 동료에게 도움을 줄 수 있는 것이 무엇인지 한번 찾아 보고 그 동료가 잘 따라갈 수 있도록 모두가 협력을 한다면 괜찮을 것 같습니다.","wordCount":115},"emotion":[],"intent":[{"text":"그리고 저 또한 그 동료에게 도움을 줄 수 있는 것이 무엇인지 한번 찾아 보고   그 동료가 잘 따라갈 수 있도록 모두가 협력을 한다면   괜찮을 것 같습니다.","expression":"c_cop","category":"personality"}],"summary":{"text":"먼저 그 동료가 왜 따라오지 못하는지 이유를 먼저 파악해 보겠습니다. 업무량이 너무 많다면 업무량은 줄여 주든지 하고 만약 업무자체를 이해하지 못한다면 주변에 있는 동료들과 함께 그 문제를 풀어가 나갈 수 있도록 하겠습니다.","wordCount":32}}},"rawDataInfo":{"question":{"fileFormat":"wav","fileSize":582478,"duration":18200,"samplingBit":16,"channelCount":1,"samplingRate":"16kHz","audioPath":"/Mock/04.RND/Female/New/ckmk_q_rnd_f_n_190608.wav"},"answer":{"fileFormat":"wav","fileSize":2291918,"duration":71620,"samplingBit":16,"channelCount":1,"samplingRate":"16kHz","audioPath":"/Mock/04.RND/Female/New/ckmk_a_rnd_f_n_190608.wav"}}}