{"version":"1.0","dataSet":{"info":{"date":"20230116","occupation":"RND","channel":"MOCK","place":"ONLINE","gender":"FEMALE","ageRange":"35-44","experience":"NEW"},"question":{"raw":{"text":"네 협업을 해야 할 일들이 많이 생길 수 있는데요 어 혹시 이전에 직장에서나 대학을 에서 협업을 할 때 어려운 점은 없으셨는지요 아 그러한 점이 있다면 그 당시에 상황에 대해 한번 말씀해 주시겠습니까","wordCount":32},"emotion":[],"intent":[]},"answer":{"raw":{"text":"이전에 다녔던 직장에서나 대학에서 협업할 때 여러 가지 어려운 점은 있었습니다. 어 중요하게 생각하는 것이 저는 소통이 가장 어려웠던 것 같습니다. 소통은 나 외에 다른 부서의 사람들과도 이야기를 하고 이야기를 들어야 되는데 워낙 시간이 많지 않다 보니 그 시간에 쫓기다 보니 어 협업을 협업을 할 때 좀 많이 어려웠습니다. 먼저 소통이라는 것이 가장 어려웠습니다. 소통은 모두 사람들이 가장 듣기만 하면 되는 것이지만 어 듣는 것이 잘 훈련이 되지 않아 좀 많이 힘들었던 것 같습니다. 하지만 귀사에 만약에 지원을 해서 제가 합격을 한다면 협업할 때 여러 가지 문제가 생길 수 있겠지만 제 대학 때나 아니면 이전 직장의 경험을 되살려 협업하는 데 큰 어려움이 없도록 하겠습니다.","wordCount":104},"emotion":[],"intent":[{"text":"","expression":"","category":"attitude"}],"summary":{"text":"저는 다른 부서의 사람들과도 이야기를 하고 대화를 듣는 것이 시간이 많지 않아 소통이라는 것이 가장 어려웠습니다. 귀사에 지원해서 합격한다면 대학 때나 이전 직장의 경험을 되살리고 협업에 어려움이 없도록 하겠습니다.","wordCount":29}}},"rawDataInfo":{"question":{"fileFormat":"wav","fileSize":577358,"duration":18040,"samplingBit":16,"channelCount":1,"samplingRate":"16kHz","audioPath":"/Mock/04.RND/Female/New/ckmk_q_rnd_f_n_190607.wav"},"answer":{"fileFormat":"wav","fileSize":2129998,"duration":66560,"samplingBit":16,"channelCount":1,"samplingRate":"16kHz","audioPath":"/Mock/04.RND/Female/New/ckmk_a_rnd_f_n_190607.wav"}}}