{"version":"1.0","dataSet":{"info":{"date":"20230116","occupation":"RND","channel":"MOCK","place":"ONLINE","gender":"FEMALE","ageRange":"-34","experience":"NEW"},"question":{"raw":{"text":"일을 하던 도중 상사가 본인에게 어려운 지시를 내린다면 어떻게 하실 것인지 그 이유와 함께 설명해 주세요","wordCount":16},"emotion":[],"intent":[]},"answer":{"raw":{"text":"어 상사에게 어려운 제시를 받으면요. 어 일단 제 업무와 관련된 음 업무라면은 최대한 담당자들에게 물어서 그 업무를 해결할 것 같은데요. 만약에 그 담당자도 알 수 없다면 저에게 지시했던 그 상사에게 어 직접적으로 여쭤봐서 이것을 어 제가 잘 모르는 분야인데 어떤 분에게 도움을 받을 수 있을지를 먼저 여쭤볼 것 같습니다. 아 근데 만약에 그 상사분께서 어떤 분이 담당하는지를 모르시거나 어 그와 관련된 그 업무와 관련된 어떤 도움되는 것들을 모르고 계신다면 저는 이 업무를 어 상사께서도 모르시는 이 업무를 저는 해결하고 싶지만 할 수 없어서 다른 분의 도움을 받아야 될 것 같습니다 라고 솔직하게 말씀을 드릴 것 같습니다. 어 그렇게 솔직하게 말씀을 드리면 상사께서도 그것을 알게 되어서 어 담당자들과 최대한 도움을 줄 수 있는 그런 분들을 쉽게 찾아서 저와 함께 이렇게 연결시켜 주지 않을까 싶습니다. 어 그래서 최대한 솔직하게 말씀을 드릴 것 같습니다.","wordCount":131},"emotion":[],"intent":[{"text":"어 일단 제 업무와 관련된 음 업무라면은 최대한 담당자들에게 물어서 그 업무를 해결할 것 같은데요.","expression":"c_adp","category":"personality"},{"text":"만약에 그 담당자도 알 수 없다면 저에게 지시했던 그 상사에게 어 직접적으로 여쭤봐서 이것을 어 제가 잘 모르는 분야인데 어떤 분에게 도움을 받을 수 있을지를 먼저 여쭤볼 것 같습니다.","expression":"c_adp","category":"personality"},{"text":"아 근데 만약에 그 상사분께서 어떤 분이 담당하는지를 모르시거나 어 그와 관련된 그 업무와 관련된 어떤 도움되는 것들을 모르고 계신다면 저는 이 업무를 어 상사께서도 모르시는 이 업무를 저는 해결하고 싶지만 할 수 없어서 다른 분의 도움을 받아야 될 것 같습니다 라고 솔직하게 말씀을 드릴 것 같습니다.","expression":"c_adp","category":"personality"}],"summary":{"text":"상사에게 어려운 지시를 받았을 때 제가 잘 모르는 분야인데 어떤 분에게 도움을 받을 수 있는지 먼저 여쭤볼 것 같습니다. 상사분도 도움되는 것들을 모르고 계신다면 다른 분의 도움이 필요할 것 같다고 솔직하게 말씀을 드려야 겠습니다. ","wordCount":34}}},"rawDataInfo":{"question":{"fileFormat":"wav","fileSize":326478,"duration":10200,"samplingBit":16,"channelCount":1,"samplingRate":"16kHz","audioPath":"/Mock/04.RND/Female/New/ckmk_q_rnd_f_n_262540.wav"},"answer":{"fileFormat":"wav","fileSize":2319758,"duration":72490,"samplingBit":16,"channelCount":1,"samplingRate":"16kHz","audioPath":"/Mock/04.RND/Female/New/ckmk_a_rnd_f_n_262540.wav"}}}