{"version":"1.0","dataSet":{"info":{"date":"20230116","occupation":"RND","channel":"MOCK","place":"ONLINE","gender":"FEMALE","ageRange":"-34","experience":"NEW"},"question":{"raw":{"text":"만약 일을 하다가 팀원과 불화가 생기게 된다면 어떤 방법으로 해결하실지 해결법과 그 이유에 대해서 설명해 주세요","wordCount":16},"emotion":[],"intent":[]},"answer":{"raw":{"text":"저는 우선 한 번은 크게 싸울 것 같습니다. 그것이 몸싸움이 아니라 사실 말싸움에 그칠 것인데 우선은 한 번 크게 불화가 생긴 것에 대해서 정말 마음에 있는 모든 화나 불만을 터놓고 얘기할 것 같은데요. 그것을 사실 가지고 있는데도 계속해서 안고 가다 보면 나중에는 더 큰 불화가 생길 것이고 그것은 결국 저희 팀에 더 큰 피해를 줄 것 같습니다. 그렇기 때문에 저는 팀원과 불화가 생긴다면 먼저 크게 터놓고 얘기할 것 같습니다. 우선 한 번은 크게 싸워야 그 다음에 화해를 하든 아니면 어떤 식으로 해결을 할 것이든 방안이 만들어질 것 같습니다. 그렇기 때문에 저는 어떤 이유로 불만이 있는지 그리고 그 사람은 어떤 식의 불만이 있는지에 대해서 아무래도 그 부분에 대해서 충분히 얘기를 나눠보고 한 번 크게 얘기 한 번 해보고 그 다음에 그 부분에 대해서 서로의 오해가 있었다면 그것은 제가 해명을 할 것이고 앞으로는 어떤 식으로 나아가야 할지 그 부분에 대해서도 함께 이야기해 볼 것 같습니다. 사실 팀원과의 불안은 정말 많은 얘기로 해결될 것이라고 생각합니다. 그렇기 때문에 불화가 생긴다면 정말 오랜 시간 동안 얘기하면서 차분하게 얘기하고 상대방이 어떤 불만이 있는지도 경청하면서 들어보면서 어떤 식으로 불화를 없애고 앞으로 어떤 식으로 나아가는 것이 좋은 방향인지에 대해서 정말 많은 얘기를 나누어 볼 것 같습니다.","wordCount":188},"emotion":[],"intent":[{"text":"그렇기 때문에 저는 팀원과 불화가 생긴다면 먼저 크게 터놓고 얘기할 것 같습니다.","expression":"c_confl_mg","category":"personality"},{"text":"우선 한 번은 크게 싸워야 그 다음에 화해를 하든 아니면 어떤 식으로 해결을 할 것이든 방안이 만들어질 것 같습니다.","expression":"c_confl_mg","category":"personality"},{"text":"그렇기 때문에 저는 어떤 이유로 불만이 있는지 그리고 그 사람은 어떤 식의 불만이 있는지에 대해서 아무래도 그 부분에 대해서 충분히 얘기를 나눠보고 한 번 크게 얘기 한 번 해보고 그 다음에 그 부분에 대해서 서로의 오해가 있었다면 그것은 제가 해명을 할 것이고 앞으로는 어떤 식으로 나아가야 할지 그 부분에 대해서도 함께 이야기해 볼 것 같습니다.","expression":"c_confl_mg","category":"personality"},{"text":"그렇기 때문에 불화가 생긴다면 정말 오랜 시간 동안 얘기하면서 차분하게 얘기하고 상대방이 어떤 불만이 있는지도 경청하면서 들어보면서 어떤 식으로 불화를 없애고 앞으로 어떤 식으로 나아가는 것이 좋은 방향인지에 대해서 정말 많은 얘기를 나누어 볼 것 같습니다.","expression":"c_confl_mg","category":"personality"}],"summary":{"text":"저는 팀원과 불화가 생긴다면 먼저 크게 터놓고 말할 것 같습니다. 그 다음에 화해를 하든 어떤 식으로 해결을 할 것이든 방안이 만들어질 것 같기 때문에, 어떤 이유로 불만이 있는지 그리고 그 사람은 어떤 식의 불만이 있는지에 대해서 충분히 얘기를 나누고 오해를 풀며 앞으로 어떻게 나아가야 할지 그 부분에 대해서도 함께 이야기해 볼 것 같으며 오랜 시간 동안 얘기하는 것이 좋은 방향인지 많은 얘기를 나누어 볼 것입니다.","wordCount":65}}},"rawDataInfo":{"question":{"fileFormat":"wav","fileSize":337038,"duration":10530,"samplingBit":16,"channelCount":1,"samplingRate":"16kHz","audioPath":"/Mock/04.RND/Female/New/ckmk_q_rnd_f_n_275876.wav"},"answer":{"fileFormat":"wav","fileSize":3545038,"duration":110780,"samplingBit":16,"channelCount":1,"samplingRate":"16kHz","audioPath":"/Mock/04.RND/Female/New/ckmk_a_rnd_f_n_275876.wav"}}}