{"version":"1.0","dataSet":{"info":{"date":"20230116","occupation":"RND","channel":"MOCK","place":"ONLINE","gender":"FEMALE","ageRange":"-34","experience":"NEW"},"question":{"raw":{"text":"지원자분께서 현재 본인이 가지고 있는 위치 혹은 어떤 지위보다도 굉장히 어렵다고 생각되는 목표를 달성하신 적이 있다고 한다면 그 경험이 어떤 것이었는지에 대해서 자세히 얘기해 주세요","wordCount":25},"emotion":[],"intent":[]},"answer":{"raw":{"text":"제가 대학 때 산업체 협력으로 어 마케팅 회사에서 근무를 했던 적이 있었는데요. 제가 그때 근무를 하면서 느꼈던 점은 아 내가 컴퓨터 활용 자격증 이 급이 있으면 어 내가 업무를 하는 데 너무 도움이 되겠다 라는 목표를 세웠던 적이 있었습니다. 그런데 실제로 이제 인턴을 다니면서 음 컴퓨터 활용 이 급을 준비하는 과정이 조금 어려워서 필기에서 필기는 통과를 했지만 실기를 불합격 했었습니다. 그래서 제가 세웠던 목표는 그럼 나는 바로 일 급을 도전을 해서 일 급을 따야겠다 라는 목표를 세웠었고요. 실제로 제가 두 달 뒤에는 제가 준비했던 부분이 잘 진행이 되어서 이 급은 비록 떨어졌지만 오히려 일 급을 어 처음에 계획했던 것만 했던 그 목표치보다 더 높게 달성했었던 그런 경험이 있습니다. 그 경험은 저한테 비록 내가 첫 번째는 실패에도 꾸준히 노력하면은 더 높은 성과를 달성할 수 있다 라는 스스로 어 동기 부여할 수 있는 그런 원동력들이 되고 있습니다.","wordCount":135},"emotion":[{"text":"제가 대학 때 산업체 협력으로 어 마케팅 회사에서 근무를 했던 적이 있었는데요.","expression":"u-fact","category":"neutral"}],"intent":[{"text":"제가 대학 때 산업체 협력으로 어 마케팅 회사에서 근무를 했던 적이 있었는데요.","expression":"c_private","category":"background"},{"text":"실제로 제가 두 달 뒤에는 제가 준비했던 부분이 잘 진행이 되어서 이 급은 비록 떨어졌지만 오히려 일 급을 어 처음에 계획했던 것만   했던 그 목표치보다 더 높게 달성했었던 그런 경험이 있습니다.","expression":"c_chl","category":"personality"}],"summary":{"text":"컴퓨터 활용 자격증이 업무에 도움이 되겠다는 목표를 세웠던 적이 있습니다. 그런데 인턴을 다니면서 필기는 통과했지만 실기를 불합격 했었습니다. 그래서 저는 바로 일급을 도전해서 일 급을 따야겠다 라는 목표를 세웠고 실제로 두 달 뒤에 목표치보다 더 높게 달성하였습니다. 그 경험은 스스로 동기 부여할 수 있는 원동력이 되었습니다.","wordCount":46}}},"rawDataInfo":{"question":{"fileFormat":"wav","fileSize":604878,"duration":18900,"samplingBit":16,"channelCount":1,"samplingRate":"16kHz","audioPath":"/Mock/04.RND/Female/New/ckmk_q_rnd_f_n_171018.wav"},"answer":{"fileFormat":"wav","fileSize":2650958,"duration":82840,"samplingBit":16,"channelCount":1,"samplingRate":"16kHz","audioPath":"/Mock/04.RND/Female/New/ckmk_a_rnd_f_n_171018.wav"}}}