{"version":"1.0","dataSet":{"info":{"date":"20230116","occupation":"RND","channel":"MOCK","place":"ONLINE","gender":"FEMALE","ageRange":"35-44","experience":"NEW"},"question":{"raw":{"text":"구조물을 설계하고 디자인을 할 때 반드시 고려해야 할 점은 무엇이라 생각하시는지 한번 말씀해 주시겠습니까","wordCount":14},"emotion":[],"intent":[]},"answer":{"raw":{"text":"어 많은 경우에 수를 생각해야 할 것 같구요. 일단은 이제 한 번 설계 후에 그것들이 다시 설계되지 않도록 굉장히 많은 경우들을 고려를 해야 된다고 생각을 하고 일단은 그 목적에 맞게 굉장히 기능을 잘 갖춰야 한다고 생각이 듭니다. 사실 새로운 것들을 발견할 수도 있고 발명해 낼 수 있는데 어 지금까지 축적해 온 어떤 기반들이 있잖아요. 그것들을 어 약간 실험적으로 좀 거슬렀을 때 좀 실패할 수 있는 확률도 확률이 있기 때문에 그것들이 어떻게 기반이 잘 다져 왔는지를 좀 정확하게 이해를 하고 이해를 하고 설계를 들어가야 할 것 같다고 생각합니다.","wordCount":87},"emotion":[],"intent":[{"text":"일단은 이제 한 번   설계 후에 그것들이 다시 설계되지 않도록 굉장히 많은 경우들을 고려를 해야 된다고 생각을 하고   일단은 그 목적에 맞게 굉장히 기능을 잘 갖춰야 한다고 생각이 듭니다.","expression":"r_prsv","category":"attitude"}],"summary":{"text":"설계 후 재설계를 하지 않도록, 목적에 맞게 기능을 잘 갖춰야 합니다. 축적된 기반에 실험적으로 거슬 때 실패할 수 있는 확률도 있기 때문에 기반을 정확하게 이해하고 설계를 들어가야 합니다.","wordCount":28}}},"rawDataInfo":{"question":{"fileFormat":"wav","fileSize":396878,"duration":12400,"samplingBit":16,"channelCount":1,"samplingRate":"16kHz","audioPath":"/Mock/04.RND/Female/New/ckmk_q_rnd_f_n_126042.wav"},"answer":{"fileFormat":"wav","fileSize":1856718,"duration":58020,"samplingBit":16,"channelCount":1,"samplingRate":"16kHz","audioPath":"/Mock/04.RND/Female/New/ckmk_a_rnd_f_n_126042.wav"}}}