{"version":"1.0","dataSet":{"info":{"date":"20230116","occupation":"RND","channel":"MOCK","place":"ONLINE","gender":"FEMALE","ageRange":"-34","experience":"NEW"},"question":{"raw":{"text":"만약 지원자님이 하고 싶은 직무가 아닌 다른 직무를 맡게 된다면 어떻게 하실지 말씀 부탁드립니다","wordCount":14},"emotion":[],"intent":[]},"answer":{"raw":{"text":"만약 제가 회사에 입사해서 원하던 직무가 아닌 다른 직무를 맡게 된다면 너무 후회스러울 것 같습니다. 왜냐하면 제가 원하던 직무를 하기 위해 저는 많은 준비를 했고 그것을 목표로 회사에 입사했기 때문입니다. 그렇게 다른 직무를 해야 한다고 하면 우선 이유를 들어보고 이유에 대해 제가 다시 설명해서 원래 하던 직무를 할 수 있게 해 달라고 부탁드려 보겠습니다.","wordCount":54},"emotion":[],"intent":[{"text":"","expression":"","category":"attitude"}],"summary":{"text":"회사 입사 후 원하던 직무가 아닌 다른 직무를 맡게 된다면 후회스러울 것 같습니다. 이유를 듣고 다시 설명해서 원래 하던 직무를 할 수 있게 해 달라고 부탁드려 보겠습니다.","wordCount":27}}},"rawDataInfo":{"question":{"fileFormat":"wav","fileSize":320078,"duration":10000,"samplingBit":16,"channelCount":1,"samplingRate":"16kHz","audioPath":"/Mock/04.RND/Female/New/ckmk_q_rnd_f_n_283866.wav"},"answer":{"fileFormat":"wav","fileSize":1172558,"duration":36640,"samplingBit":16,"channelCount":1,"samplingRate":"16kHz","audioPath":"/Mock/04.RND/Female/New/ckmk_a_rnd_f_n_283866.wav"}}}