{"version":"1.0","dataSet":{"info":{"date":"20230116","occupation":"RND","channel":"MOCK","place":"ONLINE","gender":"FEMALE","ageRange":"45-54","experience":"NEW"},"question":{"raw":{"text":"혹시 지금도 매일 공부하고 있는 분야가 따로 있으십니까 있다면 그걸 왜 공부하는지 그 이유를 함께 설명해 주시기 바랍니다","wordCount":18},"emotion":[],"intent":[]},"answer":{"raw":{"text":"매일 조금이라도 공부하려고 노력하는 것은 영어입니다. 어 어학이라는 것이 일상생활에 녹아들어서 실질적으로 사용돼야 실력도 많이 늘고 활용도도 높아지는데 잠깐이라도 놓게 되면 게을러지고 사실 하기 싫어지는 게 맞습니다. 그래서 저는 매일매일 조금이라도 그까 영화에 능숙하고 익숙해지고자 노력하고 있고요. 음 나중에 제 아이들에게도 제가 알려줄 수 있는 역량을 갖추기 위해서도 공부를 하게 되고 지금도 공부하고 있습니다.","wordCount":54},"emotion":[],"intent":[{"text":"","expression":"","category":"attitude"}],"summary":{"text":"매일 조금이라도 영어에 익숙해지려고 노력하는 것은 영어입니다. 어학은 일상에서 실질적으로 사용돼야 실력도 늘고 활용도도 높아지는데 잠깐 놓으면 하기 싫어지는 게 맞습니다.","wordCount":21}}},"rawDataInfo":{"question":{"fileFormat":"wav","fileSize":575438,"duration":17980,"samplingBit":16,"channelCount":1,"samplingRate":"16kHz","audioPath":"/Mock/04.RND/Female/New/ckmk_q_rnd_f_n_185719.wav"},"answer":{"fileFormat":"wav","fileSize":1251278,"duration":39100,"samplingBit":16,"channelCount":1,"samplingRate":"16kHz","audioPath":"/Mock/04.RND/Female/New/ckmk_a_rnd_f_n_185719.wav"}}}