{"version":"1.0","dataSet":{"info":{"date":"20230116","occupation":"RND","channel":"MOCK","place":"ONLINE","gender":"FEMALE","ageRange":"-34","experience":"NEW"},"question":{"raw":{"text":"일을 하게 되면 자료를 문서화 할 일이 많습니다 문서화 작업이 왜 필요하다고 생각하시는지 지원자님의 생각을 말씀해 주세요","wordCount":17},"emotion":[],"intent":[]},"answer":{"raw":{"text":"업무는 혼자 하는 게 아닙니다. 많은 사람들의 협업하에 이루어지는데요. 그러다 보니 일을 하게 될 때 자료를 문서화하는 거는 필수적이라고 볼 수 있습니다. 내가 정리한 바를 다른 사람에게 전달해 줄 때 혹은 다른 사람의 정보를 내가 확인을 할 때 문서화가 되어 있지 않으면 해당 정보를 확인이 굉장히 어렵구요. 또 프로젝트를 진행할 때 문서를 참고해서 진행을 보통은 하기 때문에 이 문서가 없으면 프로젝트 진행이 원활하게 이루어지기가 굉장히 힘듭니다. 그럴 때는 문서화 작업이 꼭 필요하고요. 또 이런 문서 작업을 통해서 나중에 후대의 프로젝트를 진행하는 사람이 선대에 진행했던 프로젝트를 참고할 수 있고 해당 자료가 레퍼런스가 되어서 다른 프로젝트에도 응용이 될 수 있기 때문에 업무에 있어서 문서화는 꼭 필요한 작업이라고 생각됩니다.","wordCount":106},"emotion":[],"intent":[{"text":"","expression":"","category":"attitude"}],"summary":{"text":"업무는 많은 사람들의 협업하에 이루어지기 때문에 업무를 할 때 자료를 문서화하는 것은 필수적입니다. 문서화가 없으면 정보 확인이 어렵고 프로젝트 진행이 원활하지 않기 때문입니다. 또 문서화를 통해 후대의 프로젝트 진행자가 참고할 수 있고 다른 프로젝트에도 응용이 되기 때문입니다.","wordCount":37}}},"rawDataInfo":{"question":{"fileFormat":"wav","fileSize":361358,"duration":11290,"samplingBit":16,"channelCount":1,"samplingRate":"16kHz","audioPath":"/Mock/04.RND/Female/New/ckmk_q_rnd_f_n_266509.wav"},"answer":{"fileFormat":"wav","fileSize":2149838,"duration":67180,"samplingBit":16,"channelCount":1,"samplingRate":"16kHz","audioPath":"/Mock/04.RND/Female/New/ckmk_a_rnd_f_n_266509.wav"}}}