{"version":"1.0","dataSet":{"info":{"date":"20230116","occupation":"RND","channel":"MOCK","place":"ONLINE","gender":"FEMALE","ageRange":"-34","experience":"NEW"},"question":{"raw":{"text":"우리 회사에 들어와서 일을 하다 보면 중국으로 출장을 갈 일이 조금 생길 수도 있습니다 이렇게 중국 출장을 자주 가야 되는 상황이라면 지원자님께서는 어떻게 하시겠습니까 그래도 괜찮으시겠습니까","wordCount":26},"emotion":[],"intent":[]},"answer":{"raw":{"text":"네 물론입니다. 저는 삼 년 간의 유학 생활을 중국에서 보낸 적이 있습니다. 중국 문화에도 익숙해졌고 중국어도 어느 정도 할 수 있는 편이기 때문에 중국 출장에는 무리가 없습니다. 간혹 다른 나라에서 일하는 것을 힘들어 하는 사람들이 많은데요. 저는 전혀 두렵지 않습니다. 다른 나라에서 일하는 것은 정말 흥미로운 일이라고 생각을 합니다. 그리고 앞으로 제 커리어에 있어서도 아주 큰 도움이 될 것이라고 생각을 합니다. 그리고 삼 년 간의 유학 생활로 중국어를 마음껏 쓸 수 있는 제 실력을 뽐낼 수 있는 계기가 되지 않을까 싶습니다. 그리고 또한 저는 출장을 가더라도 중국의 지인이 있고 가족들이 있기 때문에 외롭다는 걱정을 하실 필요가 없을 것 같습니다. 간혹 다른 나라에 가서 출장을 하게 된다면 외롭거나 혹은 다양한 변수들로 힘들어 하는 사람들이 많다고 하는데요. 저는 그럴 걱정하실 필요가 없습니다. 특히나 중국어까지 잘 하고 있기 때문에 출장을 가서도 여러 가지 언어로 제 역량을 마음껏 뽐내고 싶습니다. 그렇기 때문에 저는 중국으로 출장을 가도 무리 없이 차질 없이 출장을 잘 마칠 수 있을 것이라고 생각을 합니다.","wordCount":154},"emotion":[{"text":"저는 삼 년 간의 유학 생활을 중국에서 보낸 적이 있습니다.","expression":"u-fact","category":"neutral"},{"text":"다른 나라에서 일하는 것은 정말 흥미로운 일이라고 생각을 합니다.","expression":"p-interest","category":"positive"}],"intent":[{"text":"저는 삼 년 간의 유학 생활을 중국에서 보낸 적이 있습니다.","expression":"c_private","category":"background"}],"summary":{"text":"저는 삼 년 간의 유학 생활을 중국에서 보낸 적이 있습니다. 중국 문화에 익숙해졌고 중국어도 할 수 있는 편이기 때문에 중국 출장에는 무리가 없습니다. 간혹 다른 나라에서 일하는 것을 힘들어 하는 사람이 많은데, 저는 전혀 두렵지 않으며 앞으로 제 커리어에 아주 큰 도움이 될 것입니다. 또한 중국어로 잘 하고 있기 때문에 무리 없이 출장을 잘 마칠 수 있을 것이라고 생각합니다.","wordCount":59}}},"rawDataInfo":{"question":{"fileFormat":"wav","fileSize":634318,"duration":19820,"samplingBit":16,"channelCount":1,"samplingRate":"16kHz","audioPath":"/Mock/04.RND/Female/New/ckmk_q_rnd_f_n_272864.wav"},"answer":{"fileFormat":"wav","fileSize":3770318,"duration":117820,"samplingBit":16,"channelCount":1,"samplingRate":"16kHz","audioPath":"/Mock/04.RND/Female/New/ckmk_a_rnd_f_n_272864.wav"}}}