{"version":"1.0","dataSet":{"info":{"date":"20230116","occupation":"RND","channel":"MOCK","place":"ONLINE","gender":"FEMALE","ageRange":"-34","experience":"NEW"},"question":{"raw":{"text":"본인은 창의적으로 어떤 문제를 해결해 본 경험이 있으신가요 그 과정을 최대한 자세하게 설명해 주세요","wordCount":14},"emotion":[],"intent":[]},"answer":{"raw":{"text":"저는 유체 역학 시간에 자동차를 새롭게 디자인해 보라는 과제를 받은 적이 있습니다. 어 당시 학우들은 생체 모방 공학을 적용한 유선형 자동차를 만드는 데 주력했지만 저는 앞으로 필요에 따른 다양한 유형의 자동차가 나올 것이라는 생각에 가까운 거리를 왔다 갔다 오갈 수 있는 쇼핑용 자동차를 디자인했는데요. 어 백미러를 제거했고요. 엔진 위치를 바꿨고요. 그리고 트렁크를 분리할 수 있게 만들었습니다. 제가 이렇게 조금 창의저이게 자동차의 디자인을 해 봤는데요. 그러다 보니 교수님들 그리고 동기분들이 굉장히 좋게 봐주셨고요. 저 이런 창의적인 자동차 디자인 덕분에 당시 그 수업에서는 제일 좋은 성적을 받았던 경험이 있습니다.","wordCount":87},"emotion":[],"intent":[{"text":"","expression":"","category":"attitude"}],"summary":{"text":"유체 역학 시간에 자동차 디자인 과제를 받고 쇼핑용 자동차를 디자인했습니다. 백미러를 제거하고 엔진 위치를 바꾸고, 컨테이너를 분리할 수 있게 만들었습니다. 이런 창의적인 디자인 덕분에 수업에서 좋은 성적을 받았던 경험이 있습니다.","wordCount":30}}},"rawDataInfo":{"question":{"fileFormat":"wav","fileSize":333518,"duration":10420,"samplingBit":16,"channelCount":1,"samplingRate":"16kHz","audioPath":"/Mock/04.RND/Female/New/ckmk_q_rnd_f_n_266954.wav"},"answer":{"fileFormat":"wav","fileSize":1907918,"duration":59620,"samplingBit":16,"channelCount":1,"samplingRate":"16kHz","audioPath":"/Mock/04.RND/Female/New/ckmk_a_rnd_f_n_266954.wav"}}}