{"version":"1.0","dataSet":{"info":{"date":"20230116","occupation":"RND","channel":"MOCK","place":"ONLINE","gender":"FEMALE","ageRange":"-34","experience":"NEW"},"question":{"raw":{"text":"혹시 따로 하고 계신 스터디가 있나요 있다면 어떤 공부를 왜 하고 계신지도 말씀해 주시겠어요","wordCount":14},"emotion":[],"intent":[]},"answer":{"raw":{"text":"저는 스터디로 영어를 공부하고 있습니다. 제조업이나 산업들이 나중에는 한국을 벗어나 역 유럽 외국권 영향을 많이 끼친다고 생각이 듭니다. 그래서 저는 이 한국어 뿐만 아니라 다양한 제 이 외국어 또는 영어가 필수적이라고 생각이 들었습니다. 그래서 저는 스터디 그룹원들과 영어를 공부하고 있는데요. 우리가 흔히 알고 있는 토익 이런 공부들이 아니라 영어 회화 그리고 제조업에서 사용하는 비즈니스 영어 등을 공부하면서 쪼끔 더 더 나은 커뮤니케이션을 할 수 있는 결과를 만들어내기 위해서 노력하고 있습니다.","wordCount":70},"emotion":[{"text":"저는 스터디로 영어를 공부하고 있습니다.","expression":"u-fact","category":"neutral"},{"text":"그래서 저는 스터디 그룹원들과 영어를 공부하고 있는데요.","expression":"u-fact","category":"neutral"},{"text":"우리가 흔히 알고 있는 토익 이런 공부들이 아니라 영어 회화 그리고 제조업에서 사용하는 비즈니스 영어 등을 공부하면서 쪼끔 더 더 나은 커뮤니케이션을 할 수 있는 결과를 만들어내기 위해서 노력하고 있습니다.","expression":"u-fact","category":"neutral"}],"intent":[{"text":"우리가 흔히 알고 있는 토익 이런 공부들이 아니라 영어 회화 그리고 제조업에서 사용하는 비즈니스 영어 등을 공부하면서 쪼끔 더 더 나은 커뮤니케이션을 할 수 있는 결과를 만들어내기 위해서 노력하고 있습니다.","expression":"r_prof","category":"attitude"}],"summary":{"text":"저는 제조업이나 산업들이 유럽 외국권 영향을 많이 끼치므로 다양한 외국어 또는 영어가 필수적이라고 생각되어 스터디 그룹원들과 영어 회화, 비즈니스 영어 등을 공부하고 있습니다.","wordCount":23}}},"rawDataInfo":{"question":{"fileFormat":"wav","fileSize":282318,"duration":8820,"samplingBit":16,"channelCount":1,"samplingRate":"16kHz","audioPath":"/Mock/04.RND/Female/New/ckmk_q_rnd_f_n_269105.wav"},"answer":{"fileFormat":"wav","fileSize":1451278,"duration":45350,"samplingBit":16,"channelCount":1,"samplingRate":"16kHz","audioPath":"/Mock/04.RND/Female/New/ckmk_a_rnd_f_n_269105.wav"}}}