{"version":"1.0","dataSet":{"info":{"date":"20230116","occupation":"RND","channel":"MOCK","place":"ONLINE","gender":"FEMALE","ageRange":"-34","experience":"NEW"},"question":{"raw":{"text":"면접자님께서 스트레스를 받으면 어떻게 하시는지 그리고 왜 그런 방법으로 스트레스를 해소하는지도 구체적으로 말씀해 주실 수 있으십니까","wordCount":16},"emotion":[],"intent":[]},"answer":{"raw":{"text":"저는 스트레스를 받으면 우선 그 스트레스를 잘 파악하려고 노력하는 편입니다. 어떤 과정에서 스트레스를 받고 어떤 이유로 스트레스를 받았는지를 알아야 그것을 풀 수 있는 방법도 어 생각이 나고 또 생각이 난다고 생각을 합니다. 음 스트레스를 아는 것만으로도 어느 정도 스트레스가 해소가 된다고 하는데요. 제가 스트레스를 받는 그 과 각 과정을 세 세밀하게 알아보지 못하고 넘어간다면 또 다른 스트레스 상황 이와 같은 스트레스 상황이 온다면 여지 없이 또 스트레스를 받게 되는 그런 과정이 반복되는 어 된다고 생각합니다. 그래서 제가 받고 있는 그 스트레스에 대해서 잘 파악을 하는 게 중요하고 그 파악을 한 다음에는 어 제가 그 이유 그 원인을 아는 것이 중요합니다. 제가 어릴 때부터 지금까지 자라오면서 어 경험했던 어떤 상황들이 저를 스트레스 상황에 놓이게 할 수도 있고 아니면 비합리적인 생각들이 저를 스트레스 상황에 놓이게 할 수도 있습니다. 그 원인에 따라서 어 그런 사고적인 부분을 바꾸거나 아니면 어 저의 과거에 대해서 고찰해 볼 수 있는 시간이 필요할지 어 결정할 수 있을 것 같습니다.","wordCount":151},"emotion":[],"intent":[{"text":"","expression":"","category":"attitude"}],"summary":{"text":"저는 스트레스를 받으면 스트레스를 잘 파악하려고 노력합니다. 스트레스를 아는 것만으로도 어느 정도 스트레스가 해소가 된다고 하는데, 제가 받고 있는 스트레스에 대해서 잘 파악을 하는 게 중요하고 그 파악을 한 다음에는 제가 그 이유 그 원인을 아는 것이 중요합니다. 그 원인에 따라서 사고적인 부분을 바꾸거나 과거에 대해서 고찰해 볼 시간이 필요할지 결정할 수 있을 것 같습니다.","wordCount":55}}},"rawDataInfo":{"question":{"fileFormat":"wav","fileSize":631118,"duration":19720,"samplingBit":16,"channelCount":1,"samplingRate":"16kHz","audioPath":"/Mock/04.RND/Female/New/ckmk_q_rnd_f_n_270234.wav"},"answer":{"fileFormat":"wav","fileSize":3134158,"duration":97940,"samplingBit":16,"channelCount":1,"samplingRate":"16kHz","audioPath":"/Mock/04.RND/Female/New/ckmk_a_rnd_f_n_270234.wav"}}}