{"version":"1.0","dataSet":{"info":{"date":"20230116","occupation":"RND","channel":"MOCK","place":"ONLINE","gender":"FEMALE","ageRange":"-34","experience":"NEW"},"question":{"raw":{"text":"일을 하다가 만약에 상사에게 어려운 지시를 받게 된다면 어떻게 하실 건가요 그렇게 하시려는 이유도 함께 말씀해 주실 수 있나요","wordCount":19},"emotion":[],"intent":[]},"answer":{"raw":{"text":"일을 하다가 어려운 지시를 받으면 우선적으로 해결하려고 노력을 먼저 할 것 같습니다. 어 어렵다고 하더라도 제가 처리할 수 있는 그 수준에서 지시를 하실 거라고 생각이 되기 때문에 먼저 제가 아는 선에서 이 문제를 해결할 수 있도록 노력할 것이고요. 예를 들어서 논문을 찾아본다던지 검색 엔진을 통해서 해당 사례를 찾아본다던지에 대한 노력을 기울일 것입니다. 만약 해당 방법으로도 이 지시를 수행하기 어려울 경우에는 상사에게 말씀을 드려서 이 부분을 도와주실 수 있으신지에 대한 여부를 여쭈어 볼 것이고요. 만약 도움을 주지 않는다면은 같은 동기에게 이 부분에 대한 도움을 요청해서 최대한 제가 해결할 수 있는 방안 내에서 이 지시를 수행할 예정이고요. 만약 정말 어렵다면은 해당 업무 수행이 어렵다고 말씀드릴 것 같습니다.","wordCount":105},"emotion":[],"intent":[{"text":"일을 하다가 어려운 지시를 받으면 우선적으로 해결하려고 노력을 먼저 할 것 같습니다.","expression":"c_adp","category":"personality"},{"text":"어 어렵다고 하더라도 제가 처리할 수 있는 그 수준에서 지시를 하실 거라고 생각이 되기 때문에 먼저 제가 아는 선에서 이 문제를 해결할 수 있도록 노력할 것이고요.","expression":"c_adp","category":"personality"},{"text":"만약 해당 방법으로도 이 지시를 수행하기 어려울 경우에는 상사에게 말씀을 드려서 이 부분을 도와주실 수 있으신지에 대한 여부를 여쭈어 볼 것이고요.","expression":"c_adp","category":"personality"},{"text":"만약 도움을 주지 않는다면은 같은 동기에게 이 부분에 대한 도움을 요청해서 최대한 제가 해결할 수 있는 방안 내에서 이 지시를 수행할 예정이고요.","expression":"c_adp","category":"personality"},{"text":"만약 정말 어렵다면은 해당 업무 수행이 어렵다고 말씀드릴 것 같습니다.","expression":"c_adp","category":"personality"}],"summary":{"text":"일을 하다가 어려운 지시를 받으면 제가 처리할 수 있는 선에서 먼저 제가 아는 선에서 문제를 해결할 수 있도록 노력할 것이고 만약 해당 방법으로도 지시 수행이 어려울 경우에는 상사에게 말씀을 드려서 도와주실 수 있는지에 대한 여부를 여쭈어 볼 것입니다.","wordCount":38}}},"rawDataInfo":{"question":{"fileFormat":"wav","fileSize":614478,"duration":19200,"samplingBit":16,"channelCount":1,"samplingRate":"16kHz","audioPath":"/Mock/04.RND/Female/New/ckmk_q_rnd_f_n_266198.wav"},"answer":{"fileFormat":"wav","fileSize":2249678,"duration":70300,"samplingBit":16,"channelCount":1,"samplingRate":"16kHz","audioPath":"/Mock/04.RND/Female/New/ckmk_a_rnd_f_n_266198.wav"}}}