{"version":"1.0","dataSet":{"info":{"date":"20230116","occupation":"RND","channel":"MOCK","place":"ONLINE","gender":"FEMALE","ageRange":"-34","experience":"NEW"},"question":{"raw":{"text":"살면서 가장 힘들었던 점은 무엇이고 그 점을 극복하기 위해 본인은 어떤 노력을 해 왔는지 궁금합니다","wordCount":15},"emotion":[],"intent":[]},"answer":{"raw":{"text":"저는 보통 살면서 가장 힘들다고 느끼는 경우는 대부분 그 경험이 짧든 길든 계속해서 반복될 때 더욱 힘들게 느껴지는 것 같습니다. 일상에서 그러한 방식으로 힘이 든다고 느꼈던 시간은 역시 학생 시절 시험 기간이 아니었나 싶습니다. 시험 자체는 모든 학생들이 겪는 평가 과정이기 때문에 그것이 가장 힘들었다고는 할 수 없습니다. 그러나 그 시험을 치르는 과정에서 시간을 조정하고 공부 스케줄을 가장 최적하게 맞추는 것이 무척이나 힘이 들었습니다. 다른 대회 활동과 스터디 그리고 과제까지 수행해야 하는 환경에서 제 능력과 템포를 파악하여 스케줄을 만추는 게 힘들었고 이를 극복하기 위해서 스케줄러를 사용하여서 체크리스트를 이용한 시간대 별로 스케줄을 분리하여서 목표를 달성하려고 노력했습니다. 그 결과 좋은 성적을 받을 수 있었습니다. 살면서 계속해서 어떠한 형태로든 시험은 다가올 것이지만 저는 그것을 두려워하지 않고 유연하게 대처할 수 있는 노하우가 생겼습니다.","wordCount":119},"emotion":[],"intent":[{"text":"다른 대회 활동과 스터디 그리고 과제까지 수행해야 하는 환경에서 제 능력과 템포를 파악하여 스케줄을 만추는 게 힘들었고 이를 극복하기 위해서 스케줄러를 사용하여서 체크리스트를 이용한 시간대 별로 스케줄을 분리하여서 목표를 달성하려고 노력했습니다.","expression":"r_prsv","category":"attitude"}],"summary":{"text":"학생 시절 시험 기간이 가장 힘들었다고 느꼈는데, 시간을 조정하고 공부 일정을 가장 최적하게 맞추는 것이 무척이나 힘들었습니다. 이를 극복하기 위해 스케줄러를 사용하여서 시간대 별로 스케줄을 분리하여서 목표를 달성하려고 노력해 좋은 성적을 받을 수 있었습니다. 살면서 시험에 대해 유연하게 대처할 수 있는 노하우가 생겼습니다.","wordCount":43}}},"rawDataInfo":{"question":{"fileFormat":"wav","fileSize":353038,"duration":11030,"samplingBit":16,"channelCount":1,"samplingRate":"16kHz","audioPath":"/Mock/04.RND/Female/New/ckmk_q_rnd_f_n_260885.wav"},"answer":{"fileFormat":"wav","fileSize":2268558,"duration":70890,"samplingBit":16,"channelCount":1,"samplingRate":"16kHz","audioPath":"/Mock/04.RND/Female/New/ckmk_a_rnd_f_n_260885.wav"}}}