{"version":"1.0","dataSet":{"info":{"date":"20230116","occupation":"RND","channel":"MOCK","place":"ONLINE","gender":"FEMALE","ageRange":"-34","experience":"NEW"},"question":{"raw":{"text":"본인만이 가지고 있는 상위 일 퍼센트의 능력이 있다면 그 능력을 최대한 자세하게 말씀해 주세요","wordCount":14},"emotion":[],"intent":[]},"answer":{"raw":{"text":"저는 마지막에 마지막까지 포기하지 않는 제 끈끼를 저만의 상위 일 퍼센트의 능력이라고 생각합니다. 이게 몇 번째 도전이다 또는 이게 몇 번째 수정이다 와 같은 횟수로 저의 노력을 헛되이 깎아내리고 싶지 않았습니다. 마지막까지 포기하지 않는다는 것은 어떻게 보면 단 한 번의 도전을 계속해서 길고 가늘게 이어간다고 볼 수 있다고 생각합니다. 저는 어떤 과제에 직면해도 그것을 끝까지 최선을 다해서 저의 영 점 일 퍼센트의 노력까지 영 점 일 초의 마지막 순간까지 짜내려고 하는 편입니다. 그런 끈끼를 계속해서 저만의 소중한 가치로 여기고 가져간다면 저는 어떠한 업무를 맡게 되어도 결코 쉽게 내던지지 않을 것임이 확실합니다.","wordCount":91},"emotion":[],"intent":[{"text":"","expression":"","category":"attitude"}],"summary":{"text":"저는 어떤 과제에 직면해도 끈기를  계속해서 저만의 소중한 가치로 여기고 가져간다면 어떠한 업무를 맡게 되어도 결코 쉽게 내던지지 않을 것임이 확실합니다.","wordCount":21}}},"rawDataInfo":{"question":{"fileFormat":"wav","fileSize":313326,"duration":9789,"samplingBit":16,"channelCount":1,"samplingRate":"16kHz","audioPath":"/Mock/04.RND/Female/New/ckmk_q_rnd_f_n_261166.wav"},"answer":{"fileFormat":"wav","fileSize":1790158,"duration":55940,"samplingBit":16,"channelCount":1,"samplingRate":"16kHz","audioPath":"/Mock/04.RND/Female/New/ckmk_a_rnd_f_n_261166.wav"}}}