{"version":"1.0","dataSet":{"info":{"date":"20230116","occupation":"RND","channel":"MOCK","place":"ONLINE","gender":"FEMALE","ageRange":"45-54","experience":"NEW"},"question":{"raw":{"text":"지원자님께서 만약 지원자님께서 계속 게임 속 캐릭터라면 어떤 게임에서 어떤 역할을 맡아서 수행하고 싶으신가요 설명 부탁드립니다","wordCount":16},"emotion":[],"intent":[]},"answer":{"raw":{"text":"제가 원래 게임을 잘 안 하는데요. 한 번은 고양이와 스프라는 게임을 접하게 되었습니다. 저희 아이가 하고 있어서 들여다보니까 굉장히 캐릭터들이 귀엽더라구요. 만약에 제가 게임 속 캐릭터가 된다면 그 고양이와 스프 속에 한 고양이로 캐릭터 역할을 해보고 싶습니다. 그중에서도 사탕 수수를 이렇게 짤라서 어 재료로 만드는 고양이가 있는데요. 그 사탕 수수를 짜를 때 커다란 칼을 들고 이 게 휙 날아올라서 무슨 무술 고수처럼 어 재료를 다듬어내는 모습이 굉장히 인상적이어서 제가 만약에 캐릭터가 된다면 그 고양이와 스프 게임 속에 사탕 수수를 다듬는 고양이 캐릭터를 담당해 보고 싶습니다.","wordCount":85},"emotion":[],"intent":[{"text":"","expression":"","category":"attitude"}],"summary":{"text":"게임 속 캐릭터가 된다면 고양이와 스프 속에서 사탕 수수를 다듬는 고양이 역할을 담당해 보고 싶습니다. 그 캐릭터가 된다면 게임 속에 사탕 수건을 다루는 고양이 캐릭터를 담당해보고 싶다고 생각합니다.","wordCount":28}}},"rawDataInfo":{"question":{"fileFormat":"wav","fileSize":396878,"duration":12400,"samplingBit":16,"channelCount":1,"samplingRate":"16kHz","audioPath":"/Mock/04.RND/Female/New/ckmk_q_rnd_f_n_185722.wav"},"answer":{"fileFormat":"wav","fileSize":1706318,"duration":53320,"samplingBit":16,"channelCount":1,"samplingRate":"16kHz","audioPath":"/Mock/04.RND/Female/New/ckmk_a_rnd_f_n_185722.wav"}}}