{"version":"1.0","dataSet":{"info":{"date":"20230116","occupation":"RND","channel":"MOCK","place":"ONLINE","gender":"FEMALE","ageRange":"-34","experience":"NEW"},"question":{"raw":{"text":"이제까지 살면서 가장 힘들었던 경험이 있다면 그것이 무엇인지 말씀해 주시고 그것을 어떻게 극복하셨는지도 같이 말씀해 주세요","wordCount":16},"emotion":[],"intent":[]},"answer":{"raw":{"text":"지금까지 살아오면서 제가 가장 힘들었던 경험은 네팔 히말라야에 올랐던 그런 경험입니다. 제가 책이나 강의를 통해서만 보았던 그런 히말라야 산을 제가 오를 것이라고는 한번도 생각해 본 적이 없는데 대학 시절에 참여하게 되었던 국제 자원 봉사에 봉사 후에 진행했던 그 지형 어 문화 활동 이런 것의 일환으로 히말라야에 등반할 수 있는 기회가 주어지게 되었습니다. 처음에는 제가 생각하던 산행이란 하루 만에 올라갔다 내려오는 것만 생각했었는데 히말라야라는 산맥은 어 저의 생각에서 완전히 벗어나서 며칠 동안이나 계속해서 올라가야 하는 산이었습니다. 그래서 체력적으로도 그리고 어 저의 사고의 틀을 깨는 것도 정말 힘들었는데 어 그냥 앞에 보이는 한발 한발만 열심히 올라가자 라는 마음으로 올라가다 보니까 결국에는 정상에 올라서 풍경을 바라볼 수 있게 되었습니다. 그 경험을 통해서 저는 무엇이든 무엇이든지 어 앞에 있는 것들을 열심히 하다 보면 결국에는 결과를 낼 수 있다고 생각이 생각을 하게 되었고 그것이 저의 어 삶의 그런 모토 그리고 원동력이 되었던 것 같습니다.","wordCount":139},"emotion":[],"intent":[{"text":"지금까지 살아오면서 제가 가장 힘들었던 경험은 네팔 히말라야에 올랐던 그런 경험입니다.","expression":"c_private","category":"background"},{"text":"제가 책이나 강의를 통해서만 보았던 그런 히말라야 산을 제가 오를 것이라고는 한번도 생각해 본 적이 없는데 대학 시절에 참여하게 되었던 국제 자원 봉사에 봉사 후에 진행했던 그 지형 어 문화 활동 이런 것의 일환으로 히말라야에 등반할 수 있는 기회가 주어지게 되었습니다.","expression":"c_private","category":"background"}],"summary":{"text":"저는 대학 시절에 참여했던 국제 자원 봉사 후에 진행했던 지형 문화 활동의 일환으로 네팔 히말라야에 오를 수 있었습니다. 히말라야는 며칠 동안이나 계속해서 올라가야 하는 산이었습니다. 그 경험을 통해서 무엇이든 열심히 하다 보면 결국에 결과를 낼 수 있다는 것이 저의 삶의 모토 그리고 원동력이 되었던 것 같습니다.","wordCount":46}}},"rawDataInfo":{"question":{"fileFormat":"wav","fileSize":356558,"duration":11140,"samplingBit":16,"channelCount":1,"samplingRate":"16kHz","audioPath":"/Mock/04.RND/Female/New/ckmk_q_rnd_f_n_264715.wav"},"answer":{"fileFormat":"wav","fileSize":3230158,"duration":100940,"samplingBit":16,"channelCount":1,"samplingRate":"16kHz","audioPath":"/Mock/04.RND/Female/New/ckmk_a_rnd_f_n_264715.wav"}}}