{"version":"1.0","dataSet":{"info":{"date":"20230116","occupation":"RND","channel":"MOCK","place":"ONLINE","gender":"FEMALE","ageRange":"-34","experience":"NEW"},"question":{"raw":{"text":"일을 하면서 가장 어려울 것으로 예상되는 것은 무엇인가요 또한 그것에 대해서 어떻게 대처하실 건지도 말씀 부탁드립니다","wordCount":16},"emotion":[],"intent":[]},"answer":{"raw":{"text":"일을 하면서 가장 어려울 것으로 예상되는 점은 아무래도 제가 업무 경험이 없다는 것입니다. 그래서 배우는 시간이 필요한데 지금 제가 알기로는 이 프로젝트가 매우 바빠서 인수인계를 받는 시간이 넉넉하지 않은 것으로 알고 있습니다. 그래서 저는 인수인계를 제대로 받을 수 있을지가 조금 걱정이고 그거에 따라서 업무 능력이 조금 떨어질까 봐 걱정이 됩니다. 그래서 저는 이에 대처할 생각으로는 저는 미리 공부를 많이 해 갈 예정입니다. 이 프로젝트가 정해진다면 그 프로젝트에 대한 자료를 얻어서 많은 선임 공부를 하겠습니다. 선수 공부를 통해서 다른 사람들보다 조금 더 인수인계 능력을 넓히고 그리고 모르는 점이나 배워야 할 점을 미리미리 체크할 수 있을 것이라고 생각합니다. 그래서 그러한 점을 체크해서 사수분께 정확히 물어보고 함으로써 일의 효율성을 높이고 시간을 단축시킬 수 있을 것이라고 생각합니다. 그래서 저는 가장 어려운 점으로는 아무래도 인수인계 부분이 제일 예상이 되고 있지만 그래도 그거에 먼저 대처할 수 있도록 미리 공부해 나가고 하면서 시간을 단축시키고 효율성을 높이겠습니다.","wordCount":139},"emotion":[],"intent":[{"text":"","expression":"","category":"attitude"}],"summary":{"text":"프로젝트가 정해진다면 그 프로젝트에 대한 자료를 얻어서 많은 선임 공부를 하겠습니다. 선수 공부를 통해서 다른 사람들보다 조금 더 인수인계 능력을 넓히고 모르는 점이나 배워야 할 점을 미리체크할 수 있을 것이라고 생각합니다. 그래서 그러한 점을 체크해서 사수께 정확히 묻고 함으로써 일의 효율성을 높이고 시간을 단축시킬 수 있을 것입니다.","wordCount":47}}},"rawDataInfo":{"question":{"fileFormat":"wav","fileSize":586318,"duration":18320,"samplingBit":16,"channelCount":1,"samplingRate":"16kHz","audioPath":"/Mock/04.RND/Female/New/ckmk_q_rnd_f_n_275714.wav"},"answer":{"fileFormat":"wav","fileSize":2739278,"duration":85600,"samplingBit":16,"channelCount":1,"samplingRate":"16kHz","audioPath":"/Mock/04.RND/Female/New/ckmk_a_rnd_f_n_275714.wav"}}}