{"version":"1.0","dataSet":{"info":{"date":"20230116","occupation":"RND","channel":"MOCK","place":"ONLINE","gender":"FEMALE","ageRange":"-34","experience":"NEW"},"question":{"raw":{"text":"본인의 십 년 후 미래는 어떨 것 같나요 십 년 후에도 저희 회사에 계속 다니고 있을 것 같아요","wordCount":18},"emotion":[],"intent":[]},"answer":{"raw":{"text":"저의 십 년 뒤 미래는 이 회사를 계속 안 다닐 것 같습니다. 어 아무래도 커리어를 쌓기 위해서 물론 이 회사에 지금 당장 취업하면 굉장히 충실하고 성실하게 다니겠지만 굳이 이 회사를 십 년 동안 다닐 이유는 없을 것 같습니다. 저도 제 커리어를 위해서 이 직무 저 직무 또 다르게 옮겨 다닐 수도 있는 거구요. 먼저는 경험해보고 싶은 게 많기 때문에 저 같은 경우에는 다른 여러 회사들을 경험하고자 하는 욕심이 많은 편이라 십 년 뒤에 이 회사에 계속 다닐 것 같지는 않습니다. 물론 뽑아주신다면 성실하고 또 최선을 다해서 그 순간에 임할 자신은 있습니다.","wordCount":91},"emotion":[],"intent":[{"text":"","expression":"","category":"attitude"}],"summary":{"text":"커리어를 쌓기 위해 이 회사에 취업하면 충실하고 성실하게 다니겠지만 십 년 동안 다닐 이유는 없을 것 같습니다. 물론 뽑히면 성실하고 최선을 다해서 그 순간에 임할 자신은 있습니다.","wordCount":27}}},"rawDataInfo":{"question":{"fileFormat":"wav","fileSize":327758,"duration":10240,"samplingBit":16,"channelCount":1,"samplingRate":"16kHz","audioPath":"/Mock/04.RND/Female/New/ckmk_q_rnd_f_n_178183.wav"},"answer":{"fileFormat":"wav","fileSize":1459918,"duration":45620,"samplingBit":16,"channelCount":1,"samplingRate":"16kHz","audioPath":"/Mock/04.RND/Female/New/ckmk_a_rnd_f_n_178183.wav"}}}