{"version":"1.0","dataSet":{"info":{"date":"20230116","occupation":"RND","channel":"MOCK","place":"ONLINE","gender":"FEMALE","ageRange":"35-44","experience":"NEW"},"question":{"raw":{"text":"본인의 단점을 말씀해 주시고 이를 보완하기 위해서 어떤 노력을 했는지 그 노력한 점도 같이 말씀해 주세요","wordCount":16},"emotion":[],"intent":[]},"answer":{"raw":{"text":"저의 단점은 어린 시절 대부분 외국에서 생활했기 때문에 어 다른 사람에 비해서 한국어가 조금 서툰 것이 단점이라고 생각을 합니다. 어 이 이것을 어려 어렸을 때 어 외국에서 생활을 많이 한 것이 어 살면서 저에게는 다양한 언어를 습득할 수 있는 기회가 되었고 또한 다양한 환경과 다양한 사람들을 많이 만나서 어떤 상황이나 환경에 빠르게 적응한다는 장점으로 작용하기도 했습니다. 하지만 한국에서 사회생활을 하고 또 회사에서 생활을 할 때 어 다른 사람들에 비해서 한국어가 조금 서툰 것은 저에게 단점으로 작용할 수 있다고 생각합니다. 그래서 저는 이 단점을 보완하기 위해서 음 회사에 다니면서도 그 친한 사람들과 함께 스터디를 만들어서 제가 잘 할 수 있는 외국어를 알려주고 또 그 사람에게 한국어를 배우는 노력을 굉장히 많이 했습니다. 그리고 또 다른 사람에 비해서 어 한국어를 잘 알아들을 수 없기 때문에 모르는 단어나 문장이 나왔을 때 그것을 적어 두었다가 어 친한 친구 친구나 동료들에게 그 말의 속 뜻을 정확하게 알기 위해 물어 보고 또 공부를 열심히 했습니다. 그리고 저의 발음을 다른 사람들이 알아듣 들을 수 있게 어 다른 사람에 비해서 천천히 그리고 또박또박 말하는 연습을 지금까지 꾸준히 하고 있습니다.","wordCount":170},"emotion":[],"intent":[{"text":"저의 단점은 어린 시절 대부분 외국에서 생활했기 때문에 어 다른 사람에 비해서 한국어가 조금 서툰 것이 단점이라고 생각을 합니다.","expression":"c_private","category":"background"},{"text":"어 이 이것을 어려 어렸을 때 어 외국에서 생활을 많이 한 것이 어 살면서 저에게는 다양한 언어를 습득할 수 있는 기회가 되었고 또한 다양한 환경과 다양한 사람들을 많이 만나서 어떤 상황이나 환경에 빠르게 적응한다는 장점으로 작용하기도 했습니다.","expression":"c_private","category":"background"}],"summary":{"text":"어린 시절 대부분 외국에서 생활했기 때문에 다른 사람에 비해서 한국어가 조금 서툰 것이 단점이라고 생각합니다. 그래서 회사에 다니면서도 친한 사람들과 함께 스터디를 만들어서 제가 잘 할 수 있는 외국어를 알려주고 또 그 사람에게 한국어를 배우는 노력을 굉장히 많이 했습니다. 그리고 모르는 단어나 문장이 나왔을 때 그 말의 속 뜻을 정확하게 알기 위해 공부했습니다.","wordCount":53}}},"rawDataInfo":{"question":{"fileFormat":"wav","fileSize":298958,"duration":9340,"samplingBit":16,"channelCount":1,"samplingRate":"16kHz","audioPath":"/Mock/04.RND/Female/New/ckmk_q_rnd_f_n_250141.wav"},"answer":{"fileFormat":"wav","fileSize":3724238,"duration":116380,"samplingBit":16,"channelCount":1,"samplingRate":"16kHz","audioPath":"/Mock/04.RND/Female/New/ckmk_a_rnd_f_n_250141.wav"}}}