{"version":"1.0","dataSet":{"info":{"date":"20230116","occupation":"RND","channel":"MOCK","place":"ONLINE","gender":"FEMALE","ageRange":"-34","experience":"NEW"},"question":{"raw":{"text":"저희 일의 특성상 야근이나 잔업 그리고 외근이 많을 수 있는데요 그래도 괜찮으시겠습니까","wordCount":12},"emotion":[],"intent":[]},"answer":{"raw":{"text":"야근이나 잔업 그리고 외근이 많아진다면 일단 한 번 도전해 보겠습니다. 처음부터 기피하고 안 하려고 하기보다는 오히려 이러한 업무들도 직접 경험해 보면서 제게 얼마 정도의 템포가 맞는지 알아보는 것과 그리고 이러한 경험을 해보는 것 자체도 좋은 기회라고 생각합니다. 물론 솔직하게 말씀을 드리자면 일상적으로 야근과 작업 그리고 외근이 비일비재 하는 것은 좋지만은 않다고 생각됩니다. 그러나 당장에 모든 메커니즘을 기피하고 뜯어내려고 바꾸려고 하기보다는 환경에 적응하고 이렇게 잦은 일이 발생하는 이유를 고심하여서 그러한 일들이 발생하지 않도록 제가 할 수 있는 최선을 다해서 현재 제가 맡은 바 업무를 잘 수행하도록 하겠습니다.","wordCount":86},"emotion":[],"intent":[{"text":"","expression":"","category":"attitude"}],"summary":{"text":"일상적으로 야근과 작업 그리고 외근이 비일비재 하는 것은 좋지만은 않습니다. 하지만 당장에 모든 메커니즘을 기피하고 바꾸려고 하기보다는 환경에 적응하고 이러한 잦은 일이 발생하지 않도록 현재 제가 맡은 바 업무를 잘 수행하도록 하겠습니다.","wordCount":32}}},"rawDataInfo":{"question":{"fileFormat":"wav","fileSize":337038,"duration":10530,"samplingBit":16,"channelCount":1,"samplingRate":"16kHz","audioPath":"/Mock/04.RND/Female/New/ckmk_q_rnd_f_n_255783.wav"},"answer":{"fileFormat":"wav","fileSize":1847758,"duration":57740,"samplingBit":16,"channelCount":1,"samplingRate":"16kHz","audioPath":"/Mock/04.RND/Female/New/ckmk_a_rnd_f_n_255783.wav"}}}