{"version":"1.0","dataSet":{"info":{"date":"20230116","occupation":"RND","channel":"MOCK","place":"ONLINE","gender":"FEMALE","ageRange":"35-44","experience":"NEW"},"question":{"raw":{"text":"지원자님의 의견을 주장하실 때 강하게 주장하는 편이신가요 어떤 스타일로 본인의 의견을 주장해 오셨는지 말씀 부탁드립니다","wordCount":15},"emotion":[],"intent":[]},"answer":{"raw":{"text":"저는 제 의견을 주장할 때 어 강하게 주장하는 편은 아닙니다. 강하게 주장한다면 어 제 얘기를 일방적으로 듣는 동료들은 어 불편해 할 것이고 저 또한 정말 꼭 정말 이 필요할 때는 제 의견을 강하게 내비치는 편입니다. 보통 때는 제 의견을 강하게 내비치는 것보다 어 동료들의 의견을 들어 보고 그리고 저의 의견에 맞춰서 작은 자극 하게 주장을 하는 편입니다. 물론 제 의견이 받아 들여질 때도 있고 안 받아 들여질 때도 있지만 제가 큰 목소리를 내서 강하게 주장한다고 해도 다수의 사람들이 반대를 한다면 그 의견은 뽑혀지지 않는 것 같습니다. 저는 먼저 제 의견을 주장할 때 다른 사람을 경청해서 잘 들어 보고 그다음에 조심스럽게 말하는 편입니다.","wordCount":102},"emotion":[],"intent":[{"text":"","expression":"","category":"attitude"}],"summary":{"text":"저는 제 의견을 강하게 주장하는 편은 아니고 꼭 필요할 때는 제 의견을 강력히 내비치는 편입니다. 의견을 강하게 피력하는 것보다 제 의견에 맞춰서 작은 자극 하게 주장을 하는 편이지만 다수의 사람들이 반대를 한다면 그 의견은 뽑히지 않는 것 같습니다.","wordCount":38}}},"rawDataInfo":{"question":{"fileFormat":"wav","fileSize":594638,"duration":18580,"samplingBit":16,"channelCount":1,"samplingRate":"16kHz","audioPath":"/Mock/04.RND/Female/New/ckmk_q_rnd_f_n_190606.wav"},"answer":{"fileFormat":"wav","fileSize":2078798,"duration":64959,"samplingBit":16,"channelCount":1,"samplingRate":"16kHz","audioPath":"/Mock/04.RND/Female/New/ckmk_a_rnd_f_n_190606.wav"}}}