{"version":"1.0","dataSet":{"info":{"date":"20230116","occupation":"RND","channel":"MOCK","place":"ONLINE","gender":"FEMALE","ageRange":"-34","experience":"NEW"},"question":{"raw":{"text":"지원자님은 본인이 창의적으로 어떤 문제를 해결한 경험이 있나요 그 과정을 최대한 자세하게 듣고 싶습니다","wordCount":14},"emotion":[],"intent":[]},"answer":{"raw":{"text":"제가 창의적으로 문제를 해결했던 적을 말씀드리겠습니다. 저는 창의적 문제 해결이라는 프로젝트에 참여한 적이 있습니다. 이것은 네 명이 팀을 이루어서 실생활 문제를 설정하고 전공과 관련해서 창의적으로 문제를 해결하는 프로젝트였습니다. 저는 이것에 참여 하였고 저희 팀은 장애인분들의 커뮤니티를 돕고 그들의 현실적인 필요에 도움이 될 수 있는 어플리케이션 서비스 프로그램을 만드는 것을 참여하였습니다. 이 프로젝트는 장기간으로 진행되었고 팀원들과 자주 소통하면서 직접 만나서 작업을 했어야 됐습니다. 그래서 다른 사람들과 소통을 하는 것에 많은 경험을 할 수 있었습니다. 그리고 이것은 창의적으로 해결했어야 됐기 때문에 지금 저희가 갖고 있는 지식을 충분히 사용하여서 이 디자인을 잘 창의적으로 선정하는 것이 중요했습니다. 그래서 다른 여러 사람들에게도 도움을 많이 요청하였습니다. 실제 장애를 가진 사람들에게 찾아가 그분들이 겪고 있는 어려움을 겪으면 어 어려움에 대해서 많이 얘기를 들으면서 조언을 구하고 창의적으로 해결하려고 노력하였습니다.","wordCount":121},"emotion":[],"intent":[{"text":"저는 창의적 문제 해결이라는 프로젝트에 참여한 적이 있습니다.","expression":"c_private","category":"background"},{"text":"이것은 네 명이 팀을 이루어서 실생활 문제를 설정하고 전공과 관련해서 창의적으로 문제를 해결하는 프로젝트였습니다.","expression":"c_private","category":"background"},{"text":"저는 이것에 참여 하였고 저희 팀은 장애인분들의 커뮤니티를 돕고 그들의 현실적인 필요에 도움이 될 수 있는 어플리케이션 서비스 프로그램을 만드는 것을 참여하였습니다.","expression":"c_private","category":"background"},{"text":"실제 장애를 가진 사람들에게 찾아가 그분들이 겪고 있는 어려움을 겪으면 어 어려움에 대해서 많이 얘기를 들으면서 조언을 구하고 창의적으로 해결하려고 노력하였습니다.","expression":"r_prsv","category":"attitude"}],"summary":{"text":"창의적 문제 해결 프로젝트는 네 명이 팀을 이루어 실생활 문제를 설정하고 전공과 관련해 창의적으로 문제를 해결하는 프로젝트로 장애인분들의 커뮤니티를 돕고 현실적인 필요에 도움이 될 수 있는 어플리케이션 서비스 프로그램을 만드는 것으로 장기간 진행되었고 팀원들과 자주 소통하면서 직접 만나서 작업을 해야 됐습니다.","wordCount":41}}},"rawDataInfo":{"question":{"fileFormat":"wav","fileSize":399118,"duration":12470,"samplingBit":16,"channelCount":1,"samplingRate":"16kHz","audioPath":"/Mock/04.RND/Female/New/ckmk_q_rnd_f_n_282323.wav"},"answer":{"fileFormat":"wav","fileSize":2812878,"duration":87900,"samplingBit":16,"channelCount":1,"samplingRate":"16kHz","audioPath":"/Mock/04.RND/Female/New/ckmk_a_rnd_f_n_282323.wav"}}}