{"version":"1.0","dataSet":{"info":{"date":"20230116","occupation":"RND","channel":"MOCK","place":"ONLINE","gender":"FEMALE","ageRange":"-34","experience":"NEW"},"question":{"raw":{"text":"본인이 가장 자신 있다고 생각하는 기술 분야는 어떤 분야라고 생각을 합니까","wordCount":11},"emotion":[],"intent":[]},"answer":{"raw":{"text":"제가 가장 자신 있는 기술 분야는 바로 설계도 도면 어 작성입니다. 설계도면을 그리는 일은 제가 가장 좋아하는 일이고 이전 회사에서도 많은 경험을 통해서 쌓아 왔던 그런 어 저의 특기라고 할 수 있습니다. 음 이 건설업에 있어서 설계도면 그리기는 매우 고급 기술 중의 하나라고 생각을 하는데요. 저는 평소 제 장점인 꼼꼼함을 잘 살려서 필요한 부분을 놓치지 않고 좀 더 고객의 니즈에 맞출 수 있는 그런 그런 설계도면을 그릴 수 있다고 자부하고 또 관련된 캐드 자격증도 취득을 하고 열심히 이전 회사에도 활 활용을 했었기 때문에 자유자재로 투디나 쓰리디로 제가 설계하고자 하는 도면을 표현을 할 수 있습니다. 이런 저의 어 장점을 살릴 수 있고 또 기술적인 부분에 대한 그런 능력도 가지고 있기 때문에 어 저의 이런 설계도면 그리기라는 기술 분야가 이 회사에서도 잘 유용하게 쓰여졌으면 좋겠다는 생각을 가지고 있습니다.","wordCount":126},"emotion":[],"intent":[{"text":"저는 평소 제 장점인 꼼꼼함을 잘 살려서 필요한 부분을 놓치지 않고 좀 더 고객의 니즈에 맞출 수 있는 그런 그런 설계도면을 그릴 수 있다고 자부하고 또 관련된 캐드 자격증도 취득을 하고 열심히 이전 회사에도 활 활용을 했었기 때문에 자유자재로 투디나 쓰리디로 제가 설계하고자 하는 도면을 표현을 할 수 있습니다.","expression":"c_person","category":"background"}],"summary":{"text":"건설업에 있어서 설계도면 그리기는 매우 고급 기술 중의 하나이며, 평소 제 장점인 꼼꼼함을 잘 살려서 고객의 니즈에 맞출 수 있다고 자부하고 캐드 자격증도 취득하고 이전 회사에도 활용 했었기 때문에 자유자재로 투디나 쓰리디로 설계하고자 하는 도면을 표현을 할 수 있습니다.","wordCount":39}}},"rawDataInfo":{"question":{"fileFormat":"wav","fileSize":389198,"duration":12160,"samplingBit":16,"channelCount":1,"samplingRate":"16kHz","audioPath":"/Mock/04.RND/Female/New/ckmk_q_rnd_f_n_264581.wav"},"answer":{"fileFormat":"wav","fileSize":2833678,"duration":88550,"samplingBit":16,"channelCount":1,"samplingRate":"16kHz","audioPath":"/Mock/04.RND/Female/New/ckmk_a_rnd_f_n_264581.wav"}}}