{"version":"1.0","dataSet":{"info":{"date":"20230116","occupation":"RND","channel":"MOCK","place":"ONLINE","gender":"FEMALE","ageRange":"45-54","experience":"NEW"},"question":{"raw":{"text":"지원자분은 엔트로피에 관해 알고 계십니까 알고 계신다면 엔트로피란 무엇인지 열역학 법칙과 함께 설명해 주시기 바랍니다","wordCount":15},"emotion":[],"intent":[]},"answer":{"raw":{"text":"엔트로피가 무엇인지에 대해서 설명드리겠습니다. 엔트로피라고 하는 것은 열 역학적 의 개의 열 역학계에 유용하지 않은 에너지의 흐름을 설명할 때 이용되는 상태 함수입니다. 통계 역학적으로 주어진 거시적 상태에 대응하는 미시적 상태의 수의 로그로 생각을 할 수 있습니다. 어 엔트로피는 일반적으로 보존되지 않고 열 역학 제 이 법칙에 따라서 시간에 따라 증가합니다. 독일의 물리학자인 루돌프 클라우지우스가 천 팔백 오십 년대 초에 도입하였고요. 대게 기호로 라틴문자로 에스를 쓰고 있습니다. 어 그러고 열 역학적인 법칙과 같이 설명드리자면 고전적 열 역학에서 엔트로피의 법칙을 정의할 수는 없고요 그 상대적인 변화만 정의를 할 수가 있습니다. 그래서 엔트로피라는 것과 열 역학 정의와 어 통계학적인 정의 두 가지가 관련된 정의가 있다 라고 말씀드릴 수 있습니다. 제가 말씀드릴 수 있는 엔트로피는 어 이렇게 정의할 수 있을 것 같습니다.","wordCount":118},"emotion":[{"text":"엔트로피라고 하는 것은   열 역학적 의 개의 열 역학계에 유용하지 않은 에너지의 흐름을 설명할 때    이용되는 상태 함수입니다.","expression":"u-fact","category":"neutral"},{"text":"어 엔트로피는 일반적으로 보존되지 않고 열 역학 제 이 법칙에 따라서    시간에 따라 증가합니다.","expression":"u-fact","category":"neutral"},{"text":"독일의 물리학자인 루돌프 클라우지우스가    천 팔백 오십 년대 초에 도입하였고요.","expression":"u-fact","category":"neutral"},{"text":"대게 기호로          라틴문자로 에스를 쓰고 있습니다.","expression":"u-fact","category":"neutral"}],"intent":[{"text":"","expression":"","category":"attitude"}],"summary":{"text":"엔트로피는 열 역학적 역학계에 유용하지 않은 에너지의 흐름을 설명할 때 이용되는 상태 함수로 시간에 따라 증가하며 고전적 열 역학에서 엔트리피의 법칙을 정의할 수는 없고 상대적인 변화만 정의를 할 수가 있습니다. 제가드릴수 있는 엔트로피는 이렇게 정의할 수 있을 것 같습니다.","wordCount":39}}},"rawDataInfo":{"question":{"fileFormat":"wav","fileSize":377678,"duration":11800,"samplingBit":16,"channelCount":1,"samplingRate":"16kHz","audioPath":"/Mock/04.RND/Female/New/ckmk_q_rnd_f_n_145185.wav"},"answer":{"fileFormat":"wav","fileSize":2557518,"duration":79920,"samplingBit":16,"channelCount":1,"samplingRate":"16kHz","audioPath":"/Mock/04.RND/Female/New/ckmk_a_rnd_f_n_145185.wav"}}}