{"version":"1.0","dataSet":{"info":{"date":"20230116","occupation":"RND","channel":"MOCK","place":"ONLINE","gender":"FEMALE","ageRange":"35-44","experience":"NEW"},"question":{"raw":{"text":"저희 회사에 입사를 하게 되신다면 저희 일의 특성상 야근이나 잔업 또는 외근이 많아질 수도 있습니다 지원자님께서는 이렇게 시간 외에 근무하는 것에 대해서 어떻게 생각하시나요","wordCount":24},"emotion":[],"intent":[]},"answer":{"raw":{"text":"저는 제가 맡은 일을 잘하기 위해서는 야근이 필요하다고 생각합니다. 회사에서 일을 하는 것이 단순히 해식의 회사의 일을 하는 것이 아니라 저 개인의 발전도 함께 한다고 생각합니다. 따라서 야근을 하지 않아도 제가 일을 배우고 익히는 데 충분하다면 모르겠으나 만약 정해진 근무시간만으로 배움과 성장이 충분하지 않다면 당연히 야근은 필요합니다. 제가 이렇게 생각하는 이유는 야간 야근이 다 같은 야근이 아니기 때문입니다. 야근마다 야근의 질이 다르다고 생각합니다. 내가 커리어적으로 성장하고 저의 능력을 키우는 데 도움이 되는 야근이 있고 무의미하게 시간만 보내는 야근이 있을 수 있습니다. 저는 매사에 긍정적이고 작은 행동에도 의미를 찾는 편입니다. 제가 하는 일에 의미를 부여하고 열심히 일할 자신이 있습니다.","wordCount":98},"emotion":[],"intent":[{"text":"저는 매사에 긍정적이고 작은 행동에도 의미를 찾는 편입니다.","expression":"c_person","category":"background"}],"summary":{"text":"회사에서의 업무는 개인의 발전에도 기여하기 때문에 저 역시도 야근이 필요하다 생각합니다. 정해진 근무시간만으로 배움과 성장이 충분하지 않다면 당연히 야근은 필요합니다. 야근마다 질이 다른 이유는 제가 하는 일에 의미를 부여하고 열심히 일할 자신이 있기 때문입니다.","wordCount":34}}},"rawDataInfo":{"question":{"fileFormat":"wav","fileSize":606158,"duration":18940,"samplingBit":16,"channelCount":1,"samplingRate":"16kHz","audioPath":"/Mock/04.RND/Female/New/ckmk_q_rnd_f_n_214418.wav"},"answer":{"fileFormat":"wav","fileSize":1955278,"duration":61100,"samplingBit":16,"channelCount":1,"samplingRate":"16kHz","audioPath":"/Mock/04.RND/Female/New/ckmk_a_rnd_f_n_214418.wav"}}}