{"version":"1.0","dataSet":{"info":{"date":"20230116","occupation":"RND","channel":"MOCK","place":"ONLINE","gender":"FEMALE","ageRange":"-34","experience":"NEW"},"question":{"raw":{"text":"과거에 전 회사에서 프로젝트를 수행했던 경험이 있으신지 궁금합니다 만약에 프로젝트를 수행한 경험이 있다면 그 프로젝트를 하는 동안 어떠한 역할을 맡아서 하셨는지 이야기해 주십시오","wordCount":23},"emotion":[],"intent":[]},"answer":{"raw":{"text":"과거에 아이티 기업에서 서비스 매뉴얼을 만드는 과정에서 기술 지원 파트를 제가 담당을 했었는데요. 당시 제가 맡았던 직무는 리더는 아니고 세컨 리더로서의 역할이었습니다. 예를 들면 리더분이 우리가 어떠 어떠한 방향으로 목차를 정하고 이런 부분을 어떤 목표치를 세워서 달성해 나가자 라고 말씀을 하시면 그 부분에 이제 조금 더 살을 채워 놓고 혹은 팔로워들이 다양한 의견에 대해서 아이디어 쉐어링을 해주면 이렇게 우리 팀원들을 생각하는데 이런 부분들을 조금 더 어 프로젝트 내에 첨가 첨가하면 어떨지 또 좋은 성과를 낼 수 있지 않을지 이런 부분에 대해서 리더분과 함께 직접적으로 많이 고민을 했고요. 실제로도 그 과정을 통해서 어 조직이 더 좋은 성과를 낼 수 있었습니다. 그래서 제가 말씀드리고 싶은 부분은 저는 리더로서의 역할도 잘할 수 있지만 우리 조직 전체적으로 보자면 제가 세컨 리더로서 리더와 그리고 팀원분들의 그런 브리지 역할을 할 때 더 좋은 성과를 낼 수 있다는 점입니다.","wordCount":132},"emotion":[{"text":"과거에 아이티 기업에서 서비스 매뉴얼을 만드는 과정에서   기술 지원 파트를 제가 담당을 했었는데요.","expression":"u-fact","category":"neutral"}],"intent":[{"text":"과거에 아이티 기업에서 서비스 매뉴얼을 만드는 과정에서   기술 지원 파트를 제가 담당을 했었는데요.","expression":"r_prof","category":"attitude"}],"summary":{"text":"과거 아이티 기업에서 서비스 매뉴얼을 만드는 과정에서 기술 지원 파트를 담당했던 적이 있습니다. 당시 세컨 리더로서의 역할이었는데, 리더분이 어떤 방향으로 목차를 정하고 어떤 아이디어 쉐어링을 하면 좋을지에 대해 리더분과 함께 고민했고 실제로 더 좋은 성과를 낼 수 있었습니다.","wordCount":38}}},"rawDataInfo":{"question":{"fileFormat":"wav","fileSize":656078,"duration":20500,"samplingBit":16,"channelCount":1,"samplingRate":"16kHz","audioPath":"/Mock/04.RND/Female/New/ckmk_q_rnd_f_n_171020.wav"},"answer":{"fileFormat":"wav","fileSize":2727758,"duration":85240,"samplingBit":16,"channelCount":1,"samplingRate":"16kHz","audioPath":"/Mock/04.RND/Female/New/ckmk_a_rnd_f_n_171020.wav"}}}