{"version":"1.0","dataSet":{"info":{"date":"20230116","occupation":"RND","channel":"MOCK","place":"ONLINE","gender":"FEMALE","ageRange":"35-44","experience":"NEW"},"question":{"raw":{"text":"커뮤니케이션을 잘 할 수 있는 지원자님만의 노하우가 있을까요 그 노하우를 설명해 주시고 직접 보여 주시기 바랍니다","wordCount":16},"emotion":[],"intent":[]},"answer":{"raw":{"text":"네 안녕하세요. 오늘은 날씨가 참 상쾌하고 맑아서 기분 좋은 하루를 시작할 수 있었습니다. 이렇게 기분 좋은 하루를 제가 예전부터 선망해 온 이 기업에서 저의 역량을 알릴 수 있는 기회가 주어진 게 저는 감사한 마음으로 이 자리에 오게 되었습니다. 저는 이제 커뮤니케이션을 잘 할 수 있는 나만에 스킬을 소개하려고 합니다. 우선 커뮤니케이션을 잘 하기 위해서는 다양한 방면의 관심사를 가지고 있습니다. 예를 들어 뭐 십 대들의 관심 분야를 알기 위해서 전 조카들과 대화도 많이 하면서 요즘 유행하는 것이 뭔지 그리고 고민하는 것들이 무엇인지 아 요즘 젊은 세대들은 어떻게 살아 가는지 이렇게 알아보기도 하고 좀 시대에 뒤처지지 않게 노력 중입니다. 그리고 분야별 연령별로 인터넷 커뮤니티에 가입을 해서 다양한 방면의 관심사를 이해하고 알아 보려고 노력하는 중입니다. 사람들과의 첫 만남에서도 잘 대화할 수 있게 뭐 재미있는 글이라던가 요즘 이슈화되는 뉴스 등 다양한 주제로 상대방을 편안하게 해주려고 노력을 하고 있습니다. 그리고 제일 중요한 것은 항상 밝은 미소를 잃지 않는 것 상대방을 잘 이해하고 또 그 말에 웃어 준다면 어떠한 대화에도 기분 좋게 마무리 지을 수 있는 게 저만의 스킬입니다.","wordCount":163},"emotion":[],"intent":[{"text":"","expression":"","category":"attitude"}],"summary":{"text":"저는 커뮤니케이션을 잘 할 수 있는 스킬을 소개하려고 합니다. 우선 십 대들의 관심 분야를 알기 위해서 조카들과 대화도 많이 하고, 분야별 연령별로 인터넷 커뮤니티에 가입을 해서 다양한 방면의 관심사를 이해하고 알아 보려고 노력 중입니다. 그리고 제일 중요한 것은 항상 밝은 미소를 잃지 않는 것 상대방을 잘 이해하고 또 그 말에 웃으면 어떠한 대화에도 기분 좋게 마무리 지을 수 있는 게 저만의 스킬입니다.","wordCount":62}}},"rawDataInfo":{"question":{"fileFormat":"wav","fileSize":481358,"duration":15040,"samplingBit":16,"channelCount":1,"samplingRate":"16kHz","audioPath":"/Mock/04.RND/Female/New/ckmk_q_rnd_f_n_246274.wav"},"answer":{"fileFormat":"wav","fileSize":2359118,"duration":73720,"samplingBit":16,"channelCount":1,"samplingRate":"16kHz","audioPath":"/Mock/04.RND/Female/New/ckmk_a_rnd_f_n_246274.wav"}}}