{"version":"1.0","dataSet":{"info":{"date":"20230116","occupation":"RND","channel":"MOCK","place":"ONLINE","gender":"FEMALE","ageRange":"-34","experience":"NEW"},"question":{"raw":{"text":"지금까지 여러 대외 활동을 경험하셨을 텐데 대외 활동에서 무엇을 배웠고 또 어떤 자세로 임했는지 말씀해 주실 수 있나요","wordCount":18},"emotion":[],"intent":[]},"answer":{"raw":{"text":"저는 대외 활동을 통해서 소통이 굉장히 중요하고 또 책임감이 굉장히 중요하다는 것을 알게 되었습니다. 그중에 책임감에 대해서 말씀을 드리자며 대외 활동에 이미 합격을 하는데 활동하지 않는 학생들이 정말 많았습니다. 그런 학생들을 보면서 어렵게 원서를 쓰고 면접을 봤는데 왜 활동을 하지 않을까 이런 생각이 많이 들었고 또 활동 중간에도 많이 이제 탈퇴하는 친구들이 굉장히 많았습니다. 저는 활동을 하면 끝까지 하는 활동이 굉장히 많았고 끝까지 하면서 성취감과 성취감을 얻을 수 있었습니다. 그러면서 이 대외 활동을 매일 주최하시는 주최자 분들의 이야기를 들으면서 책임감이 무엇보다 이 활동을 하면서 굉장히 중요하고 어 내가 이 한 하 이거를 이 활동을 내가 개인으로 하는 게 아니라 학교를 대표해서 하는 느낌으로 했으면 좋겠다는 이야기를 들으면서 한 번 더 그 생각을 되짚어 보았던 경험이 있던 것 같습니다.","wordCount":118},"emotion":[{"text":"저는 활동을 하면 끝까지 하는 활동이 굉장히 많았고 끝까지 하면서 성취감과 성취감을 얻을 수 있었습니다.","expression":"p-achievement","category":"positive"}],"intent":[{"text":"","expression":"","category":"attitude"}],"summary":{"text":"저는 대외 활동을 통해 소통이 중요하고 또 책임감이 중요하다는 것을 알게 되었습니다. 대외 활동에 합격했지만 활동하지 않는 학생들이 많았고, 활동을 하면서 성취감과 성취감을 얻을 수 있었습니다. 주최자 분의 이야기를 들으면서 이 활동을 학교를 대표해서 하는 느낌으로 했으면 좋겠다는 생각을 되짚어 보았습니다.","wordCount":41}}},"rawDataInfo":{"question":{"fileFormat":"wav","fileSize":396238,"duration":12380,"samplingBit":16,"channelCount":1,"samplingRate":"16kHz","audioPath":"/Mock/04.RND/Female/New/ckmk_q_rnd_f_n_269107.wav"},"answer":{"fileFormat":"wav","fileSize":2111438,"duration":65980,"samplingBit":16,"channelCount":1,"samplingRate":"16kHz","audioPath":"/Mock/04.RND/Female/New/ckmk_a_rnd_f_n_269107.wav"}}}