{"version":"1.0","dataSet":{"info":{"date":"20230116","occupation":"RND","channel":"MOCK","place":"ONLINE","gender":"FEMALE","ageRange":"-34","experience":"NEW"},"question":{"raw":{"text":"만약 본인의 직무에 맞지 않는 일을 하게 된다면 어떻게 하시겠어요 그래도 괜찮으실까요","wordCount":12},"emotion":[],"intent":[]},"answer":{"raw":{"text":"저의 직무에 맞지 않는 일에 일을 하게 된 된다 하더라도 저는 저에게 맡겨주신 직무를 잘 해낼 수 있도록 노력해 보는 과정을 가지고 싶습니다. 제가 이 회사에 지원을 하게 된 이유는 이 회사가 가지고 있는 그런 비전과 가치관이 저 제가 오래 일할 수 있고 또 애정을 가지고 일할 수 있는 회사 라는 그런 생각이 들어서 지원을 하게 된 것입니다. 그래서 제가 꼭 지금 지원하는 이 직무가 아니더라도 회사 내에서 제가 잘 할 수 있 있을 것 같다고 느끼시는 직무에 배치가 된다면 그 기대에 또 걸맞게 제가 이 그 직무에 어 적응하려고 노력하고 또 애정을 가지려고 노력하는 그런 모습을 보여드리는 것도 중요한 것이라고 생각을 합니다. 그래서 제 직무에 맞지 않는 일을 하게 되더라도 그 일에 대해서 열심히 알아가고 또 선배나 선임을 통해서 어 여러 가지 조언도 받으면서 그 일을 잘 해내갈 해낼 수 있도록 노력하겠습니다. 어떤 일이든지 처음부터 잘하는 일은 없지만 어 적응을 하지 못할 것도 없다고 생각합니다. 그렇기 때문에 일을 시켜만 주신다면 열심히 임해보겠습니다.","wordCount":153},"emotion":[],"intent":[{"text":"제가 이 회사에 지원을 하게 된 이유는 이 회사가 가지고 있는 그런 비전과 가치관이 저 제가 오래 일할 수 있고 또 애정을 가지고 일할 수 있는 회사 라는 그런 생각이 들어서 지원을 하게 된 것입니다.","expression":"c_sincere_job","category":"etc"}],"summary":{"text":"이 회사에 지원하게 된 이유는 이 회사가 갖고 있는 비전과 가치관이 제가 오래 일하고 애정을 가지고 일할 수 있는 회사 라는 생각이 들어서 입니다. 어떤 일이든 처음부터 잘하는 일은 없지만 어 적응을 못할 것도 없다고 생각하기 때문에 일을 시켜만 주신다면 열심히 임해보겠습니다.","wordCount":42}}},"rawDataInfo":{"question":{"fileFormat":"wav","fileSize":281678,"duration":8800,"samplingBit":16,"channelCount":1,"samplingRate":"16kHz","audioPath":"/Mock/04.RND/Female/New/ckmk_q_rnd_f_n_270483.wav"},"answer":{"fileFormat":"wav","fileSize":2865998,"duration":89560,"samplingBit":16,"channelCount":1,"samplingRate":"16kHz","audioPath":"/Mock/04.RND/Female/New/ckmk_a_rnd_f_n_270483.wav"}}}