{"version":"1.0","dataSet":{"info":{"date":"20230116","occupation":"RND","channel":"MOCK","place":"ONLINE","gender":"FEMALE","ageRange":"-34","experience":"NEW"},"question":{"raw":{"text":"혹시 팀으로 일을 하는 것과 혼자 일하는 것 중에 어느 것을 더 선호하시나요 그것을 더 선호하시는 이유도 함께 말씀해 주세요","wordCount":20},"emotion":[],"intent":[]},"answer":{"raw":{"text":"저는 팀으로 일하는 것과 혼자 일하는 것 중에 팀으로 일하는 것을 선호합니다. 팀으로 일하는 것을 선호하는 이유는 팀원들과 함께하는 그 시간이 즐겁고 또 결과 또한 제가 생각하 제가 혼자 생각해서 하는 일들보다 더 다양하고 더 어 더 멋있는 결과물을 창출해 낸 적이 많기 때문입니다. 일을 한다는 것은 어 비단 목표를 달성하고 또 결과물을 내는 것에서 음 그것 그것만을 얻기 위해서 하는 것은 아니 라고 생각합니다. 일을 하면서 얻는 즐거움이 있어야 하고 보람이 있어야 한다고 생각을 하는데 팀으로 일을 했을 때 저는 그런 경험이 많았고 그런 경험이 많게 되면 회사에 더 애정을 가지고 제가 하는 일에 더 열심히 임할 수 있지 않을까 하는 생각이 듭니다. 그리고 함께 어 울고 웃고 동고동락하는 과정에서 어 친밀감이 쌓일 수 있고 그런 주변의 지지 체계들이 어 이 한 사람 한 사람을 더 회사에 오래 머물도록 할 수 있는 요인이 될 것 같습니다. 그래서 저는 팀으로 일하는 것을 더 선호한다고 말씀드릴 수 있겠습니다.","wordCount":147},"emotion":[],"intent":[{"text":"저는 팀으로 일하는 것과 혼자 일하는 것 중에 팀으로 일하는 것을 선호합니다.","expression":"c_cop","category":"personality"},{"text":"팀으로 일하는 것을 선호하는 이유는 팀원들과 함께하는 그 시간이 즐겁고 또 결과 또한 제가 생각하 제가 혼자 생각해서 하는 일들보다 더 다양하고 더 어 더 멋있는 결과물을 창출해 낸 적이 많기 때문입니다.","expression":"c_cop","category":"personality"},{"text":"일을 하면서 얻는 즐거움이 있어야 하고 보람이 있어야 한다고 생각을 하는데 팀으로 일을 했을 때 저는 그런 경험이 많았고 그런 경험이 많게 되면 회사에 더 애정을 가지고 제가 하는 일에 더 열심히 임할 수 있지 않을까 하는 생각이 듭니다.","expression":"c_cop","category":"personality"},{"text":"그래서 저는 팀으로 일하는 것을 더 선호한다고 말씀드릴 수 있겠습니다.","expression":"c_cop","category":"personality"}],"summary":{"text":"저는 팀으로 일하는 것을 선호합니다. 그 이유는 팀원들과 함께하는 시간이 즐겁고 결과가 더 다양하고 멋진 결과물을 창출해 낸 적이 많기 때문입니다. 일을 하면서 얻는 즐거움과 보람이 있어야 한다고 생각하는데 그 경험이 많게 되면 회사에 더 애정을 가지고 열심히 임할 수 있을 것이라고 생각합니다.","wordCount":43}}},"rawDataInfo":{"question":{"fileFormat":"wav","fileSize":323278,"duration":10100,"samplingBit":16,"channelCount":1,"samplingRate":"16kHz","audioPath":"/Mock/04.RND/Female/New/ckmk_q_rnd_f_n_270319.wav"},"answer":{"fileFormat":"wav","fileSize":2849678,"duration":89050,"samplingBit":16,"channelCount":1,"samplingRate":"16kHz","audioPath":"/Mock/04.RND/Female/New/ckmk_a_rnd_f_n_270319.wav"}}}