{"version":"1.0","dataSet":{"info":{"date":"20230116","occupation":"RND","channel":"MOCK","place":"ONLINE","gender":"FEMALE","ageRange":"-34","experience":"NEW"},"question":{"raw":{"text":"직무 수행 시에 난관에 봉착했다면 어떻게 해결하실 건가요 지원자님의 해결법과 그렇게 하시려는 이유도 함께 말씀 부탁드립니다","wordCount":16},"emotion":[],"intent":[]},"answer":{"raw":{"text":"직무를 수행하다 보면 난관에 봉착하게 될 일이 많을 것 같은데요. 저는 가장 먼저 원인을 분석할 것 같습니다. 제 능력이 부족한 것인지 아니면 이 일이 특히 어려운 것인지에 대한 원인들을 분석하고 난 뒤 해결 방안에 대해 살펴볼 것 같은데요. 어 모든 업무는 해답이 있다고 생각을 합니다. 해답이 없는 업무는 없다고 생각을 하는데요. 어 먼저 검색을 통해서 관련 직무에 대한 내용을 살피고 논문을 찾아본다 든지와 같은 이런 방법을 통해서 직무를 해결할 수 있는 방안에 대해 충분한 고민 뒤에 제가 일을 해결하지 못한다고 한다면 동기나 상사에게 해당 직문을 직무를 해결할 수 있는 방안에 대해 물어봐서 어 해결을 하도록 할 것 같습니다.","wordCount":98},"emotion":[],"intent":[{"text":"","expression":"","category":"attitude"}],"summary":{"text":"직무 수행 중 난관에 봉착하는 일이 많은데, 우선 원인을 분석할 것 같습니다. 그 뒤 해결 방안에 대해 살펴볼 것 같은데, 검색이나 논문 검색 등을 통해 문제를 해결하고, 일을 해결하지 못할 경우 동기나 상사에게 물어보는 것이 좋겠습니다.","wordCount":36}}},"rawDataInfo":{"question":{"fileFormat":"wav","fileSize":618958,"duration":19340,"samplingBit":16,"channelCount":1,"samplingRate":"16kHz","audioPath":"/Mock/04.RND/Female/New/ckmk_q_rnd_f_n_290256.wav"},"answer":{"fileFormat":"wav","fileSize":2096718,"duration":65519,"samplingBit":16,"channelCount":1,"samplingRate":"16kHz","audioPath":"/Mock/04.RND/Female/New/ckmk_a_rnd_f_n_290256.wav"}}}