{"version":"1.0","dataSet":{"info":{"date":"20230116","occupation":"RND","channel":"MOCK","place":"ONLINE","gender":"FEMALE","ageRange":"-34","experience":"NEW"},"question":{"raw":{"text":"우리 회사에 들어오면 기존과는 업무 스타일이 달라질 수도 있는데요 지원자님은 이런 새로운 업무 스타일에도 평소 잘 적응하는 편이세요","wordCount":18},"emotion":[],"intent":[]},"answer":{"raw":{"text":"제가 사실 업무 스타일을 딱 정해 놓고 업무를 진행하는 편이 아닙니다. 상황에 따라서 때로는 장소에 따라서 그 스타일이 조금 달라질 수 있는데요. 어 예전에 제가 재직했던 어떤 한 회사에서는 코어 타임을 정해 놓고 코어 타임 이외에는 굉장히 자유롭게 업무를 수행할 수 있었습니다. 어 당시 저는 아홉 시부터 여섯 시 근무가 당연하게 또 여겼던 사람이었기 때문에 처음에 이 코어 타임 외에 어떤 분은 아침 일곱 시에 출근하시고 어떤 분은 오전 열 시에 출근하시는 게 적응이 되지 않았었는데 어 막상 입사를 해서 그 스타일을 겪다 보니까 적응이 되더라고요. 그렇기 때문에 기존과 업무 스타일이 다르기 때문에 어려움을 겪는 부분은 없을 것이라 예상이 되고요. 또 저는 어느 환경에서 잘 적응을 하기 때문에 어 기존과 다른 업무 스타일이라고 하더라도 잘 적응할 수 있을 것 같습니다.","wordCount":120},"emotion":[],"intent":[{"text":"","expression":"","category":"attitude"}],"summary":{"text":"기존과 업무 스타일이 달라서 어려움을 겪는 부분은 없을 것이라 예상이 되고 또 저는 어느 환경에서 잘 적응을 하기 때문에 기존과 다른 업무 스타일이라고 하더라도 잘 적응할 수 있을 것 같습니다.","wordCount":30}}},"rawDataInfo":{"question":{"fileFormat":"wav","fileSize":603598,"duration":18860,"samplingBit":16,"channelCount":1,"samplingRate":"16kHz","audioPath":"/Mock/04.RND/Female/New/ckmk_q_rnd_f_n_289745.wav"},"answer":{"fileFormat":"wav","fileSize":2251598,"duration":70360,"samplingBit":16,"channelCount":1,"samplingRate":"16kHz","audioPath":"/Mock/04.RND/Female/New/ckmk_a_rnd_f_n_289745.wav"}}}