{"version":"1.0","dataSet":{"info":{"date":"20230116","occupation":"RND","channel":"MOCK","place":"ONLINE","gender":"FEMALE","ageRange":"-34","experience":"NEW"},"question":{"raw":{"text":"시간이 남을 때는 주로 무슨 일을 하시는지 그 일을 하는 이유가 무엇인지 설명해 주실 수 있나요","wordCount":16},"emotion":[],"intent":[]},"answer":{"raw":{"text":"어 주로 아울렛이나 백화점 등지를 돌아다니면서 어 의류 업계의 트렌드와 어 의류 재봉 상태 만듦새 디테일 등등을 어떤 전시회에 다니듯이 꼼꼼하게 보며 즐기는 편입니다. 어 그 이유는 어 재봉사는 이제 제작 업계 제작 그 광 공정의 한 부분을 담당하고 있지만 단순히 제작 그 단계로서의 어떤 전문성을 어 쌓는 것보다는 어 기획 단계 즉 디자이너분들의 어떤 의도를 헤아림으로써 어 실무적인 어 좀 퍼포먼스가 좀 좋게 도출된다는 것을 일전에 경험을 통해 좀 파악하고 있었기 때문입니다. 직업 훈련 학교에서 수학했을 때도 그렇고 어 일전에 어 모 그 의류업계 좀 인턴쉽 그 제작 업체에서의 인턴쉽을 좀 수행했을 때도 고런 경험들이 있었고 또 선배님들의 조언 또한 있었기 때문에 그 가르침을 귀히 마음에 품고 좀 실천하고자 노력하고 있습니다.","wordCount":112},"emotion":[{"text":"어 주로 아울렛이나 백화점 등지를 돌아다니면서 어 의류 업계의 트렌드와   어 의류 재봉 상태 만듦새 디테일 등등을 어떤 전시회에 다니듯이 꼼꼼하게 보며 즐기는 편입니다.","expression":"p-interest","category":"positive"}],"intent":[{"text":"","expression":"","category":"attitude"}],"summary":{"text":"재봉사는 주로 아울렛이나 백화점 등에서 의류 업계의 트렌드와 재봉 상태 만듦새 디테일 등을 꼼꼼하게 보며 즐기는 편입니다. 그 이유는 기획 단계의 디자이너분들의 의도를 헤아림으로써 실무적인 퍼포먼스가 좋게 도출된다는 것을 일전에 경험을 통해 파악하고 있었기 때문입니다.","wordCount":35}}},"rawDataInfo":{"question":{"fileFormat":"wav","fileSize":522958,"duration":16340,"samplingBit":16,"channelCount":1,"samplingRate":"16kHz","audioPath":"/Mock/04.RND/Female/New/ckmk_q_rnd_f_n_133454.wav"},"answer":{"fileFormat":"wav","fileSize":2355278,"duration":73600,"samplingBit":16,"channelCount":1,"samplingRate":"16kHz","audioPath":"/Mock/04.RND/Female/New/ckmk_a_rnd_f_n_133454.wav"}}}