{"version":"1.0","dataSet":{"info":{"date":"20230116","occupation":"RND","channel":"MOCK","place":"ONLINE","gender":"FEMALE","ageRange":"45-54","experience":"NEW"},"question":{"raw":{"text":"지원자님께서는 본인이 현재 가지고 있는 위치보다 어려운 목표를 달성한 적이 있다면 지원자님의 경험을 말씀해 주시기 바랍니다","wordCount":16},"emotion":[],"intent":[]},"answer":{"raw":{"text":"예 저는 어 팀원으로 보통 프로젝트를 참석 참여를 했고 또 아시다시피 지금 뭐 직책이 대리이기 때문에 팀장의 롤을 가서 수행을 한 적은 없습니다. 어 지난번 그 신제품 개발 프로젝트가 있었는데요. 그 경우에 그 프로젝트 기한을 한 이 주 정도 남기고 굉장히 힘든 상황이었는데 그 팀장이 쓰러지면서 프로젝트가 좀 중대한 위기에 놓인 적이 있었습니다. 그래서 그 상황에서 좀 제일 어 경력이 있던 제가 팀장이 바톤을 이어받아서 수행을 한 적이 있었는데요. 아무리 이제 그 기존에 같이 프로젝트를 했다 하더라도 그 역할이 틀리기 때문에 음이 틀려서 팀장님의 역할을 받기가 조금 많이 어려웠습니다. 그럼에도 불구하고 좀 면 몇이 좀 밤을 새면서 무사히 맞췄던 그런 기억이 있습니다.","wordCount":102},"emotion":[],"intent":[{"text":"","expression":"","category":"attitude"}],"summary":{"text":"저는 팀원으로 프로젝트에 참석은 했으나 대리의 롤을 가서 수행을 한 적은 없습니다. 작년 신제품 개발 프로젝트에서 팀장이 쓰러져 위기에 놓였는데 경력이 있던 팀장이 바톤을 이어받아 수행을 했습니다. 역할이 달라 역할 수행에 어려웠지만 잘 맞췄던 기억이 있습니다.","wordCount":36}}},"rawDataInfo":{"question":{"fileFormat":"wav","fileSize":558798,"duration":17460,"samplingBit":16,"channelCount":1,"samplingRate":"16kHz","audioPath":"/Mock/04.RND/Female/New/ckmk_q_rnd_f_n_244040.wav"},"answer":{"fileFormat":"wav","fileSize":1913998,"duration":59810,"samplingBit":16,"channelCount":1,"samplingRate":"16kHz","audioPath":"/Mock/04.RND/Female/New/ckmk_a_rnd_f_n_244040.wav"}}}