{"version":"1.0","dataSet":{"info":{"date":"20230116","occupation":"RND","channel":"MOCK","place":"ONLINE","gender":"FEMALE","ageRange":"35-44","experience":"NEW"},"question":{"raw":{"text":"지금 읽고 계신 책이 있을까요 그 책은 무슨 책인지 또 왜 그 책을 읽고 계시는지 함께 말씀해 주시길 바랍니다","wordCount":19},"emotion":[],"intent":[]},"answer":{"raw":{"text":"저는 지금 읽고 있는 책은 긴긴밤이라는 책입니다. 이 책은 사실 어린이 문학 대상을 받아서 어린이들의 눈높이에 맞춰진 책이지만 어른들에게도 따뜻한 교훈을 주는 내용이었습니다. 긴긴밤이라는 책은 코뿔소 노든을 중심으로 다른 동물들과 나와의 우정을 다루고 있습니다. 나이나 종족이 그 우정에 걸림돌이 되지 않았고 가족을 잃은 노든에게 사는 것이 더 힘든 노든에게 그 우정이 살아가야 할 새로운 목적을 만들어 주었습니다. 이것은 사람도 마찬가지라고 느껴졌습니다. 인간관계에 있어서 나이 인종 성별 등을 걸림돌이 아니라 그냥 인간 대 인간의 관계일 뿐입니다. 그리고 혼자가 아니라 함께 살아가는 사회이기 때문에 삶의 이유가 생기는 것입니다. 누군가는 가족을 위해서 누군가는 친구를 위해서 누군가는 나 자신을 위해서 긴긴밤을 읽으면서 동심을 느끼기도 했고 어른으로서의 사기 사회적 책임감도 느끼기도 했습니다.","wordCount":107},"emotion":[],"intent":[{"text":"","expression":"","category":"attitude"}],"summary":{"text":"긴긴밤이라는 책은 코뿔소 노든을 중심으로 다른 동물들과 나와의 우정을 다룹니다. 인간관계는 나이, 인종, 성별 등을 걸림돌이 아니라 인간 대 인간의 관계일 뿐 혼자가 아닌 함께 살아가는 사회이기 때문에 삶의 이유가 생깁니다. 이 책을 읽으면서 동심을 느끼고 어른으로서의 사기 사회적 책임감도 느꼈습니다.","wordCount":41}}},"rawDataInfo":{"question":{"fileFormat":"wav","fileSize":545678,"duration":17050,"samplingBit":16,"channelCount":1,"samplingRate":"16kHz","audioPath":"/Mock/04.RND/Female/New/ckmk_q_rnd_f_n_236595.wav"},"answer":{"fileFormat":"wav","fileSize":2156238,"duration":67380,"samplingBit":16,"channelCount":1,"samplingRate":"16kHz","audioPath":"/Mock/04.RND/Female/New/ckmk_a_rnd_f_n_236595.wav"}}}