{"version":"1.0","dataSet":{"info":{"date":"20230116","occupation":"RND","channel":"MOCK","place":"ONLINE","gender":"FEMALE","ageRange":"-34","experience":"NEW"},"question":{"raw":{"text":"커뮤니케이션을 잘 할 수 있는 본인만의 기술이 있다면 이 자리에서 직접 한번 보여주실 수 있을까요","wordCount":15},"emotion":[],"intent":[]},"answer":{"raw":{"text":"저는 커뮤니케이션을 잘 하기 위해서는 두 가지가 꼭 있어야 한다고 생각합니다. 바로 눈 마주치기와 공감입니다. 동양 사람들은 주로 눈을 보고 감정을 이해하고 대화를 이어나간다고 합니다. 눈을 마주 보고 깜빡이거나 웃는 것은 좋은 인상을 줍니다. 그래서 저도 평소에 중요한 커뮤니케이션이 오갈 때는 의식적으로 라도 꼭 상대방의 눈을 맞추고 대화를 이어나가려고 합니다. 상대방 입장에서 본인의 말을 경청하고 있다는 느낌을 주기에 효과적입니다. 그리고 두 번째로 공감적인 태도를 보이는 것입니다. 대화 중간 중간 잠깐의 끄덕임과 대화 주제에 대한 짧은 감상 멘트는 상대방에게 좋은 영향을 주곤 합니다. 저는 이 두 가지 방법을 이용하여서 이야기를 경청하는 태도를 보이는 것이 커뮤니케이션 스킬을 저만의 장점으로 만들 수 있는 계기가 되었던 것 같습니다.","wordCount":104},"emotion":[],"intent":[{"text":"","expression":"","category":"attitude"}],"summary":{"text":"저는 커뮤니케이션을 잘 하기 위해서는 눈 마주치기와 공감이 꼭 있어야 한다고 생각합니다. 그리고 공감적인 태도를 보이는 커뮤니케이션 스킬을 저만의 장점으로 만들 수 있는 계기가 되었던 것 같습니다.","wordCount":27}}},"rawDataInfo":{"question":{"fileFormat":"wav","fileSize":281678,"duration":8800,"samplingBit":16,"channelCount":1,"samplingRate":"16kHz","audioPath":"/Mock/04.RND/Female/New/ckmk_q_rnd_f_n_284334.wav"},"answer":{"fileFormat":"wav","fileSize":1844558,"duration":57640,"samplingBit":16,"channelCount":1,"samplingRate":"16kHz","audioPath":"/Mock/04.RND/Female/New/ckmk_a_rnd_f_n_284334.wav"}}}