{"version":"1.0","dataSet":{"info":{"date":"20230116","occupation":"RND","channel":"MOCK","place":"ONLINE","gender":"FEMALE","ageRange":"-34","experience":"NEW"},"question":{"raw":{"text":"혹시 시간이 촉박한 상황이 생기게 되면 어떻게 시간 관리를 하시나요 지원자님의 시간 관리법에 대해서 말씀해 주세요","wordCount":16},"emotion":[],"intent":[]},"answer":{"raw":{"text":"저는 시간이 촉박한 상황이 생기면 어 시간 관리를 어 분 단위로 또 쪼개서 계획을 해서 움직이곤 합니다. 어 시간이 촉박한 상황에서 어 머리에 드는 생각만으로 움직인다면 그 시간 내에 해야 하는 일을 다 못 끝내는 것이 당연하다고 생각을 합니다. 그래서 우선 어 주어진 시간이 있고 해야 하는 일이 있다면 어 시간에 맞춰서 그 해야 하는 활동 하나하나를 단위 단위로 쪼개서 분 단위로 어 계획을 하는 것이 가장 효율적으로 움직일 수 있는 그런 방법이라고 생각을 합니다. 그 시간표와 시스템을 머릿속에 넣어 놓고 행동을 하게 되면 다음에 어떤 행동을 해야 하는지 오래 생각하지 않고도 바로바로 그 행동들을 수행해 나갈 수 있기 때문에 결국에는 주어진 시간 내에 정해진 할당량의 행동을 모두 할 수 있게 되고 그런 식으로 시간 관리를 했을 때 제가 하고자 하는 활동량 그리고 목표 목표에 도달할 수 있는 확률이 가장 높았다고 생각하기 때문에 그런 식으로 시간을 관리하곤 합니다.","wordCount":138},"emotion":[],"intent":[{"text":"","expression":"","category":"attitude"}],"summary":{"text":"저는 시간이 촉박한 상황이 생기면 시간 관리를 분 단위로 또 쪼개서 계획을 해서 움직입니다. 그 시간표와 시스템을 머릿속에 넣어 놓고 행동을 하게 되면 바로바로 그 행동들을 수행해 나가기 때문에 제가 하고자 하는 활동량 그리고 목표 목표에 도달할 수 있는 확률이 가장 높다고 생각하기 때문에 그렇게 시간을 관리합니다.","wordCount":47}}},"rawDataInfo":{"question":{"fileFormat":"wav","fileSize":321998,"duration":10060,"samplingBit":16,"channelCount":1,"samplingRate":"16kHz","audioPath":"/Mock/04.RND/Female/New/ckmk_q_rnd_f_n_270316.wav"},"answer":{"fileFormat":"wav","fileSize":2725198,"duration":85160,"samplingBit":16,"channelCount":1,"samplingRate":"16kHz","audioPath":"/Mock/04.RND/Female/New/ckmk_a_rnd_f_n_270316.wav"}}}