{"version":"1.0","dataSet":{"info":{"date":"20230116","occupation":"RND","channel":"MOCK","place":"ONLINE","gender":"FEMALE","ageRange":"-34","experience":"NEW"},"question":{"raw":{"text":"지원자님께서 협업을 할 때 가장 중요하게 생각하는 부분에 대해서 왜 그렇게 중요하게 생각하는지 이유와 함께 설명해 주세요","wordCount":17},"emotion":[],"intent":[]},"answer":{"raw":{"text":"저는 협업을 할 때 가장 중요한 건 경청이라고 생각합니다. 사람과의 소통의 과정이 바로 협업인데 소통에서 가장 중요한 것은 다른 사람의 의도를 이해하고 경청하여 받아들이는 것이라고 생각합니다. 각자 팀원들이 자신의 주장만 옳다고 강조하고 서로의 의견을 경청하지 않는 자세를 띄운다면 그 회사 그 팀은 절대로 이익과 성공을 낼 수 없을 것이라고 장담합니다. 그렇기 때문에 협업을 할 때 가장 중요하다고 생각하는 것은 바로 소통 그리고 경청의 힘입니다.","wordCount":64},"emotion":[],"intent":[{"text":"사람과의 소통의 과정이 바로 협업인데 소통에서 가장 중요한 것은   다른 사람의 의도를 이해하고 경청하여 받아들이는 것이라고 생각합니다.","expression":"c_cop","category":"personality"},{"text":"각자 팀원들이 자신의 주장만 옳다고 강조하고   서로의 의견을 경청하지 않는 자세를 띄운다면 그 회사 그 팀은 절대로   이익과 성공을 낼 수 없을 것이라고 장담합니다.","expression":"c_cop","category":"personality"},{"text":"그렇기 때문에 협업을 할 때 가장 중요하다고 생각하는 것은   바로 소통 그리고 경청의 힘입니다.","expression":"c_cop","category":"personality"}],"summary":{"text":"협업에서 가장 중요한 것은 다른 사람의 의도를 이해하고 경청하여 받아들이는 것입니다. 각자의 주장만 옳다고 강조하고 서로의 의견을 경청하지 않는다면 그 회사는 성공을 낼 수 없을 것입니다.","wordCount":26}}},"rawDataInfo":{"question":{"fileFormat":"wav","fileSize":312398,"duration":9760,"samplingBit":16,"channelCount":1,"samplingRate":"16kHz","audioPath":"/Mock/04.RND/Female/New/ckmk_q_rnd_f_n_122890.wav"},"answer":{"fileFormat":"wav","fileSize":1712718,"duration":53520,"samplingBit":16,"channelCount":1,"samplingRate":"16kHz","audioPath":"/Mock/04.RND/Female/New/ckmk_a_rnd_f_n_122890.wav"}}}