{"version":"1.0","dataSet":{"info":{"date":"20230116","occupation":"RND","channel":"MOCK","place":"ONLINE","gender":"FEMALE","ageRange":"-34","experience":"NEW"},"question":{"raw":{"text":"지원자 분이 생각하시기에 자신의 노년은 어떤 모습이었으면 좋겠는지 본인의 이상적인 노년의 모습에 대해서 답변을 해 주신다면 좋겠습니다 구체적으로 이야기해 주세요","wordCount":20},"emotion":[],"intent":[]},"answer":{"raw":{"text":"제가 생각하는 이상적인 노년의 모습은 음 두려움이 없는 노년을 보내고 싶습니다. 두려움이 없는 노년이란 제가 하고 싶은 그런 활동이나 행동들을 자유롭게 어 해내 해낼 수 있는 그런 어른을 말합니다. 그것이 제가 하고 싶은 말을 다 하고 또 표현을 다 한다기보다 예를 들면 해외 여행을 자유롭게 떠난다거나 아니면 외국인과 이야기 하는 것을 두려워하지 않는다던가 어 아니면 요즘 유행하고 있는 그런 아이템 콘텐츠나 음 요즘 개발되고 있는 그런 과학기술 같은 것을 접하는 데 두려움이 없는 그런 것들을 얘기를 하는데요. 어 점점 나이가 들면 들수록 제약되는 것이 많다는 것이 저를 올가맬것 같아서 저는 이상적인 노년으로 노년의 모습으로 그런 용기 있는 모습 그리고 도전하는 모습을 가지고 싶은 것입니다. 음 그러기 위해서는 지금부터 어 또 도전을 두려워하지 않는 모습을 저에게 내면화 해야 한다고 생각합니다. 그래서 저는 이 회사에도 용기를 가지고 지원을 한 것이구요. 꼭 그런 모습들을 내면화 할 수 있도록 자신감을 어 가지고 싶습니다.","wordCount":139},"emotion":[],"intent":[{"text":"","expression":"","category":"attitude"}],"summary":{"text":"제가 생각하는 이상적인 노년의 모습은 두려움이 없는 노년을 보내고 싶습니다. 나이가 들수록 제약이 많기 때문에 용기 있는 모습, 도전하는 모습을 가지고 싶습니다. 그러기 위해서는 지금부터 도전을 두려워하지 않는 모습을 내면화 해야 한다 생각합니다. 이 회사에도 용기를 가지고 지원을 한 것이고, 꼭 그런 모습들을 내면화 할 수 있도록 자신감을 가지겠습니다.","wordCount":49}}},"rawDataInfo":{"question":{"fileFormat":"wav","fileSize":648398,"duration":20260,"samplingBit":16,"channelCount":1,"samplingRate":"16kHz","audioPath":"/Mock/04.RND/Female/New/ckmk_q_rnd_f_n_282822.wav"},"answer":{"fileFormat":"wav","fileSize":3167438,"duration":98980,"samplingBit":16,"channelCount":1,"samplingRate":"16kHz","audioPath":"/Mock/04.RND/Female/New/ckmk_a_rnd_f_n_282822.wav"}}}