{"version":"1.0","dataSet":{"info":{"date":"20230116","occupation":"RND","channel":"MOCK","place":"ONLINE","gender":"FEMALE","ageRange":"-34","experience":"NEW"},"question":{"raw":{"text":"시간이 남을 때 주로 무슨 일을 하시나요 또한 그 일을 하시는 이유가 무엇인지 함께 들어 볼 수 있을까요","wordCount":18},"emotion":[],"intent":[]},"answer":{"raw":{"text":"저는 시간이 남을 때 책을 읽습니다. 책을 읽는다 는 것은 정말 무엇이든 제 머릿속에 넣을 수 있는 것이라고 생각합니다. 그렇기 때문에 저는 종류를 가리지 않고 시간이 남을 때는 책을 읽는 편입니다. 최근에 읽은 것은 시집인데요. 시집을 읽으면 삶이 여유로워지는 기분이 들고 감정적으로 약간 감성적인 기분이 듭니다. 가을이 되면서 시를 읽는 것이 좋아졌고 그래서 요즘에는 시간이 날 때마다 시집을 읽고 있습니다. 책을 읽으면 아무래도 마음이 정말 풍요로워지는 기분이 들고 몰랐던 일들을 알게 되는 것도 흥미롭습니다. 그렇기 때문에 저는 시간이 남을 때는 주로 책을 읽고 정말 소설이나 아니면 인문학 아니면 다른 종류의 책들을 읽으면서 시간을 보내는 편입니다. 책을 읽는 것은 정말 어렸을 때부터 굉장히 큰 버릇 중 하나였는데요. 어렸을 때는 시간이 있을 때나 아니면 차도를 거듭 걸을 때도 책을 읽는 등 정말 책을 좋아하는 편이었습니다. 그러다 어느 순간부터 서서히 책을 읽지 않는 저의 자신을 보게 되었고 그 부분을 보면서 돌이켜 반성하고 그때부터 다시 책 읽기에 열중했던 것 같습니다. 책을 읽는 것 자체가 굉장히 제 삶에 도움이 되는 행동 중 하나라고 생각해서 저는 시간이 남을 때나 휴식을 취할 때 아니면 쉬는 시간이 있을 때 주로 책을 읽 읽으면서 시간을 보내는 편의 편입니다.","wordCount":179},"emotion":[{"text":"책을 읽으면 아무래도 마음이 정말 풍요로워지는 기분이 들고 몰랐던 일들을 알게 되는 것도 흥미롭습니다.","expression":"p-interest","category":"positive"}],"intent":[{"text":"","expression":"","category":"attitude"}],"summary":{"text":"저는 시간이 남을 때마다 책을 읽습니다. 책을 읽으면 삶이 여유로워지고 감정적으로 약간 감성적인 기분이 들어서 요즘은 시간이 날 때마다 시집을 읽고 있습니다. 어렸을 적부터 책을 읽는 것은 큰 버릇이었는데, 어느 순간부터 서서히 책을 읽지 않는 자신을 보게 되면서 반성하고 다시 책 읽기에 열중했던 것 같습니다. 그래서 저는 주로 책을 읽으며 시간을 보내는 편입니다.","wordCount":53}}},"rawDataInfo":{"question":{"fileFormat":"wav","fileSize":577998,"duration":18060,"samplingBit":16,"channelCount":1,"samplingRate":"16kHz","audioPath":"/Mock/04.RND/Female/New/ckmk_q_rnd_f_n_275880.wav"},"answer":{"fileFormat":"wav","fileSize":3441358,"duration":107540,"samplingBit":16,"channelCount":1,"samplingRate":"16kHz","audioPath":"/Mock/04.RND/Female/New/ckmk_a_rnd_f_n_275880.wav"}}}