{"version":"1.0","dataSet":{"info":{"date":"20230116","occupation":"RND","channel":"MOCK","place":"ONLINE","gender":"FEMALE","ageRange":"-34","experience":"NEW"},"question":{"raw":{"text":"만약 지원자님께서 께임 속의 캐릭터로 변신하신다면 어떤 께임에서 어떤 역할을 맡아서 수행하고 싶으신지 구체적으로 말씀해 주시길 바랍니다","wordCount":17},"emotion":[],"intent":[]},"answer":{"raw":{"text":"흔히들 게임 속에서 역할별 직군을 나눌 때 탱커 힐러 딜러 이 세 가지로 나누는 것으로 알고 있습니다. 그렇다면 저는 탱커가 되고 싶습니다. 탱커는 일반적으로 다른 아군은 절대 버티기 어려운 공격들을 받아내면서 아군들이 편하게 적을 공격할 수 있도록 버팀목이 되어주는 방패 역할을 뜻합니다. 저는 현실에서도 팀 작업을 할 때 주로 서포트를 하는 역할을 맡고는 합니다. 나보다는 우리 팀 전원이 더 일을 잘 수행해 낼 수 있도록 도우며 어떠한 문제나 갈등에 직면했을 때 제가 먼저 솔선수범 나서서 그 문제를 직접 경험해 보려고 하는 편입니다. 적진에 먼저 튀어나가서 팀을 수호하고 적들에게서 정보를 수집할 수 있도록 유도하는 것은 이와 유사하다고 생각합니다. 따라서 저는 탱커 역할을 맡아서 팀원들의 든든한 버팀목이 되고자 합니다.","wordCount":107},"emotion":[],"intent":[{"text":"","expression":"","category":"attitude"}],"summary":{"text":"게임 속에서 역할별 직군을 나눌 때 탱커, 힐러, 딜러 이 세 가지로 나누는 것으로 알고 있습니다. 아군들이 편하게 적을 공격할 수 있도록 버팀목이 되어주는 방패 역할을 뜻합니다. 실제로 팀 작업을 할 때 주로 서포트를 하는 역할을 맡습니다.","wordCount":37}}},"rawDataInfo":{"question":{"fileFormat":"wav","fileSize":611278,"duration":19100,"samplingBit":16,"channelCount":1,"samplingRate":"16kHz","audioPath":"/Mock/04.RND/Female/New/ckmk_q_rnd_f_n_260884.wav"},"answer":{"fileFormat":"wav","fileSize":2003278,"duration":62600,"samplingBit":16,"channelCount":1,"samplingRate":"16kHz","audioPath":"/Mock/04.RND/Female/New/ckmk_a_rnd_f_n_260884.wav"}}}