{"version":"1.0","dataSet":{"info":{"date":"20230116","occupation":"RND","channel":"MOCK","place":"ONLINE","gender":"FEMALE","ageRange":"-34","experience":"NEW"},"question":{"raw":{"text":"지원자님께서는 최근에 재미있게 하고 있는 일이 있으신가요 있다면 그 일이 왜 재미있는지도 함께 설명해 주시면 좋겠습니다","wordCount":16},"emotion":[],"intent":[]},"answer":{"raw":{"text":"제가 최근에 그 지인 소개로 보드께임 동호회에 나간 적이 있어요. 그러니까 아직 그 동호회 가입했다고 하기는 네 그 가입은 아직 하지 않은 상태인데 재미있더라고요. 네 왜 사람들이 보드게임에 빠졌는지 그리고 그렇게 매니아층이 왜 존재하는지를 가보니까 잘 알겠더라고요. 그리고 또 아무래도 제가 그 보드께임 동호회에 갔기 때문에 보드께임에 이미 빠져있는 사람들의 그 모습을 보는 거라 저 같이 새로운 사람들이 갔을 때 더 막 열정적으로 막 그 뭔가 자랑스러운 내 새끼 막 이런 느낌으로 막 이런저런 게임들에 대해서 되게 신나게 설명을 해주시는데 그 모습 자체가 너무 재미있고 그 께임도 재미있고 그래서 이게 또 정말 두뇌 활동이 활발하게 돌아가야 되는 부분이라 어 정말 심심하지 않겠다 이런 활동을 하면. 그리고 되게 다양한 사람들을 만날 수 있어서 재미있겠다 라는 생각이 여러 모로 들어서 사실 가입을 고민 중에 있습니다 지금. 되게 재미있었어요.","wordCount":126},"emotion":[{"text":"그리고 또 아무래도 제가 그 보드께임 동호회에 갔기 때문에 보드께임에 이미 빠져있는 사람들의 그 모습을 보는 거라   저 같이 새로운 사람들이 갔을 때 더 막 열정적으로 막 그   뭔가 자랑스러운 내 새끼 막 이런 느낌으로 막 이런저런 게임들에 대해서 되게 신나게 설명을 해주시는데   그 모습 자체가 너무 재미있고 그 께임도 재미있고 그래서 이게 또 정말 두뇌 활동이 활발하게 돌아가야 되는 부분이라 어 정말 심심하지 않겠다 이런 활동을 하면.","expression":"p-interest","category":"positive"}],"intent":[{"text":"","expression":"","category":"attitude"}],"summary":{"text":"최근 지인 소개로 보드게임 동호회에 나갔습니다. 그 사람들이 보드게임에 빠진 이유와 매니아층이 왜 존재하는지 알았습니다. 그 분들은 열정적으로 게임들을 설명해주셨는데 두뇌 활동이 활발하게 돌아가야 되는 부분이라 너무 재미있었습니다. 다양한 사람들을 만날 수 있어 너무 재미있어서 가입을 고민 중입니다.","wordCount":38}}},"rawDataInfo":{"question":{"fileFormat":"wav","fileSize":387278,"duration":12100,"samplingBit":16,"channelCount":1,"samplingRate":"16kHz","audioPath":"/Mock/04.RND/Female/New/ckmk_q_rnd_f_n_158835.wav"},"answer":{"fileFormat":"wav","fileSize":2901198,"duration":90660,"samplingBit":16,"channelCount":1,"samplingRate":"16kHz","audioPath":"/Mock/04.RND/Female/New/ckmk_a_rnd_f_n_158835.wav"}}}