{"version":"1.0","dataSet":{"info":{"date":"20230116","occupation":"RND","channel":"MOCK","place":"ONLINE","gender":"FEMALE","ageRange":"-34","experience":"NEW"},"question":{"raw":{"text":"지원자분이 저희 회사에 입사하시게 된다면 우리 회사가 해외 무대로 진출한다면 어디로 진출하는 것이 좋겠습니까 그렇게 생각하시는 이유도 함께 말씀해 주시기 바랍니다","wordCount":21},"emotion":[],"intent":[]},"answer":{"raw":{"text":"우리 회사가 해외 무대로 진출한다면 저는 중국으로 진출하는 것을 어 좋다고 생각합니다. 중국을 선택한 이유는 우선 중국이라는 나라에 인구가 많기 때문에 어 이 저희 회사의 제품을 사용할 수 있는 사람도 어 절대적인 숫자가 많다고 생각합니다. 그렇기 때문에 첫 번째 인구가 많아서 그리고 어 수요가 많아서 라는 것을 들 수가 있겠고요. 두 번째로는 저희가 생산하는 제품의 단가를 낮출 수 있을 것 같습니다. 중국에 있는 어 중국은 일단 저희 나라보다 인건비 값 인 인건비 면에서 조금 더 경쟁력이 있다고 할 수 있는데 이런 인건비 부분에서 절감을 한다면 그것이 제품의 가격에도 어 가격을 낮추는 데에도 도움이 될 것 같고 그러면 저희 회사에 그런 경쟁력을 더 높일 수 있는 부분이 될 것이라고 생각을 합니다. 세 번째로는 이 중국어 라는 중국어 라는 언어가 우리 나라에서 어 사람들이 가장 많이 배우고 있는 영어 다음으로 가장 많이 배우고 있는 언어 라고 생각을 하는데 그래서 앞으로 해외 파견에 나갈 일이나 어 그런 경우가 생긴다면 손쉽게 어 인력을 확충할 수 있기 때문에 그렇습니다.","wordCount":154},"emotion":[],"intent":[{"text":"중국에 있는 어 중국은 일단 저희 나라보다 인건비 값 인 인건비 면에서 조금 더 경쟁력이 있다고 할 수 있는데 이런 인건비 부분에서 절감을 한다면 그것이 제품의 가격에도 어 가격을 낮추는 데에도 도움이 될 것 같고 그러면 저희 회사에 그런 경쟁력을 더 높일 수 있는 부분이 될 것이라고 생각을 합니다.","expression":"c_sincere_co","category":"etc"}],"summary":{"text":"우리 회사가 해외 무대로 진출한다면 중국 진출하는 것을 추천합니다. 이는 우선 중국이라는 나라에 인구가 많고, 제품을 사용할 수 있는 사람이 많기 때문이고, 제품의 단가를 낮출 수 있을 것 같습니다. 또, 중국어 라는 언어를 통해 인력을 확충할 수 있기 때문입니다.","wordCount":39}}},"rawDataInfo":{"question":{"fileFormat":"wav","fileSize":552398,"duration":17260,"samplingBit":16,"channelCount":1,"samplingRate":"16kHz","audioPath":"/Mock/04.RND/Female/New/ckmk_q_rnd_f_n_270236.wav"},"answer":{"fileFormat":"wav","fileSize":3061198,"duration":95660,"samplingBit":16,"channelCount":1,"samplingRate":"16kHz","audioPath":"/Mock/04.RND/Female/New/ckmk_a_rnd_f_n_270236.wav"}}}