{"version":"1.0","dataSet":{"info":{"date":"20230116","occupation":"RND","channel":"MOCK","place":"ONLINE","gender":"FEMALE","ageRange":"-34","experience":"NEW"},"question":{"raw":{"text":"우리 회사에 들어오게 된다면 가장 가고 싶은 부서은 어디인가요 왜 그렇게 생각하셨는지 이유를 함께 말씀해 주시기 바랍니다","wordCount":17},"emotion":[],"intent":[]},"answer":{"raw":{"text":"회사에 들어간다면 저는 마케팅 부서에 들어가고 싶습니다. 어떻게 홍보를 하는지 어떻게 마케팅을 해야 유명해질 수 있는지 어떻게 해야 이 회사가 조금 더 클 수 있는지 이런 것들을 구상하는 곳이 마케팅 부서라고 생각을 합니다. 그렇기 때문에 마케팅 부서에 꼭 들어가고 싶습니다. 마케팅을 어떻게 해야 하는가에 대해서 많이 생각을 해 봤는데요. 저 같은 경우는 마케팅을 위해 해외에서 공부를 한 적이 있습니다. 마케팅에 아주 좋은 예시가 애플이라고 생각을 하는데요. 이 사과 로고 하나만으로 많은 사람들에게 열광을 얻었다고 생각을 합니다. 그래서 이 회사도 이 회사만의 특별한 로고가 있어야 마케팅에서 큰 강점을 가져갈 수 있을 것이라고 생각하고 제가 이 역량을 통해 마케팅 부서에서 이 역량을 크게 빛내고 싶습니다. 그렇기 때문에 저는 마케팅 부서로 꼭 가고 싶습니다. 저는 마케팅에 적합한 인재라고 생각합니다.","wordCount":116},"emotion":[],"intent":[{"text":"그래서 이 회사도 이 회사만의 특별한 로고가 있어야 마케팅에서 큰 강점을 가져갈 수 있을 것이라고 생각하고 제가 이 역량을 통해 마케팅 부서에서 이 역량을 크게 빛내고 싶습니다.","expression":"c_sincere_co","category":"etc"}],"summary":{"text":"저는 마케팅 부서에 들어가고 싶습니다. 어떻게 홍보를 해야 유명해질 수 있는지 어떻게 해야 이 회사가 조금 더 클 수 있는지를 구상하는 곳이 마케팅 부서라고 생각하기 때문입니다. 저는 마케팅에 적합한 인재라고 생각합니다.","wordCount":31}}},"rawDataInfo":{"question":{"fileFormat":"wav","fileSize":595278,"duration":18600,"samplingBit":16,"channelCount":1,"samplingRate":"16kHz","audioPath":"/Mock/04.RND/Female/New/ckmk_q_rnd_f_n_258154.wav"},"answer":{"fileFormat":"wav","fileSize":3781838,"duration":118180,"samplingBit":16,"channelCount":1,"samplingRate":"16kHz","audioPath":"/Mock/04.RND/Female/New/ckmk_a_rnd_f_n_258154.wav"}}}