{"version":"1.0","dataSet":{"info":{"date":"20230116","occupation":"RND","channel":"MOCK","place":"ONLINE","gender":"FEMALE","ageRange":"35-44","experience":"NEW"},"question":{"raw":{"text":"지원자님께 상사가 회사에 이익에 반하는 행동을 하는 것을 직접 목격했다면요 그때 어떻게 해결할지 말씀해 주세요","wordCount":15},"emotion":[],"intent":[]},"answer":{"raw":{"text":"저는 굳이 신경 쓰지 않을 것 같습니다. 일단 저희가 회사를 다니는 거는 회사의 이익을 우선으로 하는 건 맞다고 생각은 하는데 상사가 그거를 반하는 행동을 하는 것에 대해서 뭐 저 아니어도 그거에 대해서 말하는 사람은 분명히 있을 것이고 피드백을 받을 거라는 생각이 듭니다. 그래서 저는 뭐 굳이 제가 어떤 행동을 취하지는 않을 것 같애요. 근데 아 직접 목격했다고 하셨으니까 저만 목격한 상황일 수도 있겠는데 그러면 만약에 그게 제 선에서 조금 해결하기 어렵다면 어 다른 상사분에게 좀 도움을 요청해야 하지 않을까 라고 생각합니다. 하지만 굳이 나서고 싶지는 않습니다.","wordCount":86},"emotion":[],"intent":[{"text":"","expression":"","category":"attitude"}],"summary":{"text":"회사를 다니는 것은 회사의 이익을 우선으로 하는 건 맞다고 생각하는데 상사가 반하는 행동을 하는 것에 대해서 말하는 사람은 분명히 있을 것이고 피드백을 받을 거라는 생각이 들어서 굳이 제가 어떤 행동을 취하지는 않을 것 같습니다.","wordCount":34}}},"rawDataInfo":{"question":{"fileFormat":"wav","fileSize":412238,"duration":12880,"samplingBit":16,"channelCount":1,"samplingRate":"16kHz","audioPath":"/Mock/04.RND/Female/New/ckmk_q_rnd_f_n_126037.wav"},"answer":{"fileFormat":"wav","fileSize":1901838,"duration":59430,"samplingBit":16,"channelCount":1,"samplingRate":"16kHz","audioPath":"/Mock/04.RND/Female/New/ckmk_a_rnd_f_n_126037.wav"}}}