{"version":"1.0","dataSet":{"info":{"date":"20230116","occupation":"RND","channel":"MOCK","place":"ONLINE","gender":"FEMALE","ageRange":"35-44","experience":"NEW"},"question":{"raw":{"text":"상사가 회사의 이익에 반하는 행동을 하고 있는 것을 본인이 직접 목격했다면 지원자님은 어떻게 행동하실 건지 말씀해 주세요","wordCount":17},"emotion":[],"intent":[]},"answer":{"raw":{"text":"상사가 회사에 이익에게 반하는 행동을 보았다면 저는 좀 엄청난 갈등을 일으킬 것 같습니다. 이는 당연히 잘못되고 나쁜 행동이기 때문에 보고를 해야 되는 부분이 있지만 이 일을 외부적으로 알렸다가 제가 당하는 불이익이 있을 것 같다는 생각에 좀 많은 갈등을 할 것 같습니다. 또한 제가 목격한 것만으로도 확실한 증거가 없기 때문에 조금 고민을 할 것 같습니다. 따라서 만약 상사의 이런 행동이 조금 경미한 일이고 지속적으로 반복되지 않다고 하면 저는 넘어갈 것 같습니다. 하지만 이런 행동이 사회적으로나 윤리적으로 큰 물 문제를 일으킴과 동시에 회사에 막대한 손실을 가져다 주면 저는 익명으로 제보를 할 것 같습니다. 제보를 하고 나면 회사 내부적으로도 감사가 진행될 것이고 이것이 이슈화되어 적절한 처벌이 내려지게 된다면 저는 제보를 통해서 회사에 이익을 반한 행동을 하지 못하도록 막을 것 같습니다.","wordCount":117},"emotion":[],"intent":[{"text":"","expression":"","category":"attitude"}],"summary":{"text":"저는 상사의 이런 행동이 사회적, 윤리적으로 큰 문제를 일으키고 회사에 막대한 손실을 가져다 주면 익명으로 제보를 할 것 같습니다. 이것을 이슈화되어 적절한 처벌이 내려지게 된다면 저는 제보를 통해서 회사에 이익을 반한 행동을 못하도록 막을 수 있을 것입니다.","wordCount":37}}},"rawDataInfo":{"question":{"fileFormat":"wav","fileSize":624718,"duration":19520,"samplingBit":16,"channelCount":1,"samplingRate":"16kHz","audioPath":"/Mock/04.RND/Female/New/ckmk_q_rnd_f_n_246278.wav"},"answer":{"fileFormat":"wav","fileSize":1957518,"duration":61170,"samplingBit":16,"channelCount":1,"samplingRate":"16kHz","audioPath":"/Mock/04.RND/Female/New/ckmk_a_rnd_f_n_246278.wav"}}}