{"version":"1.0","dataSet":{"info":{"date":"20230116","occupation":"RND","channel":"MOCK","place":"ONLINE","gender":"FEMALE","ageRange":"-34","experience":"NEW"},"question":{"raw":{"text":"면접자님께선 평소에 검색을 자주 하시는 편인가요 어떤 검색을 하시는지 왜 하시는지 말씀 부탁드립니다","wordCount":13},"emotion":[],"intent":[]},"answer":{"raw":{"text":"저는 일상 생활에서는 단어에 대한 검색을 그리고 업무적으로는 아이디어 보상에 대한 부분에서 검색을 자주 하는 편입니다. 요즘 들어 많은 젊은이들이 대화 문맥에 맞는 뜻의 단어를 잘 쓰지 못하거나 뜻에 대한 이해도가 비교적 낮은 경우를 많이 보았습니다. 저 또한 혹시나 그러지 않을까 하는 마음에 제가 기존에도 알고 있는 단어이지만 혹시라도 틀리지는 않았는지 또는 적절한 때에 사용하여서 일상적이거나 업무를 진행할 때 문제가 되지는 않았는지 청치를 할 때 주로 이용하고 있습니다. 그리고 아이디어 구상에서는 아무래도 객관적인 판단과 다양한 시각의 자료들을 참고하고자 하기 때문에 자연스럽게 레퍼런스 수집 과정에서 서치를 하고 있습니다.","wordCount":87},"emotion":[],"intent":[{"text":"","expression":"","category":"attitude"}],"summary":{"text":"저는 일상 생활에서 단어에 대한 검색을 그리고 업무적으로는 아이디어 보상에 대한 부분에서 검색을 자주 하는 편입니다. 그리고 아이디어 구상에서는 레퍼런스 수집 과정에서 서치를 하고 있습니다.","wordCount":25}}},"rawDataInfo":{"question":{"fileFormat":"wav","fileSize":326478,"duration":10200,"samplingBit":16,"channelCount":1,"samplingRate":"16kHz","audioPath":"/Mock/04.RND/Female/New/ckmk_q_rnd_f_n_255786.wav"},"answer":{"fileFormat":"wav","fileSize":1674958,"duration":52340,"samplingBit":16,"channelCount":1,"samplingRate":"16kHz","audioPath":"/Mock/04.RND/Female/New/ckmk_a_rnd_f_n_255786.wav"}}}