{"version":"1.0","dataSet":{"info":{"date":"20230116","occupation":"RND","channel":"MOCK","place":"ONLINE","gender":"FEMALE","ageRange":"45-54","experience":"NEW"},"question":{"raw":{"text":"회사에 들어와서 선배를 만나게 된다면 어떤 모습의 선배를 만나고 싶으신가요 그 이유와 함께 구체적으로 설명해 주실 수 있을까요","wordCount":18},"emotion":[],"intent":[]},"answer":{"raw":{"text":"제가 만나고 싶은 선배는 어 리더로서의 역할을 어 굉장히 잘하는 어 선배를 만나고 싶습니다. 제가 생각하는 어 리더 그중에서도 좋은 리더라고 함은 어떤 일을 하거나 어떤 사람 사람에게 좋은 영향력을 줄 수 있는 사람이라고 생각을 합니다. 어 일을 할 때에나 사회생활을 할 때 그 사람이 좋은 방향으로 갈 수 있게 어 방향을 제시해 주고 또 방법을 알려주는 그런 선배가 좋은 리더의 자질을 가지고 있다고 생각을 합니다. 어 제가 생각할 때 어 여러 선배님들이 어떤 어 선배로서 어 리더로서 어 많은 역할들을 수행을 하시는데 어 어 지켜보다 보면 이 분의 성향이 약간 보스의 기질을 가지고 있는지 그렇지 않고 리더로서의 기질을 가지고 있는지 가 보이 보이더라고요. 그래서 제가 생각할 때 어떤 몰고 가는 힘이 있는 분 그런 분들은 약간 보스적인 기질이 있는 분이라고 생각을 하고 그렇지 않고 일방적으로 몰아붙이는 것이 아니라 다 함께 그 일을 하거나 어떤 방향으로 나아갈 수 있게 이끌고 가는 분이 리더로서의 자질을 가지고 있는 분이라고 생각을 합니다. 어 쉽게 얘기하자면 가자 고라고 말하는 사람이 아니라 레츠고라고 말하는 사람이 어 리더로서의 자질을 가지고 있는 분이라고 생각을 하기 때문에 저는 그런 좋은 리더의 자질을 가지고 있는 선배님을 만나서 함께 일을 하는 즐거움을 찾고 싶고 또 그 리더로 리더로서의 어 모습을 보면서 어 많은 배움을 받고 싶습니다.","wordCount":196},"emotion":[],"intent":[{"text":"","expression":"","category":"attitude"}],"summary":{"text":"좋은 리더라고 함은 어떤 일을 하거나 어떤 사람 사람에게 좋은 영향력을 줄 수 있는 사람이라고 생각을 합니다. 일을 할 때와 사회생활을 할 때 그 사람이 좋은 방향으로 갈 수 있게 방향을 제시해 주고 방법을 알려주는 사람이 좋은 리더의 자질을 가지고 있다고 생각합니다.","wordCount":42}}},"rawDataInfo":{"question":{"fileFormat":"wav","fileSize":615758,"duration":19240,"samplingBit":16,"channelCount":1,"samplingRate":"16kHz","audioPath":"/Mock/04.RND/Female/New/ckmk_q_rnd_f_n_275143.wav"},"answer":{"fileFormat":"wav","fileSize":3817038,"duration":119280,"samplingBit":16,"channelCount":1,"samplingRate":"16kHz","audioPath":"/Mock/04.RND/Female/New/ckmk_a_rnd_f_n_275143.wav"}}}