{"version":"1.0","dataSet":{"info":{"date":"20230116","occupation":"RND","channel":"MOCK","place":"ONLINE","gender":"FEMALE","ageRange":"45-54","experience":"NEW"},"question":{"raw":{"text":"다른 계열사도 많이 있습니다만 이 계열사에 지원해 주신 특별한 이유가 있으실까요 면접자님에 의견을 들어보고 싶습니다","wordCount":15},"emotion":[],"intent":[]},"answer":{"raw":{"text":"제가 공기업을 선택한 이유는 첫째는 안전성입니다. 공기업을 떠올리면 공기업을 추진해 주면서 가장 먼저 하는 사 오십 대의 고용 불안을 겪어본 사람들이 안정성을 선택하는 이유라고 생각한다고 들었습니다. 사업의 안정성이란 사업 영역이 얼마나 지속 가능한지 쉽게 볼 수 있습니다. 그래서 많은 사람들이 고용 불안에 시달리면서 보수와 근무 조건이 좋고 근무 강도도 덜하고 정년까지 보장되는 공기업을 선택하는 것이 최고의 선택인 것 같습니다. 자신의 인생 전체를 좌우할 직장을 선택하는 것은 자신의 적성과 성향에 맞게 잘 선택하는 게 좋을 듯합니다. 옷에 맞지 않는 옷을 입으면 언젠가는 그 옷을 집어 던지듯이 회사도 마찬가지일 거라고 생각합니다.","wordCount":89},"emotion":[{"text":"자신의 인생 전체를 좌우할 직장을 선택하는 것은 자신의 적성과 성향에 맞게   잘 선택하는 게 좋을 듯합니다.","expression":"u-belief","category":"neutral"},{"text":"옷에 맞지 않는   옷을 입으면 언젠가는 그 옷을 집어 던지듯이 회사도 마찬가지일 거라고 생각합니다.","expression":"u-belief","category":"neutral"}],"intent":[{"text":"제가 공기업을 선택한 이유는 첫째는 안전성입니다.","expression":"c_sincere_job","category":"etc"},{"text":"그래서 많은 사람들이 고용 불안에 시달리면서   보수와 근무 조건이 좋고 근무 강도도 덜하고 정년까지   보장되는 공기업을 선택하는 것이 최고의 선택인 것 같습니다.","expression":"c_sincere_job","category":"etc"}],"summary":{"text":"사업 영역이 얼마나 지속 가능한지 쉽게 볼 수 있기 때문에 보수와 근무 조건이 좋고 근무 강도도 덜하고 정년까지 보장되는 공기업을 선택하는 것이 최고의 선택인 것 같습니다.","wordCount":26}}},"rawDataInfo":{"question":{"fileFormat":"wav","fileSize":454478,"duration":14200,"samplingBit":16,"channelCount":1,"samplingRate":"16kHz","audioPath":"/Mock/04.RND/Female/New/ckmk_q_rnd_f_n_115559.wav"},"answer":{"fileFormat":"wav","fileSize":2698318,"duration":84320,"samplingBit":16,"channelCount":1,"samplingRate":"16kHz","audioPath":"/Mock/04.RND/Female/New/ckmk_a_rnd_f_n_115559.wav"}}}