{"version":"1.0","dataSet":{"info":{"date":"20230116","occupation":"RND","channel":"MOCK","place":"ONLINE","gender":"FEMALE","ageRange":"-34","experience":"NEW"},"question":{"raw":{"text":"저희 회사는 해외 파견 근무를 나가는 일도 종종 있는데 면접자분은 해외 파견 근무를 나가게 된다면 어느 나라에서 일을 해 보고 싶으실까요 혹시 이유가 있다면 같이 말씀해 주시겠어요","wordCount":27},"emotion":[],"intent":[]},"answer":{"raw":{"text":"제가 해외 파견을 나가게 된다 라면 저는 알엔디 분야에 있어서 더 선진국인 미국을 가고 싶습니다. 어 물론 우리나라도 정말 뛰어난 기술력들을 보유하고 있지만 확실히 어 기술 선진국에 가면은 배울 수 있는 부분들이 훨씬 더 많을 것이라고 생각을 합니다. 또한 제가 언어적인 능력에 있어서도 음 십 대 시절에 제가 미국에서 미국 교환 학생을 했었던 경험이 있기 때문에 영어를 기초적으로 기초적인 부분 이상으로 하기 때문에 적응을 하는 데 있어서도 저는 미국이 조금 더 적응해 수월할 것이라고 생각을 합니다. 그렇지만 물론 미국이 아니더라도 개발 도상국 같이 어 조금 인프라가 좀 열악한 곳이라도 저는 적응 능력과 그리고 어느 곳에서든지 빠르게 습득할 수 있는 습득력들이 있기 때문에 좀 인프라가 안 좋은 곳에 가더라도 금방 적응을 해서 성과를 낼 수 있다 라고 굉장히 자신 있게 말씀을 드릴 수 있습니다.","wordCount":123},"emotion":[],"intent":[{"text":"또한 제가 언어적인 능력에 있어서도 음 십 대 시절에   제가 미국에서 미국 교환 학생을 했었던 경험이 있기 때문에 영어를   기초적으로 기초적인 부분 이상으로 하기 때문에 적응을 하는 데 있어서도 저는 미국이 조금 더 적응해 수월할 것이라고 생각을 합니다.","expression":"c_private","category":"background"}],"summary":{"text":"해외 파견을 가게 된다면 알엔디 분야에 있어서 더 선진국인 미국을 가고 싶습니다. 기술 선진국에 가면은 배울 수 있는 부분들이 훨씬 더 많을 것이라고 생각하며, 언어적인 능력에 있어서도 미국이 조금 더 적응해 수월할 것이라고 생각합니다. 인프라가 안 좋은 곳에 가더라도 금방 적응해서 성과를 낼 수 있다고 자신 있게 말씀을 드리겠습니다.","wordCount":49}}},"rawDataInfo":{"question":{"fileFormat":"wav","fileSize":519758,"duration":16239,"samplingBit":16,"channelCount":1,"samplingRate":"16kHz","audioPath":"/Mock/04.RND/Female/New/ckmk_q_rnd_f_n_171019.wav"},"answer":{"fileFormat":"wav","fileSize":2487758,"duration":77740,"samplingBit":16,"channelCount":1,"samplingRate":"16kHz","audioPath":"/Mock/04.RND/Female/New/ckmk_a_rnd_f_n_171019.wav"}}}