{"version":"1.0","dataSet":{"info":{"date":"20230116","occupation":"RND","channel":"MOCK","place":"ONLINE","gender":"FEMALE","ageRange":"-34","experience":"NEW"},"question":{"raw":{"text":"지원자분 본인께서는 평소에 개인 작업을 많이 하시는 편이신지 궁금합니다 그렇다고 한다면 본인이 그렇게 개인 작업을 하실 수 있었던 원동력은 무엇이라고 생각하시는지 답변 부탁드립니다","wordCount":23},"emotion":[],"intent":[]},"answer":{"raw":{"text":"평소 저는 개인 작업을 많이 하는 편인데요. 그 이유는 제가 가진 능력과 제가 가진 아이디어를 고스란히 녹여서 담을 수 있기 때문입니다. 만약 제가 가진 생각이 뛰어나다고 판단이 들었는데 다른 직원들이나 동료와 상의를 해서 결정을 하게 된다면 다시 수정해야 하고 제 생각이 아닌 그들의 생각을 조금은 가미해야 될 것 같기 때문이에요. 이렇게 제가 개인 작업을 열심히 할 수 있고 지속적으로 유지할 수 있는 원동력은 가족의 배려와 가족의 응원이라고 생각합니다.","wordCount":68},"emotion":[],"intent":[{"text":"","expression":"","category":"attitude"}],"summary":{"text":"평소 저는 개인 작업을 많이 하는데 그 이유는 제가 가진 능력과 아이디어를 고스란히 담아 담을 수 있기 때문입니다. 지속적으로 유지할 수 있는 원동력은 가족의 배려와 가족의 응원이라고 생각합니다.","wordCount":28}}},"rawDataInfo":{"question":{"fileFormat":"wav","fileSize":595598,"duration":18610,"samplingBit":16,"channelCount":1,"samplingRate":"16kHz","audioPath":"/Mock/04.RND/Female/New/ckmk_q_rnd_f_n_284004.wav"},"answer":{"fileFormat":"wav","fileSize":1446798,"duration":45210,"samplingBit":16,"channelCount":1,"samplingRate":"16kHz","audioPath":"/Mock/04.RND/Female/New/ckmk_a_rnd_f_n_284004.wav"}}}