{"version":"1.0","dataSet":{"info":{"date":"20230116","occupation":"RND","channel":"MOCK","place":"ONLINE","gender":"FEMALE","ageRange":"-34","experience":"NEW"},"question":{"raw":{"text":"저희 회사가 해외 무대로 진출하게 된다면 어디로 진출하는 것이 좋을까요 이유도 말씀해 주세요","wordCount":13},"emotion":[],"intent":[]},"answer":{"raw":{"text":"우리 회사가 해외 무대로 진출을 하게 된다면 저는 중국으로 진출을 하는 것이 좋다고 생각합니다. 지금 어 어 기업 기업의 제조업 같은 경우에는 기업의 경쟁력을 갖추는 것이 정말 좋 어 가장 중요하다고 생각하는데 공장을 해외로 해외 중에서도 중국으로 옮긴다면 인건비 부분에서도 절감을 할 수 있을 것이고 그리고 중국에 있는 수많은 소비자들이 어 어 세금을 붙이지 않은 그런 제품들의 매력을 느껴서 조금 더 저희 회사의 제품에 관심을 가지고 또 소비를 할 수 있지 않을까 하는 생각이 들었습니다. 그래서 중국으로 진출을 하는 것이 좋겠다는 생각이 들었고 어 그리고 제가 어 저 뿐만 아니라 여러 사람들이 어 중고등학교부터 시작해서 제 이 외국어로 중국어를 많이 배우고 있습니다. 이런 면들을 봤을 때 어 나중에 해외 파견까지 생각을 한다면 음 더 많은 언어를 구사할 수 있는 직원들이 있는 그런 중국으로 진출을 하는 것이 좋을 것 같다고 생각을 해 보았습니다.","wordCount":132},"emotion":[],"intent":[{"text":"","expression":"","category":"attitude"}],"summary":{"text":"우리 회사가 해외 무대로 진출을 하게 된다면 저는 중국으로 진출을 하는 것이 좋다고 생각합니다. 공장을 해외로 중에서도 중국으로 옮기면 인건비 부분에서도 절감을 할 수 있을 것이고, 중국에 있는 수많은 소비자들이 저희 회사의 제품에 관심을 가지고 또 소비를 할 수 있지 않을까 하는 생각이 들었습니다.","wordCount":44}}},"rawDataInfo":{"question":{"fileFormat":"wav","fileSize":300878,"duration":9400,"samplingBit":16,"channelCount":1,"samplingRate":"16kHz","audioPath":"/Mock/04.RND/Female/New/ckmk_q_rnd_f_n_264716.wav"},"answer":{"fileFormat":"wav","fileSize":2857678,"duration":89300,"samplingBit":16,"channelCount":1,"samplingRate":"16kHz","audioPath":"/Mock/04.RND/Female/New/ckmk_a_rnd_f_n_264716.wav"}}}