{"version":"1.0","dataSet":{"info":{"date":"20230116","occupation":"RND","channel":"MOCK","place":"ONLINE","gender":"FEMALE","ageRange":"35-44","experience":"NEW"},"question":{"raw":{"text":"만약에 에 상사가 업무와 무관한 일을 시켜도 잘 수행할 수 있으실까요 어 아니면 그 일에 대해서 어 수행하지 않을 것인지에 대해서도 궁금합니다 본인의 생각을 말씀해 주세요","wordCount":26},"emotion":[],"intent":[]},"answer":{"raw":{"text":"저는 사실 어떤 다른 일을 시키신다고 했을 때 잘 수행할 순 있을 것 같기는 합니다. 그렇게 어려운 일은 아닐 거라고 생각은 드는데 업무와 무관한 일을 시킨다는 것 자체부터는 그거를 받아들이는 게 어쨌든 제가 그거를 처음부터 거절을 해야 계속해서 그런 일들이 일어나지 않을 거라는 생각이 들어서 저는 수행하지 않으려고 할 것 같습니다. 왜 무관한 일을 시키는지는 뭐 의도를 모르지만 뭐 상황에 따라서 어쩔 수 없다면은 그거를 따를 생각은 있는데 그냥 일반적으로 제가 그거를 한 번 응하면 계속해서 저한테 그런 것들을 좀 원할 것 같애서 저는 좀 무관한 일에는 수행하지 않을 생각입니다.","wordCount":90},"emotion":[],"intent":[{"text":"","expression":"","category":"attitude"}],"summary":{"text":"업무와 무관한 일을 시킨다면 잘 수행할 순 있겠지만 처음부터 거절해야 할 것 같습니다. 왜 그런 일을 시키는지는 모르겠지만 일단 한번 응하면 계속해서 그런 것들을 원할 것 같아 저는 그런 일에는 수행하지 않을 계획입니다.","wordCount":33}}},"rawDataInfo":{"question":{"fileFormat":"wav","fileSize":492878,"duration":15400,"samplingBit":16,"channelCount":1,"samplingRate":"16kHz","audioPath":"/Mock/04.RND/Female/New/ckmk_q_rnd_f_n_126033.wav"},"answer":{"fileFormat":"wav","fileSize":1890638,"duration":59080,"samplingBit":16,"channelCount":1,"samplingRate":"16kHz","audioPath":"/Mock/04.RND/Female/New/ckmk_a_rnd_f_n_126033.wav"}}}