{"version":"1.0","dataSet":{"info":{"date":"20230116","occupation":"RND","channel":"MOCK","place":"ONLINE","gender":"FEMALE","ageRange":"35-44","experience":"NEW"},"question":{"raw":{"text":"지원자님께서는 과거 직면한 어려운 문제를 해결하기 위한 노력으로써 어떤 아이디어를 지향하였고 또 그 아이디어가 어떻게 적용되었는지 과정과 문제 해결 과정과 함께 설명해 주시기 바랍니다","wordCount":24},"emotion":[],"intent":[]},"answer":{"raw":{"text":"삼 개월간에 마트 인턴 기간 동안 점포에 얼굴이자 고객 서비스를 실현하는 주부 사원들을 만날 수 있었습니다. 누구보다 열심히 일하지만 직무 교육 부재로 인한 인력 남비웠나 상사와의 기본적인 소통 부재 속에 일하면서 뚜렷한 목표 주인 의식이 없이 일하시는 모습이 너무 안타까웠습니다. 회사의 비젼 이나 목표를 누구보다 잘 이해해 해야 하는 최전선인 서비스 제공자임에도 말입니다. 이에 친근함이란 저에 무기를 통해 적극적으로 소통하고 아주머니 사원들의 고충가 애로 사항을 종합 인사 팀 대리님과의 토의 끝에 바쁜 업무 시간을 나누어 부담 없이 고충을 나누고 업무 간 기본 직무 교육을 하는 행사와 우리 칭찬해요 라는 칭찬 행사를 마감 업무 회의 시간에 개최하게 되었습니다. 또한 저희 지점만에 구호를 만들어 상급자와의 벽을 허물고 직무 교육을 통핸 새로운 부서들 로이 이동 등 회사에 발전을 위해 노력해야겠다는 주인 인식과 함께 동기 부여를 동시에 심어준 것입니다. 결과적으로는 큰 매출 증가와 같은 가시적인 성과가 있었던 것은 아니지만 서로 간에 이해를 통해서 분위기가 좋아졌고 협업이 훨씬 자연스러워진 것을 확인할 수 있었습니다. 이러한 과거 경험을 토대로 제가 지원한 부서에서도 적극적인 소통으로 업무 효율성을 극대화하고 외부 고객과에 벽 또한 허물어 함께 울고 웃으며 고객 감동을 실현하는 기업의 일원으로 성장할 것을 약속합니다.","wordCount":176},"emotion":[],"intent":[{"text":"삼 개월간에 마트 인턴 기간 동안 점포에 얼굴이자 고객 서비스를 실현하는 주부 사원들을 만날 수 있었습니다.","expression":"c_private","category":"background"},{"text":"이러한 과거 경험을 토대로 제가 지원한 부서에서도 적극적인 소통으로 업무 효율성을 극대화하고 외부 고객과에 벽 또한 허물어 함께 울고 웃으며 고객 감동을 실현하는 기업의 일원으로 성장할 것을 약속합니다.","expression":"c_sincere_co","category":"etc"}],"summary":{"text":"마트 인턴 기간동안 직무 교육 부재와 상사와의 소통 부재 속에 뚜렷한 목표 주인 의식이 없이 일하시는 주부 사원들을 만날 수 있었습니다. 종합 인사 팀 대리님과의 토의 끝에 기본 직무 교육을 하는 행사와 칭찬 행사를 마감 업무 회의 시간에 개최하게 되었습니다. 결과적으로는 가시적인 성과는 없었지만 서로 이해를 통해서 분위기가 좋아졌고 협업이 자연스러워진 것을 확인했습니다. 적극적인 소통으로 고객 감동을 실현하는 기업의 일원으로 성장할 것입니다.","wordCount":62}}},"rawDataInfo":{"question":{"fileFormat":"wav","fileSize":486478,"duration":15200,"samplingBit":16,"channelCount":1,"samplingRate":"16kHz","audioPath":"/Mock/04.RND/Female/New/ckmk_q_rnd_f_n_236363.wav"},"answer":{"fileFormat":"wav","fileSize":3326158,"duration":103940,"samplingBit":16,"channelCount":1,"samplingRate":"16kHz","audioPath":"/Mock/04.RND/Female/New/ckmk_a_rnd_f_n_236363.wav"}}}