{"version":"1.0","dataSet":{"info":{"date":"20230116","occupation":"RND","channel":"MOCK","place":"ONLINE","gender":"FEMALE","ageRange":"-34","experience":"NEW"},"question":{"raw":{"text":"다룰 수 있는 프로그램은 무엇입니까 아 또 어느 수준으로 사용할 수 있습니까","wordCount":12},"emotion":[],"intent":[]},"answer":{"raw":{"text":"저는 주로 건설과 제조 분야와 관련된 프로그램을 배워왔습니다. 일단 기초적으로 엑셀 프로그램을 평균적으로 남들과 비슷하게 다룰 수 있고 어더비 프로그램도 대부분 개인적으로 공부를 해 왔기 때문에 어느 정도 다를 수 있습니다. 주로 어더비 일러스트레이터 포토샵과 같은 사진과 교육 편집과 프리미어와 같은 영상 편집 쪽은 간단한 업무를 주셔도 무리 없이 맡을 수 있을 정도입니다. 또 라이너와 캐드와 같이 직접적으로 건설업과 제조업 분야에 연결되는 쓰리디 프로그램은 학생 때부터 줄곧 배워오고 개인 학습을 꾸준히 해 왔기 때문에 모델링 업무를 주신다면 이 또한 자신 있게 수행할 수 있습니다. 그 외에 다른 프로그램을 다루어야 하는 상황이었다면 그것 또한 제가 최선을 다해서 연구해 보고 배우는 자세로 익숙해지도록 임하겠습니다.","wordCount":102},"emotion":[],"intent":[{"text":"저는 주로 건설과 제조 분야와 관련된 프로그램을 배워왔습니다.","expression":"r_prof","category":"attitude"},{"text":"일단 기초적으로 엑셀 프로그램을 평균적으로 남들과 비슷하게 다룰 수 있고 어더비 프로그램도 대부분 개인적으로 공부를 해 왔기 때문에 어느 정도 다를 수 있습니다.","expression":"r_prof","category":"attitude"},{"text":"또 라이너와 캐드와 같이 직접적으로 건설업과 제조업 분야에 연결되는 쓰리디 프로그램은 학생 때부터 줄곧 배워오고 개인 학습을 꾸준히 해 왔기 때문에 모델링 업무를 주신다면 이 또한 자신 있게 수행할 수 있습니다.","expression":"r_prof","category":"attitude"}],"summary":{"text":"어더비 포토샵과 같은 사진과 교육 편집과 영상 편집 쪽은 간단한 업무를 주셔도 무리 없이 맡을 수 있고, 라이너와 캐드와 같이 직접적으로 건설업과 제조업 분야에 연결되는 쓰리디 프로그램은 학생 때부터 줄곧 배워오고 개인 학습을 꾸준히 해 왔기 때문에 모델링 업무를 주시면 자신 있게 수행할 수 있습니다.","wordCount":45}}},"rawDataInfo":{"question":{"fileFormat":"wav","fileSize":259598,"duration":8109,"samplingBit":16,"channelCount":1,"samplingRate":"16kHz","audioPath":"/Mock/04.RND/Female/New/ckmk_q_rnd_f_n_284455.wav"},"answer":{"fileFormat":"wav","fileSize":1877518,"duration":58670,"samplingBit":16,"channelCount":1,"samplingRate":"16kHz","audioPath":"/Mock/04.RND/Female/New/ckmk_a_rnd_f_n_284455.wav"}}}