{"version":"1.0","dataSet":{"info":{"date":"20230116","occupation":"RND","channel":"MOCK","place":"ONLINE","gender":"FEMALE","ageRange":"-34","experience":"NEW"},"question":{"raw":{"text":"지원자님께서는 살면서 무엇인가 하나에 푹 빠져서 몰두해 본 경험이 있으신가요 만약 있으시다면 그것이 어떤 것이었을지 설명해 주세요","wordCount":17},"emotion":[],"intent":[]},"answer":{"raw":{"text":"인생을 살면서 무엇인가 하나에 푹 빠져서 몰두해 본 적이 있냐고 물으셨습니다. 저는 어 요즘에 푹 빠져서 몰두하고 있는 것이 있는데 바로 운동 중에 크로스핏이라는 운동입니다. 예 크로스핏이라는 운동을 하게 된 이유는 어 저는 일전에는 어 땀 흘리면서 운동을 하고 또 움직이는 것에 대해서 별로 좋아하지 않고 취미가 없었습니다. 그런데 점점 어 이전 회사에서 어 퇴근을 하고 난 뒤에 어 제가 계속해서 침대에 누워 있고 또 핸드폰을 보면서 시간을 보내는 그런 모습을 보고 또 무기력해지는 제 몸을 보면서 조금 각성해야 겠다는 생각이 들어서 시작을 하게 되었습니다. 그런데 막상 운동을 시작해 보니까 매일매일 주어지는 그 운동량을 채우는 것이 굉장히 보람이 있고 또 그렇게 운동을 하다 보니까 체력도 향상이 되어서 제가 남는 시간에 하고자 하는 일을 활기차게 할 수 있고 또 좋아하는 일을 더 많이 할 수 있는 것에 대해서 매력을 느껴서 요즘 이 크로스 핏이라는 운동에 푹 빠져서 몰두를 하고 있습니다. 심사 위원님들께도 꼭 한번 추천드리고 싶습니다.","wordCount":145},"emotion":[{"text":"보니까 체력도 향상이 되어서 제가 남는 시간에 하고자 하는 일을 활기차게 할 수 있고 또 좋아하는 일을 더 많이 할 수 있는 것에 대해서 매력을 느껴서 요즘 이 크로스 핏이라는 운동에 푹 빠져서 몰두를 하고 있습니다.","expression":"p-interest","category":"positive"}],"intent":[{"text":"","expression":"","category":"attitude"}],"summary":{"text":"저는 원래 운동을 별로 좋아하지 않고 취미가 없었는데, 회사에서 퇴근하고 난 뒤 무기력해지는 제 몸을 보면서 크로스핏이라는 운동을 시작하게 되었습니다. 매일 주어지는 운동량을 채우는 것이 굉장히 보람있고, 체력도 향상되어서 제가 좋아하는 일을 더 많이 할 수 있는 것에 매력을 느껴서 운동을 하고 있습니다.","wordCount":43}}},"rawDataInfo":{"question":{"fileFormat":"wav","fileSize":409678,"duration":12800,"samplingBit":16,"channelCount":1,"samplingRate":"16kHz","audioPath":"/Mock/04.RND/Female/New/ckmk_q_rnd_f_n_264582.wav"},"answer":{"fileFormat":"wav","fileSize":2999758,"duration":93740,"samplingBit":16,"channelCount":1,"samplingRate":"16kHz","audioPath":"/Mock/04.RND/Female/New/ckmk_a_rnd_f_n_264582.wav"}}}