{"version":"1.0","dataSet":{"info":{"date":"20230116","occupation":"RND","channel":"MOCK","place":"ONLINE","gender":"FEMALE","ageRange":"-34","experience":"NEW"},"question":{"raw":{"text":"혹시 지원자님께서는 매일 공부하고 있는 분야가 따로 있으십니까 만약 있다면 그걸 왜 공부하는지도 함께 자세하게 설명해 주시기 바랍니다","wordCount":18},"emotion":[],"intent":[]},"answer":{"raw":{"text":"저는 요즘 운동을 공부하기 시작했습니다. 어 평소에는 운동과 굉장히 거리가 먼 생활을 하고 있는데요. 그러다 보니 일상 속에서 굉장히 쉽게 지치고 피로감을 느낍니다. 계단을 올라갈 때 장거리를 이동할 때 체력이 뒷받침이 되지 못하다 보니까 조금만 올라가도 숨이 차고 장거리를 움직이고 난 뒤에 삼 일 정도는 집에서 푹 쉬어야지만 정상적인 컨디션을 회복할 수 있습니다. 그래서 이렇게 살면 안 되겠다 라는 생각이 들어서 최근에는 운동에 대해 공부를 하기 시작했는데요. 이 운동이라는 걸 공부를 하기 시작하다 보니까 어 신체 움직임이 이렇게 되네 이렇게 하면 더 좋은 움직임으로 가동을 할 수 있겠다 라는 배움을 얻을 수 있어서 굉장히 행복하게 공부를 하고 있고요. 또 공부를 통해서 직접 운동에 실천하다 보니까 굉장히 건강해지고 매일매일로 활력을 얻고 있습니다.","wordCount":111},"emotion":[{"text":"보니까 어 신체 움직임이 이렇게 되네 이렇게 하면 더 좋은 움직임으로 가동을 할 수 있겠다 라는 배움을 얻을 수 있어서 굉장히 행복하게 공부를 하고 있고요.","expression":"p-happiness","category":"positive"}],"intent":[{"text":"","expression":"","category":"attitude"}],"summary":{"text":"평소 운동과 거리가 먼 생활을 하다보니 일상 속에서 굉장히 쉽게 지치고 피로감을 느낍니다. 그래서 최근에 운동에 대해 공부를 하기 시작했습니다. 공부를 통해서 직접 운동에 실천하다 보니 굉장히 건강해지고 매일로 활력을 얻고 있습니다.","wordCount":32}}},"rawDataInfo":{"question":{"fileFormat":"wav","fileSize":657998,"duration":20560,"samplingBit":16,"channelCount":1,"samplingRate":"16kHz","audioPath":"/Mock/04.RND/Female/New/ckmk_q_rnd_f_n_289743.wav"},"answer":{"fileFormat":"wav","fileSize":2385998,"duration":74560,"samplingBit":16,"channelCount":1,"samplingRate":"16kHz","audioPath":"/Mock/04.RND/Female/New/ckmk_a_rnd_f_n_289743.wav"}}}