{"version":"1.0","dataSet":{"info":{"date":"20230116","occupation":"RND","channel":"MOCK","place":"ONLINE","gender":"FEMALE","ageRange":"-34","experience":"NEW"},"question":{"raw":{"text":"남을 잘 이끌어주는 리더형과 남을 잘 따라주는 팔로워형 인재가 있습니다 그 둘 중에서 본인은 어떤 유형이라고 생각하시는지 대답해 주시고 그 이유는 무엇인지에 대해서 설명해 주세요","wordCount":25},"emotion":[],"intent":[]},"answer":{"raw":{"text":"저는 남을 잘 따르는 팔로워 향이라고 생각합니다. 물론 상황에 따라서 리더의 역할을 수행해야 한다면 리더가 되는 멀티플레이어가 되고자 하지만 기본적으로 저는 팀장을 서포트 해주는 역할을 주로 맡습니다. 일단 저는 뒤에서 보조해주는 것을 잘 합니다. 리더나 팀원들이 필요로 하는 자료나 레퍼런스를 가져오거나 멀리서 상황을 객관적으로 지켜보고 정리하는 것을 좋아합니다. 리더는 많은 책임을 가지고 모두를 이끌어야 합니다. 저는 그런 넓은 포용성을 가지고 있기보다는 한 명 한 명 개개인은 세심하게 관찰하고 커뮤니케이션을 하는 것을 더 잘하는 편입니다. 따라서 저는 모든 팀원들과 화합할 수 있는 팔로워 형이라고 소개하겠습니다.","wordCount":84},"emotion":[],"intent":[{"text":"따라서 저는 모든 팀원들과 화합할 수 있는 팔로워 형이라고 소개하겠습니다.","expression":"c_person","category":"background"}],"summary":{"text":"저는 리더가 되기보다는 팀장을 서포트 해주는 역할을 주로 맡습니다. 리더는 많은 책임을 가지고 모두를 이끌어야 합니다. 저는 넓은 포용성을 가지고 있기보다는 개개인은 세심하게 관찰하고 커뮤니케이션을 하는 것을 더 잘하는 편입니다.","wordCount":30}}},"rawDataInfo":{"question":{"fileFormat":"wav","fileSize":548558,"duration":17140,"samplingBit":16,"channelCount":1,"samplingRate":"16kHz","audioPath":"/Mock/04.RND/Female/New/ckmk_q_rnd_f_n_261103.wav"},"answer":{"fileFormat":"wav","fileSize":1771598,"duration":55360,"samplingBit":16,"channelCount":1,"samplingRate":"16kHz","audioPath":"/Mock/04.RND/Female/New/ckmk_a_rnd_f_n_261103.wav"}}}