{"version":"1.0","dataSet":{"info":{"date":"20230116","occupation":"RND","channel":"MOCK","place":"ONLINE","gender":"FEMALE","ageRange":"-34","experience":"NEW"},"question":{"raw":{"text":"일을 하다 보면 어 회사 동료들과 어 트러블이 생길 수도 있습니다 만약 일을 하다가 상사와 트러블이 생긴다면 어떻게 하시겠습니까 또 상사가 만약 혼을 낸다면 혹시 기분이 나쁘시진 않을까요","wordCount":28},"emotion":[],"intent":[]},"answer":{"raw":{"text":"일을 하다 보면 상사와 트러블이 생길 수 있는데 어 저는 이런 일들이 회사에서는 자주 일어날 수 있는 그런 일들이라고 생각을 합니다. 어 우선 상사가 저에게 혼을 혼을 내거나 트러블이 생긴다면 두 가지로 나뉘어서 생각을 해볼 수 있을 것 같습니다. 첫 번째 트러블이 생기는 이유는 제가 업무적으로 부족하거나 어 또 실수를 했을 때 좀 화가 나실 수 있을 것 같습니다. 그런데 이 부분은 제가 부족한 점이 있기 때문에 어 그 부분을 고친다면 나아질 수 있는 트러블이라 생각을 하고 제가 노력을 해서 고쳐 나가야 하는 부분이라고 생각하기 때문에 그렇게 기분이 나쁘지 않을 것 같습니다. 음 일을 하다 보면 다시는 실수하지 않아야 할 일들이 있고 또 그것이 회사에 손해를 끼친다면 트러블이 생긴다 해도 제가 할 말은 없을 것입니다. 하지만 제게 트러 제 저에 대해서 저와 트러블이 생기는 이유가 조금 개인적인 이유라던가 그런 인격적인 모독으로 이어진다면 그 부분에서는 기분이 나쁠 수 있겠고 또 다시는 그렇게 그런 일이 일어나지 않도록 저도 잘 말씀을 드릴 것 같습니다. 안 된다면 조금 직업 어 이 회사의 인권적인 부분을 담당하는 부서에 말씀을 드릴 것 같습니다.","wordCount":166},"emotion":[],"intent":[{"text":"","expression":"","category":"attitude"}],"summary":{"text":"일을 하다 보면 상사와 트러블이 생길 수 있는데, 회사에서는 자주 일어날 수 있는 일이라고 생각합니다. 상사가 제게 혼을 내거나 트러블이 생긴다면 두 가지로 나누어서 생각을 해볼 수 있을 것 같습니다. 첫 번째 트려블이 생기는 이유는 제가 업무적으로 부족하거나 실수를 했을 때 화가 나실 수 있는데 이 부분은 고친다면 나아질 수 있는 부분이라고 생각을 해서 기분이 나쁘지 않을 것 같습니다.","wordCount":59}}},"rawDataInfo":{"question":{"fileFormat":"wav","fileSize":631118,"duration":19720,"samplingBit":16,"channelCount":1,"samplingRate":"16kHz","audioPath":"/Mock/04.RND/Female/New/ckmk_q_rnd_f_n_282820.wav"},"answer":{"fileFormat":"wav","fileSize":3379918,"duration":105620,"samplingBit":16,"channelCount":1,"samplingRate":"16kHz","audioPath":"/Mock/04.RND/Female/New/ckmk_a_rnd_f_n_282820.wav"}}}