{"version":"1.0","dataSet":{"info":{"date":"20230116","occupation":"RND","channel":"MOCK","place":"ONLINE","gender":"FEMALE","ageRange":"-34","experience":"NEW"},"question":{"raw":{"text":"어 이전 직장이나 대학교에서 지금까지 어떤 프로젝트를 해 보셨나요 어 그중에 가장 생각나는 게 있으시다면 어 한번 말씀해 주시길 바랍니다","wordCount":20},"emotion":[],"intent":[]},"answer":{"raw":{"text":"어 대학에서 했던 프로젝트가 생각나는데요. 저는 대학 시절에 동아리에서 지역아동센터 센터 아이들을 대상으로 하는 요리 프로젝트를 진행한 적이 있습니다. 지역아동센터는 맞벌이 부모를 어 부모 밑에서 자란 아이들이 방과 후에 갈 곳이 없으니 여러 가지 그런 교육적인 지원도 해 주고 문화적인 경험도 하게 해 주는 그런 것 그런 경험들을 지원하는 장소라고 할 수 있겠습니다. 어 이 아이들을 데리고 방과 후에 어떤 프로그램을 진행할까 하다가 혼자 집에 있는 아이들이 요리를 하게 되는 경우가 많으니 그런 것들을 한 번 가르쳐주자 라는 생각으로 요리 프로젝트를 기획을 했었습니다. 아이들이 요리 프로젝트에 참여를 하면서 스스로 요리를 해 먹을 수 있다는 그런 경험을 가지고 자기 효능감도 가지게 되고 또 친구들과 즐겁게 이야기하고 요리하면서 어 그런 소통의 능력도 발현 어 점점 향상되게 되는 것을 보면서 어 제가 기획한 프로젝트가 저의 목적에 맞게 잘 활용이 되는 것이 신기하고 즐거웠던 경험이 있어서 가장 생각나는 프로젝트로 꼽게 되었습니다.","wordCount":137},"emotion":[{"text":"저는 대학 시절에 동아리에서 지역아동센터 센터 아이들을 대상으로 하는 요리 프로젝트를 진행한 적이 있습니다.","expression":"u-fact","category":"neutral"},{"text":"아이들이 요리 프로젝트에 참여를 하면서 스스로 요리를 해 먹을 수 있다는 그런 경험을 가지고 자기 효능감도 가지게 되고 또 친구들과 즐겁게 이야기하고 요리하면서 어 그런 소통의 능력도 발현 어 점점 향상되게 되는 것을 보면서 어 제가 기획한 프로젝트가 저의 목적에 맞게 잘 활용이 되는 것이 신기하고 즐거웠던 경험이 있어서 가장 생각나는 프로젝트로 꼽게 되었습니다.","expression":"p-happiness","category":"positive"}],"intent":[{"text":"저는 대학 시절에 동아리에서 지역아동센터 센터 아이들을 대상으로 하는 요리 프로젝트를 진행한 적이 있습니다.","expression":"c_private","category":"background"}],"summary":{"text":"대학 시절에 동아리에서 지역아동센터 아이들을 대상으로 하는 요리 프로젝트를 진행한 적이 있습니다. 맞벌이 부모를 둔 아이들이 방과 후에 갈 곳이 없으니 교육적인 지원도 해 주고 문화적인 경험도 하게 해 주는 그런 경험들을 지원하는 장소라고 할 수 있겠습니다.","wordCount":37}}},"rawDataInfo":{"question":{"fileFormat":"wav","fileSize":416078,"duration":13000,"samplingBit":16,"channelCount":1,"samplingRate":"16kHz","audioPath":"/Mock/04.RND/Female/New/ckmk_q_rnd_f_n_264783.wav"},"answer":{"fileFormat":"wav","fileSize":2949518,"duration":92170,"samplingBit":16,"channelCount":1,"samplingRate":"16kHz","audioPath":"/Mock/04.RND/Female/New/ckmk_a_rnd_f_n_264783.wav"}}}