{"version":"1.0","dataSet":{"info":{"date":"20230116","occupation":"RND","channel":"MOCK","place":"ONLINE","gender":"FEMALE","ageRange":"-34","experience":"NEW"},"question":{"raw":{"text":"다른 사람과 협업하는 과제와 혼자 하는 과제 중 어떤 것을 더 선호하나요 이유와 함께 말씀 부탁드립니다","wordCount":16},"emotion":[],"intent":[]},"answer":{"raw":{"text":"저는 협업하는 과제를 더 선호하는 것 같습니다. 혼자서 과제를 하게 된다면 시간 분배나 쪼끔 더 편리한 부분이 있겠지만 협업하면서 과제를 하게 되면 제가 생각하지도 못했던 생각들을 들을 수 있고 또 다른 사람들과 소통하면서 커뮤니케이션 스킬도 형성시킬 수 있기 때문에 협업하는 과제를 더 선호하고 있습니다. 예전에 제가 혼자서 작업을 한 적이 있었는데요. 공모전에서 계속 혼자서 작업을 했을 때만 좋은 성적이 얻어져서 처음에는 협업하는 과제를 싫어했었습니다. 그러나 한번 예전에 그 광고 과제를 진행한 적이 있었고 그때 팀원들과 함께 하면서 제가 생각하지도 못했던 컨셉들과 아이디어가 나오는 것을 보면서 아 협업이 협동심이 정말 중요하다는 것을 알게 되었던 적이 있었습니다. 그래서 저는 협업하는 과제가 더 중요하다고 생각하고 더 선호하고 있습니다.","wordCount":105},"emotion":[],"intent":[{"text":"혼자서 과제를 하게 된다면 시간 분배나 쪼끔 더 편리한 부분이 있겠지만 협업하면서 과제를 하게 되면 제가 생각하지도 못했던 생각들을 들을 수 있고 또 다른 사람들과 소통하면서 커뮤니케이션 스킬도 형성시킬 수 있기 때문에 협업하는 과제를 더 선호하고 있습니다.","expression":"c_cop","category":"personality"},{"text":"그러나 한번 예전에 그 광고 과제를 진행한 적이 있었고 그때 팀원들과 함께 하면서 제가 생각하지도 못했던 컨셉들과 아이디어가 나오는 것을 보면서 아 협업이 협동심이 정말 중요하다는 것을 알게 되었던 적이 있었습니다.","expression":"c_cop","category":"personality"},{"text":"그래서 저는 협업하는 과제가 더 중요하다고 생각하고 더 선호하고 있습니다.","expression":"c_cop","category":"personality"}],"summary":{"text":"협업하면서 과제를 하게 되면 생각들을 들을 수 있고 소통하면서 커뮤니케이션 스킬도 형성시킬 수 있기 때문에 협업하는 과제를 더 선호하고 있습니다. 예전에 광고 과제를 진행한 적이 있었는데 팀원들과 함께 하면서 생각하지도 못했던 컨셉들과 아이디어가 나오는 것을 보면서 협동심이 정말 중요하다는 것을 알게 되었습니다.","wordCount":42}}},"rawDataInfo":{"question":{"fileFormat":"wav","fileSize":333518,"duration":10420,"samplingBit":16,"channelCount":1,"samplingRate":"16kHz","audioPath":"/Mock/04.RND/Female/New/ckmk_q_rnd_f_n_269106.wav"},"answer":{"fileFormat":"wav","fileSize":1971278,"duration":61600,"samplingBit":16,"channelCount":1,"samplingRate":"16kHz","audioPath":"/Mock/04.RND/Female/New/ckmk_a_rnd_f_n_269106.wav"}}}