{"version":"1.0","dataSet":{"info":{"date":"20230116","occupation":"RND","channel":"MOCK","place":"ONLINE","gender":"FEMALE","ageRange":"-34","experience":"NEW"},"question":{"raw":{"text":"연구 개발 아이디어를 탐색하는 지원자님 본인만의 방법 노하우가 있다면 말씀해 주세요","wordCount":11},"emotion":[],"intent":[]},"answer":{"raw":{"text":"연구 개발 아이디어를 탐색하기 위해서 저는 많은 사람들 그리고 연구를 할 때 혼자서 하는 것이 아니라 팀 활동으로 진행했던 것 같습니다. 예를 들어서 제가 진행했던 하고 있던 연구 분야에서 풀리지 않는 문제점이 있다면 제 팀원들의 의견을 조합을 해서 그 의견을 가지고 문제를 해결했을 때 해결한 적이 굉장히 많기 때문에 저는 아이디어를 탐색할 때 팀원들의 의견은 집중적으로 듣는 것 같습니다. 또한 개발을 할 때도 마찬가지입니다. 제가 혼자서 먼저 기틀을 만든 후에 그 기틀에 다양한 사람들의 의견을 듣고 점점 보완해 나가는 식으로 진행을 했던 것 같습니다.","wordCount":84},"emotion":[],"intent":[{"text":"예를 들어서 제가 진행했던 하고 있던 연구 분야에서 풀리지 않는 문제점이 있다면 제 팀원들의 의견을 조합을 해서 그 의견을 가지고 문제를 해결했을 때 해결한 적이 굉장히 많기 때문에 저는 아이디어를 탐색할 때 팀원들의 의견은 집중적으로 듣는 것 같습니다.","expression":"c_cop","category":"personality"}],"summary":{"text":"저는 연구를 할 때 팀 활동으로 진행했던 것 같습니다. 팀원들의 의견을 조합해서 문제를 해결한 적이 많기 때문에 아이디어를 탐색할 때는 그들의 의견을 집중적으로 듣고 개발을 할 때는 기틀을 만든 후 여러 사람들의 의견을 듣고 보완해 나갔습니다.","wordCount":36}}},"rawDataInfo":{"question":{"fileFormat":"wav","fileSize":293198,"duration":9160,"samplingBit":16,"channelCount":1,"samplingRate":"16kHz","audioPath":"/Mock/04.RND/Female/New/ckmk_q_rnd_f_n_269111.wav"},"answer":{"fileFormat":"wav","fileSize":1465038,"duration":45780,"samplingBit":16,"channelCount":1,"samplingRate":"16kHz","audioPath":"/Mock/04.RND/Female/New/ckmk_a_rnd_f_n_269111.wav"}}}