{"version":"1.0","dataSet":{"info":{"date":"20230116","occupation":"RND","channel":"MOCK","place":"ONLINE","gender":"FEMALE","ageRange":"45-54","experience":"NEW"},"question":{"raw":{"text":"지금까지 인생을 살면서 가장 후회되는 일은 무엇인가요 한 가지만 골라서 그 이유와 함께 구체적으로 말씀해 주세요","wordCount":16},"emotion":[],"intent":[]},"answer":{"raw":{"text":"지금까지 후회하는 일이 있다면 한 가지가 어 제가 하고 싶었던 거를 하지 못했을 때 배우고 싶은 것도 많았고 하고 싶은 것도 많았는데 그 당시에는 형편이 어려워서 제 힘으로 제가 할 수 있는 게 아니라 부모님의 도움을 받아서 해야 되는 일이었기 때문에 그런 말을 못하는 게 조금 아쉬웠던 거 같애요. 그래서 제가 그런 부분에 있어서 좀 더 용기 있게 해서 내가 배우고자 하는 부분을 좀 더 배웠더라면 지금보다는 좀 더 편하게 더 빨리 행복해지는 기간이 더 짧아지지 않았을까 하는 생각이 들기도 하고 그리고 그렇다면 어 다른 사람들과의 만남이 또 있었을 거 같애요. 지금 만남의 사람이 아닌 또 다른 사 사고를 가진 사람들과의 만남 그 만남의 축복이 얼마나 큰지를 너무나 잘 알고 있기 때문에 음 어떻게 어떻게 내가 누구를 만나는지 어떤 사람들과 뭘 하는지가 정말 중요한 문제거든요. 그 좋은 사람들과 만나고 좋은 사람들과 어 교류한다면 그 또한 되게 좋은 일이고 기쁜 일이기 때문에 지금은 후회는 하지만 그래도 괜찮습니다. 지났으니까요.","wordCount":147},"emotion":[],"intent":[{"text":"","expression":"","category":"attitude"}],"summary":{"text":"지금까지 후회하는 일이 있다면 부모님의 도움을 받아서 하고 싶었던 것을 하지 못한 것이 조금 아쉬웠습니다. 더 용기있게 배웠더라면 더 편하게 더 빨리 행복해지는 기간이 더 짧아지지 않았을 것 같습니다. 또 다른 사고를 가진 사람들과의 만남 그 만남의 축복이 얼마나 큰지를 잘 알고 있기 때문입니다. 지금은 후회하지만 그래도 괜찮습니다.","wordCount":48}}},"rawDataInfo":{"question":{"fileFormat":"wav","fileSize":605518,"duration":18920,"samplingBit":16,"channelCount":1,"samplingRate":"16kHz","audioPath":"/Mock/04.RND/Female/New/ckmk_q_rnd_f_n_281750.wav"},"answer":{"fileFormat":"wav","fileSize":3781838,"duration":118180,"samplingBit":16,"channelCount":1,"samplingRate":"16kHz","audioPath":"/Mock/04.RND/Female/New/ckmk_a_rnd_f_n_281750.wav"}}}