{"version":"1.0","dataSet":{"info":{"date":"20230116","occupation":"RND","channel":"MOCK","place":"ONLINE","gender":"FEMALE","ageRange":"-34","experience":"NEW"},"question":{"raw":{"text":"대학에서 배운 지원자님의 전공 과목 중에서 가장 기억에 남는 과목을 한 가지만 골라서 자세하게 설명해 주시기 바랍니다","wordCount":17},"emotion":[],"intent":[]},"answer":{"raw":{"text":"제가 대학에서 배운 전공 과목 중에 가장 기억에 남는 과목은 사회복지 조사론입니다. 사회복지 조사론이란 어 조사의 다양한 방법을 배우는 학문인데요. 이 조사론이라는 것은 어 사회복지에서 그런 대상자들을 대상으로 조사를 할 때 어떤 방법으로 조사를 했을 때 가장 효과적으로 조사를 할 수 있고 그리고 어떤 항목으로 조사 항목을 구성했을 때 어 제가 얻고자 하는 답을 잘 얻을 수 있을까 이런 것들을 알려주는 그런 과목이었습니다. 사회복지 말고도 이 조사론은 제가 일을 하면서 계속해서 도움을 받았던 그런 과목 중의 하나라서 가장 기억에 남는데요. 제가 어떤 사람들을 어떤 사람과 대화를 나누거나 또 상 상관님께 제 의견을 설득할 때 이 조사론이 항상 생각이 나곤 합니다. 제가 어 도달하고자 하는 목표를 달성하기 위해서는 이 사람에게 어떤 방법이 가장 효과적일까 이런 것 이런 관점들을 생각하게 해주는 과목인 것 같고 이것은 제가 지금 일하고자 하는 알엔디 부분에서도 정말 중요한 과목이라고 생각을 합니다.","wordCount":134},"emotion":[{"text":"이 조사론이라는 것은 어 사회복지에서 그런 대상자들을 대상으로 조사를 할 때 어떤 방법으로 조사를 했을 때 가장 효과적으로 조사를 할 수 있고 그리고 어떤 항목으로 조사 항목을 구성했을 때 어 제가 얻고자 하는 답을 잘 얻을 수 있을까 이런 것들을 알려주는 그런 과목이었습니다.","expression":"u-fact","category":"neutral"}],"intent":[{"text":"","expression":"","category":"attitude"}],"summary":{"text":"조사의 다양한 방법을 배우는 학문인 사회복지 조사론은 사회복지 대상자들을 대상으로 조사를 할 때 어떤 방법으로 조사를 할 수 있고 어떤 항목으로 조사 항목을 구성했을 때 제가 얻고자 하는 답을 잘 얻을 수 있을까 하는 것들을 알려주는 과목입니다. 이 과목은 제가 일하면서 계속 도움을 받았던 과목 중의 하나입니다.","wordCount":47}}},"rawDataInfo":{"question":{"fileFormat":"wav","fileSize":583758,"duration":18240,"samplingBit":16,"channelCount":1,"samplingRate":"16kHz","audioPath":"/Mock/04.RND/Female/New/ckmk_q_rnd_f_n_270317.wav"},"answer":{"fileFormat":"wav","fileSize":2957518,"duration":92420,"samplingBit":16,"channelCount":1,"samplingRate":"16kHz","audioPath":"/Mock/04.RND/Female/New/ckmk_a_rnd_f_n_270317.wav"}}}