{"version":"1.0","dataSet":{"info":{"date":"20230116","occupation":"RND","channel":"MOCK","place":"ONLINE","gender":"FEMALE","ageRange":"-34","experience":"NEW"},"question":{"raw":{"text":"지금 공부하고 있는 분야는 무엇인가요 왜 그것을 공부하고 있는지 지금까지 무엇을 배우셨는지도 함께 말씀해 주시기 바랍니다","wordCount":16},"emotion":[],"intent":[]},"answer":{"raw":{"text":"저는 최근에 영어 공부를 다시 진행하고 있습니다. 영어는 실생활에서도 많이 쓰이고 또 비즈니스를 할 때 필수적으로 사용하기 때문에 살아가면서 계속해서 놓치지 않고 공부해야 하는 분야라고 생각합니다. 예전에는 영어 공부를 억지로 하는 편이어서 단어부터 암기하는 데 어려움을 겪는 등 재미를 그다지 느끼지 못했습니다. 그러나 지금은 일상 생활 용어부터 가볍게 시작하면서 영상 매체로 자연스럽게 영어를 접근하는 방식을 이용하고 있습니다. 덕분에 처음으로 재미를 느끼게 되었습니다. 외국인과 대화를 하거나 영상 매체를 볼 때 제가 아는 단어나 표현 방식 그리고 문화 상식에 대해서 나올 때의 그 희열이 계속해서 저를 즐겁게 영어 공부를 하게 되는 원동력이 되는 것 같습니다.","wordCount":93},"emotion":[{"text":"외국인과 대화를 하거나 영상 매체를 볼 때 제가 아는 단어나 표현 방식 그리고 문화 상식에 대해서 나올 때의 그 희열이 계속해서 저를 즐겁게 영어 공부를 하게 되는 원동력이 되는 것 같습니다.","expression":"p-interest","category":"positive"}],"intent":[{"text":"","expression":"","category":"attitude"}],"summary":{"text":"영어는 실생활에서 많이 쓰이고 비즈니스에 필수적이기 때문에 계속해서 공부해야 하는 분야입니다. 과거에 영어 공부는 억지로 하는 편이었는데, 지금은 일상 생활 용어부터 가볍게 시작하면서 영상 매체로 자연스럽게 영어를 접근하는 방식을 이용하고 있습니다.","wordCount":31}}},"rawDataInfo":{"question":{"fileFormat":"wav","fileSize":613518,"duration":19170,"samplingBit":16,"channelCount":1,"samplingRate":"16kHz","audioPath":"/Mock/04.RND/Female/New/ckmk_q_rnd_f_n_261163.wav"},"answer":{"fileFormat":"wav","fileSize":1875918,"duration":58620,"samplingBit":16,"channelCount":1,"samplingRate":"16kHz","audioPath":"/Mock/04.RND/Female/New/ckmk_a_rnd_f_n_261163.wav"}}}