{"version":"1.0","dataSet":{"info":{"date":"20230116","occupation":"RND","channel":"MOCK","place":"ONLINE","gender":"FEMALE","ageRange":"-34","experience":"NEW"},"question":{"raw":{"text":"최근에 재미있게 하고 있는 일은 무엇인가요 또한 왜 그 일이 요즘 재미있게 느껴지시는지도 함께 구체적으로 답변 부탁드립니다","wordCount":17},"emotion":[],"intent":[]},"answer":{"raw":{"text":"최근에 재미있게 하고 있는 일은 캠핑입니다. 요즘 많은 사람들이 캠핑을 많이 다닙니다. 저도 친구와 함께 캠핑을 다니기 시작했습니다. 그래서 캠핑에 대해서 빠지게 되었고 캠핑의 매력을 알게 되었습니다. 일단 캠핑 장비를 소소하게 구입해서 하나 둘 그것을 조립해 보고 실생활에서 실제 캠핑에 가서 사용해보고 하는 것에 재미를 많이 느꼈습니다. 그리고 저는 자연을 좋아하기 때문에 자연 안에서 캠핑하는 것이 매우 만족스럽습니다. 캠핑을 하다 보면 계절도 충분히 느낄 수 있고 날씨도 충분히 즐길 수 있어서 자연과 함께 지내는 시간들이 매우 행복하고 만족스럽습니다. 그래서 다양한 캠핑장을 알아내고 전국 곳곳으로 가서 캠핑을 많이 하고 있습니다. 여러 캠핑장마다 저마다의 장단점이 있어서 찾아가는 재미가 있고 그리고 지역마다 특색이 다르기 때문에 그 지역 맛집을 가고 또 캠핑을 하고 자연 풍경을 보고 이러한 소소한 재미들이 있습니다. 그래서 저는 앞으로도 캠핑을 좀 더 열심히 하고 많은 곳에 여행을 다니고 싶습니다.","wordCount":129},"emotion":[{"text":"일단 캠핑 장비를 소소하게 구입해서 하나 둘 그것을 조립해 보고 실생활에서 실제 캠핑에 가서 사용해보고 하는 것에 재미를 많이 느꼈습니다.","expression":"p-interest","category":"positive"},{"text":"그리고 저는 자연을 좋아하기 때문에 자연 안에서 캠핑하는 것이 매우 만족스럽습니다.","expression":"p-happiness","category":"positive"},{"text":"캠핑을 하다 보면 계절도 충분히 느낄 수 있고 날씨도 충분히 즐길 수 있어서 자연과 함께 지내는 시간들이 매우 행복하고 만족스럽습니다.","expression":"p-happiness","category":"positive"}],"intent":[{"text":"","expression":"","category":"attitude"}],"summary":{"text":"최근 캠핑을 많이 다니면서 캠핑의 매력을 알게 되었고, 장비를 조립해 보고 실제 캠핑에 가서 사용해보고 하는 것에 재미를 느꼈습니다. 자연을 좋아하기 때문에 자연 안에서 캠핑하는 것이 매우 만족스럽습니다. 다양한 캠핑장을 알고, 찾아가는 재미와 지역마다 특색이 있는 캠핑을 합니다. 앞으로도 캠핑을 더 열심히 하고 많은 곳에 여행을 다니고 싶습니다.","wordCount":48}}},"rawDataInfo":{"question":{"fileFormat":"wav","fileSize":621518,"duration":19420,"samplingBit":16,"channelCount":1,"samplingRate":"16kHz","audioPath":"/Mock/04.RND/Female/New/ckmk_q_rnd_f_n_282324.wav"},"answer":{"fileFormat":"wav","fileSize":2757518,"duration":86170,"samplingBit":16,"channelCount":1,"samplingRate":"16kHz","audioPath":"/Mock/04.RND/Female/New/ckmk_a_rnd_f_n_282324.wav"}}}