{"version":"1.0","dataSet":{"info":{"date":"20230116","occupation":"RND","channel":"MOCK","place":"ONLINE","gender":"FEMALE","ageRange":"-34","experience":"NEW"},"question":{"raw":{"text":"지원자분께서 일을 하시게 되면 중국으로 출장을 가야 할 일들이 조금씩 생길 수도 있습니다 그와 같은 중국 출장 상황이 생긴다고 하더라도 괜찮으신지 답변 부탁드리도록 하겠습니다","wordCount":24},"emotion":[],"intent":[]},"answer":{"raw":{"text":"일을 하게 되면 중국으로 출장할 갈 일이 생길 수도 있다고 하셨습니다. 어 저는 이 중국으로 출장을 간다는 생각만으로도 벌써 설렘이 있는데요. 저는 대학 시절부터 어 이전 회사에 이르기까지 여러 군데 해외로 파견해 나간 적도 있었고 또 어 해외에서 유학이나 해외 봉사를 나간 적도 있었습니다. 그렇기 때문에 해외로에 해외에서 사는 것에 대한 그런 두려움이 없는 편이고 또 다른 나라의 문화나 언어를 배우는 것도 매우 좋아하고 마음이 많이 열려 있습니다. 그렇기 때문에 일을 하게 되 되었을 때 중국으로 출장을 가게 된다면 생활적인 면에서도 적응을 하는데 큰 어려움이 없을 거라고 생각을 하고 또 언어적으로도 제가 언제든지 중국으로 출장을 갈 일이 생길 수 있다는 것을 염두에 두고 공부를 해 나가도록 하겠습니다. 또 해외에 있는 사람들과 어 그런 교류를 하고 또 관계를 잘 맺어가기 위해서 중국 사람 그리고 중국에 대한 문화에 대해서도 어 공부를 해 나갈 수 있는 그런 열정도 가지고 있습니다. 저는 잘 해낼 수 있을 것 같습니다.","wordCount":144},"emotion":[],"intent":[{"text":"저는 대학 시절부터 어 이전 회사에 이르기까지 여러 군데 해외로 파견해 나간 적도 있었고 또 어 해외에서 유학이나 해외 봉사를 나간 적도 있었습니다.","expression":"c_private","category":"background"}],"summary":{"text":"저는 대학 때부터 해외 파견, 유학, 해외 봉사를 한 적이 있어서 해외 사는 것에 대한 두려움이 없고 다른 나라의 문화나 언어를 배우는 것에도 마음이 많이 열려 있습니다. 일을 하게 되었을 때 중국으로 출장을 가게 된다면 생활적인 면에서도 큰 어려움이 없을 것이라고 생각을 하고 언어적으로도 공부를 해 나가도록 하겠습니다.","wordCount":48}}},"rawDataInfo":{"question":{"fileFormat":"wav","fileSize":548558,"duration":17140,"samplingBit":16,"channelCount":1,"samplingRate":"16kHz","audioPath":"/Mock/04.RND/Female/New/ckmk_q_rnd_f_n_282936.wav"},"answer":{"fileFormat":"wav","fileSize":2957838,"duration":92430,"samplingBit":16,"channelCount":1,"samplingRate":"16kHz","audioPath":"/Mock/04.RND/Female/New/ckmk_a_rnd_f_n_282936.wav"}}}