{"version":"1.0","dataSet":{"info":{"date":"20230116","occupation":"RND","channel":"MOCK","place":"ONLINE","gender":"FEMALE","ageRange":"-34","experience":"NEW"},"question":{"raw":{"text":"지원자께서 만약 게임 속 캐릭터라면 어떤 게임에서 어떤 역할을 맡아서 수행하고 싶으신지 궁금한데요 지원자님의 생각을 말씀해 주시기 바랍니다","wordCount":18},"emotion":[],"intent":[]},"answer":{"raw":{"text":"만약 제가 게임 속 캐릭터라면 저는 음 롤이라는 프로그램 게임에서 그 탑 자리를 맡고 싶습니다. 이 탑 자리는 가장 먼저 가면서 어 다양한 적들의 행 그 동태를 살피고 또 어떤 식으로 음 상대가 전술을 쓰는지를 파악해서 어 모든 팀원들에게 뭐 어 이길 수 있는 그런 역할 이기기 위한 역할들을 부여하고 또 이끌어 가는 그런 역할이라고 할 수 있습니다. 이런 역할은 어 이제 회사에서 협업을 할 때나 프로젝트를 진행할 때 리더의 역할을 하는 것이랑도 어 같은 맥락이라고 생각을 할 수 있겠는데요. 저는 팀원들과 함께 이야기를 나누면서 그들의 역량을 파악하고 어 잘 할 수 있는 것들을 잘 파악을 해서 역할들을 나누어 주고 그리고 이 프로젝트가 성공을 하는 방향으로 어 가기 위해서 서로의 힘을 합할 수 있는 그런 동력을 심어 주는 그런 역할을 하고 싶습니다. 그래서 저는 롤에서 탑 자리에 있는다면 제 역할을 충분히 해낼 수 있고 제 역량을 발현할 수 있을 거라고 생각을 합니다.","wordCount":142},"emotion":[],"intent":[{"text":"","expression":"","category":"attitude"}],"summary":{"text":"롤에서 탑 자리를 맡고 싶습니다. 탑 자리는 모든 팀원들에게 이길 수 있는 역할들을 부여하고 이끌어 가는 역할이라고 할 수 있습니다. 협업이나 프로젝트 진행 시 리더의 역할을 하는 것과 같은 맥락이라고 생각합니다. 롤에서 탑자리에 있는다면 제 역할을 충분히 해낼 수 있을 것이라 생각합니다.","wordCount":42}}},"rawDataInfo":{"question":{"fileFormat":"wav","fileSize":552398,"duration":17260,"samplingBit":16,"channelCount":1,"samplingRate":"16kHz","audioPath":"/Mock/04.RND/Female/New/ckmk_q_rnd_f_n_264785.wav"},"answer":{"fileFormat":"wav","fileSize":2828238,"duration":88380,"samplingBit":16,"channelCount":1,"samplingRate":"16kHz","audioPath":"/Mock/04.RND/Female/New/ckmk_a_rnd_f_n_264785.wav"}}}