{"version":"1.0","dataSet":{"info":{"date":"20230116","occupation":"RND","channel":"MOCK","place":"ONLINE","gender":"FEMALE","ageRange":"-34","experience":"NEW"},"question":{"raw":{"text":"플레밍의 법칙이 있는데 그 오른손 왼손 법칙에 대해서 설명해 주실 수 있습니까","wordCount":12},"emotion":[],"intent":[]},"answer":{"raw":{"text":"먼저 플레밍의 법칙은 자기장 속에서 전류가 받는 힘의 방향을 나타내는 플레밍의 왼손 법칙과 자기장 속에서 도선을 움직일 때 유도기 전력에 유도되는 전류의 방향을 나타내는 플레밍의 오른손 법칙을 함께 가리키는 법칙인데요. 먼저 오른손 법칙은 자기장 속에 움직이는 도체 내에 흐르는 유도전류의 방향과 엔극에서 에스극으로 향하는 자기장의 방향 도체 운동 방향과의 관계를 나타내는 법칙이고요. 플레밍의 왼손 법칙은 전류가 흐르고 있는 도선에 대해 자기장이 미치는 힘의 작용 방향을 정하는 법칙입니다. 또 플레밍의 오른손 법칙과 왼손 법칙을 통해서 저희는 전류와 자기장 운동에 대해 관찰할 수 있습니다.","wordCount":82},"emotion":[{"text":"먼저 플레밍의 법칙은 자기장 속에서 전류가 받는 힘의 방향을 나타내는 플레밍의 왼손 법칙과 자기장 속에서 도선을 움직일 때 유도기 전력에 유도되는 전류의 방향을 나타내는 플레밍의 오른손 법칙을 함께 가리키는 법칙인데요.","expression":"u-fact","category":"neutral"},{"text":"먼저 오른손 법칙은 자기장 속에 움직이는 도체 내에 흐르는 유도전류의 방향과 엔극에서 에스극으로 향하는 자기장의 방향 도체 운동 방향과의 관계를 나타내는 법칙이고요.","expression":"u-fact","category":"neutral"},{"text":"플레밍의 왼손 법칙은 전류가 흐르고 있는 도선에 대해 자기장이 미치는 힘의 작용 방향을 정하는 법칙입니다.","expression":"u-fact","category":"neutral"}],"intent":[{"text":"","expression":"","category":"attitude"}],"summary":{"text":"플레밍의 법칙은 자기장 속에서 전류가 받는 힘의 방향을 나타내는 왼손 법칙과 유도기 전력에 유도되는 전류의 방향을 나타내는 오른손 법칙을 함께 가리키는 법칙으로 전류와 자기장 운동에 대해 관찰할 수 있습니다.","wordCount":29}}},"rawDataInfo":{"question":{"fileFormat":"wav","fileSize":276558,"duration":8640,"samplingBit":16,"channelCount":1,"samplingRate":"16kHz","audioPath":"/Mock/04.RND/Female/New/ckmk_q_rnd_f_n_266959.wav"},"answer":{"fileFormat":"wav","fileSize":1931598,"duration":60360,"samplingBit":16,"channelCount":1,"samplingRate":"16kHz","audioPath":"/Mock/04.RND/Female/New/ckmk_a_rnd_f_n_266959.wav"}}}