{"version":"1.0","dataSet":{"info":{"date":"20230116","occupation":"RND","channel":"MOCK","place":"ONLINE","gender":"FEMALE","ageRange":"45-54","experience":"NEW"},"question":{"raw":{"text":"어 인터넷 정보의 시대죠 평소에 검색을 자주 하는 편인가요 어떤 검색을 주로 하고 왜 그것을 검색하는지 설명해 주세요","wordCount":18},"emotion":[],"intent":[]},"answer":{"raw":{"text":"어 평소에 검색을 자주 하는 편이냐고 물어보셨는데요. 어 제가 하는 검색이 양이 많은 건지는 잘 모르겠습니다만 어 평소에 제가 좋아하는 역사 혹은 문화 쪽에 검색을 주로 하는 편이고요. 어 역사라고 하면 조선의 역사 부터 시작해서 근대사까지 제가 관심이 있는 분야를 조려 검색을 하고 있습니다. 또한 그거 이외에 제가 현재 사회복지 관련해서 어 사이버 대학교에서 편입해서 공부를 하고 있는데요. 그쪽 관련한 검색도 하고 있습니다. 그렇지만 그중에서도 어 제가 지금 역사 문화 그 다음에 제가 공부하고 있는 사회 복지 분야에 검색을 하고 있다고 했는데요. 그중에서도 제가 요즘 평소에 요즘 들어서 최근에 가장 많이 하고 있는 것은 여행에 관련된 검색인 것 같습니다. 어 제가 원래 계획하고 있었던 어 티벳 여행을 어 트래킹을 계획하고 있었는데요. 그 부분을 아직 실행하지 못해서 어 티벳 트래킹을 할 수 있는 여행사라든가 아니면 그 곳에 관련된 코스라든가 이런 것들이 어 요즘은 가장 많이 검색하고 있는 것 같습니다.","wordCount":138},"emotion":[],"intent":[{"text":"어 제가 하는 검색이 양이 많은 건지는 잘 모르겠습니다만 어   평소에 제가 좋아하는 역사 혹은 문화 쪽에 검색을 주로 하는 편이고요.","expression":"r_info_col","category":"attitude"},{"text":"또한 그거 이외에 제가   현재 사회복지 관련해서 어 사이버 대학교에서 편입해서 공부를 하고 있는데요.","expression":"r_prof","category":"attitude"}],"summary":{"text":"평소에 검색을 자주 하는 편이냐는 질문에는 역사나 문화 쪽이나 사회복지 관련 검색을 하고 있다고 했습니다. 그 중에서도 최근에 가장 많이 하는 것은 여행에 관련된 검색입니다. 원래 티벳 여행을 계획하고 있었는데, 티벳 트래킹을 할 수 있는 여행사나 관련 코스 등이 요즘 많이 검색하고 있습니다.","wordCount":43}}},"rawDataInfo":{"question":{"fileFormat":"wav","fileSize":358478,"duration":11200,"samplingBit":16,"channelCount":1,"samplingRate":"16kHz","audioPath":"/Mock/04.RND/Female/New/ckmk_q_rnd_f_n_149593.wav"},"answer":{"fileFormat":"wav","fileSize":2749198,"duration":85910,"samplingBit":16,"channelCount":1,"samplingRate":"16kHz","audioPath":"/Mock/04.RND/Female/New/ckmk_a_rnd_f_n_149593.wav"}}}