{"version":"1.0","dataSet":{"info":{"date":"20230116","occupation":"RND","channel":"MOCK","place":"ONLINE","gender":"FEMALE","ageRange":"-34","experience":"NEW"},"question":{"raw":{"text":"지원자께서 우리 회사에 들어오면 기존과는 업무 스타일이 달라질 수 있습니다 지원자께서는 기존과 다른 업무 스타일에 잘 적응할 수 있으신지 궁금합니다","wordCount":20},"emotion":[],"intent":[]},"answer":{"raw":{"text":"이 회사에 들어오면 기존과는 업무 스타일이 달라질 수도 있다고 하셨는데 저는 각 회사마다 가지고 있는 업무 스타일이 모두 다르다고 생각을 합니다. 그래서 제가 해 오던 일을 해 왔던 그런 회사들과 어 동일한 업무 스타일을 적용할 생각이 없고 이 회사에 들어오게 된다면 이 회사가 가지고 있는 고유의 업무 스타일을 잘 받아들여서 적응해 볼 생각입니다. 어 저는 다양한 업무 스타일을 경험해 오면서 저의 스타일를 한가지로 정해 놓은 것이 아니라 각각의 스타일에 맞춰서 유연하게 대처하고 또 적응하는 그런 경험들을 많이 해 왔습니다. 대학 시절에도 팀 프로젝트를 하거나 협업을 할 때 구성원들의 성향에 따라서 업무 스타일을 바꿔 보기도 하고 다양한 업무 스타일에 따른 업무 효율성에 대해서 혼자 어 연구를 해 보기도 했습니다. 그래서 어 이 회사에 들어와서도 회사가 가지고 있는 업무 스타일을 잘 파악해서 거기에 맞게 제가 유연하게 적응을 할 수 있을 거라고 생각을 하고 그에 대한 자신도 있습니다.","wordCount":135},"emotion":[],"intent":[{"text":"","expression":"","category":"attitude"}],"summary":{"text":"이 회사에 들어오면 기존과는 업무 스타일이 달라질 수도 있다고 하셨는데 저는 각 회사마다 가지고 있는 업무 스타일이 모두 다르다고 생각하며 이 회사에 들어오게 된다면 이 회사의 고유의 업무 스타일을 잘 받아들여서 적응해 볼 계획입니다.","wordCount":34}}},"rawDataInfo":{"question":{"fileFormat":"wav","fileSize":553678,"duration":17300,"samplingBit":16,"channelCount":1,"samplingRate":"16kHz","audioPath":"/Mock/04.RND/Female/New/ckmk_q_rnd_f_n_264574.wav"},"answer":{"fileFormat":"wav","fileSize":2829198,"duration":88410,"samplingBit":16,"channelCount":1,"samplingRate":"16kHz","audioPath":"/Mock/04.RND/Female/New/ckmk_a_rnd_f_n_264574.wav"}}}