{"version":"1.0","dataSet":{"info":{"date":"20230116","occupation":"RND","channel":"MOCK","place":"ONLINE","gender":"FEMALE","ageRange":"-34","experience":"NEW"},"question":{"raw":{"text":"시간이 남을 때는 주로 무슨 일을 하는지 그리고 그 일을 하는 이유는 무엇인지 설명해 주시겠어요","wordCount":15},"emotion":[],"intent":[]},"answer":{"raw":{"text":"시간이 남을 때 저는 요즘 께임을 합니다. 께임을 해보니 너무 재미있더라구요. 그래서 시간이 날 때마다 제가 즐겨 하는 께임을 하고 있고 그것으로 시간을 보냅니다. 께임을 하는 사람들에게 처음에 저는 왜 저런 식으로 시간을 보내지 하고 비난하는 시선을 가졌었는데요. 우연한 기회를 통해 께임을 하다 보니 정말 재미있더라구요. 그런 식으로 제가 여유 있는 시간을 보낼 수 있을 때 만족감이 높아집니다.","wordCount":58},"emotion":[{"text":"께임을 해보니 너무 재미있더라구요.","expression":"p-happiness","category":"positive"},{"text":"보니 정말 재미있더라구요.","expression":"p-happiness","category":"positive"},{"text":"그런 식으로 제가 여유 있는 시간을 보낼 수 있을 때 만족감이 높아집니다.","expression":"p-happiness","category":"positive"}],"intent":[{"text":"","expression":"","category":"attitude"}],"summary":{"text":"저는 시간이 날 때마다 즐겨 하는 께임을 통해 시간을 보내고 있습니다. 우연한 기회를 통해 께임하는 것은 정말 재미있고 만족감이 높아집니다.","wordCount":20}}},"rawDataInfo":{"question":{"fileFormat":"wav","fileSize":288398,"duration":9010,"samplingBit":16,"channelCount":1,"samplingRate":"16kHz","audioPath":"/Mock/04.RND/Female/New/ckmk_q_rnd_f_n_283864.wav"},"answer":{"fileFormat":"wav","fileSize":1300878,"duration":40650,"samplingBit":16,"channelCount":1,"samplingRate":"16kHz","audioPath":"/Mock/04.RND/Female/New/ckmk_a_rnd_f_n_283864.wav"}}}