{"version":"1.0","dataSet":{"info":{"date":"20230116","occupation":"RND","channel":"MOCK","place":"ONLINE","gender":"FEMALE","ageRange":"35-44","experience":"NEW"},"question":{"raw":{"text":"지원자님의 의견을 주장하실 때 강하게 주장하는 편인가요 어떤 스타일로 자신의 의견을 주장하는지 궁금합니다","wordCount":13},"emotion":[],"intent":[]},"answer":{"raw":{"text":"저는 제 의견을 주장할 때 강하게 주장하는 편이라고 말씀드리기 보다는 명확하게 전달하는 편이라고 말씀드리고 싶습니다. 어떤 회의를 진행하거나 일을 할 때 혼자서 하는 일이 아니라 여러 사람과 함께 하는 경우에 어 내가 생각하는 어떤 의견이 있을 때 그것을 발화 하지 않고 가만히 있었던 경험들이 있는데요. 그럴 경우에 결국엔 일을 진행하는 동안 어 저 스스로 어떤 불만이 생기거나 아니면 그것을 그 불만을 토로하지 못하고 속으로만 담고 있어서 동료들과의 사이가 어 좋지 않았던 경험들이 있습니다. 그래서 어떤 일을 하 할 때에 저의 의견을 강하게 주장해서 저의 의견만을 밀어붙이기 보다는 어떤 상황들을 잘 어떤 상황이 어떻게 돌아가는지 잘 파악한 후에 저의 의견을 명확하게 전달하는 편입니다. 사회생활에서 자신의 의견을 명확하게 전달하는 것은 굉장히 중요하다고 생각을 합니다. 한 사람의 의견을 너무 강하게 주장해서 그 의견을 따라가다 보면 결국에는 팀웍이 좋지 않아져서 결과가 좋지 않아집니다. 어 그리고 또 자신의 의견을 이야기하지 않고 다른 사람의 의견만을 따라 간다면 일을 할 때 과연 이 일이 내 일이라는 어떤 책임감이 떨어지게 됩니다. 그래서 어 내가 일을 할 때 다른 팀원들과의 음 호흡 화합 뿐만 아니라 어 그 일에 대한 책임감을 위해서도 자신의 의견을 명확하게 전달하는 것이 중요하다고 생각합니다.","wordCount":179},"emotion":[],"intent":[{"text":"","expression":"","category":"attitude"}],"summary":{"text":"저는 제 의견을 주장할 때 강하게 주장하는 편이 아니라 명확하게 전달하는 편이라고 말씀드리기 보다는 어떤 상황들을 잘 어떤 상황이 어떻게 돌아가는지 잘 파악한 후에 저의 의견을 명확하게 전달합니다. 사회생활에서 자신의 의견을 명확하게 전달하는 것은 굉장히 중요하다고 생각을 합니다. 그 일에 대한 책임감을 위해서도 자신의 의견을 정확하게 전달하는 것이 중요하다고 생각합니다.","wordCount":50}}},"rawDataInfo":{"question":{"fileFormat":"wav","fileSize":330958,"duration":10340,"samplingBit":16,"channelCount":1,"samplingRate":"16kHz","audioPath":"/Mock/04.RND/Female/New/ckmk_q_rnd_f_n_250138.wav"},"answer":{"fileFormat":"wav","fileSize":3731278,"duration":116600,"samplingBit":16,"channelCount":1,"samplingRate":"16kHz","audioPath":"/Mock/04.RND/Female/New/ckmk_a_rnd_f_n_250138.wav"}}}