{"version":"1.0","dataSet":{"info":{"date":"20230116","occupation":"RND","channel":"MOCK","place":"ONLINE","gender":"FEMALE","ageRange":"35-44","experience":"NEW"},"question":{"raw":{"text":"직장에서 사람들과 협업을 하면서 특히나 어려웠던 점이 있다면 무엇이었는지 또 어떻게 극복했는지도 함께 말씀해 주세요","wordCount":15},"emotion":[],"intent":[]},"answer":{"raw":{"text":"협업을 하면서 가장 어려운 점은 아무래도 사람들의 의견을 일치시키는 것이 가장 어려운 점인 것 같습니다. 개개인의 생김새가 다르듯이 아무래도 가치관의 차이가 다르기 때문에 같은 업무가 주어지더라도 그것을 해결해 나가는 방법도 제각각입니다. 그렇기 때문에 협업을 하게 되면 우선 저는 모든 사람들의 의견은 다 경청을 하고 존중해 줍니다. 그 의견이 객관적인 시선으로 바라봤을 때 옳다고 생각되는 경우를 기준으로 다수의 의견을 결정하는 편입니다. 그렇게 되면 소수의 의견을 가진 사람들이 또 불만을 표하게 됩니다. 하지만 그럴 경우는 저의 개인적인 의견을 최대한 배제하고 객관적인 수치와 전문가들의 의견 등을 참고하여 소수의 의견자들을 설득하는 편입니다. 그리고 협업을 하게 되면 꼭 업무량의 분배 문제로 억울함을 토로하는 경우가 많아 모든 사람들이 다 참여할 수 있도록 업무를 좀 공평하게 배분하는 편입니다.","wordCount":111},"emotion":[],"intent":[{"text":"","expression":"","category":"attitude"}],"summary":{"text":"협업을 하면서 가장 어려운 점은 사람들의 의견을 일치시키는 것 같습니다. 개인적인 의견을 최대한 배제하고 객관적인 수치와 전문가들의 의견 등을 참고하여 소수의 의견자들을 설득하는 편입니다. 협업이 꼭 업무량의 분배 문제로 억울함을 토로하는 경우가 많아 업무를 좀 공평하게 배분합니다.","wordCount":37}}},"rawDataInfo":{"question":{"fileFormat":"wav","fileSize":371278,"duration":11600,"samplingBit":16,"channelCount":1,"samplingRate":"16kHz","audioPath":"/Mock/04.RND/Female/New/ckmk_q_rnd_f_n_246273.wav"},"answer":{"fileFormat":"wav","fileSize":1948238,"duration":60880,"samplingBit":16,"channelCount":1,"samplingRate":"16kHz","audioPath":"/Mock/04.RND/Female/New/ckmk_a_rnd_f_n_246273.wav"}}}