{"version":"1.0","dataSet":{"info":{"date":"20230116","occupation":"RND","channel":"MOCK","place":"ONLINE","gender":"FEMALE","ageRange":"-34","experience":"NEW"},"question":{"raw":{"text":"혹시 매일 공부하고 있는 분야가 따로 있으신가요 만약 있다면 그것은 무엇이고 왜 그것을 공부하고 있는지도 말씀해 주시기 바랍니다","wordCount":18},"emotion":[],"intent":[]},"answer":{"raw":{"text":"제가 매일 공부하고 있는 분야는 바로 영어입니다. 어 제가 공 공부 중에서도 영어를 공부하는 이유는 어 이 영어는 만국 공통의 언어이고 제가 어떤 일을 하던지 어떤 어 활동을 하든지 간에 어 유용하게 쓰일 수 있는 그런 언어이지 않을까 해서 공부를 시작하게 되었습니다. 영어는 스터디와 과외를 통해서 공부를 하고 있는데 일단 과외를 통해서 여러 가지 단어를 습득하고 또 문법도 공부를 하고 있습니다. 영어 스터디에서는 그 배운 영단어와 문법 그리고 표현들을 가지고 다양하게 활용을 해 보고 또 제가 실생활에서 그것들을 두려워하지 않고 쓸 수 있도록 입에 붙이는 그런 작업들을 하고 있었습니다. 제가 이 공부를 통해서 이 회사에 입사를 한 뒤에 해외로 파견 나갈 일이 있거나 아니면 영어로 서류를 작성할 일이 있다면 어 그런 쓰임새를 다 하고 싶고 또 그것을 이 영어를 잘 함으로써 이 부서에서 조금 꼭 필요한 인재가 되고 싶다는 생각을 해 보았습니다.","wordCount":132},"emotion":[],"intent":[{"text":"","expression":"","category":"attitude"}],"summary":{"text":"영어는 만국 공통의 언어이기 때문에 매일 공부하고 있습니다. 영어는 과외와 스터디를 통해 공부하는데, 과외에서는 여러 가지 단어를 습득하고 문법도 공부합니다. 영어 공부로 입사 후 해외 파견, 서류 작성 등에 쓰일 일이 있다면 쓰임새를 다 하고 꼭 필요한 인재가 되고 싶습니다.","wordCount":40}}},"rawDataInfo":{"question":{"fileFormat":"wav","fileSize":617678,"duration":19300,"samplingBit":16,"channelCount":1,"samplingRate":"16kHz","audioPath":"/Mock/04.RND/Female/New/ckmk_q_rnd_f_n_282942.wav"},"answer":{"fileFormat":"wav","fileSize":2838478,"duration":88700,"samplingBit":16,"channelCount":1,"samplingRate":"16kHz","audioPath":"/Mock/04.RND/Female/New/ckmk_a_rnd_f_n_282942.wav"}}}