{"version":"1.0","dataSet":{"info":{"date":"20230116","occupation":"RND","channel":"MOCK","place":"ONLINE","gender":"FEMALE","ageRange":"-34","experience":"NEW"},"question":{"raw":{"text":"면접자님께서 협업을 할 때 가장 중요하게 생각하시는 것이 무엇인지 그렇다면 왜 그것을 가장 중요하게 생각하시는지 모두 말씀해 주세요","wordCount":18},"emotion":[],"intent":[]},"answer":{"raw":{"text":"저는 협업을 할 때 협업팀과의 갈등을 일으키지 않는 것이 가장 중요하다고 생각합니다. 갈등이 생기게 되면 업무 진행에도 영향을 줄 뿐만 아니라 신뢰에도 치명적인 영향을 줄 것입니다. 신뢰가 중요한 협업에서 갈등이야말로 가장 경계해야 하는 대상입니다. 만약 팀원과 분화가 생긴다면 일단 잠시간 각자 개인적으로 생각을 정리할 시간을 가질 것입니다. 당장에는 적절한 판단을 하기 어려울 것이기 때문입니다. 그 후 제가 먼저 다가가서 서로의 의견에 대한 장점과 차이점을 객관적으로 나열해 보고 앞으로의 팀을 위해서 어떤 것이 좋을지 다시 처음부터 대화를 시도해 볼 것입니다. 마치 꼬였던 실타래를 천천히 꼬인 부분부터 풀어나가듯이 진행하다 보면 그 과정에서 분명히 더 두터운 신뢰가 형성될 것이라고 믿습니다.","wordCount":97},"emotion":[],"intent":[{"text":"만약 팀원과 분화가 생긴다면 일단 잠시간 각자 개인적으로 생각을 정리할 시간을 가질 것입니다.","expression":"c_confl_mg","category":"personality"}],"summary":{"text":"협업할 때 협업팀과 갈등을 일으키지 않는 것이 가장 중요하다고 생각합니다. 갈등이 생기면 업무 진행과 신뢰에 치명적인 영향을 줄 것입니다. 만약 팀원과 분화가 생긴다면 잠시 개인적인 생각을 정리하고, 서로의 의견에 대한 장점과 차이점을 나열해 보면서 대화를 시도해 볼 것입니다.","wordCount":38}}},"rawDataInfo":{"question":{"fileFormat":"wav","fileSize":355918,"duration":11120,"samplingBit":16,"channelCount":1,"samplingRate":"16kHz","audioPath":"/Mock/04.RND/Female/New/ckmk_q_rnd_f_n_255787.wav"},"answer":{"fileFormat":"wav","fileSize":1860558,"duration":58140,"samplingBit":16,"channelCount":1,"samplingRate":"16kHz","audioPath":"/Mock/04.RND/Female/New/ckmk_a_rnd_f_n_255787.wav"}}}