{"version":"1.0","dataSet":{"info":{"date":"20230116","occupation":"RND","channel":"MOCK","place":"ONLINE","gender":"FEMALE","ageRange":"45-54","experience":"NEW"},"question":{"raw":{"text":"스스로 스트레스 해소 방법이 있다면 무엇인지 말씀해 주시길 바랍니다 그리고 왜 그 방법으로 스트레스를 해소하는지 함께 설명하여 주시길 바랍니다","wordCount":19},"emotion":[],"intent":[]},"answer":{"raw":{"text":"저만의 스트레스 해소법을 말씀드리겠습니다. 저만의 스트레스 해소법은 사실 아무 것도 하지 않는 것입니다. 어 평소에 어 많은 일을 하기도 하고 어 시간을 쪼개 써서 진행하는 편이어서 정말 그 일에서 스트레스를 너무 많이 받고 제가 신체적으로도 너무 힘들 때는 정말 그냥 아무 것도 하지 않고 쉬는 것이 저만의 스트레스 해소 방법입니다. 쉴 때 여러 가지 방법이 있는데요. 정말 그냥 침대에 누워서 자기도 하지만 어 쇼파나 침대에 누워서 어 일단 제가 소중하게 생각하는 아이패드를 들고 거기에서 검색을 한다거나 아니면 쇼핑을 한다거나 아니면 제가 평소에 보고 싶었던 드라마 혹은 영화 등을 넷플릭스에서 찾아보는 경우도 있습니다. 정말 그 넷플릭스의 드라마나 이런 것을 어 한 시리즈를 다 보게 되면 정말 긴 시간 동안 그동안 쌓였던 스트레스를 완전히 잊어버릴 정도로 그 내용들을 보면서 어 어 새로운 충전의 시간도 되기도 하고 그동안 머리에 쌓여 있던 그런 것들을 다 잊어버릴 수 있어서 재충전의 시간이 되는 것 같습니다. 그래서 아무 것도 하지 않고 그냥 넷플릭스를 보거나 어 쇼핑을 하는 것 그것이 저의 스트레스 방법입니다.","wordCount":155},"emotion":[],"intent":[{"text":"","expression":"","category":"attitude"}],"summary":{"text":"저만의 스트레스 해소법은 아무 것도 하지 않는 것입니다. 스트레스 해소 방법은 시간을 쪼개서 진행하는 일에서 스트레스를 너무 많이 받고 신체적으로도 너무 힘들 때는 그냥 아무 일도 하지 않고 쉬는 것입니다. 쉴 때 여러 가지 방법이 있는데 쇼파나 침대에 누워서 넷플릭스를 보거나 쇼핑을 하는 것 그것이 저의 스트레스 방법입니다.","wordCount":48}}},"rawDataInfo":{"question":{"fileFormat":"wav","fileSize":519758,"duration":16239,"samplingBit":16,"channelCount":1,"samplingRate":"16kHz","audioPath":"/Mock/04.RND/Female/New/ckmk_q_rnd_f_n_149673.wav"},"answer":{"fileFormat":"wav","fileSize":2887758,"duration":90240,"samplingBit":16,"channelCount":1,"samplingRate":"16kHz","audioPath":"/Mock/04.RND/Female/New/ckmk_a_rnd_f_n_149673.wav"}}}