{"version":"1.0","dataSet":{"info":{"date":"20230116","occupation":"RND","channel":"MOCK","place":"ONLINE","gender":"FEMALE","ageRange":"-34","experience":"NEW"},"question":{"raw":{"text":"아 지원자님의 성격 상 단점과 아 장점에 대해서 말씀을 해 주시고요 각각의 장점과 단점에 대해서 구체적인 예시를 들어서 말씀해 주시면 좋겠습니다","wordCount":21},"emotion":[],"intent":[]},"answer":{"raw":{"text":"저는 음 후 저는 오래 가지 않습니다. 어떤 문제가 생기면 그리고 어떤 감정이 생기면 안 좋은 감정이 그게 저를 오래 얽매지 않아요. 네 좀 쿨한 편인 것 같아요. 그래서 거기에 쉽게 뭔가 빠져있지 않고 되게 허우적되지 않고 그 상태에 좀 빠르게 회복을 하는 편인 것 같아요 제 스스로가 봐도. 그래서 그 다음을 이어나갈 수 있는 어떠한 일을 할 때에도 제 개인적인 부분이 일에 그렇게 지장이 가는 편은 없는 편이라고 볼 수 있고요. 어 단점은 같은 말인데 단순합니다. 그냥 네 단순한 편이라서 어 어떻게 보면은 쪼끔 상대가 원하는 부분에서 제가 어 세심하지 못하게 디테일하지 하지 못하게 반응을 할 때도 있던 것 같아요. 그래서 그걸 한 번 깨닫고 조금 조심하려고 하고 있습니다.","wordCount":110},"emotion":[],"intent":[{"text":"그냥 네 단순한 편이라서 어 어떻게 보면은 쪼끔 상대가 원하는 부분에서 제가   어 세심하지 못하게 디테일하지 하지 못하게 반응을 할 때도 있던 것 같아요.","expression":"c_person","category":"background"}],"summary":{"text":"저는 쿨한 편이라 어떤 문제가 생겼을 때 얽매이지 않고 빠르게 회복을 하는 편입니다. 단점은 단순한 편이라서 상대방이 원하는 부분에서 세심하지 못하게 반응을 할 때도 있었는데 그것을 깨닫고 조금 조심하려고 하고 있습니다.","wordCount":31}}},"rawDataInfo":{"question":{"fileFormat":"wav","fileSize":515278,"duration":16100,"samplingBit":16,"channelCount":1,"samplingRate":"16kHz","audioPath":"/Mock/04.RND/Female/New/ckmk_q_rnd_f_n_158842.wav"},"answer":{"fileFormat":"wav","fileSize":2803278,"duration":87600,"samplingBit":16,"channelCount":1,"samplingRate":"16kHz","audioPath":"/Mock/04.RND/Female/New/ckmk_a_rnd_f_n_158842.wav"}}}