{"version":"1.0","dataSet":{"info":{"date":"20230116","occupation":"RND","channel":"MOCK","place":"ONLINE","gender":"FEMALE","ageRange":"-34","experience":"NEW"},"question":{"raw":{"text":"대한민국의 금융 정책 기관으로 우리 신용보증기금이 가장 확대해야 할 업무 영역은 어떤 부분이라고 생각을 하시는지 말씀해 주시고 그 이유도 함께 설명해 주시기 바랍니다","wordCount":23},"emotion":[],"intent":[]},"answer":{"raw":{"text":"신용보증기금은 정말 중요한 대한민국의 금융정책기관이죠. 어 신용보증기금은 신용 보증을 통하여 중소기업의 금융을 원활히 하고 신용 정보의 효율적인 관리 운영을 통하여 건전한 신용 질서를 확립함으로써 균형 있는 국민경제의 발전에 선도적인 역할을 수행하고 있는 세계 최고 수준의 중소기업 종합 지원 기관인데요. 어 이러한 신용보증기금은 앞으로도 중소 기업이 성장할 수 있도록 저금리의 대출 상품을 지원해야 할 것이고요. 또 이런 중소 기업이 금전적으로 어려움을 겪고 있을 때 신용보증기금이 나서서 이런 기업들을 도와준다면 앞으로 국가 경제가 조금 더 활성화될 수 있을 것이라 생각됩니다.","wordCount":78},"emotion":[{"text":"어 신용보증기금은 신용 보증을 통하여 중소기업의 금융을 원활히 하고 신용 정보의 효율적인 관리 운영을 통하여 건전한 신용 질서를 확립함으로써 균형 있는 국민경제의 발전에 선도적인 역할을 수행하고 있는 세계 최고 수준의 중소기업 종합 지원 기관인데요.","expression":"u-fact","category":"neutral"}],"intent":[{"text":"","expression":"","category":"attitude"}],"summary":{"text":"신용보증기금은 중소기업의 금융을 원활히 하고 건전한 신용 질서를 확립함으로써 균형 있는 국민경제의 발전에 선도적인 역할을 수행하고 있는 세계 최고 수준의 중소기업 종합 지원 기관입니다.","wordCount":24}}},"rawDataInfo":{"question":{"fileFormat":"wav","fileSize":595278,"duration":18600,"samplingBit":16,"channelCount":1,"samplingRate":"16kHz","audioPath":"/Mock/04.RND/Female/New/ckmk_q_rnd_f_n_290476.wav"},"answer":{"fileFormat":"wav","fileSize":2041678,"duration":63800,"samplingBit":16,"channelCount":1,"samplingRate":"16kHz","audioPath":"/Mock/04.RND/Female/New/ckmk_a_rnd_f_n_290476.wav"}}}