{"version":"1.0","dataSet":{"info":{"date":"20230116","occupation":"RND","channel":"MOCK","place":"ONLINE","gender":"FEMALE","ageRange":"45-54","experience":"NEW"},"question":{"raw":{"text":"만약 지원자 분이 저희 회사에 최종 합격하신다면 오 년 또는 십 년 후에는 지원자분께서 어떤 엔지니어가 되어 있으실지 저희에게 말씀해 주실 수 있나요","wordCount":23},"emotion":[],"intent":[]},"answer":{"raw":{"text":"저는 제가 무언가를 만들고 만들었던 것이 실행할 때 작동할 때 동작할 때 가장 큰 희열을 느끼고 있습니다. 저는 지금 오 년 십 년 혹은 이십 년이 지나면 대부분의 회사들에서는 관리자가 되고 팀장이 되는데 그것보다는 실제 필드에서 뛸 수 있는 사람이 되고 싶습니다. 그렇기 때문에 어 실제로 아 발생한 새로운 기술도 많이 습득을 할 것이고요. 노력을 해서 어 필드에서 오래 남을 수 있는 그런 훌륭한 엔지니어가 되고 싶습니다.","wordCount":67},"emotion":[{"text":"저는 제가 무언가를 만들고 만들었던 것이 실행할 때 작동할 때 동작할 때 가장 큰 희열을 느끼고 있습니다.","expression":"p-happiness","category":"positive"}],"intent":[{"text":"","expression":"","category":"attitude"}],"summary":{"text":"저는 만들었던 것이 실행할 때 동작할 때 가장 희열을 느끼며, 오 년 십 년 혹은 이십 년 후에 대부분 회사에서 관리자가 되는데, 그것보다 실제 필드에서의 훌륭한 엔지니어가 되고 싶습니다.","wordCount":29}}},"rawDataInfo":{"question":{"fileFormat":"wav","fileSize":422158,"duration":13190,"samplingBit":16,"channelCount":1,"samplingRate":"16kHz","audioPath":"/Mock/04.RND/Female/New/ckmk_q_rnd_f_n_244034.wav"},"answer":{"fileFormat":"wav","fileSize":1145678,"duration":35800,"samplingBit":16,"channelCount":1,"samplingRate":"16kHz","audioPath":"/Mock/04.RND/Female/New/ckmk_a_rnd_f_n_244034.wav"}}}