{"version":"1.0","dataSet":{"info":{"date":"20230116","occupation":"RND","channel":"MOCK","place":"ONLINE","gender":"FEMALE","ageRange":"45-54","experience":"NEW"},"question":{"raw":{"text":"혹시 협업하는 과제와 혼자 하는 과제 중에 어떤 것을 더 선호하시나요 그것을 선호하시는 이유도 같이 말씀해 주세요","wordCount":17},"emotion":[],"intent":[]},"answer":{"raw":{"text":"협업을 하면서 새로운 아이디어도 도출되고 본인들이 갖고 있는 역량보다 훨씬 많은 것들을 발휘를 하는 경우들도 있습니다. 하지만 그와 반대로 팀 원들 간에 트러블로 인해서 프로젝트가 실패하는 경우도 많이 봐 왔습니다. 저 같은 경우에는 어 다른 분들과 보다 약간 좀 더 열정이 좀 더 큰 것 같습니다. 그래서 조금 밤을 새거나 이런 경우도 좀 많은데요. 협업을 하다 보니 그런 것들까지도 그분들에게 요구하기는 좀 버겁더라구요. 그래서 저 같은 경우에는 개인적으로 개인 과제를 수행하는 것이 훨씬 더 효율적이고 집중할 수 있어서 더 선호하는 편입니다.","wordCount":81},"emotion":[],"intent":[{"text":"","expression":"","category":"attitude"}],"summary":{"text":"협업을 하면서 새로운 아이디어도 도출되고 본인들이 갖고 있는 역량보다 훨씬 많은 것들을 발휘하는 경우들도 있지만, 반대로 팀 원들 간에 트러블로 인해서 프로젝트가 실패하는 경우도 많이 봐 왔습니다.","wordCount":27}}},"rawDataInfo":{"question":{"fileFormat":"wav","fileSize":321998,"duration":10060,"samplingBit":16,"channelCount":1,"samplingRate":"16kHz","audioPath":"/Mock/04.RND/Female/New/ckmk_q_rnd_f_n_244036.wav"},"answer":{"fileFormat":"wav","fileSize":1339598,"duration":41860,"samplingBit":16,"channelCount":1,"samplingRate":"16kHz","audioPath":"/Mock/04.RND/Female/New/ckmk_a_rnd_f_n_244036.wav"}}}