{"version":"1.0","dataSet":{"info":{"date":"20230116","occupation":"RND","channel":"MOCK","place":"ONLINE","gender":"FEMALE","ageRange":"-34","experience":"NEW"},"question":{"raw":{"text":"본인은 이 분야에 지원하기 위해 관련되어 어떤 노력을 했나요 생각나는 대로 말씀해 주시기 바랍니다","wordCount":14},"emotion":[],"intent":[]},"answer":{"raw":{"text":"저는 이 분야는 굉장히 특별한 분야라고 생각됩니다. 어 치킨을 연구한다. 이거는 굉장히 특별하다고 볼 수 있는데요. 치킨은 저희가 일상 속에서 굉장히 쉽게 접할 수 있고 많은 사람들이 사랑하는 그런 음식입니다. 그래서 저는 이 치킨을 연구하기 위해서 매일매일 치킨을 한 마리씩 먹었고요. 각 브랜드별로 비교하기 위해서 매일매일 다른 브랜드를 주문해서 먹었습니다. 어 다른 브랜드를 먹다 보니 각 브랜드의 특징을 알 수 있었고요. 저는 냄새 맡고 이 치킨의 모양만 봐도 해당 브랜드를 구별할 수 있을 정도까지 치킨을 많이 접했습니다. 그래서 저는 이 분야에서 저의 이러한 노력들이 꾸준히 빛날 것이라 생각이 되고요. 앞으로도 치킨을 계속해서 연구하기 위해 많은 치킨을 접하고 사랑할 것입니다.","wordCount":99},"emotion":[],"intent":[{"text":"","expression":"","category":"attitude"}],"summary":{"text":"일상에서 쉽게 접할 수 있고 많은 사람들이 사랑하는 음식인 치킨을 연구하기 위해 매일 다른 브랜드를 주문해서 먹었습니다. 각 브랜드의 특징을 알 수 있었고 맛으로도 브랜드를 구별할 수 있을 정도였습니다. 앞으로도 많은 치킨을 접하고 사랑할 것입니다.","wordCount":35}}},"rawDataInfo":{"question":{"fileFormat":"wav","fileSize":313678,"duration":9800,"samplingBit":16,"channelCount":1,"samplingRate":"16kHz","audioPath":"/Mock/04.RND/Female/New/ckmk_q_rnd_f_n_266953.wav"},"answer":{"fileFormat":"wav","fileSize":2018958,"duration":63090,"samplingBit":16,"channelCount":1,"samplingRate":"16kHz","audioPath":"/Mock/04.RND/Female/New/ckmk_a_rnd_f_n_266953.wav"}}}