{"version":"1.0","dataSet":{"info":{"date":"20230116","occupation":"RND","channel":"MOCK","place":"ONLINE","gender":"FEMALE","ageRange":"-34","experience":"NEW"},"question":{"raw":{"text":"지원자분께서 요즘에 공부하고 있는 것이 있으시다면 그것이 무엇인지에 대해서 궁금합니다 그 있으시다면 왜 그걸 공부하시는지 지금껏 무엇을 배우셨는지에 대해서도 말씀해 주시면 되겠습니다","wordCount":22},"emotion":[],"intent":[]},"answer":{"raw":{"text":"저는 최근 심리학에 대한 공부를 시작했습니다. 어 최근 혼자 있는 시간이 많아지면서 저의 감정들에 대해 조금 솔직해지는 시간을 많이 보내고 있는데요. 이런 스스로의 감정에 대해 많이 고민을 하고 연구를 하다 보니까 심리학이라는 학문에 대해 관심이 생기더라고요. 그래서 심리학에 대해 자연스럽게 관심을 가지게 되었고 이런 심리학에는 어떤 것이 있나 부터 시작을 해서 어떻게 활용될 수 있는지에 대한 방안을 공부하면서 매일매일 흥미롭고 행복한 시간을 보내고 있습니다. 제가 이렇게 심리학 공부를 통해서 스스로를 더 발전시킬 수 있고요. 또 제가 배운 것을 남들에게 나눔을 통해서 조금 더 감정을 교류할 수 있는 그런 세상을 만들어 나갈 수 있다고 생각합니다.","wordCount":94},"emotion":[{"text":"저는 최근 심리학에 대한 공부를 시작했습니다.","expression":"p-interest","category":"positive"},{"text":"이런 스스로의 감정에 대해 많이 고민을 하고 연구를 하다 보니까 심리학이라는 학문에 대해 관심이 생기더라고요.","expression":"p-interest","category":"positive"}],"intent":[{"text":"저는 최근 심리학에 대한 공부를 시작했습니다.","expression":"r_prof","category":"attitude"},{"text":"그래서 심리학에 대해 자연스럽게 관심을 가지게 되었고 이런 심리학에는 어떤 것이 있나 부터 시작을 해서 어떻게 활용될 수 있는지에 대한 방안을 공부하면서 매일매일 흥미롭고 행복한 시간을 보내고 있습니다.","expression":"r_prof","category":"attitude"}],"summary":{"text":"최근 심리학에 대한 공부를 시작했는데, 이를 통해 스스로를 더 발전시킬 수 있고, 배운 것을 남들에게 나눔을 통해서 조금 더 감정을 교류할 수 있는 세상을 만들어 나갈 수 있다고 생각합니다.","wordCount":29}}},"rawDataInfo":{"question":{"fileFormat":"wav","fileSize":629838,"duration":19680,"samplingBit":16,"channelCount":1,"samplingRate":"16kHz","audioPath":"/Mock/04.RND/Female/New/ckmk_q_rnd_f_n_290163.wav"},"answer":{"fileFormat":"wav","fileSize":2158798,"duration":67460,"samplingBit":16,"channelCount":1,"samplingRate":"16kHz","audioPath":"/Mock/04.RND/Female/New/ckmk_a_rnd_f_n_290163.wav"}}}