{"version":"1.0","dataSet":{"info":{"date":"20230116","occupation":"RND","channel":"MOCK","place":"ONLINE","gender":"FEMALE","ageRange":"35-44","experience":"NEW"},"question":{"raw":{"text":"본인이 지금 지원한 직무가 있는데요 이 직무가 아닌 다른 부서에 배치되게 된다면 어떻게 하시겠나요 그래도 괜찮으신가요","wordCount":16},"emotion":[],"intent":[]},"answer":{"raw":{"text":"귀하의 회사에 합격해서 이 직무가 아닌 다른 부서에 배치가 된다면 그렇게 되면 전 도전적인 마음으로 기쁘게 받아들이겠습니다. 만일 다른 부서에 배치된다면 그곳의 업무를 성실히 숙지할 것입니다. 그리고 훗날 인사 기회가 있다면 제가 지원한 부서를 다시 지원할 것입니다. 그리고 제가 지원한 부서에 들어가게 된다면 타 부서 업무의 내부 벤치 마킹을 통해 보다 창의적이고 혁신적인 업무 수행을 할 수 있을 것입니다. 그렇게 되면 제 커리어와 경쟁력을 키울 수 있을 거라고 생각합니다.","wordCount":69},"emotion":[],"intent":[{"text":"","expression":"","category":"attitude"}],"summary":{"text":"귀하의 회사에 합격해서 이 직무가 아닌 다른 부서에 배치된다면 전 도전적인 마음으로 기쁘게 받아들이겠습니다. 그러면 제 커리어와 경쟁력을 키울 수 있을 거라고 생각합니다.","wordCount":23}}},"rawDataInfo":{"question":{"fileFormat":"wav","fileSize":504078,"duration":15750,"samplingBit":16,"channelCount":1,"samplingRate":"16kHz","audioPath":"/Mock/04.RND/Female/New/ckmk_q_rnd_f_n_214417.wav"},"answer":{"fileFormat":"wav","fileSize":1390158,"duration":43440,"samplingBit":16,"channelCount":1,"samplingRate":"16kHz","audioPath":"/Mock/04.RND/Female/New/ckmk_a_rnd_f_n_214417.wav"}}}