{"version":"1.0","dataSet":{"info":{"date":"20230116","occupation":"RND","channel":"MOCK","place":"ONLINE","gender":"FEMALE","ageRange":"-34","experience":"NEW"},"question":{"raw":{"text":"우리 회사에 들어오게 되면 기존에 가지고 있는 업무 스타일과 좀 달라질 수가 있습니다 이렇게 업무 스타일이나 환경이 변한다고 했을 때 본인이 적응을 할 수 있는지 한번 말을 해 보시죠","wordCount":29},"emotion":[],"intent":[]},"answer":{"raw":{"text":"어 뭐 스타일이 다르다고 해서 제 스타일을 다 같이 일하는 곳인데 제 스타일을 고집할 수 있다는 거는 좀 오만이라고 생각을 하구요. 음 뭐 적응은 잘 할 수 있나 라기보다는 잘 해야만 한다고 생각을 합니다. 그래서 뭐 어떤 굉장히 무리한 뭐 정도가 되게 심한 그런 정도가 아니라면은 뭐 무리가 없이 적응해 나갈 수 있을 것 같애요. 근데 사실 저는 기본적으로는 혼자서 좀 일을 처리하는 거에 좀 습관이 잘 돼 있어서 어느 회사를 가도 그런 거에 있어서 좀 한계를 많이 만나긴 했었어요. 그래서 뭐 어떤 곳에 업무 스타일이 저랑 되게 맞았고 이 곳은 대개 저랑 안 맞을 거 뭐 이런 건 없어서 걱정하지 않으셔도 될 것 같습니다.","wordCount":105},"emotion":[],"intent":[{"text":"","expression":"","category":"attitude"}],"summary":{"text":"업무 스타일이 다르다고 해서 제 스타일을 다 같이 일하는 곳인데 제 스타일을 고집할 수 있는 것은 오만이라고 생각하며 적응을 잘 해야만 한다 생각합니다.","wordCount":23}}},"rawDataInfo":{"question":{"fileFormat":"wav","fileSize":548558,"duration":17140,"samplingBit":16,"channelCount":1,"samplingRate":"16kHz","audioPath":"/Mock/04.RND/Female/New/ckmk_q_rnd_f_n_126288.wav"},"answer":{"fileFormat":"wav","fileSize":1993678,"duration":62300,"samplingBit":16,"channelCount":1,"samplingRate":"16kHz","audioPath":"/Mock/04.RND/Female/New/ckmk_a_rnd_f_n_126288.wav"}}}