{"version":"1.0","dataSet":{"info":{"date":"20230116","occupation":"RND","channel":"MOCK","place":"ONLINE","gender":"FEMALE","ageRange":"45-54","experience":"NEW"},"question":{"raw":{"text":"지원자님께서 만약 본 면접에서 최종 탈락하시게 된다면 어떤 점이 부족해서 탈락을 했을 것 같다고 생각하는지 말씀해 주시기 바라겠습니다","wordCount":18},"emotion":[],"intent":[]},"answer":{"raw":{"text":"만약에 제가 이 면접에서 최종 탈락하게 된다면 사실은 어 나이 문제가 가장 크지 않을까 하는 생각이 듭니다. 제가 아이를 키우면서 경력 잔절이 되었었구요. 어 그전에 다니던 회사에서 강사로도 근무하고 사무 업무도 진행했었지만 약 이십 여 년간 아이를 키우면서 어 사회생활과는 좀 동떨어진 그런 생활을 하고 있었습 있었습니다. 그러다 보니 어 어떤 사회에 대한 변화나 이런 것이 좀 부족했구요. 어 또한 제 나이 또한 지금 어 사회생활을 하기에는 어떻게 보면 지금 지원한 업무를 하기에는 쪼금 많은 편이라 생각이 됩니다. 그래서 어 최종 탈락이 된다면 아마 저의 그 나이가 가장 큰 영향이지 않을까 싶습니다. 하지만 어 저를 어 선택해 주신다면 나이가 많긴 하지만 저는 그 업무에 있어서 어떤 이십 대 삼십 대들보다도 더 열정적으로 배우고 노력할 수 있는 열정을 가지고 있습니다. 이 부분을 잘 어 파악해 주시고 저를 뽑아주시면 좋겠습니다.","wordCount":128},"emotion":[],"intent":[{"text":"","expression":"","category":"attitude"}],"summary":{"text":"만약 제가 이 면접에서 최종 탈락하게 된다면 아마 나이 문제가 가장 큰 영향이지 않을까 하는 생각이 듭니다. 하지만 저는 나이가 많긴 하지만 그 업무에 있어서 어떤 20 대 30 대들보다도 더 열정적으로 배우고 노력할 수 있는 열정을 가지고 있습니다. 이 부분을 잘 파악해 해주시고 저를 뽑아하시면 좋겠습니다.","wordCount":47}}},"rawDataInfo":{"question":{"fileFormat":"wav","fileSize":434318,"duration":13570,"samplingBit":16,"channelCount":1,"samplingRate":"16kHz","audioPath":"/Mock/04.RND/Female/New/ckmk_q_rnd_f_n_142234.wav"},"answer":{"fileFormat":"wav","fileSize":2752718,"duration":86020,"samplingBit":16,"channelCount":1,"samplingRate":"16kHz","audioPath":"/Mock/04.RND/Female/New/ckmk_a_rnd_f_n_142234.wav"}}}