{"version":"1.0","dataSet":{"info":{"date":"20230116","occupation":"RND","channel":"MOCK","place":"ONLINE","gender":"FEMALE","ageRange":"-34","experience":"NEW"},"question":{"raw":{"text":"이전 직장을 그만두게 된 특별한 계기가 있을까요 그리고 혹시 현 직장도 같은 이유로 그만두게 될 가능성이 있을까요","wordCount":17},"emotion":[],"intent":[]},"answer":{"raw":{"text":"이것을 특별하다고 할 수 있을지 모르겠으나 직장과 집 사이의 거리적인 문제로 그만두게 되었습니다. 직장에서의 원활한 업무 처리를 위해서는 업무 수행 능력과 팀원과의 커뮤니케이션 능력도 중요하지만 개인적으로 체력 관리도 중요하다고 깨닫게 되었습니다. 다소 회사와 먼 거리에 살고 있던 저는 매일 반복되는 출퇴근 난이도가 상당 했습니다. 결국 건강하고 튼튼하게 체력을 유지하기에는 적절하지 않다고 판단하게 되었고 거리면으로 여러 가지 조건을 따져본 결과 이사를 최우선 순위로 선택하게 되었습니다. 이와 같은 경험은 이미 한 번 겪어보게 되었으니 이제는 같은 이유로 그만둘 가능성은 없을 것이라고 말씀드리고 싶습니다.","wordCount":81},"emotion":[],"intent":[{"text":"","expression":"","category":"attitude"}],"summary":{"text":"직장에서의 원활한 업무 처리를 위해서는 업무 수행 능력과 팀원과의 커뮤니케이션 능력도 중요하지만 개인적으로 체력 관리도 중요하다고 깨닫게 되었습니다. 이와 같은 경험은 이미 한 번 겪어보게 되었으니 이제는 같은 이유로 그만둘 가능성은 없을 것이라고 말씀드리겠습니다.","wordCount":34}}},"rawDataInfo":{"question":{"fileFormat":"wav","fileSize":337038,"duration":10530,"samplingBit":16,"channelCount":1,"samplingRate":"16kHz","audioPath":"/Mock/04.RND/Female/New/ckmk_q_rnd_f_n_260887.wav"},"answer":{"fileFormat":"wav","fileSize":1677838,"duration":52430,"samplingBit":16,"channelCount":1,"samplingRate":"16kHz","audioPath":"/Mock/04.RND/Female/New/ckmk_a_rnd_f_n_260887.wav"}}}