{"version":"1.0","dataSet":{"info":{"date":"20230116","occupation":"RND","channel":"MOCK","place":"ONLINE","gender":"FEMALE","ageRange":"45-54","experience":"NEW"},"question":{"raw":{"text":"시간이 촉박한 상황이 생기면 어떻게 시간 관리를 하시나요 지원자님에 시간 관리법이 궁금합니다","wordCount":12},"emotion":[],"intent":[]},"answer":{"raw":{"text":"시간이 촉박한 상황에서 시간 관리는 매우 중요하다고 생각합니다. 그래서 주어진 시간에 시간 관리를 잘 하려면 정확한 계획과 일정대로 움직이는 게 좋을 것 같습니다. 이럴 때마다 항상 체크하고 시간이 날 때도 확인하여 또 바뀔 수 있는 상황에 따라 대처하고 유연하게 집중할 수 있는 게 좋을 것 같습니다. 그래서 시간 관리는 매우 중요하고 잘 정동된 일을 진행하는 게 좋을 듯합니다.","wordCount":58},"emotion":[],"intent":[{"text":"","expression":"","category":"attitude"}],"summary":{"text":"주어진 시간에 시간 관리를 잘 하기 위해서는 정확한 계획과 일정대로 움직이는 게 중요합니다. 그래서 시간 관리는 매우 중요하고 잘 정동된 일을 진행하는 게 좋습니다.","wordCount":24}}},"rawDataInfo":{"question":{"fileFormat":"wav","fileSize":332878,"duration":10400,"samplingBit":16,"channelCount":1,"samplingRate":"16kHz","audioPath":"/Mock/04.RND/Female/New/ckmk_q_rnd_f_n_115558.wav"},"answer":{"fileFormat":"wav","fileSize":2193678,"duration":68550,"samplingBit":16,"channelCount":1,"samplingRate":"16kHz","audioPath":"/Mock/04.RND/Female/New/ckmk_a_rnd_f_n_115558.wav"}}}