{"version":"1.0","dataSet":{"info":{"date":"20230116","occupation":"RND","channel":"MOCK","place":"ONLINE","gender":"FEMALE","ageRange":"-34","experience":"NEW"},"question":{"raw":{"text":"이제까지 협업을 하면서 제일 어려웠던 점과 그 어려웠던 점을 어떤 방법으로 해결했는지 함께 말씀해 주세요","wordCount":15},"emotion":[],"intent":[]},"answer":{"raw":{"text":"협업을 하면서 가장 어려웠던 것은 동료와의 의견 조율인 것 같습니다. 상대방의 의견이 더 좋지는 않은지 미처 제가 생각하지 못한 부분은 없는지 재 점검이 필요하다고 생각을 합니다. 그리고 이렇게 다시 생각해 보았음에도 제 의견에도 타당성이 있다면 상대방에게 어떤 부분이 잘 전달되지 않았는지를 파악하고 상대의 화법에 맞춰 이야기 하겠습니다. 평소에도 학과 과제나 동아리 활동에서 서로 의견을 나눌 때 이러한 방식으로 대해 왔습니다. 그렇게 서로 의견을 주고받다 보면 상대방도 저에게 충분히 이야기하였고 저도 제 의견을 충분히 전달했기 때문에 보통은 서로의 타협점을 찾거나 더 좋은 의견으로 합해지는 경우가 많았습니다. 간혹 의견 조율이 잘 안 될 때에는 토론이 너무 과열되지 않도록 잠깐의 시간을 가지고 다시 생각한 후 이야기하는 방법을 사용했습니다. 그럴 때면 잠시 화장실이 급하다거나 커피 한 잔 사겠다는 등 적당한 이유를 들었습니다. 상대방의 기분이 나쁘지 않게 눈치채지 않도록 했기 때문에 큰 충돌 없이 사람들과 의견을 나눌 수 있었습니다. 저는 어려움을 이렇게 극복했다고 생각합니다.","wordCount":139},"emotion":[],"intent":[{"text":"그리고 이렇게 다시 생각해 보았음에도 제 의견에도 타당성이 있다면 상대방에게 어떤 부분이 잘 전달되지 않았는지를 파악하고 상대의 화법에 맞춰 이야기 하겠습니다.","expression":"c_cop","category":"personality"},{"text":"그렇게 서로 의견을 주고받다 보면 상대방도 저에게 충분히 이야기하였고 저도 제 의견을 충분히 전달했기 때문에 보통은 서로의 타협점을 찾거나 더 좋은 의견으로 합해지는 경우가 많았습니다.","expression":"c_cop","category":"personality"},{"text":"간혹 의견 조율이 잘 안 될 때에는 토론이 너무 과열되지 않도록 잠깐의 시간을 가지고 다시 생각한 후 이야기하는 방법을 사용했습니다.","expression":"c_cop","category":"personality"},{"text":"상대방의 기분이 나쁘지 않게 눈치채지 않도록 했기 때문에 큰 충돌 없이 사람들과 의견을 나눌 수 있었습니다.","expression":"c_cop","category":"personality"}],"summary":{"text":"협업을 하면서 동료와의 의견 조율이 가장 어려웠는데, 상대방의 의견이 더 좋지는 않은지 미처 제가 생각하지 못한 부분은 없는지 재 점검이 필요합니다. 평소 학과 과제나 동아리 활동에서 서로 의견을 나눌 때 이런 방식으로 대하면 서로의 타협점을 찾거나 더 좋은 의견으로 합해지는 경우가 많았는데, 이렇게 어려움을 극복했다고 생각합니다.","wordCount":46}}},"rawDataInfo":{"question":{"fileFormat":"wav","fileSize":290638,"duration":9080,"samplingBit":16,"channelCount":1,"samplingRate":"16kHz","audioPath":"/Mock/04.RND/Female/New/ckmk_q_rnd_f_n_279621.wav"},"answer":{"fileFormat":"wav","fileSize":3817998,"duration":119310,"samplingBit":16,"channelCount":1,"samplingRate":"16kHz","audioPath":"/Mock/04.RND/Female/New/ckmk_a_rnd_f_n_279621.wav"}}}