{"version":"1.0","dataSet":{"info":{"date":"20230116","occupation":"RND","channel":"MOCK","place":"ONLINE","gender":"FEMALE","ageRange":"-34","experience":"NEW"},"question":{"raw":{"text":"글로벌 인재에게 필수 요소는 무엇이라고 생각하시나요 또 지원자님이 그걸 갖추기 위해서 어떤 노력을 하셨는지 말씀해 주세요","wordCount":16},"emotion":[],"intent":[]},"answer":{"raw":{"text":"글로벌 인재에게 가장 필수적인 요소는 아무래도 외국어인 것 같습니다. 제 이 외국어와 영어 그런 것들이 가장 필요한데요. 저는 우선적으로 영어가 굉장히 중요하다고 생각이 들어 스터디 그룹을 개설해 영어를 학습을 하였고요. 영어 회화 활동을 진행했던 경험이 있습니다. 또한 영어에만 그치지 않고 제 이 외국어를 공부하여 일본어 프랑스어 등을 공부하였으며 제조업의 상징이라고 불리는 프랑스와 소통할 수 있게 불어를 공부를 했던 경험이 있습니다. 어 저는 이런 글로벌 인재에게는 어휘가 일 순위이고 이 순위는 바로 글로벌 마인드를 가지는 것입니다. 우리 한국인들은 아무래도 조금 소극적이고 좀 내향적인 경향이 있는데 글로벌 마인드에 맞춰서 조금 적극적이고 긍정적 적극적인 그런 모습들이 필요하다는 생각이 들었습니다. 그래서 저도 어떤 일을 할 때 항상 주춤하지 않고 도전하는 정신을 보여줬던 것 같습니다.","wordCount":110},"emotion":[{"text":"저는 우선적으로 영어가 굉장히 중요하다고 생각이 들어 스터디 그룹을 개설해 영어를 학습을 하였고요.","expression":"u-fact","category":"neutral"},{"text":"영어 회화 활동을 진행했던 경험이 있습니다.","expression":"u-fact","category":"neutral"}],"intent":[{"text":"","expression":"","category":"attitude"}],"summary":{"text":"글로벌 인재에게 가장 필수적인 요소는 외국어인 것 같습니다. 우선 영어 회화 활동을 진행했던 경험이 있고, 제 이 외국어를 공부하여 일본어 프랑스어 등을 공부하였으며 불어를 공부했던 경험이 있습니다. 글로벌 인재에게는 어휘가 일 순위이고 글로벌 마인드를 가지는 것입니다.","wordCount":36}}},"rawDataInfo":{"question":{"fileFormat":"wav","fileSize":614798,"duration":19210,"samplingBit":16,"channelCount":1,"samplingRate":"16kHz","audioPath":"/Mock/04.RND/Female/New/ckmk_q_rnd_f_n_269110.wav"},"answer":{"fileFormat":"wav","fileSize":2171598,"duration":67860,"samplingBit":16,"channelCount":1,"samplingRate":"16kHz","audioPath":"/Mock/04.RND/Female/New/ckmk_a_rnd_f_n_269110.wav"}}}