{"version":"1.0","dataSet":{"info":{"date":"20230116","occupation":"RND","channel":"MOCK","place":"ONLINE","gender":"FEMALE","ageRange":"-34","experience":"NEW"},"question":{"raw":{"text":"지원자님께서 그동안 인생에서 겪었던 갈등들 중에서 가장 심각했던 갈등은 무엇이었나요 한 가지만 골라서 말씀 들어 보고 싶습니다","wordCount":17},"emotion":[],"intent":[]},"answer":{"raw":{"text":"저는 음 제가 스스로 제 진로를 정하는 데 있어서 아 혼자 스스로 한 갈등이었는데요. 제가 원래는 오랜 저의 꿈이 있었어요. 그게 수의사였는데 제가 동물을 되게 좋아해서 어렸을 때부터 그리고 제가 강아지랑 고양이를 다 같이 키웠는데 이제 그 그 애들이 이 나이가 들고 뭔가 아프고 그리고 보내는 과정을 고스란히 겪으면서 어 저는 정말 그래서 동물들이 안 아팠으면 하는 마음으로 오랫동안 그 꿈을 가지고 준비를 했었어요. 근데 이게 제가 대학에 들어가서 환경 그 환경 문제 그 환경 산업에 대해서 제가 좀 눈을 새로 뜨게 돼서 뒤늦게 제가 진로를 바꾸게 된 케이스인데 그때 이제 이거를 해도 되는지 바꾸는 게 맞는지에 대한 내적 갈등이 좀 많이 컸었습니다.","wordCount":103},"emotion":[],"intent":[{"text":"","expression":"","category":"attitude"}],"summary":{"text":"수의사였던 저는 동물을 좋아했지만 나이가 들면서 동물들이 안 아프길 바라는 마음으로 준비를 했는데, 대학 입학 후 환경 문제에 눈을 떠서 진로를 바꾸게 되었고 그때 진로 변경에 대한 내적 갈등이 많이 컸습니다.","wordCount":31}}},"rawDataInfo":{"question":{"fileFormat":"wav","fileSize":414158,"duration":12940,"samplingBit":16,"channelCount":1,"samplingRate":"16kHz","audioPath":"/Mock/04.RND/Female/New/ckmk_q_rnd_f_n_158833.wav"},"answer":{"fileFormat":"wav","fileSize":2885838,"duration":90180,"samplingBit":16,"channelCount":1,"samplingRate":"16kHz","audioPath":"/Mock/04.RND/Female/New/ckmk_a_rnd_f_n_158833.wav"}}}