{"version":"1.0","dataSet":{"info":{"date":"20230116","occupation":"RND","channel":"MOCK","place":"ONLINE","gender":"FEMALE","ageRange":"-34","experience":"NEW"},"question":{"raw":{"text":"엔트로피와 엔탈피의 차이는 무엇인가요","wordCount":4},"emotion":[],"intent":[]},"answer":{"raw":{"text":"뜨거운 물체와 차가운 물체를 접촉시키면 열은 뜨거운 물체에서 차가운 물체로 이동을 합니다. 그러나 반대로 차가운 물체에서 뜨거운 물체로 열이 이동하지 않습니다. 이와 같은 열의 비가역적인 변화를 설명하기 위해서 도입된 물리량이 엔트로피라고 합니다. 에너지는 자유롭게 형태를 변화시킬 수 있지만 그때마다 반드시 본래 그 에너지가 갖고 있던 능력의 일부가 사라집니다. 에너지 중에서 일로 바뀔 수 있는 에너지 즉 엔탈피만 있는 것이 아니라 일로 변화시킬 수 없는 양이 있는데 이를 엔트로피라고 합니다. 일반적으로 에너지를 변화시킬 때 엔트로피가 발생되는데요. 그 결과 엔트로피의 총량은 증가하게 되고 일할 수 있는 능력을 갖는 유용한 에너지는 점점 줄어듭니다. 화학 반응에 엔트로피 개념을 적용해 보면 반응 물질이나 생성 물질은 각각 엔트로피를 가지므로 화학 반응이 일어날 때 엔트로피의 변화가 생깁니다. 일반적으로 고체나 액체보다는 기체 엔트로피가 더 크고 순물질보다는 혼합물의 엔트로피가 더 큽니다. 이것은 엔트로피가 계의 무질서함을 의미하기도 하기 때문입니다.","wordCount":129},"emotion":[{"text":"뜨거운 물체와 차가운 물체를 접촉시키면 열은 뜨거운 물체에서 차가운 물체로 이동을 합니다.","expression":"u-fact","category":"neutral"},{"text":"에너지 중에서 일로 바뀔 수 있는 에너지 즉 엔탈피만 있는 것이 아니라 일로 변화시킬 수 없는 양이 있는데 이를 엔트로피라고 합니다.","expression":"u-fact","category":"neutral"},{"text":"일반적으로 고체나 액체보다는 기체 엔트로피가 더 크고 순물질보다는 혼합물의 엔트로피가 더 큽니다.","expression":"u-fact","category":"neutral"}],"intent":[{"text":"","expression":"","category":"attitude"}],"summary":{"text":"엔트로피는 에너지의 비가역적 변화를 설명하기 위한 물리량입니다. 에너지는 변화할 수 있지만 원래 에너지의 능력의 일부가 사라집니다. 일로 바뀔 수 있는 엔탈피만 있는 것이 아니라 일로 변화시킬 수 없는 양도 있는데 이를 엔트로피라고 합니다. 화학 반응의 경우, 반응 물질과 생성 물질은 각각 엔탈피를 가지고 있습니다.","wordCount":44}}},"rawDataInfo":{"question":{"fileFormat":"wav","fileSize":214478,"duration":6700,"samplingBit":16,"channelCount":1,"samplingRate":"16kHz","audioPath":"/Mock/04.RND/Female/New/ckmk_q_rnd_f_n_282819.wav"},"answer":{"fileFormat":"wav","fileSize":2809038,"duration":87780,"samplingBit":16,"channelCount":1,"samplingRate":"16kHz","audioPath":"/Mock/04.RND/Female/New/ckmk_a_rnd_f_n_282819.wav"}}}