{"version":"1.0","dataSet":{"info":{"date":"20230116","occupation":"RND","channel":"MOCK","place":"ONLINE","gender":"FEMALE","ageRange":"-34","experience":"NEW"},"question":{"raw":{"text":"지원자분께서는 시간이 남을 때 무슨 일을 하시는지 그와 같은 일을 하시는 이유는 무엇인지에 관해서도 저희에게 조금 더 구체적으로 자세하게 설명해 주실 수 있으실까요","wordCount":23},"emotion":[],"intent":[]},"answer":{"raw":{"text":"저는 스트레스 관리를 잘하는 게 자기 관리에 가장 중요한 부분 중의 하나라고 생각을 합니다. 그래서 저는 시간이 남을 때는 이렇게 스트레스 관리를 잘 하기 위해서 운동을 하는데요. 왜냐하면 운동을 하면은 일시적으로 엔돌핀이 나오기도 하고 저 같은 경우에는 이제 일에서 받았던 오늘 하루의 스트레스를 운동을 하면서 땀을 빼고 또 스트레스를 풀 수가 있기 때문에 한 삼 년 전부터 마라톤 혹은 필라테스 어 이런 운동들을 통해서 스트레스 관리를 하고 있습니다. 물론 근무를 하다가 굉장히 힘이 들고 그래서 그 스트레스를 집으로 갖고 올 수도 있지만 저는 그 스트레스들을 집으로 갖고 온다라기보다는 음 밖에서 해소를 하고 와서 어 오늘 하루 내가 힘들었어도 에너지를 다시 비축을 하고 자기 회복 탄력성을 갖추는 것도 프로로서의 굉장히 중요한 자기 관리 역량이라고 생각을 합니다. 그래서 저는 입사 후에도 꾸준히 운동을 할 예정입니다.","wordCount":123},"emotion":[],"intent":[{"text":"","expression":"","category":"attitude"}],"summary":{"text":"스트레스 관리를 잘하는 게 자기 관리에 가장 중요한 부분 중에 하나라고 생각하며, 시간이 남을 때는 이렇게 스트레스 관리를 잘 하기 위해서 운동을 합니다. 운동을 하면서 엔돌핀이 나오기도 하고 스트레스를 풀 수가 있기 때문입니다. 밖에서 해소를 하고 와서 에너지를 다시 비축을 하고 자기 회복 탄력성을 갖추는 것도 중요한 자기 관리 역량입니다.","wordCount":50}}},"rawDataInfo":{"question":{"fileFormat":"wav","fileSize":537038,"duration":16780,"samplingBit":16,"channelCount":1,"samplingRate":"16kHz","audioPath":"/Mock/04.RND/Female/New/ckmk_q_rnd_f_n_171015.wav"},"answer":{"fileFormat":"wav","fileSize":2647118,"duration":82720,"samplingBit":16,"channelCount":1,"samplingRate":"16kHz","audioPath":"/Mock/04.RND/Female/New/ckmk_a_rnd_f_n_171015.wav"}}}