{"version":"1.0","dataSet":{"info":{"date":"20230116","occupation":"RND","channel":"MOCK","place":"ONLINE","gender":"FEMALE","ageRange":"-34","experience":"NEW"},"question":{"raw":{"text":"지원자께서는 지금까지 여러 대외 활동을 해 보셨을 텐데요 대외 활동에서 무엇을 배웠고 어떤 자세로 임하였는지 설명 부탁드리겠습니다","wordCount":17},"emotion":[],"intent":[]},"answer":{"raw":{"text":"네 저는 기본적으로 성격이 좀 활달한 편이기 때문에 대외 활동을 하는 걸 좋아하는 편입니다. 어 개인적으로는 이제 회사 내에서 하는 활동뿐만이 아니라 취미 활동 관련된 동호회도 하고 있는데요. 어 저는 전에 회사에서 그 사내 동아리 활동을 해 왔습니다. 그래서 회사 내에 있는 다양한 임직원 뿐만이 아니라 여러 사람들과 어울려서 그 동아리를 만들었는데요. 취미 생아리도 해보고 운동 동아리도 운영을 해 봤습니다. 어 사실 저기는 그 거기서 저의 역할은 총무였는데요. 어 이런 대회 활동을 하면서 직원들끼리 서로 친해질 수 있는 계기가 되어서 정말 좋았던 것 같습니다. 그리고 친분이 쌓이다 보니까 업무를 할 때도 좋았는데요. 부서가 다른 직원들이 함께 어울리면서 부서 간의 협의도 되고 또 협동심도 키울 수 있어서 좋았던 것 같습니다. 그리고 제 개인적으로는 취미 활동을 하고 있는데요. 어 취미 활동을 통해서 익명의 사람들과 만나서 또 같이 대화하고 느끼면서 공감을 얻는 부분도 있고요. 그리고 다양한 업종에 종사하는 사람들을 만나 봄으로써 간접 경험을 하게 된다는 점도 좋은 것 같습니다. 이런 대외 활동이 저에게 굉장히 소중한 경험인 것 같습니다.","wordCount":155},"emotion":[{"text":"어 개인적으로는 이제 회사 내에서 하는 활동뿐만이 아니라 취미 활동   관련된 동호회도 하고 있는데요.","expression":"u-fact","category":"neutral"}],"intent":[{"text":"네 저는 기본적으로 성격이 좀 활달한 편이기 때문에 대외 활동을 하는 걸 좋아하는 편입니다.","expression":"c_person","category":"background"},{"text":"어 저는 전에 회사에서 그 사내 동아리   활동을 해 왔습니다.","expression":"c_private","category":"background"},{"text":"그래서 회사 내에 있는 다양한 임직원 뿐만이 아니라 여러 사람들과   어울려서 그 동아리를 만들었는데요.","expression":"c_private","category":"background"},{"text":"부서가 다른 직원들이 함께 어울리면서 부서 간의 협의도 되고 또 협동심도   키울 수 있어서 좋았던 것 같습니다.","expression":"c_cop","category":"personality"}],"summary":{"text":"개인적으로는 활달한 성격이라 대외 활동도 좋아하는데, 회사 내에서 하는 활동과 취미 활동 동호회도 운영 중입니다. 총무로 활동하면서 직원들과 친해질 수 있고, 부서 간 협의도 되고 협동심도 키울 수 있었습니다. 취미 활동을 통해 익명의 사람들과 대화하고, 다양한 업종의 사람들을 만나 보는 간접 경험을 하게 되어 소중한 경험이었습니다.","wordCount":46}}},"rawDataInfo":{"question":{"fileFormat":"wav","fileSize":373838,"duration":11680,"samplingBit":16,"channelCount":1,"samplingRate":"16kHz","audioPath":"/Mock/04.RND/Female/New/ckmk_q_rnd_f_n_114196.wav"},"answer":{"fileFormat":"wav","fileSize":2752718,"duration":86020,"samplingBit":16,"channelCount":1,"samplingRate":"16kHz","audioPath":"/Mock/04.RND/Female/New/ckmk_a_rnd_f_n_114196.wav"}}}