{"version":"1.0","dataSet":{"info":{"date":"20230116","occupation":"RND","channel":"MOCK","place":"ONLINE","gender":"FEMALE","ageRange":"-34","experience":"NEW"},"question":{"raw":{"text":"평소에 개인 작업을 많이 하시는 편이십니까 그렇다면 그렇게 많은 작업을 할 수 있는 원동력은 무엇이라고 생각하십니까","wordCount":16},"emotion":[],"intent":[]},"answer":{"raw":{"text":"팀 작업도 많이 하지만 확실히 개인 작업을 많이 하는 편입니다. 제게도 저만의 업무를 수행하는 루틴과 방식이 있기 때문에 아무래도 고민이나 눈치를 볼 것 없이 이를 적용해서 일을 진행하는 것이 더 편하게 느껴집니다. 물론 팀 과제도 많이 해 왔고 함께 협업하는 즐거움과 이점도 잘 알고 있으나 일단 개인 과제가 제가 원하는 방향대로 수행해 나갈 수 있다는 점이 가장 큰 메이트로 와닿았습니다. 또 저 개인에게 보이는 기대와 응원 조언과 같은 좋은 감정들을 많이 얻어 갈 텐데 이는 제가 개인 업무를 원활히 수행할 수 있도록 해주는 원동력으로 작용하는 것도 있습니다. 저를 선택하고 저를 믿고 맡겨 준다는 사실은 삶에서 얻을 수 있는 아주 중요한 가치라고 생각합니다.","wordCount":102},"emotion":[],"intent":[{"text":"","expression":"","category":"attitude"}],"summary":{"text":"팀 작업도 많이 하지만 개인 작업을 더 많이 합니다. 저만의 업무 루틴과 방식을 적용해서 일을 하는 것이 좋습니다. 협업의 즐거움과 이점도 잘 알고 있으나 개인 과제가 원하는 방향대로 수행해 나갈 수 있다는 점이 가장 큰 메리트입니다.. 믿고 맡겨 준다는 것은 삶에서 얻을 수 있는 중요한 가치입니다.","wordCount":46}}},"rawDataInfo":{"question":{"fileFormat":"wav","fileSize":396238,"duration":12380,"samplingBit":16,"channelCount":1,"samplingRate":"16kHz","audioPath":"/Mock/04.RND/Female/New/ckmk_q_rnd_f_n_261154.wav"},"answer":{"fileFormat":"wav","fileSize":1781838,"duration":55680,"samplingBit":16,"channelCount":1,"samplingRate":"16kHz","audioPath":"/Mock/04.RND/Female/New/ckmk_a_rnd_f_n_261154.wav"}}}