{"version":"1.0","dataSet":{"info":{"date":"20230116","occupation":"RND","channel":"MOCK","place":"ONLINE","gender":"FEMALE","ageRange":"45-54","experience":"NEW"},"question":{"raw":{"text":"개인적으로 공부를 어떻게 하시는지 말씀해 주실 수 있나요 강의나 책을 활용한 공부처럼 구체적인 방법을 말씀해 주시기를 부탁드립니다","wordCount":17},"emotion":[],"intent":[]},"answer":{"raw":{"text":"작년에 어 넷플릭스에서 종이의 집이라는 어 스페인 드라마를 굉장히 좋아하고 어 즐겨봤습니다. 그 드라마를 보고 난 후에 저는 스페인어에 관심이 생겼습니다. 하지만 저는 살면서 스페인어를 접해 본 적이 거의 없었고 또한 스페인으로 여행을 간 적도 없었기 때문에 어 스페인어에 대해서는 아주 기본적인 지식조차 없는 상태였습니다. 처음에 스페인어를 배우기 위해 어 서점에 가서 기본 스페인어 책을 구입을 했지만 어 혼자서 그 책을 보면서 공부하기에는 어 굉장히 역량이 부족했습니다. 그래서 동영상 강의를 등록을 하고 동영상 강의를 통해서 어 스페인어를 조금씩 조금씩 공부를 했습니다. 어 그 학원에 가서 어 선생님을 직접 만나서 스페인어를 배우는 것도 굉장히 좋은 방법이지만 어 회사를 다니다 보니까 야근능이 있을 수도 있고 어 다른 어 일들이 생기는 경우들이 많았기 때문에 어 매번 정해진 시간에 학원에 다니는 것은 저에게 조금 무리가 있었습니다. 그래서 저는 동영상 강의를 신청을 하고 어 제 제 시간이 날 때마다 조금씩 조금씩 스페인어를 배울 수가 있었고 그 과정에서 새로운 언어를 습득한다 는 즐거움을 얻을 수가 있었습니다. 어 이 경우를 어 보아도 그렇고 저는 어떤 새로운 지식에 대해서 어 공부가 필요할 경우에는 강의를 통해서 어 그 정보를 습득하는 편인 것 같습니다.","wordCount":174},"emotion":[{"text":"그 드라마를 보고 난 후에 저는 스페인어에 관심이 생겼습니다.","expression":"p-interest","category":"positive"},{"text":"그래서 저는 동영상 강의를 신청을 하고 어 제 제 시간이 날 때마다 조금씩 조금씩 스페인어를 배울 수가 있었고 그 과정에서 새로운 언어를 습득한다 는 즐거움을 얻을 수가 있었습니다.","expression":"p-happiness","category":"positive"}],"intent":[{"text":"그래서 저는 동영상 강의를 신청을 하고 어 제 제 시간이 날 때마다 조금씩 조금씩 스페인어를 배울 수가 있었고 그 과정에서 새로운 언어를 습득한다 는 즐거움을 얻을 수가 있었습니다.","expression":"c_imp","category":"personality"}],"summary":{"text":"넷플릭스에서 종이의 집이라는 스페인 드라마를 보고 스페인어에 관심이 생겼지만, 살면서 스페인어를 접해 본 적이 없었고 여행도 없었기 때문에 기본 지식조차 없었습니다. 그래서 동영상 강의를 등록을 하고 조금씩 공부를 했습니다. 그 과정에서 새로운 언어를 습득한다는 즐거움을 얻을 수 있었고, 어떤 새로운 지식에 대해 강의가 필요할 경우 강의를 통해서 정보를 습득하는 편인 것 같습니다.","wordCount":52}}},"rawDataInfo":{"question":{"fileFormat":"wav","fileSize":593998,"duration":18560,"samplingBit":16,"channelCount":1,"samplingRate":"16kHz","audioPath":"/Mock/04.RND/Female/New/ckmk_q_rnd_f_n_275147.wav"},"answer":{"fileFormat":"wav","fileSize":3677198,"duration":114910,"samplingBit":16,"channelCount":1,"samplingRate":"16kHz","audioPath":"/Mock/04.RND/Female/New/ckmk_a_rnd_f_n_275147.wav"}}}