{"version":"1.0","dataSet":{"info":{"date":"20230116","occupation":"RND","channel":"MOCK","place":"ONLINE","gender":"FEMALE","ageRange":"35-44","experience":"NEW"},"question":{"raw":{"text":"지금까지 협업을 하면서 가장 어려웠던 부분과 그 어려움을 어떻게 해결했는지 같이 말씀해 주시기 바랍니다","wordCount":14},"emotion":[],"intent":[]},"answer":{"raw":{"text":"협업을 할 때 가장 어 어려운 것은 같이 일을 하는 팀원들 사이에 불화가 생겼을 때 라고 생각을 합니다. 어 대학에 다닐 때 어 어떤 기업의 이미지를 홍보하는 영상 제작을 만 만드는 일을 한 적이 있습니다. 그래서 그 작업을 하기 위해서 어 여러 분야의 어 팀을 구성을 했습니다. 기획팀 촬영팀 또 후반 작업팀 등등 어 여러 팀을 구성을 했었습니다. 처음에 저희가 학생이다 보니까 새로운 일을 하는 거에 대해서 굉장히 다들 열의가 있었고 또 흥미를 가지고 그 일을 시작을 했습니다. 그래서 처음에 어 회의를 할 때에도 굉장히 분위기가 좋았고 일의 진행 속도도 빨랐습니다. 하지만 어느 순간부터 일의 일이 더 이상 진척되지 않고 조금씩 어 미뤄지는 어 경험을 한 적이 있습니다. 왜 이렇게 일이 진행되지 않지 라고 어 생각을 하고 자세히 들여다 봤을 때 기획팀에 있는 친구 한 명과 또 촬영을 맡은 친구 사이에 개인적인 일로 불화가 생겼다는 것을 알 알 수 있었습니다. 어 그들은 아주 개인적인 일이었지만 같이 일을 위해서 협업을 할 때는 그 두 사람의 관계가 틀어짐으로 해서 어 여러 사람에게 영향이 끼쳐졌고 또 일에 대해서까지 어 안 좋은 영향 영향이 왔기 때문에 저희는 음 그 두 사람과 친했던 사람 몇몇이 모여서 이 두 사람의 사이를 조금 어 좋게 하기 위한 노력을 많이 했습니다. 그래서 아주 긴 시간 동안 다 함께 대화를 통해서 그 문제를 조금 해결한 적이 있습니다.","wordCount":208},"emotion":[{"text":"처음에 저희가 학생이다 보니까 새로운 일을 하는 거에 대해서 굉장히 다들 열의가 있었고 또 흥미를 가지고 그 일을 시작을 했습니다.","expression":"p-interest","category":"positive"}],"intent":[{"text":"어 그들은 아주 개인적인 일이었지만 같이 일을 위해서 협업을 할 때는 그 두 사람의 관계가 틀어짐으로 해서 어 여러 사람에게 영향이 끼쳐졌고 또 일에 대해서까지 어 안 좋은 영향 영향이 왔기 때문에 저희는 음 그 두 사람과 친했던 사람 몇몇이 모여서 이 두 사람의 사이를 조금 어 좋게 하기 위한 노력을 많이 했습니다.","expression":"c_confl_mg","category":"personality"},{"text":"그래서 아주 긴 시간 동안 다 함께 대화를 통해서 그 문제를 조금 해결한 적이 있습니다.","expression":"c_confl_mg","category":"personality"}],"summary":{"text":"협업을 할 때 팀원들 사이에 불화가 생길 때가 가장 어렵습니다. 대학 시절에 기업의 이미지를 홍보하는 영상 제작을 한 적이 있었는데, 일을 할 때 분위기가 좋고 진행 속도도 빨랐지만 어느 순간부터 일이 진척되지 않고 미뤄지는 경험을 한 적이 있습니다. 그들은 아주 개인적인 일이었지만 같이 일을 할 때는 두 사람의 관계가 틀어져서 여러 사람에게 영향이 끼쳐졌고 일에 대해서도 안 좋은 영향이 왔기 때문에 함께 대화를 통해 문제를 해결했습니다.","wordCount":66}}},"rawDataInfo":{"question":{"fileFormat":"wav","fileSize":410318,"duration":12820,"samplingBit":16,"channelCount":1,"samplingRate":"16kHz","audioPath":"/Mock/04.RND/Female/New/ckmk_q_rnd_f_n_250140.wav"},"answer":{"fileFormat":"wav","fileSize":3838798,"duration":119960,"samplingBit":16,"channelCount":1,"samplingRate":"16kHz","audioPath":"/Mock/04.RND/Female/New/ckmk_a_rnd_f_n_250140.wav"}}}