{"version":"1.0","dataSet":{"info":{"date":"20230116","occupation":"RND","channel":"MOCK","place":"ONLINE","gender":"FEMALE","ageRange":"45-54","experience":"NEW"},"question":{"raw":{"text":"지원자분께서 생각하시기에 다른 많은 사람들이 생각하고 있는 지원자분 본인의 장점 그리고 단점이 뭐라고 여기시는지 그 이유까지도 함께 이야기해 주시면 좋겠습니다","wordCount":20},"emotion":[],"intent":[]},"answer":{"raw":{"text":"저의 밝고 활기찬 성격을 바탕으로 한 사교성이 어 저의 장점이라고 다른 사람들이 어 여러 번 말하는 것을 들은 적이 있습니다. 그들의 말처럼 저는 어 낯선 사람과 어 다른 사람에 비해서 쉽게 어 친해지고 또 그들과 사귀는 어 경향이 있다고 생각을 합니다. 어 그래서 어 어떤 협업 협업을 하는 과정에서도 어 쉽게 아 한 여러 사람을 하나로 뭉치게 하는 힘을 저는 가지고 있고요. 또 팀의 분위기를 굉장히 밝고 명랑하게 해서 저와 함께 있는 사람들이 조금 즐거워 하는 것을 저는 굉장히 좋아하는 성격입니다. 그러다 보니까 제가 어 재미있는 이야기도 많이 하고 또 다른 사람의 이야기도 잘 들어주는 편이고 또 농담을 어 해서라도 팀의 어떤 분위기 자체를 굉장히 즐겁게 만들기 때문에 저의 밝은 에너지 그리고 어 사람을 잘 사귀는 사교성이 다른 사람들이 생각하기에도 저의 장점이라고 생각을 합니다. 하지만 어 이런 사교성이 좋은 것이 조금 나쁜 쪽으로 쓰인다 면 어 다른 사람들을 간섭하는 사람으로 비춰질 수 있는 것이 저의 단점이라고 생각을 합니다. 흔히 말하는 오지랖이 너무 넓다 라는 말을 들을 수 있다고 생각을 합니다. 저는 팀 전체의 분위기를 조금 밝게 하고 또 그 사람과 친해지기 위해서 말을 거는 것이 어 그 다른 사람이 봤을 때는 그게 너무 과도한 어 사적인 영역을 그 침범하는 것이 아닌가 라는 생각을 가질 수도 있다고 생각이 듭니다. 그래서 그것이 단점이 될 수 있다고 생각됩니다.","wordCount":205},"emotion":[],"intent":[{"text":"저의 밝고 활기찬 성격을 바탕으로 한 사교성이 어 저의 장점이라고 다른 사람들이 어 여러 번 말하는 것을 들은 적이 있습니다.","expression":"c_person","category":"background"},{"text":"또 팀의 분위기를 굉장히 밝고 명랑하게 해서 저와 함께 있는 사람들이 조금 즐거워 하는 것을 저는 굉장히 좋아하는 성격입니다.","expression":"c_person","category":"background"},{"text":"그러다 보니까 제가 어 재미있는 이야기도 많이 하고 또 다른 사람의 이야기도 잘 들어주는 편이고 또 농담을 어 해서라도 팀의 어떤 분위기 자체를 굉장히 즐겁게 만들기 때문에 저의 밝은 에너지 그리고 어 사람을 잘 사귀는 사교성이 다른 사람들이 생각하기에도 저의 장점이라고 생각을 합니다.","expression":"c_person","category":"background"},{"text":"하지만 어 이런 사교성이 좋은 것이 조금 나쁜 쪽으로 쓰인다 면 어 다른 사람들을 간섭하는 사람으로 비춰질 수 있는 것이 저의 단점이라고 생각을 합니다.","expression":"c_person","category":"background"}],"summary":{"text":"저는 밝고 활기찬 성격을 바탕으로 한 사교성이 장점이라고 다른 사람들이 말하는 것을 들은 적이 있습니다. 협업 협업을 하는 과정에서도 쉽게 여러 사람을 하나로 뭉치게 하는 힘을 가지고 있고, 팀의 분위기를 밝고 명랑하게 하는 것을 좋아하는 성격입니다. 하지만 사교성 때문에 다른 사람들을 간섭하는 사람으로 비춰질 수 있는 것이 단점이라고 생각합니다.","wordCount":49}}},"rawDataInfo":{"question":{"fileFormat":"wav","fileSize":568398,"duration":17760,"samplingBit":16,"channelCount":1,"samplingRate":"16kHz","audioPath":"/Mock/04.RND/Female/New/ckmk_q_rnd_f_n_275148.wav"},"answer":{"fileFormat":"wav","fileSize":3865038,"duration":120780,"samplingBit":16,"channelCount":1,"samplingRate":"16kHz","audioPath":"/Mock/04.RND/Female/New/ckmk_a_rnd_f_n_275148.wav"}}}