{"version":"1.0","dataSet":{"info":{"date":"20230116","occupation":"RND","channel":"MOCK","place":"ONLINE","gender":"FEMALE","ageRange":"45-54","experience":"NEW"},"question":{"raw":{"text":"지원자님께서는 의견을 주장하실 때 강하게 자기의 의견을 주장하시는 편인지 궁금합니다 어떠한 스타일로 본인의 의견을 주장하는지 말씀 부탁드립니다","wordCount":17},"emotion":[],"intent":[]},"answer":{"raw":{"text":"저는 저의 의견을 주장할 때 강하게 주장하는 편입니다. 그렇다고 해서 상대방을 기분 나쁘게 하거나 상대방에게 예의 없게 주장하지는 않습니다. 그 안에 강하게 주장하는 안에 부드러운 면을 갖추고 있습니다. 어떻게 보면 어폐가 있는 말인 것 같기는 한데요. 나의 주장을 어 우물쭈물 하거나 숨기지는 않지만 그것을 주장하는 데 있어서 상대방계 와의 관계를 중요하게 생각한다는 뜻입니다. 그래서 서로 이야기를 하고 저의 의견을 전달하지만 그걸 전달하는 과정에 있어서 저는 상대방의 의견도 충분히 듣고 그 의견을 들었는데도 저의 의견이 이렇다는 것을 정확하게 아주 명확하게 표현합니다. 그래야 서로 오해가 쌓이지 않고 또한 저 또한 그 부분을 전달하지 못해서 마음 앓이를 하는 일은 없을 것 같습니다. 그래서 저는 저의 의견을 주장할 때 강하지만 예의 있게 또한 부드럽게 주장하는 편입니다.","wordCount":112},"emotion":[],"intent":[{"text":"","expression":"","category":"attitude"}],"summary":{"text":"저는 상대방의 의견도 충분히 듣고 그 의견을 들었는데도 저의 의견이 이렇다는 것을 정확하게 아주 명확하게 표현합니다. 그래야 서로 오해가 쌓이지 않고 또한 저 또한 그 부분을 전달하지 못해서 마음 앓이를 하는 일은 없을 것 같습니다.","wordCount":35}}},"rawDataInfo":{"question":{"fileFormat":"wav","fileSize":535118,"duration":16720,"samplingBit":16,"channelCount":1,"samplingRate":"16kHz","audioPath":"/Mock/04.RND/Female/New/ckmk_q_rnd_f_n_141665.wav"},"answer":{"fileFormat":"wav","fileSize":2560078,"duration":80000,"samplingBit":16,"channelCount":1,"samplingRate":"16kHz","audioPath":"/Mock/04.RND/Female/New/ckmk_a_rnd_f_n_141665.wav"}}}