{"version":"1.0","dataSet":{"info":{"date":"20230116","occupation":"RND","channel":"MOCK","place":"ONLINE","gender":"FEMALE","ageRange":"35-44","experience":"NEW"},"question":{"raw":{"text":"지원자님은 직장을 선택할 때 어떤 점을 가장 중요하게 생각을 하시나요 가장 중요하게 생각하는 세 가지 정도를 각각 무엇인지 말씀을 해 주시기 바랍니다","wordCount":22},"emotion":[],"intent":[]},"answer":{"raw":{"text":"제가 생각하는 직장 선택의 기준은 첫 번째는 적성이라고 저는 생각합니다. 업무가 내 적성에 맞고 안 맞고는 매우 중요한 선택의 기준입니다. 물론 연봉을 몇 억 대로 준다면 적성에 맞지 않는 일도 꾸역꾸역 해 나갈 수 있을지는 모르나 그 일을 지속하기는 어려울 것 같습니다. 저는 개인적으로 내향적인 사람이라 다른 사람과 대면하는 것이 위주의 업무는 꿈도 꾸지 못하는 것이 있기 때문 입니다. 자 그다음은 금전적인 보상에 가장 큰 영향을 발휘한다고 생각합니다. 저는 개인적으로 회사를 정말 다니고 싶어하지 않았습니다. 제가 아는 아닌 모든 직장들이 하는 말버릇처럼 회사 가기 싫어 이런 느낌이 아니라 내 꿈과 연결 고리가 하나도 보이지 않았기 때문입니다. 세 번째는 함께 일하는 사람입니다. 나와 함께 일하는 사람은 정말 중요한 선택의 기준이 됩니다. 제가 개인적으로 느끼기에 회사에서 받는 스트레스의 팔십 프로 이상은 사람에게서 옵니다. 아무리 연봉이 높아도 사람으로 인해 정신적 육체적으로 병이 생기면 병원 신세를 지게 된다면 높은 연봉을 받는 의미가 사라지게 될 것입니다.","wordCount":141},"emotion":[],"intent":[{"text":"저는 개인적으로 내향적인 사람이라 다른 사람과 대면하는 것이 위주의 업무는 꿈도 꾸지 못하는 것이   있기 때문 입니다.","expression":"c_person","category":"background"}],"summary":{"text":"직장 선택의 기준은 적성, 금전적인 보상, 함께 일하는 사람입니다. 나와 함께 일하는 사람은 중요한 선택의 기준입니다. 연봉이 높아도 사람으로 인해 정신적 육체적으로 병이 생기면 병원 신세를 지게 되면 높은 연봉을 받는 의미가 사라지게 될 것입니다.","wordCount":35}}},"rawDataInfo":{"question":{"fileFormat":"wav","fileSize":559118,"duration":17470,"samplingBit":16,"channelCount":1,"samplingRate":"16kHz","audioPath":"/Mock/04.RND/Female/New/ckmk_q_rnd_f_n_190612.wav"},"answer":{"fileFormat":"wav","fileSize":2855118,"duration":89220,"samplingBit":16,"channelCount":1,"samplingRate":"16kHz","audioPath":"/Mock/04.RND/Female/New/ckmk_a_rnd_f_n_190612.wav"}}}