{"version":"1.0","dataSet":{"info":{"date":"20230116","occupation":"RND","channel":"MOCK","place":"ONLINE","gender":"FEMALE","ageRange":"-34","experience":"NEW"},"question":{"raw":{"text":"지원자님의 장점과 단점을 설명해 주시고 그것을 특화 시키고 극복하기 위한 노력도 함께 말씀해 주시기 바랍니다","wordCount":15},"emotion":[],"intent":[]},"answer":{"raw":{"text":"저의 장점과 단점은 어 우선 장점부터 설명을 드리자면 저의 장점은 정말 꼼꼼하고 세심하게 섬세하게 일을 할 수 있는 그런 능력이 있다는 것입니다. 평소에도 일을 할 때 제가 어 정한 목표의 달성하기 위해서는 여러 가지 단계를 거쳐야 하는데 그것들을 머리 속으로만 그리는 것이 아니라 업무 매뉴얼을 어 작성하고 또 체크 리스트를 작성해서 꼼꼼하게 일을 해 나가는 그런 습관이 되어 있고 그런 과정을 거쳐서 제가 하고자 하는 일들을 완벽하게 해내는 그런 경험들을 많이 해 왔습니다. 이걸 이것을 특화시키기 위해서 그런 연습들을 더 많이 해야 될 것 같구요. 그리고 반대로 단점은 음 제가 이렇게 꼼꼼하게 하는 것을 어 타인에게도 조금 강요를 하는 편인데 어 제가 이런 강요 뿐만 아니라 조금 더 친절하게 그것을 가르쳐 주게 된다면 어 저거의 장점을 다른 어 후배 직원들에게 더 더 나누어 줄 수 있는 그런 부분이 되지 않을까 하는 생각을 해 봅니다.","wordCount":134},"emotion":[],"intent":[{"text":"저의 장점과 단점은 어 우선 장점부터 설명을 드리자면 저의 장점은 정말 꼼꼼하고 세심하게 섬세하게 일을 할 수 있는 그런 능력이 있다는 것입니다.","expression":"c_person","category":"background"},{"text":"그리고 반대로 단점은 음 제가 이렇게 꼼꼼하게 하는 것을 어 타인에게도 조금 강요를 하는 편인데 어 제가 이런 강요 뿐만 아니라 조금 더 친절하게 그것을 가르쳐 주게 된다면 어 저거의 장점을 다른 어 후배 직원들에게 더 더 나누어 줄 수 있는 그런 부분이 되지 않을까 하는 생각을 해 봅니다.","expression":"c_person","category":"background"}],"summary":{"text":"저는 꼼꼼하고 세심하게 섬세하게 일을 할 수 있는 능력이 있습니다. 업무 매뉴얼을 작성하고 체크리스트를 작성해서 꼼꼼하게 일을 해왔습니다. 이것을 특화시키기 위해 더 많이 연습해야 될 것 같습니다. 그리고 조금 더 친절하게 가르쳐 준다면 다른 후배 직원들에게 더 나누어 줄 수 있을 것 같아 생각합니다.","wordCount":44}}},"rawDataInfo":{"question":{"fileFormat":"wav","fileSize":375118,"duration":11720,"samplingBit":16,"channelCount":1,"samplingRate":"16kHz","audioPath":"/Mock/04.RND/Female/New/ckmk_q_rnd_f_n_264717.wav"},"answer":{"fileFormat":"wav","fileSize":2964558,"duration":92640,"samplingBit":16,"channelCount":1,"samplingRate":"16kHz","audioPath":"/Mock/04.RND/Female/New/ckmk_a_rnd_f_n_264717.wav"}}}