{"version":"1.0","dataSet":{"info":{"date":"20230116","occupation":"RND","channel":"MOCK","place":"ONLINE","gender":"FEMALE","ageRange":"-34","experience":"NEW"},"question":{"raw":{"text":"여러분이 꼭 입사해 주시길 바랍니다 그런 의도에서 입사를 하시게 된다면 정말로 하고 싶은 연구는 무엇인지 어떤 것인지 과연 그건에 대해서 이야기를 해 주시기 바랍니다","wordCount":24},"emotion":[],"intent":[]},"answer":{"raw":{"text":"네 제가 입사 후에 연구를 하게 된다면 제조와 관련된 연구를 해보고 싶습니다. 어 사실 제가 지원하는 이 회사에서 여러 가지 제품을 만들고 있는 것으로 알고 있습니다. 어 제조를 하기 위해서 성분도 필요하고 원재료 그리고 어 그거 관련된 여러 가지 기술들이 필요할 텐데요. 그런 것들을 종합적으로 맡아서 연구를 한 번 해보고 싶습니다. 사실 어떤 제품이 탄생하기까지 정말 많은 과정들이 필요할 텐데요. 어 기존의 시장에 대한 연구부터 그리고 어 그 시장 수요 조사 그리고 원재료는 어떤 게 드는지 그리고 그 제품이 만들어지기까지 과정들이 있을 텐데요. 쪼금 더 소비자에게 더 각광을 받고 또 호응을 받으면서 좋은 제품으로 만들어지기 위한 과정들의 참여를 해보고 싶습니다. 어 사실상 저는 연구를 제가 맡아서 진행하지는 않았고 프로젝트에 참여한 경우가 대부분이었는데요. 어 저도 그 팀의 일환으로서 일을 하기 했지만 제가 처음부터 끝까지 주도하에 연구를 한번 해보고 싶습니다. 그리고 핵심 기술이 있다면 그거 관련해도 연구를 해보고 싶은데요. 어떤 기술이 더 발전을 하고 있고 또 그거를 디벨롭 할 때 어떤 결과가 나오는지에 대해서 연구를 해보고 싶습니다.","wordCount":155},"emotion":[],"intent":[{"text":"","expression":"","category":"attitude"}],"summary":{"text":"제조와 관련된 연구를 하고 싶습니다. 제품 탄생까지 많은 과정이 필요할 텐데, 기존의 시장에 대한 연구, 시장 수요 조사, 원재료는 어떤 게 드는지 그리고 제품이 만들어지기까지 과정들이 있을 텐데요. 좀 더 소비자에게 더 각광을 받고 또 호응을 받으면서 좋은 제품으로 만들어지기 위한 과정들의 참여를 해보고 싶습니니다.","wordCount":45}}},"rawDataInfo":{"question":{"fileFormat":"wav","fileSize":448718,"duration":14020,"samplingBit":16,"channelCount":1,"samplingRate":"16kHz","audioPath":"/Mock/04.RND/Female/New/ckmk_q_rnd_f_n_114195.wav"},"answer":{"fileFormat":"wav","fileSize":2750798,"duration":85960,"samplingBit":16,"channelCount":1,"samplingRate":"16kHz","audioPath":"/Mock/04.RND/Female/New/ckmk_a_rnd_f_n_114195.wav"}}}