{"version":"1.0","dataSet":{"info":{"date":"20230116","occupation":"RND","channel":"MOCK","place":"ONLINE","gender":"FEMALE","ageRange":"-34","experience":"NEW"},"question":{"raw":{"text":"본인이 생각했을 때 회사의 덕목은 무엇이라고 생각하시나요 그렇다면 어떤 회사가 좋은 회사라고 생각하세요","wordCount":13},"emotion":[],"intent":[]},"answer":{"raw":{"text":"저는 회사가 가져야 할 덕목은 올바른 기업 윤리를 갖는 것이라고 생각합니다. 이유는 회사의 영업 이익을 높이기 위해 수단과 방법을 가리지 않는 회사가 있다고 할 때 그 회사의 그런 방식의 업무 처리 때문에 회사의 직원들은 많은 갈등 상황에 놓일 수 있다고 생각합니다. 그리고 내가 떳떳하고 자랑할 수 있는 그런 회사를 좋은 회사라고 생각하는데요. 그런 회사에 다닐 때 더 자부심이 생기고 업무를 책임감 있게 진행할 수 있다고 생각합니다. 따라서 좋은 회사는 기업 윤리를 확실하게 가지고 있으면서 직원들이 자랑할 수 있는 회사가 좋은 회사라고 생각합니다.","wordCount":82},"emotion":[],"intent":[{"text":"저는 회사가 가져야 할 덕목은 올바른 기업 윤리를 갖는 것이라고 생각합니다.","expression":"c_value","category":"background"}],"summary":{"text":"좋은 회사는 기업 윤리를 확실히 가지면서 직원들이 자랑할 수 있는 회사라고 생각합니다. 영업 이익을 높이기 위해 수단과 방법을 가리지 않는 회사의 업무 처리 때문에 직원들은 많은 갈등 상황에 놓일 수 있기 때문입니다.","wordCount":32}}},"rawDataInfo":{"question":{"fileFormat":"wav","fileSize":324878,"duration":10150,"samplingBit":16,"channelCount":1,"samplingRate":"16kHz","audioPath":"/Mock/04.RND/Female/New/ckmk_q_rnd_f_n_283865.wav"},"answer":{"fileFormat":"wav","fileSize":1785038,"duration":55780,"samplingBit":16,"channelCount":1,"samplingRate":"16kHz","audioPath":"/Mock/04.RND/Female/New/ckmk_a_rnd_f_n_283865.wav"}}}