{"version":"1.0","dataSet":{"info":{"date":"20230116","occupation":"RND","channel":"MOCK","place":"ONLINE","gender":"MALE","ageRange":"35-44","experience":"EXPERIENCED"},"question":{"raw":{"text":"수많은 자동차 관련 기술 가운데 지원자님께서 가장 유망하다고 생각하는 기술은 무엇입니까 말씀해 주세요","wordCount":13},"emotion":[],"intent":[]},"answer":{"raw":{"text":"제가 생각했을 때는 요새 유행되고 있는 전기 에너지 수소 에너지 그런 어떤 신재생 에너지를 활용한 그런 전 자동차 기술들이 많이 이렇게 소개가 되고 있는데 그중에서도 제가 제안 드리고 싶은 새로운 아이디어는 뭐냐면 이제 매연을 발생시키지 않는 내연 기관 자동차입니다. 지구에는 수많은 그런 석유 에너지가 화석 에너지가 잠재되어 있기 때문에 그 에너지는 쓰는 게 좋다고 생각을 합니다. 그런데 이제 그런 화석 에너지를 쓸 때 발생되는 어떤 매연 이산화탄소 같은 것들이 지구에 좋지 않은 영향을 끼치게 되기 때문에 그렇게 비난의 대상이 되고 있는데 그렇지만 그런 것들을 화석 에너지를 태움에도 매연을 발생시키지 않는 어떤 완전 새로운 정화 장치를 개발하게 된다면 우리는 전기 에너지를 쓰기 위해서 수소 에너지를 쓰기 위해서 그렇게 애쓰지 않고 땅에 매장되어 있는 에너지를 그대로 쓸 수 있다고 합니다. 쓸 수 있다고 생각을 하고 있습니다.","wordCount":124},"emotion":[],"intent":[{"text":"","expression":"","category":"attitude"}],"summary":{"text":"화석 에너지를 태움에도 매연을 발생시키지 않는 어떤 완전 새로운 정화 장치를 개발하게 된다면 우리는 전기를 쓰기 위해서 수소 에너지를 쓰기 위해서 그렇게 애쓰지 않고 땅에 매장되어 있는 에너지를 그대로 쓸 수 있다고 생각합니다.","wordCount":33}}},"rawDataInfo":{"question":{"fileFormat":"wav","fileSize":527438,"duration":16480,"samplingBit":16,"channelCount":1,"samplingRate":"16kHz","audioPath":"/Mock/04.RND/Male/Experienced/ckmk_q_rnd_m_e_205684.wav"},"answer":{"fileFormat":"wav","fileSize":2791758,"duration":87240,"samplingBit":16,"channelCount":1,"samplingRate":"16kHz","audioPath":"/Mock/04.RND/Male/Experienced/ckmk_a_rnd_m_e_205684.wav"}}}