{"version":"1.0","dataSet":{"info":{"date":"20230116","occupation":"RND","channel":"MOCK","place":"ONLINE","gender":"MALE","ageRange":"35-44","experience":"EXPERIENCED"},"question":{"raw":{"text":"지원자분께서 이전 직장을 그만두시는 데 있어서 특별한 이유가 있으셨는지 궁금합니다 또한 현 직장도 같은 이유로 그만두시게 될 가능성이 있으실까요","wordCount":19},"emotion":[],"intent":[]},"answer":{"raw":{"text":"네 직장을 그만둔 이유 뭐 많습니다. 그 그것은 그 저 개인의 만의 이유가 아니라 직장에도 큰 이유가 있을 거라고 생각합니다. 왜냐하면은 그 모든 직장 회사도 많은 발전을 원하고 있지만 저 개인 모든 그 직장인들도 많은 발전을 원하고 있습니다. 그래서 그 어떤 소프트 직장을 이직 한다 할 경우에는 본인이 원하는 만큼의 발전을 할 수 없다 또는 본인이 원하는 것보다 느리다 했을 때 더 많은 발전을 위하여 어쩔 수 없이 이직을 선택하는 경우가 대부분일 거라고 생각을 합니다. 어 그래서 저는 그 이직을 선택했을 때 직장의 책임이 한 육 십 프로 개인의 책임이 사 십 프로가 아닐까 생각을 합니다. 만약에 이직을 해서 얻을 수 있는 게 단지 금전적인 거는 제가 보기에는 한 사 오 십 프로 정도고 더 큰 것은 본인이 거기서 얼마나 본인이 가지고 있는 역량을 발휘하여 더 큰 아웃풋과 내가 만족감을 누리고 또 그것을 채워줄 수 있는가 그게 더 큰 과제가 아닌가 생각을 합니다. 어 거꾸로 얘기해서 기존에 직장에서 그분이 원하는 것을 채워줄 수 없기 때문에 그분은 어쩔 수 없이 이직을 통한 새로운 본인의 경쟁력을 키우고 성장하는 기회를 찾아 나갔다 아 저는 그렇게 생각을 합니다. 그거 가장 중요하다고 봅니다.","wordCount":178},"emotion":[],"intent":[{"text":"","expression":"","category":"attitude"}],"summary":{"text":"모든 직장인들은 많은 발전을 원합니다. 그래서 소프트 직장을 이직 할 경우 더 많은 발전을 위해 어쩔 수 없이 이직을 선택하는 경우가 대부분일 것입니다. 이직을 해서 얻을 수 있는 게 금전적인 것보다 더 큰 것은 본인이 가진 역량을 발휘하여 더 큰 아웃풋과 만족감을 누리고 그것을 채워줄 수 있는가입니다.","wordCount":47}}},"rawDataInfo":{"question":{"fileFormat":"wav","fileSize":428238,"duration":13380,"samplingBit":16,"channelCount":1,"samplingRate":"16kHz","audioPath":"/Mock/04.RND/Male/Experienced/ckmk_q_rnd_m_e_302568.wav"},"answer":{"fileFormat":"wav","fileSize":3079758,"duration":96240,"samplingBit":16,"channelCount":1,"samplingRate":"16kHz","audioPath":"/Mock/04.RND/Male/Experienced/ckmk_a_rnd_m_e_302568.wav"}}}