{"version":"1.0","dataSet":{"info":{"date":"20230116","occupation":"RND","channel":"MOCK","place":"ONLINE","gender":"MALE","ageRange":"45-54","experience":"EXPERIENCED"},"question":{"raw":{"text":"입사를 하면 어떤 사람이 되고 싶습니까","wordCount":6},"emotion":[],"intent":[]},"answer":{"raw":{"text":"어 제가 입사를 하게 되면 저는 어 동료 상사 혹은 그 부하 직원에게 아 저 사람은 말이 통하는 사람 어 소통이 되는 사람 이런 식으로 평가를 받고 싶습니다. 그건 저 역시도 저 역시 제가 말하는 상사나 동료의 모습이기도 합니다. 어 비즈니스를 하게 되면 우리는 요즘 그 가정보다도 오히려 회사에서 더 많은 시간을 보냅니다. 이게 비즈니스적인 측면에서 스트레스도 받는 일도 많고 나름 그 안에서 보람을 찾을 수도 있겠지만 어 그렇게 하루에 대부분을 같이 보내는 사람과 소통이 안되고 말이 안 통한다 라고 하면 그것만큼 힘든 것도 없다라고 생각을 합니다. 그래서 저는 입사를 하게 되면 뭐 동료나 뭐 선배 후배들에게 아 저 사람하고는 말이 통한다 소통이 된다 라는 평가를 받고 어 저 역시 그런 사람이 되고 싶고 어 제 주변에 있는 사람 역시 제가 그런 평가를 할 수 있는 동료들과 함께 일하고 싶습니다.","wordCount":130},"emotion":[],"intent":[{"text":"","expression":"","category":"attitude"}],"summary":{"text":"비즈니스를 하게 되면 가정보다 회사에서 더 많은 시간을 보내는데 소통이 되지 않고 말이 안 통한다 라고 하면 그것만큼 힘든 것도 없습니다. 상사나 동료에게 소통이 된다는 평가를 받고 싶습니다. 저 역시 그런 사람이 되고 싶습니다.","wordCount":34}}},"rawDataInfo":{"question":{"fileFormat":"wav","fileSize":184398,"duration":5760,"samplingBit":16,"channelCount":1,"samplingRate":"16kHz","audioPath":"/Mock/04.RND/Male/Experienced/ckmk_q_rnd_m_e_49237.wav"},"answer":{"fileFormat":"wav","fileSize":2583438,"duration":80730,"samplingBit":16,"channelCount":1,"samplingRate":"16kHz","audioPath":"/Mock/04.RND/Male/Experienced/ckmk_a_rnd_m_e_49237.wav"}}}