{"version":"1.0","dataSet":{"info":{"date":"20230116","occupation":"RND","channel":"MOCK","place":"ONLINE","gender":"MALE","ageRange":"45-54","experience":"EXPERIENCED"},"question":{"raw":{"text":"요즘은 친환경 자동차가 대세죠 그중에 전기 차가 인기가 많은데요 본인이 생각하는 자동차 관련 기술 중 가장 유망하다고 생각되는 것은 어떤 것일까요","wordCount":21},"emotion":[],"intent":[]},"answer":{"raw":{"text":"어 저는 개인적으로 에이아이 인공지능 기술이라고 생각합니다. 어 요즘 어 전세계는 에이아이 인공지능 전기차로 경쟁을 하고 있는데 현재로서는 테슬라가 가장 앞서 있고 에이아이 인공지능 부분에서도 가장 앞서 있다고 생각을 합니다. 불과 얼마 전까지만 해도 사람이 아닌 자동차가 스스로 운전을 한다 라는 것에 대해서 어 사람들은 대개 대부분 반신반의했습니다. 그런데 실제적으로 뭐 실험을 하고 연구 조사를 한 결과 인간이 운전을 하는 것보다 어 에이아이를 통해 에이아이를 통해서 운전하는 것이 사고 확률을 약 한 사십 프로 이상 더 줄일 수 있다 라는 연구 발표가 있습니다. 이제 사람이 직접 운전을 하는 세상 시대는 어 곧 없어질 것입니다. 전 세계가 네트워크화 되고 어 모든 자동차가 에이아이 에이아이화 된다고 그러면 오히려 교통 체증도 더 없어질 것이고 어 사고도 더 줄어들 거라고 생각을 합니다. 물론 그렇게까지 되기 위해서는 수많은 연구와 시행착오가 있어야 되겠지만 어 에이아이 인공지능 기술은 어 거의 한계가 없고 십 년 안에는 어 에이아이가 스스로 운전하는 시대가 반드시 올 거라고 생각합니다.","wordCount":147},"emotion":[],"intent":[{"text":"","expression":"","category":"attitude"}],"summary":{"text":"전 세계가 네트워크화 되고 모든 자동차가 에이아이 에이아이화 된다고 그러면 교통 체증도 더 없어지고 사고도 더 줄어들 것이라고 생각합니다. 비록 수많은 연구와 시행착오가 있어야 되겠지만 에이아이 인공지능 기술은 거의 한계가 없고 십 년 안에는 스스로 운전하는 시대가 반드시 올 것이라 생각합니다.","wordCount":41}}},"rawDataInfo":{"question":{"fileFormat":"wav","fileSize":529038,"duration":16530,"samplingBit":16,"channelCount":1,"samplingRate":"16kHz","audioPath":"/Mock/04.RND/Male/Experienced/ckmk_q_rnd_m_e_44923.wav"},"answer":{"fileFormat":"wav","fileSize":2828878,"duration":88400,"samplingBit":16,"channelCount":1,"samplingRate":"16kHz","audioPath":"/Mock/04.RND/Male/Experienced/ckmk_a_rnd_m_e_44923.wav"}}}