{"version":"1.0","dataSet":{"info":{"date":"20230116","occupation":"RND","channel":"MOCK","place":"ONLINE","gender":"MALE","ageRange":"35-44","experience":"EXPERIENCED"},"question":{"raw":{"text":"대한민국의 금융 전 정책 기관으로서 우리 신용보증기금이 호가대해야 할 업무 영역이 무엇이라고 생각하시나요 그렇게 생각하신 이유도 궁금합니다","wordCount":17},"emotion":[],"intent":[]},"answer":{"raw":{"text":"네 대한민국의 금융 정책 기관 한국 은행 등 에서 많은 기관들이 있을 거 같은 데 그런 금융정책기관으로서 신용 보증 기금이 해야 할 업무 영역은 무엇이라고 생각하는지에 대해서 답변 드리도록 하겠습니다. 일단 이런 신용 보증 기금에서 이런 사각지대에 놓인 혜택을 받지 못하고 항상 배제가 되는 그러한 사각지대에 놓인 서민들을 다시 한번 놓치는 부분이 무엇인가를 한번 생각해 볼 필요는 있다고 생각합니다. 결국은 이런 신용 보증을 해주면서 이런 기금으로 우리 한테 이게 뭐 전세자금 대출이 될 수도 있고 뭐 신용대출이 될 수 있고 이런 보증기금이 해야 할 역할이 있을 건데 이게 분명히 서민을 위한 정책이라고 생각합니다. 아 부자들을 위한 정책이 아닌 서민을 위한 정책인데 그러한 서민들을 어 정말 이런 혜택을 봐야 하고 이런 보장을 해 줘야 하는 그런 서민들 정말 이 사각지대에 놓여 있어서 이러지도 못하고 저러지도 못하는 그런 서민들을 많이 찾아서 어 혜택을 주고 대응을 해 준다고 하면은 더욱더 좋은 우리나라가 되고 좋은 사회가 될 것 같습니다. 이상입니다.","wordCount":146},"emotion":[{"text":"아 부자들을 위한 정책이 아닌 서민을 위한 정책인데 그러한 서민들을 어 정말 이런 혜택을 봐야 하고 이런 보장을 해 줘야 하는 그런 서민들 정말 이 사각지대에 놓여 있어서 이러지도 못하고 저러지도 못하는 그런 서민들을 많이 찾아서 어 혜택을 주고 대응을 해 준다고 하면은 더욱더 좋은 우리나라가 되고 좋은 사회가 될 것 같습니다.","expression":"u-belief","category":"neutral"}],"intent":[{"text":"","expression":"","category":"attitude"}],"summary":{"text":"신용 보증 기금은 서민들을 위한 정책입니다. 신용 보증을 해주면서 전세자금 대출이 될 수도 있고 신용대출이 될 수 있고 보증기금이 해야 할 역할이 있을 텐데 서민들을 정말 이런 혜택을 봐야 하고 이런 보장을 해 줘야 하는 서민들을 많이 찾아서 혜택을 주고 대응을 해 준다면 더욱더 좋은 우리나라가 되고 좋은 사회가 될 것 같습니다.","wordCount":52}}},"rawDataInfo":{"question":{"fileFormat":"wav","fileSize":597198,"duration":18660,"samplingBit":16,"channelCount":1,"samplingRate":"16kHz","audioPath":"/Mock/04.RND/Male/Experienced/ckmk_q_rnd_m_e_230215.wav"},"answer":{"fileFormat":"wav","fileSize":2640078,"duration":82500,"samplingBit":16,"channelCount":1,"samplingRate":"16kHz","audioPath":"/Mock/04.RND/Male/Experienced/ckmk_a_rnd_m_e_230215.wav"}}}