{"version":"1.0","dataSet":{"info":{"date":"20230116","occupation":"RND","channel":"MOCK","place":"ONLINE","gender":"MALE","ageRange":"45-54","experience":"EXPERIENCED"},"question":{"raw":{"text":"위기관리 경험이 있나요","wordCount":3},"emotion":[],"intent":[]},"answer":{"raw":{"text":"뭐 직장 생활을 하고 어 비즈니스를 하다 보면 뭐 위기 상황은 항상 있었던 것 같습니다. 뭐 물론 뭐 계획된 대로 뭐 준비한 대로 그 비즈니스가 잘 이루어진다면 뭐 더 좋겠지만 비즈니스라는 게 결국은 그 고정되어 있는게 아니고 유동적인 거다 보니까 때에 따라서 변수도 발생하고 그때그때 사건 사고가 생기는 것 같습니다. 그럴 때마다 위기관리를 하는 경우는 일단 그 일을 냉청이 냉철하게 이 위기가 왜 생겼는지를 생각해보는 것입니다. 일단 그것을 생각해야지 문제점을 파악할 수가 있기 때문에 이 위기가 왜 생겼는지 어 그거에 대해서 연구를 하고 이것을 극복하기 위해서 어 어 팀이 회사가 노력할 수 있는 여러 가지 방안을 대책을 강구했던 것 같습니다. 어 위기관리 경험은 저 뿐만 아니라 그 같이 그 일을 하고 있는 팀원이 함께 공감을 해야 됩니다. 이게 위기라는 것은 결국 누구 한 사람의 문제가 아니라 작게는 나 크게는 우리 부서 우리 팀원 회사의 문제기 때문에 함께 헤쳐나가는 것이 옳다라고 생각합니다.","wordCount":141},"emotion":[],"intent":[{"text":"","expression":"","category":"attitude"}],"summary":{"text":"비즈니스를 하다 보면 위기 상황이 항상 있었던 것 같습니다. 그럴 때마다 위기관리를 하는 경우는 위기를 냉철하게 생각해보는 것입니다. 위기관리 경험은 저뿐만 아니라 같이 일을 하고 있는 팀원이 함께 공감해야 합니다. 위기라는 것은 결국 우리 부서 팀원 회사의 문제이기 때문에 함께 헤쳐나가는 것이 옳다라고 생각합니다.","wordCount":44}}},"rawDataInfo":{"question":{"fileFormat":"wav","fileSize":302798,"duration":9460,"samplingBit":16,"channelCount":1,"samplingRate":"16kHz","audioPath":"/Mock/04.RND/Male/Experienced/ckmk_q_rnd_m_e_49242.wav"},"answer":{"fileFormat":"wav","fileSize":2631758,"duration":82240,"samplingBit":16,"channelCount":1,"samplingRate":"16kHz","audioPath":"/Mock/04.RND/Male/Experienced/ckmk_a_rnd_m_e_49242.wav"}}}