{"version":"1.0","dataSet":{"info":{"date":"20230116","occupation":"RND","channel":"MOCK","place":"ONLINE","gender":"MALE","ageRange":"45-54","experience":"EXPERIENCED"},"question":{"raw":{"text":"면접자님은 입사하면 어떤 사람이 되고 싶으세요","wordCount":6},"emotion":[],"intent":[]},"answer":{"raw":{"text":"제가 입사를 하게 된다면 좀 건방진 말씀인지 모르겠지만 어 주변 사람을 아우르는 사람이 되고 싶습니다. 어 저는 전에 직장에서도 그렇게 지내왔고 이것이 회사 생활을 하는데 어 가장 이상적인 중간자의 입장이라고 생각을 합니다. 어 저는 전에 직장에서도 제일 중요시했던 게 소통이었습니다. 어 직원들 간에 서로 소통하고 서로 공감대가 있어야지 그 공감대로 인해서 우리가 어떤 프로젝트가 주어졌을 때 공동의 목적을 정해 가지고 그 목적을 위해서 노력해 왔던 것 같습니다. 제가 저는 입사를 하게 되면 어 제 상사 직원이나 동료 부하 직원과 소통이 잘 되고 그 직원들과 잘 어울릴 수 있는 그런 사람이 되고 싶습니다. 어 그것은 회사 생활을 하거나 어 뭐 업무적인 업무를 수행하는 데 있어서 매우 중요한 문제라고 생각을 합니다. 어 아랫사람들한테는 조금 따뜻하고 윗사람들한테는 싹싹하고 제 동료에게는 서로 어 위안을 줄 수 있는 그런 동료가 되고 싶습니다.","wordCount":127},"emotion":[{"text":"제가 입사를 하게 된다면 좀 건방진 말씀인지 모르겠지만 어 주변 사람을 아우르는 사람이 되고 싶습니다.","expression":"u-belief","category":"neutral"},{"text":"제가 저는 입사를 하게 되면   어 제 상사 직원이나 동료 부하 직원과 소통이 잘 되고 그 직원들과 잘 어울릴 수 있는 그런 사람이 되고 싶습니다.","expression":"u-belief","category":"neutral"},{"text":"어 그것은 회사 생활을 하거나 어   뭐 업무적인 업무를 수행하는 데 있어서 매우 중요한 문제라고 생각을 합니다.","expression":"u-belief","category":"neutral"},{"text":"어 아랫사람들한테는 조금 따뜻하고 윗사람들한테는   싹싹하고 제 동료에게는 서로 어 위안을 줄 수 있는 그런 동료가 되고 싶습니다.","expression":"p-affection","category":"positive"}],"intent":[{"text":"어 직원들 간에 서로 소통하고 서로 공감대가 있어야지 그 공감대로 인해서   우리가 어떤 프로젝트가 주어졌을 때 공동의 목적을 정해 가지고 그 목적을 위해서 노력해 왔던 것 같습니다.","expression":"c_cop","category":"personality"}],"summary":{"text":"직장에서도 소통과 공감대를 중요시했습니다. 그것은 회사 생활이나 업무적인 업무를 수행하는 데 있어서 중요한 문제라고 생각합니다.","wordCount":15}}},"rawDataInfo":{"question":{"fileFormat":"wav","fileSize":217678,"duration":6800,"samplingBit":16,"channelCount":1,"samplingRate":"16kHz","audioPath":"/Mock/04.RND/Male/Experienced/ckmk_q_rnd_m_e_54271.wav"},"answer":{"fileFormat":"wav","fileSize":2336718,"duration":73020,"samplingBit":16,"channelCount":1,"samplingRate":"16kHz","audioPath":"/Mock/04.RND/Male/Experienced/ckmk_a_rnd_m_e_54271.wav"}}}