{"version":"1.0","dataSet":{"info":{"date":"20230116","occupation":"RND","channel":"MOCK","place":"ONLINE","gender":"MALE","ageRange":"45-54","experience":"EXPERIENCED"},"question":{"raw":{"text":"아 요즘에 뭐 아주 치열한 경쟁 속에서 지내다 보니까 어떤 분야든지 우리가 매일 꾸준히 다들 공부를 하고 계실 거예요 그러면 어 본인이 매일 공부하고 있는 분야가 있다면 분야가 있는지에 대해서 말씀해 보세요","wordCount":32},"emotion":[],"intent":[]},"answer":{"raw":{"text":"아 먼저 제가 매일 공부하고 있는 분야는 따로 가지고 있습니다. 지금도 해외 영업 관련해서 가장 중요한 부분은 소통이라고 생각을 합니다. 외국어 구사 능력을 통한 중국 현 현지인들과의 소통은 해외 영업에서 가장 기본이 되는 부분들입니다. 그런 기본 부분들을 계속 연마를 하기 위해 영어와 중국어 일본어는 매일 조금씩 공부를 하고 있습니다. 따로 어 영화를 보거나 아니면 관련된 뉴스를 보거나 그리고 제가 지금 하고 계속 하고 있는 부분들이 어 디스플레이 업계 중에 오토 모티브 관련된 내용들입니다. 이런 부분들은 매일매일 새로운 기술 트렌드나 이런 부분들에 에 민감하게 에 현재의 트렌드 고객의 리즈를 파악해야 되는 부분들이 있어서 관련 전자 신문이나 이런 부분들을 보고 있습니다. 어 언어 뿐만이 아니라 제가 특히 관심을 갖고 있는 중국 그리고 어 제가 담당하고 있는 중국 지역과 일본 지역에 대해서는 오토모티브 쪽 관련된 전시회라든지 아니면 여러 가지 자료를 검색할 지금도 어 하고 있는 부분이 있습니다.","wordCount":134},"emotion":[],"intent":[{"text":"","expression":"","category":"attitude"}],"summary":{"text":"외국어 구사 능력을 통한 중국 현 현지인들과의 소통은 해외 영업에서 가장 기본이 되는 부분들입니다. 그래서 매일 영화나 관련 뉴스를 보거나, 디스플레이 업계 중에 오토 모티브와 관련된 내용들을 보고 있으며, 특히 관심을 갖고 있는 중국 지역과 일본 지역에 대해서는 여러 가지 자료를 검색하고 있습니다.","wordCount":43}}},"rawDataInfo":{"question":{"fileFormat":"wav","fileSize":605518,"duration":18920,"samplingBit":16,"channelCount":1,"samplingRate":"16kHz","audioPath":"/Mock/04.RND/Male/Experienced/ckmk_q_rnd_m_e_46656.wav"},"answer":{"fileFormat":"wav","fileSize":2626318,"duration":82070,"samplingBit":16,"channelCount":1,"samplingRate":"16kHz","audioPath":"/Mock/04.RND/Male/Experienced/ckmk_a_rnd_m_e_46656.wav"}}}