{"version":"1.0","dataSet":{"info":{"date":"20230116","occupation":"RND","channel":"MOCK","place":"ONLINE","gender":"MALE","ageRange":"55-","experience":"EXPERIENCED"},"question":{"raw":{"text":"지원자분이 대학교를 다니셨을 때나 이전에 직장에서 일하셨을 때 지원자분 본인만이 창의적인 방법으로 문제 상황에 부딪쳤을 때 이런 문제를 해결한 경험이 있나요","wordCount":21},"emotion":[],"intent":[]},"answer":{"raw":{"text":"본인만의 창의적으로 문제를 해결한 경험은. 어 제 나름대로 창의적으로 문제를 해결한 경험은 어 특별히 많지는 않은 것 같습니다. 하지만 하나의 경험이 있다면은 업체하고의 클레임이 많이 생겼는데 그 클레임을 해결하는 문제에 있어서 어 회사의 손해를 많이 어 적게 해줬던 그런 부분이었던 것 같습니다. 또한 아 돈을 받지 못했던 그런 부분이 있었는데 그러한 것들을 어 여러모로 노력을 해서 그런 것들을 많이 어 손해를 최소화 했던 그런 경험이 있는 것 같습니다.","wordCount":68},"emotion":[],"intent":[{"text":"하지만 하나의 경험이 있다면은   업체하고의 클레임이 많이 생겼는데 그 클레임을 해결하는 문제에 있어서 어   회사의 손해를 많이 어 적게 해줬던 그런 부분이었던 것 같습니다.","expression":"r_prsv","category":"attitude"}],"summary":{"text":"본인만의 창의적 문제 해결 경험은 별로 많지 않으나, 업체와의 클레임 해결에 있어 회사의 손해를 적게 해줬던 것과 돈을 받지 못했던 부분의 손해를 최소화 했던 경험이 있습니다.","wordCount":26}}},"rawDataInfo":{"question":{"fileFormat":"wav","fileSize":389198,"duration":12160,"samplingBit":16,"channelCount":1,"samplingRate":"16kHz","audioPath":"/Mock/04.RND/Male/Experienced/ckmk_q_rnd_m_e_62216.wav"},"answer":{"fileFormat":"wav","fileSize":2225998,"duration":69560,"samplingBit":16,"channelCount":1,"samplingRate":"16kHz","audioPath":"/Mock/04.RND/Male/Experienced/ckmk_a_rnd_m_e_62216.wav"}}}