{"version":"1.0","dataSet":{"info":{"date":"20230116","occupation":"RND","channel":"MOCK","place":"ONLINE","gender":"MALE","ageRange":"35-44","experience":"EXPERIENCED"},"question":{"raw":{"text":"회사에 취업을 하게 되면 회사에서 주어지는 업무가 많이 있을 것입니다 그런데 개인적으로 그 회사의 것 말고 더 연구 개발하고 싶은 개인적인 분야가 있으십니까","wordCount":23},"emotion":[],"intent":[]},"answer":{"raw":{"text":"제가 개발하고 싶은 분야는 딥 러닝 및 머신 러닝을 기반으로 한 영상 촬영 기계입니다. 예를 들어 피부과나 성행외과에서 환자들의 얼굴을 촬영했을 때 그 얼굴에 맞는 화장품이 무엇이며 피부 상태는 어떻고 그 피부가 일 년 후 삼 년 후 오 년 후 어떻게 관리함에 따라서 늙어가는지에 대한 연대 측정을 보여주는 것입니다. 예를 들어 어떤 상품과 하나의 결합을 한다고 치면 사십 대 후반에 여자분이 기미가 많아서 피부과에 왔을 때 그 영상 촬영 기계로 얼굴을 촬영을 하면 이 기미의 종류는 무엇이고 이 기미의 치료법은 무엇이며 어떤 링크를 통해서 어떻게 들어가면 이 비슷한 제품을 찾을 수 있고 이것을 예방할 수 있는 방법은 무엇인지에 대한 정확한 설명을 보여주는 것입니다. 이 역시 고객의 연락처 및 이메일 또는 카카오톡 같은 에스엔에스와 연계하여 여러분의 피부가 이렇게 되어 가고 있고 한 달 후에는 이렇게 되어가고 있습니다 라는 거를 계속적으로 보여주고 그러면서 고객의 신뢰를 얻는 것입니다. 또는 고객이 자신의 얼굴을 핸드폰으로 연결된 이 프로그램으로 찍어서 병원에 보내면 지금 어떻게 관리가 잘되고 있는지에 대한 지속적인 지속적인 관리를 통해서 피부 관리를 할 수 있게끔 해주는 프로그램입니다.","wordCount":164},"emotion":[],"intent":[{"text":"","expression":"","category":"attitude"}],"summary":{"text":"딥 러닝 및 머신 러닝을 기반으로 한 영상 촬영 기계를 개발하여 피부과나 성행외과에서 환자들의 얼굴을 촬영했을 때 얼굴에 맞는 화장품이 무엇이며 피부 상태는 어떠하며 어떻게 관리함에 따라서 늙어가는지에 대한 연대 측정을 보여주는 것을 개발하고 싶습니다.","wordCount":35}}},"rawDataInfo":{"question":{"fileFormat":"wav","fileSize":561358,"duration":17540,"samplingBit":16,"channelCount":1,"samplingRate":"16kHz","audioPath":"/Mock/04.RND/Male/Experienced/ckmk_q_rnd_m_e_173223.wav"},"answer":{"fileFormat":"wav","fileSize":2810958,"duration":87840,"samplingBit":16,"channelCount":1,"samplingRate":"16kHz","audioPath":"/Mock/04.RND/Male/Experienced/ckmk_a_rnd_m_e_173223.wav"}}}