{"version":"1.0","dataSet":{"info":{"date":"20230116","occupation":"RND","channel":"MOCK","place":"ONLINE","gender":"MALE","ageRange":"35-44","experience":"EXPERIENCED"},"question":{"raw":{"text":"지원자님께서는 지원 분야에 지원하기 위해서 어떠한 노력들을 해 왔는지 생각나는 대로 자세하게 말씀해 주시기 바랍니다","wordCount":15},"emotion":[],"intent":[]},"answer":{"raw":{"text":"이 분야에서 일하기 위해서 저는 데이터 사이언스 과정을 이수했습니다. 데이터 사이언스는 빅데이터를 운영하고 수집하여 어떻게 해석하고 분석할 건지에 대한 일종의 과목이고 이 빅데이터를 기반으로 머신 러닝이나 딥 러닝을 공부하고 있습니다. 사람이 지속적으로 공부를 해서 얻을 수 있는 지식을 에이아이가 일 분 십 분 한 시간 안에 지속적으로 계속 공부하게 되는 머신 러닝과 이 공부한 내용으로 스스로 개발하고 발전하여 어떻게 하면 더 좋은 프로그램 및 시스템을 만들까 하는 것이 딥러닝인데요. 딥러닝을 공부하다 보면 우리 뇌 신경망 회로가 어떻게 움직이고 우리가 어떤 논리 회로를 가지고 일을 하는지를 정확하게 알 수 있습니다. 아까 말씀드렸던 피부과나 성형외과에서 쓰는 촬영 기계로 어떻게 하면 환자분들의 피부를 좋게 만들고 오 년 후 십 년 후에 노화를 방지할 수 있는지에 대한 정확한 데이터를 가지고 어떤 화장품 어떤 클렌징 크림을 쓰면 이 화 환자에게 가장 최적화 되어있는지에 대한 데이터를 수집하여 이것을 프로젝트화 한 경험도 있습니다.","wordCount":136},"emotion":[{"text":"이 분야에서 일하기 위해서 저는 데이터 사이언스 과정을 이수했습니다.","expression":"u-fact","category":"neutral"},{"text":"아까 말씀드렸던 피부과나 성형외과에서 쓰는 촬영 기계로 어떻게 하면   환자분들의 피부를 좋게 만들고 오 년 후 십 년 후에 노화를 방지할 수 있는지에 대한 정확한 데이터를 가지고   어떤 화장품 어떤 클렌징 크림을 쓰면 이 화 환자에게 가장 최적화 되어있는지에 대한 데이터를 수집하여 이것을 프로젝트화 한 경험도 있습니다.","expression":"u-fact","category":"neutral"}],"intent":[{"text":"이 분야에서 일하기 위해서 저는 데이터 사이언스 과정을 이수했습니다.","expression":"r_prof","category":"attitude"},{"text":"아까 말씀드렸던 피부과나 성형외과에서 쓰는 촬영 기계로 어떻게 하면   환자분들의 피부를 좋게 만들고 오 년 후 십 년 후에 노화를 방지할 수 있는지에 대한 정확한 데이터를 가지고   어떤 화장품 어떤 클렌징 크림을 쓰면 이 화 환자에게 가장 최적화 되어있는지에 대한 데이터를 수집하여 이것을 프로젝트화 한 경험도 있습니다.","expression":"r_prof","category":"attitude"}],"summary":{"text":"데이터 사이언스 과정을 이수하고 빅데이터를 기반으로 머신 러닝이나 딥 러닝을 공부하고 있습니다. 딥러닝을 공부하다 보면 우리 뇌 신경망 회로가 어떻게 움직이고 어떤 논리 회로를 가지고 일을 하는지 정확하게 알 수 있습니니다. 피부과나 성형외과에서 쓰는 촬영 기계로 환자분들의 피부 개선법에 대한 데이터를 수집한 경험도 있었습니다.","wordCount":44}}},"rawDataInfo":{"question":{"fileFormat":"wav","fileSize":451278,"duration":14100,"samplingBit":16,"channelCount":1,"samplingRate":"16kHz","audioPath":"/Mock/04.RND/Male/Experienced/ckmk_q_rnd_m_e_173224.wav"},"answer":{"fileFormat":"wav","fileSize":2549838,"duration":79680,"samplingBit":16,"channelCount":1,"samplingRate":"16kHz","audioPath":"/Mock/04.RND/Male/Experienced/ckmk_a_rnd_m_e_173224.wav"}}}