{"version":"1.0","dataSet":{"info":{"date":"20230116","occupation":"RND","channel":"MOCK","place":"ONLINE","gender":"MALE","ageRange":"35-44","experience":"EXPERIENCED"},"question":{"raw":{"text":"구조물을 설계해 할 때 이런 이런 이런 점들을 고려해야 한다 자 제시해 주시기 바랍니다","wordCount":14},"emotion":[],"intent":[]},"answer":{"raw":{"text":"네 구조물을 설계할 때 고려해야 할 점이 무엇이고 또 그 부분에 대해서 생각나는 대로 답변 드리도록 하겠습니다. 시작이 반이라는 말이 있습니다. 항상 첫 기퉁 기둥이 제일 중요할 것 같은데 어 처음에 할 때 그 땅 터파기 작업부터 시작해서 철골 작업 그 서 땅을 메꾸는 이제 땅에 기둥이 될 수 있는 그 중심이 될 수 있는 어 포 시멘트 작업부터 해서 어 가장 첫 주 출발이 중요할 것 같습니다. 이 출발부터 구조물을 설계할 때 음 불법적인 요소나 좀 이렇게 어 내용물이 튼실하지 못해서 무너지는 상황이 안 될 수도 있기 때문에 어 시작이 반이라는 말을 생각해서 꼭 첫 기둥부터 이런 어 잘 갖춰진 기둥이 만들어져야 구조물이 만들어지지 않을까 싶습니다. 그리고 또한 이제 부실공사가 되지 않게끔 어 또 인력 인력 용 용역들을 좀 혜택을 줘서 일을 할 수 있는 능력을 그 사기도 많이 올려줘야 하고 그래야 부실공사가 일어나지 않는다고 생각합니다. 그런 안전관리사 라든지 이런 역할들을 비중을 늘려서 부실 공사가 없어져야 할 것 같습니다. 이상입니다.","wordCount":151},"emotion":[{"text":"시작이 반이라는 말이 있습니다.","expression":"u-fact","category":"neutral"}],"intent":[{"text":"","expression":"","category":"attitude"}],"summary":{"text":"구조물을 설계할 때 첫 주 출발부터 잘 갖춰진 기둥이 만들어져야 구조물이 만들어지고, 부실공사가 되지 않게끔 인력 인력용 용역들을 혜택을 줘서 일을 할 수 있는 능력을 그 사기도 많이 올려줘야 하고, 그런 안전관리사 다든지 이런 역할들을 비중을 늘려서 부실 공사가 없어져야 할 것 같습니다.","wordCount":43}}},"rawDataInfo":{"question":{"fileFormat":"wav","fileSize":457678,"duration":14300,"samplingBit":16,"channelCount":1,"samplingRate":"16kHz","audioPath":"/Mock/04.RND/Male/Experienced/ckmk_q_rnd_m_e_230216.wav"},"answer":{"fileFormat":"wav","fileSize":2741198,"duration":85660,"samplingBit":16,"channelCount":1,"samplingRate":"16kHz","audioPath":"/Mock/04.RND/Male/Experienced/ckmk_a_rnd_m_e_230216.wav"}}}