{"version":"1.0","dataSet":{"info":{"date":"20230116","occupation":"RND","channel":"MOCK","place":"ONLINE","gender":"MALE","ageRange":"45-54","experience":"EXPERIENCED"},"question":{"raw":{"text":"직무 수행 시 난관에 봉착했다면 어떻게 해야 하는가요","wordCount":8},"emotion":[],"intent":[]},"answer":{"raw":{"text":"직무수행 시 난관에 봉착했을 때는 주위에 주위에 도움을 청하는 것이 가장 옳은 방법이라고 생각을 합니다. 어떤 직무든 간에 본인 스스로 해결을 하면 좋겠지만 그 직무가 어 우선적으로는 해결이 돼야 되기 때문에 내 스스로 그 능력이 부족하다고 느꼈을 때는 어 빨리 주위에 알려서 뭐 선배나 후배 때로는 후배 한테 도움을 청하는 것이 직무를 수행하는데 옳은 행동인 것 같습니다. 어 직무 직무라는 것은 회사가 나에게 맡겨진 일이지만 내가 그것을 내 능력 부족으로 혹은 어 내 부족감으로 직무를 못 직무를 수행 못하는 것 보다는 주위에 도움을 청해서 청해서라도 그 직무를 수행하는 것이 회사에 결국은 저에게 도움이 된다라고 생각하기 때문입니다.","wordCount":96},"emotion":[],"intent":[{"text":"","expression":"","category":"attitude"}],"summary":{"text":"직무수행 시 난관에 봉착했을 때는 주위에 도움을 청하는 것이 가장 옳은 방법이라고 생각합니다. 자기 스스로 능력이 부족하다고 느꼈을 때는 빨리 주위에 알려서 선배나 후배 때로는 후배 한테 도움이 도와야 한다고 생각합니다.","wordCount":31}}},"rawDataInfo":{"question":{"fileFormat":"wav","fileSize":241358,"duration":7540,"samplingBit":16,"channelCount":1,"samplingRate":"16kHz","audioPath":"/Mock/04.RND/Male/Experienced/ckmk_q_rnd_m_e_49234.wav"},"answer":{"fileFormat":"wav","fileSize":2070478,"duration":64700,"samplingBit":16,"channelCount":1,"samplingRate":"16kHz","audioPath":"/Mock/04.RND/Male/Experienced/ckmk_a_rnd_m_e_49234.wav"}}}