{"version":"1.0","dataSet":{"info":{"date":"20230116","occupation":"RND","channel":"MOCK","place":"ONLINE","gender":"MALE","ageRange":"45-54","experience":"EXPERIENCED"},"question":{"raw":{"text":"지원자가 지원한 직무에 대해서 설명해 주세요","wordCount":6},"emotion":[],"intent":[]},"answer":{"raw":{"text":"제가 지원한 직무는 어 대중을 상대로 하는 것이 아닌 기업이나 공장 어 업체에서 어 요구하는 제품을 만들어서 납품하는 것입니다. 어 그 직무를 잘 수행하기 위해서는 시장에 대해서 잘 알고 있어야 됩니다. 어 어느 공장에서 어느 기업에서 이러한 제품이 필요한 것을 미리 파악해서 준비를 해야 되는 과정이 있습니다. 그것은 여태까지의 그 물류의 흐름이라든지 그 회사에 대한 정보를 통해서 알 수 있습니다. 회사 같은 경우에는 그 제품의 장단점을 파악을 해 가지고 그거에 대한 도면을 만들어서 미리 그 회사에다가 주문 어 역으로 의뢰를 하는 것입니다. 우리 회사에서 이러이러한 제품을 만들었는데 너네가 써보지 않겠니 하면서 그 제품에 대한 피드백이라든지 장점 단점 현재 그 회사에서 사용하고 있는 것들의 단점 등을 파악해서 우리의 장점을 극대화시켜서 그곳에다가 그 제품을 납품하는 게 주 업무로 알고 있습니다.","wordCount":118},"emotion":[],"intent":[{"text":"","expression":"","category":"attitude"}],"summary":{"text":"저는 대중을 상대로 하는 것이 아닌 기업이나 공장, 업체에서 요구하는 제품을 만들어서 납품하는 직무를 지원했습니다. 이를 수행하기 위해서는 시장에 대해 잘 알고 있어야 합니다. 물류의 흐름과 회사에 대한 정보를 통해 미리 제품 장단점을 파악하여 그 장점을 극대화시켜 납품하는 것이 주 업무입니다.","wordCount":41}}},"rawDataInfo":{"question":{"fileFormat":"wav","fileSize":233678,"duration":7300,"samplingBit":16,"channelCount":1,"samplingRate":"16kHz","audioPath":"/Mock/04.RND/Male/Experienced/ckmk_q_rnd_m_e_44574.wav"},"answer":{"fileFormat":"wav","fileSize":2285838,"duration":71430,"samplingBit":16,"channelCount":1,"samplingRate":"16kHz","audioPath":"/Mock/04.RND/Male/Experienced/ckmk_a_rnd_m_e_44574.wav"}}}