{"version":"1.0","dataSet":{"info":{"date":"20230116","occupation":"RND","channel":"MOCK","place":"ONLINE","gender":"MALE","ageRange":"45-54","experience":"EXPERIENCED"},"question":{"raw":{"text":"협업하는 과제와 혼자 하는 과제 중에 어떤 것을 더 선호하시고 그 이유는 뭡니까","wordCount":13},"emotion":[],"intent":[]},"answer":{"raw":{"text":"협업하는 과제와 혼자 하는 과제 중 선호하는 걸 물어보면 저는 혼자 하는 과제를 더 선호합니다. 협업이라는 게 여러 사람이 같이 뜻을 맞추다 보니 더 큰 효과가 더 좋은 그 성적을 이루어낼 수도 있지만 여럿이 같이 일하려다 보면 오히려 그게 능률이 떨어지는 경우도 있습니다. 어 물론 협업을 해서 되 해야 될 프로젝트가 있고 개인이 하는 게 더 어 효 효율이 높은 프로젝트가 있다라고 생각을 합니다. 그건 프로젝트의 성격에 따라서 좀 달라지겠지만 저는 개인적으로 혼자 하는 것을 더 선호합니다. 그 이유는 여태까지 그 프로젝트를 수행하면서 저는 개인적으로 했던 프로젝트가 좀 더 성과가 좋았던 것 같습니다. 개인적으로 할 수 있다라는 거는 일단 좀 더 자유로울 수 있다라는 겁니다. 자유로울 수 있다라는 거는 뭐 시간을 마음대로 쓰고 뭐 이렇게 그 뭐 방자한 것이 아닌 그 일을 할 때 일을 하고 어 약간 좀 일이 안 된다라든지 그럴 때는 뭐 눈을 돌려서 좀 쉬든지 하면서 시간을 자유롭게 쓸 수 있다 보니 좀 더 일을 함에 있어서 효율적이고 더 능률이 오르는 것 같습니다. 저는 그래서 어 혼자 하는 프로젝트와 협업하는 프로젝트가 있다 그러면 혼자 하는 프로젝트를 더 선호하는 편입니다.","wordCount":173},"emotion":[],"intent":[{"text":"","expression":"","category":"attitude"}],"summary":{"text":"협업 과제와 혼자 하는 과제 중 저는 혼자 하는 과제를 더 선호합니다. 협업은 여러 사람이 같이 뜻을 맞추다 보니 더 큰 효과가 더 좋은 성적을 이루어낼 수도 있지만, 여럿이 같이 일하려다 보니 오히려 그게 능률이 떨어지는 경우도 있습니다. 개인적으로 혼자 하는 것을 더 선호하는 이유는 그동안 개인적으로 했던 프로젝트가 좀 더 성과가 좋았기 때문입니다.","wordCount":54}}},"rawDataInfo":{"question":{"fileFormat":"wav","fileSize":276558,"duration":8640,"samplingBit":16,"channelCount":1,"samplingRate":"16kHz","audioPath":"/Mock/04.RND/Male/Experienced/ckmk_q_rnd_m_e_49557.wav"},"answer":{"fileFormat":"wav","fileSize":2706638,"duration":84580,"samplingBit":16,"channelCount":1,"samplingRate":"16kHz","audioPath":"/Mock/04.RND/Male/Experienced/ckmk_a_rnd_m_e_49557.wav"}}}