{"version":"1.0","dataSet":{"info":{"date":"20230116","occupation":"RND","channel":"MOCK","place":"ONLINE","gender":"MALE","ageRange":"45-54","experience":"EXPERIENCED"},"question":{"raw":{"text":"지원한 직무에 가장 중요한 역량은 뭐라고 생각하시나요","wordCount":7},"emotion":[],"intent":[]},"answer":{"raw":{"text":"어 직무를 수행하는 데 가장 중요한 것은 그 업무를 수행하는 본인 스스로의 역량입니다. 그 일을 어떤 일이 저한테 주어졌을 때 그것을 수행할 수 있는 준비가 돼 있어야지 그 업무를 어 완벽하게 맞출 수가 있기 때문입니다. 스스로가 준비가 안 되어 있고 그 업무에 대한 역량이 없다면 그 일은 어 도저히 해 도저히 해결해 낼 수가 없습니다. 업무 역량이라는 것은 뭐 하루아침에 쌓이는 건 아니겠지만 계속 일을 하면서 피드백을 하고 본인이 한 거에 대해서 어 다시 한 번 뒤돌아보고 반성하고 개선점을 찾는 것입니다. 스스로 그 업무에 대한 역량이 있을 때 누구보다 자신감 있게 어 나의 나의 기술을 제공할 수 있고 그것으로 인해서 더 조금 더 완벽한 제품을 만들 수 있다 라고 생각을 합니다.","wordCount":111},"emotion":[],"intent":[{"text":"","expression":"","category":"attitude"}],"summary":{"text":"직무 수행에 가장 중요한 것은 업무를 수행할 수 있는 스스로의 역량입니다. 그 업무에 대한 역량이 있을 때 자신감 있게 저의 저의 기술을 제공할 수 있고 그것으로 인해 더 조금 더 완벽한 제품을 만들 수 있다 라고 생각을 합니다.","wordCount":38}}},"rawDataInfo":{"question":{"fileFormat":"wav","fileSize":205838,"duration":6430,"samplingBit":16,"channelCount":1,"samplingRate":"16kHz","audioPath":"/Mock/04.RND/Male/Experienced/ckmk_q_rnd_m_e_44575.wav"},"answer":{"fileFormat":"wav","fileSize":1914958,"duration":59840,"samplingBit":16,"channelCount":1,"samplingRate":"16kHz","audioPath":"/Mock/04.RND/Male/Experienced/ckmk_a_rnd_m_e_44575.wav"}}}