{"version":"1.0","dataSet":{"info":{"date":"20230116","occupation":"RND","channel":"MOCK","place":"ONLINE","gender":"MALE","ageRange":"35-44","experience":"EXPERIENCED"},"question":{"raw":{"text":"뉴턴의 법칙에는 일 이 삼 법칙이 있는데요 그 일 이 삼 법칙에 대해서 아시는 대로 순서대로 설명해 주십시오","wordCount":18},"emotion":[],"intent":[]},"answer":{"raw":{"text":"뉴턴 제 일 법칙은 관성의 법칙이라고 합니다. 운동하는 물체는 계속 운동하려고 하고 정지해 있는 물체는 계속 정지해 쓰려고 합니다. 예를 들어 움직이는 버스에 사람이 있으면 사람은 버스가 움직이는 방향으로 같이 움직이고 있습니다. 하지만 버스가 급 정거를 하면 사람은 버스가 움직이던 방향으로 확 튀어나가게 됩니다. 이것이 바로 사람이 관성의 법칙에 의해서 운동을 하고 있다 라는 것입니다. 뉴턴 이 법칙은 가속도의 법칙으로 힘은 가속도에 비례한다는 것입니다. 예를 들어 에프는 힘 엠은 질량 에이는 가속도 그러면 에프는 에이 라는 게 성립되는 것이 가속도 법칙입니다. 뉴턴 삼 법칙은 작용 반작용에 대한 법칙입니다. 예를 들어 우리가 손바닥 마주치기를 서로 하면 서로 힘의 크기의 차이는 있지만 손바닥을 부딪치면 부딪침과 서로 반대에 있는 사람도 똑같이 튀어나가게 되어 있습니다. 또 하나는 예를 들어 우리가 손바닥으로 벽을 밀면 벽도 우리를 똑같이 밀기 때문에 벽이 바깥으로 나가지는 않지만 사람이 바깥으로 튀어나갑니다. 우리가 야구 빠뜨를 가지고 야구 공을 칠 때도 야구 공과 베트 사이에는 작용 반작용에 의해서 공이 멀리 튀어나가는 것이 작용 반작용에 제 뉴턴 제 삼 법칙입니다.","wordCount":157},"emotion":[{"text":"뉴턴 제 일 법칙은 관성의 법칙이라고 합니다.","expression":"u-fact","category":"neutral"},{"text":"뉴턴 이 법칙은 가속도의 법칙으로 힘은 가속도에 비례한다는 것입니다.","expression":"u-fact","category":"neutral"},{"text":"예를 들어 에프는 힘 엠은 질량 에이는 가속도 그러면 에프는 에이 라는 게 성립되는 것이 가속도 법칙입니다.","expression":"u-fact","category":"neutral"},{"text":"뉴턴 삼 법칙은 작용 반작용에 대한 법칙입니다.","expression":"u-fact","category":"neutral"},{"text":"우리가   야구 빠뜨를 가지고 야구 공을 칠 때도 야구 공과 베트 사이에는 작용 반작용에 의해서 공이 멀리 튀어나가는 것이 작용 반작용에 제 뉴턴 제 삼 법칙입니다.","expression":"u-fact","category":"neutral"}],"intent":[{"text":"","expression":"","category":"attitude"}],"summary":{"text":"뉴턴 제 일 법칙은 관성의 법칙이고, 뉴턴 이 법칙은 가속도의 법칙으로 힘은 가속도에 비례한다는 것입니다. 뉴턴 삼 법칙은 작용 반작용에 대한 법칙으로 힘의 크기의 차이는 있지만 부딪침과 반대에 있는 사람도 똑같이 튀어나가게 되어 있다는 것 등입니다.","wordCount":36}}},"rawDataInfo":{"question":{"fileFormat":"wav","fileSize":395278,"duration":12350,"samplingBit":16,"channelCount":1,"samplingRate":"16kHz","audioPath":"/Mock/04.RND/Male/Experienced/ckmk_q_rnd_m_e_196700.wav"},"answer":{"fileFormat":"wav","fileSize":2789518,"duration":87170,"samplingBit":16,"channelCount":1,"samplingRate":"16kHz","audioPath":"/Mock/04.RND/Male/Experienced/ckmk_a_rnd_m_e_196700.wav"}}}