{"version":"1.0","dataSet":{"info":{"date":"20230116","occupation":"RND","channel":"MOCK","place":"ONLINE","gender":"MALE","ageRange":"55-","experience":"EXPERIENCED"},"question":{"raw":{"text":"주취자에게 폭행을 당하여 구급 대원이 순직하셨는데 어떻게 생각이 드나요","wordCount":9},"emotion":[],"intent":[]},"answer":{"raw":{"text":"구급대원이 주취자에게 폭행을 당해 순직하셨는데 어떻게 생각하나요. 어 구급대원이 참으로 많은 일에 어 솔선수범하고 어려운 환경 가운데 일을 하는 것이 구급대원의 역할이고 또한 우리에게 많은 도움을 주고 있습니다. 술 취한 자에게 폭행을 당한 것도 억울한데 순직까지 하셨다면 참으로 우리 사회에 그러한 봉사 활동을 하시는 그런 분들에게 참으로 안타까운 일이라고 생각을 합니다. 참으로 그런 일들은 없애야 될 것이라고 생각하고 또한 그러한 주취자에게 어 또한 강력한 처벌이 있어야 될 걸로 생각을 합니다.","wordCount":70},"emotion":[{"text":"어 구급대원이 참으로 많은 일에 어 솔선수범하고 어려운 환경 가운데 일을 하는 것이 구급대원의 역할이고 또한 우리에게 많은 도움을 주고 있습니다.","expression":"u-fact","category":"neutral"}],"intent":[{"text":"","expression":"","category":"attitude"}],"summary":{"text":"구급대원이 주취자에게 폭행을 당해 순직하셨는데 어떻게 생각하나요. 솔선수범하고 어려운 환경 가운데 일을 하는 것이 구급 대원의 역할이고 그런 분들에게 참으로 안타까운 일이라고 생각을 합니다. 주취자에게 강력한 처벌이 있어야 될 걸로 생각을 합니다.","wordCount":32}}},"rawDataInfo":{"question":{"fileFormat":"wav","fileSize":229838,"duration":7180,"samplingBit":16,"channelCount":1,"samplingRate":"16kHz","audioPath":"/Mock/04.RND/Male/Experienced/ckmk_q_rnd_m_e_62218.wav"},"answer":{"fileFormat":"wav","fileSize":1614158,"duration":50440,"samplingBit":16,"channelCount":1,"samplingRate":"16kHz","audioPath":"/Mock/04.RND/Male/Experienced/ckmk_a_rnd_m_e_62218.wav"}}}