{"version":"1.0","dataSet":{"info":{"date":"20230116","occupation":"RND","channel":"MOCK","place":"ONLINE","gender":"MALE","ageRange":"45-54","experience":"EXPERIENCED"},"question":{"raw":{"text":"지원자님은 본인이 숫자 쪽에 더 가까운 사람이라고 보시나요 아니면 창의 쪽에 더 가까운 사람이라고 보시나요 어느 쪽에 가까운 게 더 이롭다고 보세요","wordCount":22},"emotion":[],"intent":[]},"answer":{"raw":{"text":"아 저는 숫자와 창의 중에 숫자에 더 가까운 사람이라고 생각합니다. 아 왜냐하면은 제가 이과 출신이다 보니까 아무래도 어렸을 때부터 어 어떤 이쪽 그 숫자 관련된 그런 경험도 많고 어 일단 무엇이든 숫자로 표현되는 것이 저에게는 편하게 다가오는 것 같습니다. 어 그 말로 설명된 것보다 어떤 수식이나 숫자로 표현을 하면 보다 더 명확하고 정확하게 어 표현되는 것으로 생각도 되고 저 또한 어 뭔가 더 정확하게 표현을 하고 싶다 싶을 때는 아 숫자 이런 개념을 많이 어 이용을 하는 것 같습니다. 그래서 저는 창의 보다는 숫자에 더 가까운 사람입니다.","wordCount":87},"emotion":[],"intent":[{"text":"","expression":"","category":"attitude"}],"summary":{"text":"저는 숫자와 창의 중에 숫자에 더 가까운 사람이라고 생각합니다. 왜냐하면 어렸을 때부터 숫자와 관련된 경험도 많고 숫자로 표현되는 것이 편하기 때문입니다. 그래서 저는 창의보다 숫자에 더욱 가깝다고 생각합니다.","wordCount":28}}},"rawDataInfo":{"question":{"fileFormat":"wav","fileSize":597198,"duration":18660,"samplingBit":16,"channelCount":1,"samplingRate":"16kHz","audioPath":"/Mock/04.RND/Male/Experienced/ckmk_q_rnd_m_e_102362.wav"},"answer":{"fileFormat":"wav","fileSize":1923918,"duration":60120,"samplingBit":16,"channelCount":1,"samplingRate":"16kHz","audioPath":"/Mock/04.RND/Male/Experienced/ckmk_a_rnd_m_e_102362.wav"}}}