{"version":"1.0","dataSet":{"info":{"date":"20230116","occupation":"RND","channel":"MOCK","place":"ONLINE","gender":"MALE","ageRange":"45-54","experience":"EXPERIENCED"},"question":{"raw":{"text":"어떠한 이유로 이 분야에 관심을 가지게 되었고 지원하게 되었습니까","wordCount":9},"emotion":[],"intent":[]},"answer":{"raw":{"text":"왜 이 분야에 관심을 가지게 되었고 지원을 하게 되었냐 느냐 하는 부분은 저는 입사 이후에도 어 해외 영업을 계속 진행을 해 왔었습니다. 해외 영업을 진행하게 된 계기는 제가 중국에서 어 경영과 일본어를 전공을 했었구요. 그 안에서 발상의 전환으로 중 일본어를 룸메이트가 일본어인 계기로 해서 중국어와 일본어 그리고 제 옆방에 있던 사람이 영국 사람이었어서 그 영국 사람과 영어를 계속하면서 총 오 년간 영어 중국어 일본어 부분들을 계속해서 어 구사를 함으로써 어 자연 나름 자연스러운 정도까지 구사 능력을 갖추게 되었습니다. 이 기본적인 소통 능력을 배경으로 해서 디스플레이 쪽 관련된 부분을 근 이십 여 년 동안 계속 해 오면서 디스플레이 쪽에서도 음 아이티 반도체 쪽 엘이디 백 라이트 엘씨디 모듈을 총 아우르는 여러 가지 경험을 하게 되었습니다. 따라서 향후에도 제가 그동안 쌓아왔던 커리어를 중심으로 해서 이 분야에 지속적으로 관심과 연구 그리고 영업을 계속 진행하게 될 것이구요. 그런 이유로 해서 지원을 하게 되었습니다.","wordCount":139},"emotion":[],"intent":[{"text":"","expression":"","category":"attitude"}],"summary":{"text":"해외 영업을 진행하게 된 계기는 경영과 일본어를 전공했고, 발상의 전환으로 중국어와 일본어, 옆방에 있던 영국 사람과 영어를 계속하면서 자연 나름의 자연스러운 정도까지 구사 능력을 갖추게 되었습니다. 이런 기본적인 소통 능력을 배경으로 디스플레이 쪽에서도 여러 가지 경험을 하게 되었고 그런 이유로 지원을 하게되었습니다.","wordCount":42}}},"rawDataInfo":{"question":{"fileFormat":"wav","fileSize":293198,"duration":9160,"samplingBit":16,"channelCount":1,"samplingRate":"16kHz","audioPath":"/Mock/04.RND/Male/Experienced/ckmk_q_rnd_m_e_49716.wav"},"answer":{"fileFormat":"wav","fileSize":2758478,"duration":86200,"samplingBit":16,"channelCount":1,"samplingRate":"16kHz","audioPath":"/Mock/04.RND/Male/Experienced/ckmk_a_rnd_m_e_49716.wav"}}}