{"version":"1.0","dataSet":{"info":{"date":"20230116","occupation":"RND","channel":"MOCK","place":"ONLINE","gender":"MALE","ageRange":"35-44","experience":"EXPERIENCED"},"question":{"raw":{"text":"본인이 직접 해외 출장 장소를 선택할 수 있다면 일해보고 싶은 나라가 어딘지 말씀해 주세요","wordCount":14},"emotion":[],"intent":[]},"answer":{"raw":{"text":"가장 가서 일해보고 싶은 나라는 바로 독일입니다. 독일은 전기 전자 또는 항공 선박 모든 분야에서 최고의 수준을 달리고 있는 회사입니다. 제가 쓰고 있는 지금 현재 노트북 또는 다른 자동차 모든 것들도 모든 부품들이나 제품들이 독일에서 빌려오거나 독일에서 만들어진 것들이 많습니다. 특히나 저는 의료기기 장비를 오랫동안 사용했는데요. 그 의료 장비들 같은 경우 또한 가장 최고의 제품은 독일 지멘스라는 제품이다. 독일 지멘스는 항공 터빈 이 이런 모든 것들을 다 섭렵하고 있고 독일은 중학교 때부터 학생들이 프로그래밍을 통해서 기구 설계를 한다고 들었습니다. 그래서 이십 대 중반 대학교만 졸업해도 웬만한 우리나라 십 오 년 차 프로그래머보다 더 뛰어난 능력과 기구 설계에 대한 내용을 이해하고 있다고 합니다. 그래서 예전 직장 상사가 독일에서 주재원으로 출장을 갔을 때 독일의 고등학교를 바로 졸업하고 온 이십 대 초반하고 프로그램 및 기구 설계에 대해서 얘기를 하다가 깜짝 놀랐다고 합니다. 도대체 어느 정도의 수준으로 공부를 했고 어느 정도로 선진국이길래 우리나라 사십 대 중후반에 부서장들보다 프로젝트나 기구 설계 프로그래밍에 대한 이해도가 높은가에 대해서 많이 놀랐다고 합니다.","wordCount":154},"emotion":[],"intent":[{"text":"","expression":"","category":"attitude"}],"summary":{"text":"독일에 가보고 싶은 나라는 전기 전자 또는 항공 선박 모든 분야에서 최고의 수준을 달리고 있는 회사 독일 지멘스입니다. 독일의 고등학교를 바로 졸업하고 온 이십 대 초반과 프로그램 및 기구 설계에 대해서 얘기를 하다가 깜짝 놀랐다고 합니다. 어느 정도로 공부를 했고 어느 정도로 선진국이길래 우리나라 부서장들보다 프로젝트나 기구 설계 프로그래밍에 대한 이해도가 높은가에 대해서 많이 놀랐다고 했습니다.","wordCount":56}}},"rawDataInfo":{"question":{"fileFormat":"wav","fileSize":299918,"duration":9370,"samplingBit":16,"channelCount":1,"samplingRate":"16kHz","audioPath":"/Mock/04.RND/Male/Experienced/ckmk_q_rnd_m_e_165085.wav"},"answer":{"fileFormat":"wav","fileSize":2641358,"duration":82540,"samplingBit":16,"channelCount":1,"samplingRate":"16kHz","audioPath":"/Mock/04.RND/Male/Experienced/ckmk_a_rnd_m_e_165085.wav"}}}