{"version":"1.0","dataSet":{"info":{"date":"20230116","occupation":"RND","channel":"MOCK","place":"ONLINE","gender":"MALE","ageRange":"45-54","experience":"EXPERIENCED"},"question":{"raw":{"text":"연구와 개발하는 데 있어서 아이디어를 탐색하는 본인의 방법 또는 노하우가 있으시다면 그것에 대해서 한번 말씀해 주시겠습니까","wordCount":16},"emotion":[],"intent":[]},"answer":{"raw":{"text":"연구 개발 아이디어를 탐색하는 본인의 방법 노하우 관련되서는 제가 만약에 연구개발 아이디어를 찾고자 한다면 기본적으로는 한국 모국어인 한국어로서 동일한 내용들을 찾아볼 것입니다. 그게 대표적으로는 네이버나 아 구글 코리아 정도가 될 것 같구요. 그 관련된 부분 아이디어를 기초로 제가 알고 있는 내용들을 한번 정리를 좀 하고요. 제가 구 한국어 이외에 어 영어나 중국어 일본어가 가능합니다. 그러면 동일한 내용을 가지고 연구 개발 아이디어를 한 번 더 찾아본다면 최소한 사 개 국어에 노래 언어로 관련된 내용들이 나올 것입니다 .그중에 한국어로서 어 나온 내용들 중에 본인이 조 본인이 아이디어 쪽 부분들을 발췌를 하고 영어도 또한 한국어와 동일한 방법으로 진행을 한 다음에 중국어 일본어도 동일한 방법을 하고 거기에 교집합인 부분들을 다시 한 번 어 확인을 해서 동일한 내용들이 나오는지 그리고 가능성이 있는지에 대한 부분들을 한 다음 그 분야에 대해서 내용들을 좀 축소시켜 보고 그러면서 몇 개를 추려서 관련된 부분들을 좀 더 심층적으로 어 공부를 할 수 공부를 할 것 같습니다.","wordCount":145},"emotion":[],"intent":[{"text":"","expression":"","category":"attitude"}],"summary":{"text":"연구개발 아이디어를 탐색하는 본인의 방법 노하우는, 저는 기본적으로 한국 모국어인 한국어로서 동일한 내용들을 찾을 것입니다. 그 내용을 바탕으로 제가 알고 있는 내용들을 정리하고, 동일한 내용을 가지고 연구 개발 아이디어를 찾아본다면 최소한 사개 국어에 노래 언어로 관련된 내용들이 나올 것입니다.","wordCount":39}}},"rawDataInfo":{"question":{"fileFormat":"wav","fileSize":373518,"duration":11670,"samplingBit":16,"channelCount":1,"samplingRate":"16kHz","audioPath":"/Mock/04.RND/Male/Experienced/ckmk_q_rnd_m_e_49715.wav"},"answer":{"fileFormat":"wav","fileSize":2820878,"duration":88150,"samplingBit":16,"channelCount":1,"samplingRate":"16kHz","audioPath":"/Mock/04.RND/Male/Experienced/ckmk_a_rnd_m_e_49715.wav"}}}