{"version":"1.0","dataSet":{"info":{"date":"20230116","occupation":"RND","channel":"MOCK","place":"ONLINE","gender":"MALE","ageRange":"45-54","experience":"EXPERIENCED"},"question":{"raw":{"text":"지원서를 보면 업무 경험도 많고 업무 능력도 매우 뛰어나신 거 같은데요 저희 프로젝트 말고 따로 진행하는 프로젝트가 있습니까","wordCount":18},"emotion":[],"intent":[]},"answer":{"raw":{"text":"어 제가 업무와 관계없이 개인적으로 따로 진행하고 있는 프로젝트는 없습니다. 다만 제가 이 일을 하면서 나름대로 자료를 모으고 뭐 그것은 다음 뭐 제품을 만들고 뭐 준비하기 위한 자료로서 수집하 계속 이건 뭐 예전부터 항상 해왔고 제품이 나올 때마다 시장의 반응이라든지 아니면 업체 반응 뭐 개선점 보완점 좋은 점 나쁜 점 등은 기록은 기록을 계속 따로는 하고 있습니다. 어 이것은 다음 제품을 만들기 위해서 그 중요한 자료로도 쓰이고 혹시라도 제가 나중에 뭐 뭐 후배라든지 아니면 누구한테 어 자르 자료를 공 공유하고 그 이해를 시키기 위해서도 어 소중한 자료를 쓸 수 있다 라고 해서 나름 준비하고 있습니다. 따로 제가 개인적으로 진행하고 있는 뭐 업무에 관한 프로젝트는 없습니다.","wordCount":105},"emotion":[],"intent":[{"text":"","expression":"","category":"attitude"}],"summary":{"text":"업무와 관계없이 개인적으로 따로 진행하고 있는 프로젝트는 없지만, 일을 하면서 자료를 모으고, 다음 제품을 만들기 위한 자료로서 수집하고 있습니다. 이것은 다음 제품 제작의 중요 자료로도 쓰이고, 후배나 누구한테 자료를 공유하기 위해서 준비하고 있읍니다.","wordCount":33}}},"rawDataInfo":{"question":{"fileFormat":"wav","fileSize":478158,"duration":14940,"samplingBit":16,"channelCount":1,"samplingRate":"16kHz","audioPath":"/Mock/04.RND/Male/Experienced/ckmk_q_rnd_m_e_44579.wav"},"answer":{"fileFormat":"wav","fileSize":2014478,"duration":62950,"samplingBit":16,"channelCount":1,"samplingRate":"16kHz","audioPath":"/Mock/04.RND/Male/Experienced/ckmk_a_rnd_m_e_44579.wav"}}}