{"version":"1.0","dataSet":{"info":{"date":"20230116","occupation":"RND","channel":"MOCK","place":"ONLINE","gender":"MALE","ageRange":"45-54","experience":"EXPERIENCED"},"question":{"raw":{"text":"지원자가 맡은 직무가 적성에 맞지 않는다면 어떻게 하실 것입니까","wordCount":9},"emotion":[],"intent":[]},"answer":{"raw":{"text":"어 외람때지만 저는 직무가 제 적성에 맞지 않다고는 생각하지 않습니다. 뭐 아시겠지만 저는 경력직으로 지원을 했고 경력적으로 경력직으로 지원한 만큼 이 직무가 어떤 직무인지를 잘 알고 있습니다. 물론 전에 직장과 지금 제가 지원하는 회사가 어 다르니깐 뭐 나름대로 그 형태나 뭐 이런 형식 같은 건 좀 달라질 수도 있겠지만 저는 궁극적으로는 마케팅이라는 것은 같다 라고 생각을 합니다. 단지 그 마케팅 포인트가 국내냐 국외냐 뭐 전에 직장 같은 경우는 국내를 중점으로 했지만 지금 제가 지원한 이 회사는 해외 시장을 더 마케팅에 목표를 두고 있다 라는 걸 알고 있습니다. 하지만 저는 국내에서 쌓았던 노하우를 해외에도 충분히 적용할 수 있다 라고 생각을 합니다. 저는 이 일을 이십 년 이상 해왔고 나름대로 이 일을 하면서 노하우와 어 네트워크를 갖고 있다 라고 생각합니다. 어 때로는 문제가 생길 수 있겠지만 그것은 제가 충분히 제 노력으로 해결할 수 있는 문제라고 생각합니다. 직무가 제 적성에 맞지 않다고는 전혀 생각하지 않고 있습니다.","wordCount":143},"emotion":[{"text":"단지 그 마케팅 포인트가 국내냐 국외냐 뭐 전에 직장 같은 경우는 국내를   중점으로 했지만 지금 제가 지원한 이 회사는 해외 시장을 더 마케팅에   목표를 두고 있다 라는 걸 알고 있습니다.","expression":"u-fact","category":"neutral"}],"intent":[{"text":"단지 그 마케팅 포인트가 국내냐 국외냐 뭐 전에 직장 같은 경우는 국내를   중점으로 했지만 지금 제가 지원한 이 회사는 해외 시장을 더 마케팅에   목표를 두고 있다 라는 걸 알고 있습니다.","expression":"c_sincere_co","category":"etc"},{"text":"하지만 저는 국내에서 쌓았던 노하우를 해외에도 충분히 적용할 수 있다 라고 생각을 합니다.","expression":"c_sincere_co","category":"etc"}],"summary":{"text":"이 직무가 어떤 직무인지 잘 알고 있습니다. 마케팅은 국내와 국외를 중심으로 하지만 국내에서 쌓아왔던 노하우를 해외에도 충분히 적용할 수 있다고 생각합니다.","wordCount":21}}},"rawDataInfo":{"question":{"fileFormat":"wav","fileSize":241358,"duration":7540,"samplingBit":16,"channelCount":1,"samplingRate":"16kHz","audioPath":"/Mock/04.RND/Male/Experienced/ckmk_q_rnd_m_e_54270.wav"},"answer":{"fileFormat":"wav","fileSize":2336718,"duration":73020,"samplingBit":16,"channelCount":1,"samplingRate":"16kHz","audioPath":"/Mock/04.RND/Male/Experienced/ckmk_a_rnd_m_e_54270.wav"}}}