{"version":"1.0","dataSet":{"info":{"date":"20230116","occupation":"RND","channel":"MOCK","place":"ONLINE","gender":"MALE","ageRange":"35-44","experience":"EXPERIENCED"},"question":{"raw":{"text":"지원자님은 본인 스스로가 숫자와 창의 중에 어느 것에 더 가까운 사람이라고 생각하시나요 그렇게 생각하시는 이유도 말씀해 주시겠어요","wordCount":17},"emotion":[],"intent":[]},"answer":{"raw":{"text":"어 요즘에 굉장히 유행하고 있는 것이 바로 이 성격 유행 테스트인데요. 저 또한 그 성격 유행 테스트를 한번 테스트 받아서 어떤 성향인지 확인해 보았는데 그 테스트를 통해서 저는 굉장히 창의적이라고 저는 알게 되었고 어 이것이 매우 정확한 결과라고 저는 다시 한번 확인해 확인하게 되었습니다. 저는 저 스스로도 굉장히 창의적이라고 자신 있게 말씀을 드리는데요. 저는 일단 어 한 업무를 시행함에 있어서 만약 반복적인 반복적인 업무다 그러면 똑같다 앞에 썼던 방법을 또다시 사용하는 그런 업무 방식을 저는 좋아하지 않습니다. 앞에 썼던 방법이 어떤 어떤 장점이 있고 어떤 장 단점이 있으면 그 단점을 개선하고 그 장점을 더욱 더 어 부각시키는 새로운 방법을 창 창의적으로 만들어서 새로운 방법으로 작업을 계속 하고 또한 예를 들어서 저는 이제 여행을 여행을 줘야 하는데 똑같은 길로 달리는 것을 굉장히 싫어합니다. 한 번은 에이 길로 갔다가 한 번은 비로 비 길로 갔다가 아주 다양한 길로 갔다가 돌아오는 것을 좋아합니다. 그래서 저는 다른 그 누구보다도 창의적이라고 저는 굳게 믿고 있습니다.","wordCount":150},"emotion":[],"intent":[{"text":"","expression":"","category":"attitude"}],"summary":{"text":"성격 유행 테스트를 한 결과 저 스스로도 굉장히 창의적이라고 확신할 수 있습니다. 업무에 있어서 앞의 방법을 반복적으로 사용하는 방식을 좋아하지 않고 앞의 방법이 가진 장점과 단점을 개선하고 장점을 부각시키는 새로운 방법을 계속 하고 있습니다 그래서 저는 그 누구보다도 창의적인 사람이라고 믿고 있습니다","wordCount":42}}},"rawDataInfo":{"question":{"fileFormat":"wav","fileSize":417678,"duration":13050,"samplingBit":16,"channelCount":1,"samplingRate":"16kHz","audioPath":"/Mock/04.RND/Male/Experienced/ckmk_q_rnd_m_e_247111.wav"},"answer":{"fileFormat":"wav","fileSize":2815438,"duration":87980,"samplingBit":16,"channelCount":1,"samplingRate":"16kHz","audioPath":"/Mock/04.RND/Male/Experienced/ckmk_a_rnd_m_e_247111.wav"}}}