{"version":"1.0","dataSet":{"info":{"date":"20230116","occupation":"RND","channel":"MOCK","place":"ONLINE","gender":"MALE","ageRange":"35-44","experience":"EXPERIENCED"},"question":{"raw":{"text":"이전 직장에서 퇴사를 하신 것으로 보이는데 퇴사 한 거를 후회하신 적이 있으신가요 있으시다면 그 이유는 무엇인지 말씀 부탁드립니다","wordCount":18},"emotion":[],"intent":[]},"answer":{"raw":{"text":"제가 회사를 그만뒀을 그 당시는 제가 굉장히 무언가 새로운 것들을 찾아내지 못하고 있는 그런 머물러 있는 단계였었습니다. 흔히들 매너리즘이라고 얘기를 하는데 제가 하고 있던 업무는 너무나 단순하고 너무나 쉽게 할 수 있었고 굳이 내가 아니어도 여기에 다른 누군가가 와도 이 업무를 하는 데는 전혀 지장이 없겠다 그렇지만 나는 여기서 계속 이걸 하고 있고 나는 뭘 하고 있는 것인지 그런 매너리즘에 빠졌어 가지고 회사에서 그런 어떤 저에게 주어진 그 업무 바탕으로 했을 때 제가 새로움을 찾아내지 못한 것 같애요. 그 새로움이라고 하는 것은 환경에서 주는 새로움이 없다고 하더라도 내 스스로가 어떤 새로운 환경을 만들어내는 것도 충분히 가능한 일인데 저는 그렇게 새로움을 찾기 위한 노력을 하기 힘들 정도로 매너리즘에 빠져 있었어요. 그래서 저는 그 매너리즘을 극복하고자 다시 이렇게 새로운 이력서를 들고 이렇게 직장을 찾아가지고 그 면접을 보러 다니고 있기 때문에 앞으로도 그런 매너리즘에 빠질 것 같지는 않습니다 네.","wordCount":136},"emotion":[],"intent":[{"text":"","expression":"","category":"attitude"}],"summary":{"text":"회사를 그만둔 그 당시는 제가 새로운 것들을 찾아내지 못하는 상태였습니다. 업무가 너무 단순하고 쉬워서 다른 누군가가 와도 업무에는 지장이 없겠지만 저는 여기서 무슨 일을 하고 있는 것인지 알 수 없었습니다. 그것을 극복하고자 다시 이력서를 들고 그 면접을 보러 다니고 있기 때문에 앞으로도 그럴 것 같습니다.","wordCount":45}}},"rawDataInfo":{"question":{"fileFormat":"wav","fileSize":480718,"duration":15020,"samplingBit":16,"channelCount":1,"samplingRate":"16kHz","audioPath":"/Mock/04.RND/Male/Experienced/ckmk_q_rnd_m_e_205686.wav"},"answer":{"fileFormat":"wav","fileSize":2871758,"duration":89740,"samplingBit":16,"channelCount":1,"samplingRate":"16kHz","audioPath":"/Mock/04.RND/Male/Experienced/ckmk_a_rnd_m_e_205686.wav"}}}