{"version":"1.0","dataSet":{"info":{"date":"20230116","occupation":"RND","channel":"MOCK","place":"ONLINE","gender":"MALE","ageRange":"45-54","experience":"EXPERIENCED"},"question":{"raw":{"text":"금융 정책 기관으로서 신용 보증 기금이 호가 돼야 할 업무 영역은 지원자님께서 보시기에 무엇이라고 생각하시는지 한번 말씀해 주시겠습니까","wordCount":18},"emotion":[],"intent":[]},"answer":{"raw":{"text":"신용보증기금에는 다양한 업무가 있습니다만 그중에서 가장 피부에 와닿는 업무는 개인 또는 기업이 제 일 금융권의 대출을 실행 시에 도움이 되는 보증서를 발행하는 업무입니다. 어 예를 들어서 기업이 제 일 금융권에서 사업자금 대출이 어려울 때 신용보증기금의 보증서를 발행을 받을 경우 쉽게 대출이 이어집니다. 이것이 가장 큰 업무죠. 그런데 저는 개인적으로 이 신용보증기금이 조금 더 그 국민들에게 그 뭐 돈을 꿔주거나 할 때 이율을 낮춰야 한다고 생각합니다. 결국은 신용보증기금의 자원이라는 게 국민의 세금 내지는 국민이 낸 돈인데 그 돈 갖고 왠지 이자 장사를 한다 하고 있다 라는 그런 느낌이 솔직히 좀 있습니다. 그래서 기업 같은 경우는 기업을 뭐 제한하기는 좀 뭐하지만 어쨌건 개인에게 그 대출을 하거나 할 때는 조금 더 이자라든지 이런 게 시중은행보다 조금 더 저렴하게 책정되고 실행돼야 된다고 생각하고 있습니다.","wordCount":120},"emotion":[{"text":"신용보증기금에는 다양한 업무가 있습니다만 그중에서 가장 피부에 와닿는    업무는 개인 또는 기업이 제 일 금융권의 대출을 실행 시에   도움이 되는 보증서를 발행하는 업무입니다.","expression":"u-fact","category":"neutral"}],"intent":[{"text":"","expression":"","category":"attitude"}],"summary":{"text":"신용보증기금의 가장 큰 업무는 보증서 발행으로, 제 일 금융권 대출 시 도움이 되는 업무입니다. 그런데 이율이 낮아야 한다고 생각합니다. 개인 대출 시 시중은행보다 이자나 이율이 낮게 책정되고 실행돼야 합니다.","wordCount":29}}},"rawDataInfo":{"question":{"fileFormat":"wav","fileSize":422478,"duration":13200,"samplingBit":16,"channelCount":1,"samplingRate":"16kHz","audioPath":"/Mock/04.RND/Male/Experienced/ckmk_q_rnd_m_e_53856.wav"},"answer":{"fileFormat":"wav","fileSize":2347918,"duration":73370,"samplingBit":16,"channelCount":1,"samplingRate":"16kHz","audioPath":"/Mock/04.RND/Male/Experienced/ckmk_a_rnd_m_e_53856.wav"}}}