{"version":"1.0","dataSet":{"info":{"date":"20230116","occupation":"RND","channel":"MOCK","place":"ONLINE","gender":"MALE","ageRange":"45-54","experience":"EXPERIENCED"},"question":{"raw":{"text":"당신은 일을 할 때 협동 업무에 대해서 어떻게 생각하십니까 협업을 하면서 가장 중요하게 생각하는 세 가지를 골라 말씀해 주시고 그 이유도 함께 대답해 주세요","wordCount":24},"emotion":[],"intent":[]},"answer":{"raw":{"text":"협업이라는 것은 여럿이서 모여서 하나의 목표를 이루어가는 과정이기에 저는 협업에서 가장 중요하게 생각하는 것은 소통이라고 생각을 합니다. 협업은 한 가지 목적을 이루기 위해서 여러 명이서 그 분야와 각각의 자기가 할 일을 나눠서 어 그것이 나눠서 일을 함으로써 그것이 공동의 목적을 이룰 수 있는 그 바탕이 되어야 되는데 협업을 할 때 소통이 안 된다 그러면 이것은 그 공동의 목적을 이루는데 가장 큰 방해가 되는 요소라고 생각을 합니다. 그래서 저는 협업을 할 때는 무엇보다 어 본인이 하고 있는 일에 대해서 긍지를 갖고 자신감을 갖고 업무 능력을 갖고 있어야 하는 반면 가 그것을 서로 소통하고 나눌 수 있고 그것을 아이디어를 받아들일 수 있는 그런 마인드가 중요하다고 생각을 합니다. 그래서 저는 협업을 할 때 가장 중요한 것은 소통이라고 생각을 합니다.","wordCount":116},"emotion":[],"intent":[{"text":"","expression":"","category":"attitude"}],"summary":{"text":"협업은 한 가지 목적을 이루기 위해서 여러 명이서 그 분야와 각자의 할 일을 나눠서 일을 함으로써 그것이 공동의 목적을 이룰 수 있는 바탕이 되어야 되는데 협업을 할 때 소통이 안 된다 그러면 그 공동의 목적 이루는데 가장 큰 방해가 되는 요소라고 생각합니다.","wordCount":42}}},"rawDataInfo":{"question":{"fileFormat":"wav","fileSize":630478,"duration":19700,"samplingBit":16,"channelCount":1,"samplingRate":"16kHz","audioPath":"/Mock/04.RND/Male/Experienced/ckmk_q_rnd_m_e_49974.wav"},"answer":{"fileFormat":"wav","fileSize":1966158,"duration":61440,"samplingBit":16,"channelCount":1,"samplingRate":"16kHz","audioPath":"/Mock/04.RND/Male/Experienced/ckmk_a_rnd_m_e_49974.wav"}}}