{"version":"1.0","dataSet":{"info":{"date":"20230116","occupation":"RND","channel":"MOCK","place":"ONLINE","gender":"MALE","ageRange":"-34","experience":"EXPERIENCED"},"question":{"raw":{"text":"지원자님께서 이전 직장에서 퇴사한 후 퇴사한 것을 후회하신 적은 없나요 있다며 왜인지도 함께 설명과 말씀 부탁드립니다","wordCount":16},"emotion":[],"intent":[]},"answer":{"raw":{"text":"제가 후회를 하고 있는 부분은 제 자신에 대한 것입니다. 제 자신에 대해서 제가 일하고 있는 그런 부분들에 대해서는 굉장히 만족을 하고 있었고 팀원들과의 어떤 협력 관계도 굉장히 수월했었고 뭐 거기서 하고 있는 일도 굉장히 제 스스로 보람을 느끼면서 하고 있었는데 저에게 후회가 된다는 것은 무엇이냐 하면 제가 제 건강 관리를 잘 못 했던 것 같아요. 건강 관리를 제가 잘 하지 못해서 아픈 상태로 일을 하고 또 아픔이 어떤 상태가 좋지 못해서 출근을 못하게 되는 상황이 발생했다거나 그런 것들이 이제 회사에 피해를 끼치게 된 것들에 대해서 그것들이 누적되다 보니까 제가 더 이상 회사를 다니면 한 던 그것들이 더 누적되어 가지고 이 상태로 회사를 다니다가는 모두에게 피해를 주는 것 같아서 좀 그만둬야 되겠다 라는 판단이 들어가지고 그만둘 수 밖에 없었는데 제가 제 건강을 조금 더 챙겼더라면은 조금 더 재미있게 일을 할 수 있는 환경이 되지 않았을까 생각을 하고 그 지금은 건강을 모두 다 회복을 해서 이제 그런 일이 발생하지 않을 것 같은 제 건강에 확신이 들어서 이렇게 면접을 보러 다니고 있습니다. 지금은 매우 건강하다 라고 자신 있게 말씀드릴 수 있습니다.","wordCount":168},"emotion":[],"intent":[{"text":"","expression":"","category":"attitude"}],"summary":{"text":"제가 후회를 하고 있는 부분은 제 자신에 대한 것입니다. 제가 건강 관리를 잘 못해서 아픔이 어떤 상태로 출근을 못하게 되는 상황이 발생했거나 그런 것들이 회사에 피해를 끼치게 된 것들이 더 누적되어 가지고 그만둬야 되겠다는 판단이 들어서 그만둘 수 밖에 없었는데 제가 제 건강을 조금 더 챙겼더라면 좀 더 재미있게 일을 할 수 있었을 것 같습니다.","wordCount":55}}},"rawDataInfo":{"question":{"fileFormat":"wav","fileSize":380558,"duration":11890,"samplingBit":16,"channelCount":1,"samplingRate":"16kHz","audioPath":"/Mock/04.RND/Male/Experienced/ckmk_q_rnd_m_e_199896.wav"},"answer":{"fileFormat":"wav","fileSize":2876558,"duration":89890,"samplingBit":16,"channelCount":1,"samplingRate":"16kHz","audioPath":"/Mock/04.RND/Male/Experienced/ckmk_a_rnd_m_e_199896.wav"}}}