{"version":"1.0","dataSet":{"info":{"date":"20230116","occupation":"RND","channel":"MOCK","place":"ONLINE","gender":"MALE","ageRange":"35-44","experience":"EXPERIENCED"},"question":{"raw":{"text":"본인이 일을 시작하고 교번 근무를 잘 적응할 수 있다고 생각하시나요","wordCount":10},"emotion":[],"intent":[]},"answer":{"raw":{"text":"저는 교번 근무를 함 해 본 적이 없지만 그래도 일을 하는 과정에서 회사에서 원한다면 그 교번 근무를 할 수 있도록 마음을 가지고 있습니다. 그리고 저는 어 가정을 가지고 있는 가장으로서 저는 회사에서 요구하는 부분들을 할 수 있도록 기본적인 생각을 가지고 있습니다.","wordCount":41},"emotion":[],"intent":[{"text":"","expression":"","category":"attitude"}],"summary":{"text":"가장으로서 회사에서 요구하는 교번 근무를 할 수 있도록 마음을 가지고 있고 기본적인 생각들을 할 수 있었으면 합니다. 이는 개인적인 생각입니다.","wordCount":20}}},"rawDataInfo":{"question":{"fileFormat":"wav","fileSize":397518,"duration":12420,"samplingBit":16,"channelCount":1,"samplingRate":"16kHz","audioPath":"/Mock/04.RND/Male/Experienced/ckmk_q_rnd_m_e_84829.wav"},"answer":{"fileFormat":"wav","fileSize":966798,"duration":30210,"samplingBit":16,"channelCount":1,"samplingRate":"16kHz","audioPath":"/Mock/04.RND/Male/Experienced/ckmk_a_rnd_m_e_84829.wav"}}}