{"version":"1.0","dataSet":{"info":{"date":"20230116","occupation":"RND","channel":"MOCK","place":"ONLINE","gender":"MALE","ageRange":"35-44","experience":"EXPERIENCED"},"question":{"raw":{"text":"남을 잘 이끄는 리더형과 남을 잘 따르는 팔로워형 이렇게 두 가지로 나뉘는데요 그렇게 본인은 어떤 유형인가요 그리고 그렇게 생각하는 이유도 말씀해 주시길 바랍니다","wordCount":23},"emotion":[],"intent":[]},"answer":{"raw":{"text":"어 여러분들도 잘 아시다시피 저는 군 직업 군인으로 어 오랫동안 근무를 하다가 전역 후에 이 건설업계로 뛰어들어 어 건설업계에서도 긴 경력을 이어왔는데요. 어 굳이 여러분께서 제가 어떤 형태에 어 어떤 형태의 직원인가 즉 리더형이냐 팔로워 형이냐를 여쭤본다면 저는 이제 팔로워형이라고 할 수 있습니다. 왜냐하면은 저 같은 경우에는 어 남을 시키는 일을 조금 잘 못합니다. 어 왜냐면 남을 시키다 보면 그 사람과의 트러블도 종종 생기기 때문에 저는 그 어 물론 이 회사에서는 이 트러블을 잘 소화시킬 수 있는 능력 또한 중요하지만은 어 트러블을 생겨서 트러블을 만들어서 만들어서 저는 사람들과의 직원과의 관계가 소원해지기 보다는 서로 서로 원만히 일을 하여서 하나의 목표에 어 목표로 향하는 것이 더 중요하다고 생각하기 때문입니다. 그래서 저는 어 남을 이끌기 보다는 어 아주 리더십이 넘치는 인물을 따라서 회사의 목표를 어 향해 달려가는 그런 팔로워형이 아닌가 생각을 합니다.","wordCount":129},"emotion":[],"intent":[{"text":"","expression":"","category":"attitude"}],"summary":{"text":"저는 직업 군인으로 전역 후에 건설업계로 뛰어들어 긴 경력을 이어왔습니다. 리더형인지 팔로워형인지 질문한다면 저는 이제 팔러워형이라고 할 수 있습니다. 저는 남을 이끌기 보다는 아주 리더십이 넘치는 인물을 따라 회사의 목표를 향해 달려나가는 그런 팔로서형이라고 생각합니다.","wordCount":35}}},"rawDataInfo":{"question":{"fileFormat":"wav","fileSize":570638,"duration":17830,"samplingBit":16,"channelCount":1,"samplingRate":"16kHz","audioPath":"/Mock/04.RND/Male/Experienced/ckmk_q_rnd_m_e_247104.wav"},"answer":{"fileFormat":"wav","fileSize":2773198,"duration":86660,"samplingBit":16,"channelCount":1,"samplingRate":"16kHz","audioPath":"/Mock/04.RND/Male/Experienced/ckmk_a_rnd_m_e_247104.wav"}}}