{"version":"1.0","dataSet":{"info":{"date":"20230116","occupation":"RND","channel":"MOCK","place":"ONLINE","gender":"MALE","ageRange":"45-54","experience":"EXPERIENCED"},"question":{"raw":{"text":"본인이 수행할 직무와 관련돼서 면접관에게 물어보고 싶은 게 있나요","wordCount":9},"emotion":[],"intent":[]},"answer":{"raw":{"text":"당 회사는 어 새로운 상품 개발에서 얼마나 적극적인지 한번 여쭙고 싶습니다. 어 외람되지만 저는 전 직장에서 또 유아 지금 현재 제가 저 어 지원한 업무와 동일한 업무를 해 온 경력직입니다. 어 전 직장 같은 경우에는 기존의 제품을 보완하고 어 기존의 제품을 기반으로 해 가지고 개 제품을 개선하고 보완해서 제품을 주로 어 생산해 왔는데 어 당 회사는 새로운 제품을 만드는 것에 더 중점을 두는지 아니면 기존에 있는 제품을 보완 수정해서 어 제품을 만드는데 더 관심이 있는지 여쭙고 싶습니다. 또 한 가지는 어 직원들의 그 의견이나 아이디어가 어 새로운 제품을 만드는 데 있어서 적극적으로 반영이 되는지도 좀 알고 싶습니다. 어 제가 이걸 여쭙는 이유는 제가 이직하려는 이유 중에 어 한가 하나가 어 전 직장 같은 경우는 기존의 제품을 계속 보완하고 이런 데 중점을 두지 새로운 제품을 만들려고 하는 이런 도전 정신이 좀 부족했기 때문에 저는 제 능력을 십분 발휘할 수 있는 새로운 상품 개발을 적극적으로 당 회사에서는 추진하고 있는지 그것에 대해서 여쭙고 싶습니다.","wordCount":151},"emotion":[],"intent":[{"text":"","expression":"","category":"attitude"}],"summary":{"text":"전 직장에서는 기존의 제품을 보완하고 개선, 보완해서 제품을 생산해 왔는데, 당 회사는 새로운 제품 만드는 것에 더 중점을 두는지, 기존 제품을 보완 수정해서 제품을 만드는데 더 관심이 있는지 여쭙고 싶습니다. 직원들의 의견이 신제품 개발에 적극적으로 반영되는지, 당 회사에서는 새로운 상품 개발을 적극적으로 추진하는지 여 궁금합니다.","wordCount":45}}},"rawDataInfo":{"question":{"fileFormat":"wav","fileSize":239438,"duration":7480,"samplingBit":16,"channelCount":1,"samplingRate":"16kHz","audioPath":"/Mock/04.RND/Male/Experienced/ckmk_q_rnd_m_e_49973.wav"},"answer":{"fileFormat":"wav","fileSize":2753358,"duration":86040,"samplingBit":16,"channelCount":1,"samplingRate":"16kHz","audioPath":"/Mock/04.RND/Male/Experienced/ckmk_a_rnd_m_e_49973.wav"}}}