{"version":"1.0","dataSet":{"info":{"date":"20230116","occupation":"RND","channel":"MOCK","place":"ONLINE","gender":"MALE","ageRange":"35-44","experience":"EXPERIENCED"},"question":{"raw":{"text":"어 전공을 한 것이 있는데요 이 전공 외에 어 본인이 어떤 그 실력이 수준급의 전문가 실력이 될 정도로 노력한 것이 있다면 말씀해 주시고 어떤 도움을 주는지도 어 말씀해 주시기 바랍니다","wordCount":30},"emotion":[],"intent":[]},"answer":{"raw":{"text":"제가 수준급 실력으로 할 수 있는 것은 바로 영어 회화입니다. 영어 회화는 서른 살 때부터 지속적으로 영어 회화 책을 읽고 영어 동아리 영어 카페 등을 찾아다니면서 외국인들과 많은 대화를 이뤘습니다. 그래서 처음에는 영어를 할 줄도 모르고 알아듣지도 못했지만 육 개월 일 년이 지난 때부터는 외국인들과 지속적으로 대화가 가능했고 어느 순간부터는 가벼운 농담부터 어려운 대화까지 심도 있게 진행이 됐었습니다. 저의 전공은 전기전잔데 요즘은 전기전자에 관련된 모든 용어들이 영어로 되어 있고 문서 이메일 전화 회의 그 흔한 페이스 투 페이스 미팅까지도 전부 다 영어로 되어 있어 영어를 하지 못하면 업무 교류 및 기술 교류가 절대 불가합니다. 특히나 요즘은 빅데이터 및 머신러닝 딥러닝은 해외에서 더 개발이 많이 되어 그들의 컨퍼런스라든가 포럼에 참가를 하기 위해서는 영어를 못하면 알아듣지도 못하고 제 의견을 제시할 수도 없습니다. 특히나 저희 회사의 해외 지사들과는 무조건 영어로 해야 되고 그들의 보고를 영어로 듣지 못하고 알아듣지 못한다면 저는 여기서 퇴사하거나 아니면 퇴출되는 수순밖에 없다고 생각합니다. 그래서 저는 지속적으로 영어 공부를 하고 그것이 저에게 많은 도움을 주었습니다.","wordCount":155},"emotion":[{"text":"영어 회화는 서른 살 때부터   지속적으로 영어 회화 책을 읽고 영어 동아리 영어 카페 등을 찾아다니면서 외국인들과 많은 대화를 이뤘습니다.","expression":"u-fact","category":"neutral"}],"intent":[{"text":"영어 회화는 서른 살 때부터   지속적으로 영어 회화 책을 읽고 영어 동아리 영어 카페 등을 찾아다니면서 외국인들과 많은 대화를 이뤘습니다.","expression":"c_private","category":"background"},{"text":"그래서 처음에는 영어를 할 줄도 모르고 알아듣지도 못했지만 육 개월 일 년이 지난 때부터는 외국인들과 지속적으로 대화가 가능했고 어느 순간부터는   가벼운 농담부터 어려운 대화까지 심도 있게 진행이 됐었습니다.","expression":"c_private","category":"background"}],"summary":{"text":"전기전자 전공인 저는 영어를 못하면 업무 및 기술 교류가 절대 불가합니다. 특히 빅데이터 및 머신러닝 딥러닝은 해외에서 더 개발이 많이 되어 그들의 컨퍼런스나 포럼에 참가를 하기 위해서는 영어를 못하면 알아듣지도 못하고 제 의견을 제시할 수도 없습니다. 그래서 지속적으로 영어 공부를 하고 그것이 저에게는 많은 도움이 되었습니다.","wordCount":46}}},"rawDataInfo":{"question":{"fileFormat":"wav","fileSize":551118,"duration":17220,"samplingBit":16,"channelCount":1,"samplingRate":"16kHz","audioPath":"/Mock/04.RND/Male/Experienced/ckmk_q_rnd_m_e_173226.wav"},"answer":{"fileFormat":"wav","fileSize":2750478,"duration":85950,"samplingBit":16,"channelCount":1,"samplingRate":"16kHz","audioPath":"/Mock/04.RND/Male/Experienced/ckmk_a_rnd_m_e_173226.wav"}}}