{"version":"1.0","dataSet":{"info":{"date":"20230116","occupation":"RND","channel":"MOCK","place":"ONLINE","gender":"MALE","ageRange":"35-44","experience":"EXPERIENCED"},"question":{"raw":{"text":"혼자 하는 과제와 협업하는 과제가 있습니다 이 둘 중에서 어떤 것을 더 선호하는지 궁금한데요 이유와 함께 그것을 왜 선호하는지 말씀해 주시기 바랍니다","wordCount":22},"emotion":[],"intent":[]},"answer":{"raw":{"text":"비율로 말씀을 드려야 될 것 같습니다. 모든 일은 극단 극단적이어서는 안 된다고 생각을 합니다. 한쪽으로 치우쳐서는 모든 것들이 균형을 잡힐 수가 없는 상황이라고 생각을 해요. 그렇기 때문에 혼자 하는 과제와 협업하는 과제 그리고 혼자 하면서 협업도 하는 그런 것들이 함께 하는 그런 과제들의 비중이 적절하게 섞여야 된다고 생각을 합니다. 저는 그래서 협업하는 과제 삼십 혼자 하는 과제 삼십 협업하다가 혼자 하고 혼자 하다가 협업하는 과제 사십 이렇게 번갈아가면서 해야 어떤 일의 밸런스가 맞춰진다고 생각을 합니다. 그렇지 않고 한쪽에 너무 치우 치우쳐진 그런 업무를 처리하게 된다면은 너무 사람이 한쪽으로 쏠리게 돼 버려요. 쏠린 사람은 어떤 사안을 이렇게 쏠린 눈으로 밖에 바라볼 수가 없다고 생각을 해요. 그렇게 쏠리지 않기 위해서 우리는 일에 참여하는 그 비중의 정도를 적절하게 퍼센테이지를 나눠야 된다고 생각합니다.","wordCount":119},"emotion":[],"intent":[{"text":"","expression":"","category":"attitude"}],"summary":{"text":"모든 일은 한쪽으로 치우쳐서는 균형을 잡을 수가 없기 때문에 협업하는 과제, 혼자 하는 과제, 함께 하는 과제들의 비중이 적절하게 섞여야 합니다. 그렇지 않고 한쪽에 너무 치우쳐진 업무를 처리하게 되면 사람이 한쪽으로 쏠리게 됩니다. 쏠리지 않기 위해 우리는 일에 참여하는 그 비중의 정도를 적절하게 퍼센테이지를 나눠야 됩니다.","wordCount":46}}},"rawDataInfo":{"question":{"fileFormat":"wav","fileSize":448078,"duration":14000,"samplingBit":16,"channelCount":1,"samplingRate":"16kHz","audioPath":"/Mock/04.RND/Male/Experienced/ckmk_q_rnd_m_e_205689.wav"},"answer":{"fileFormat":"wav","fileSize":2729998,"duration":85310,"samplingBit":16,"channelCount":1,"samplingRate":"16kHz","audioPath":"/Mock/04.RND/Male/Experienced/ckmk_a_rnd_m_e_205689.wav"}}}