{"version":"1.0","dataSet":{"info":{"date":"20230116","occupation":"RND","channel":"MOCK","place":"ONLINE","gender":"MALE","ageRange":"45-54","experience":"EXPERIENCED"},"question":{"raw":{"text":"본인이 입사했을 때 내가 어떤 사람이 되고 싶은지 그런 본인의 포부나 어 생각을 어 간략하게 피력해 보시겠어요","wordCount":17},"emotion":[],"intent":[]},"answer":{"raw":{"text":"제가 입사를 한다면 저는 어 저희 팀원을 아우를 수 있고 또한 제 상사를 어 잘 보필할 수 있는 그런 사람이 되고 싶습니다. 개인적으로는 직원들과 어 허물없이 이렇게 좀 친구처럼 형처럼 어 잘 지내고 싶고 어 상사로부터도 인정받는 제가 되고 싶습니다. 저는 무엇보다 조화를 중요시합니다. 어 팀원 간의 조화가 있어야지 결국은 그 사무실 분위기도 좋아지고 그 분위기로 인해서 좋은 비즈니스를 성공할 수 있다 라고 생각을 합니다. 그러기 위해서는 많은 대화가 필요하고 소통이 필요합니다. 저는 어 지금 전 직원 모든 직원 저희 팀원 직원들과 소통할 준비가 되어 있습니다.","wordCount":86},"emotion":[],"intent":[{"text":"","expression":"","category":"attitude"}],"summary":{"text":"저는 팀원을 아우를 수 있고 제 상사를 잘 보필 수 있는 사람이 되고 싶습니다. 팀원 간의 조화가 있어야 사무실 분위기도 좋아지고 좋은 비즈니스를 성공할 수 있다고 생각합니다. 그러기 위해서 많은 대화가 필요하고 소통이 필요합니다.","wordCount":34}}},"rawDataInfo":{"question":{"fileFormat":"wav","fileSize":483918,"duration":15120,"samplingBit":16,"channelCount":1,"samplingRate":"16kHz","audioPath":"/Mock/04.RND/Male/Experienced/ckmk_q_rnd_m_e_34308.wav"},"answer":{"fileFormat":"wav","fileSize":1801038,"duration":56280,"samplingBit":16,"channelCount":1,"samplingRate":"16kHz","audioPath":"/Mock/04.RND/Male/Experienced/ckmk_a_rnd_m_e_34308.wav"}}}