{"version":"1.0","dataSet":{"info":{"date":"20230116","occupation":"RND","channel":"MOCK","place":"ONLINE","gender":"MALE","ageRange":"35-44","experience":"EXPERIENCED"},"question":{"raw":{"text":"많은 사람들과 함께 일을 하다 보면 구성원들과의 갈등이 생길 일이 많이 있습니다 이런 갈등을 지원자님께서는 주로 어떻게 해결하시십니까","wordCount":18},"emotion":[],"intent":[]},"answer":{"raw":{"text":"아 구성원들 간의 갈등에 대해서 이제 해결 방법은 어 구성원 결국은 자기 팀 내 직원이라든지 또는 뭐 회사의 직원들과의 갈등이 될 것인데 어 이런 갈등은 당연히 생길 수밖에 없습니다. 사람이 다 새로운 살아온 그 생활도 틀리고 생각하는 게 다 틀리기 때문에 이런 상황은 당연한 겁니다. 당연한 거고 그에 따라서 어떻게 이제 받아들이냐의 그건데 어 저는 이런 일에 대해서 있을 때는 일단 많이 경청을 하려고 노력을 했던 것 같습니다. 그 사람이 왜 그런 행동을 했을까 라는 뜻에서 잘 들어 보면 또 이유가 있고 생각지도 못한 이유가 있습니다. 그래서 그런 것들을 많이 들어 보면 해결 방법이 나오고 또 이게 이제 또 상급자와 하급자의 갈등이 더 틀린 건데 그 갈등 주제에 대해서 좀 빨리 캐치하고 그런 것들을 어 보완해 줄려고 노력을하면은 분명히 상대방도 진심을 알게 될 겁니다. 그렇게 되면 이제 다 갈등 요소가 최소화가 될 건데 이 갈등은 계속 생길 수 밖에 없습니다. 생길 때마다 풀어주고 그 사람의 진심이 무언지 알고 그렇게 되면 해결이 됐던 것 같습니다. 네 이상입니다.","wordCount":156},"emotion":[],"intent":[{"text":"그래서 그런 것들을   많이 들어 보면 해결 방법이 나오고 또 이게 이제 또 상급자와 하급자의 갈등이 더 틀린 건데   그 갈등 주제에 대해서 좀 빨리 캐치하고 그런 것들을 어   보완해 줄려고 노력을하면은 분명히 상대방도 진심을 알게 될 겁니다.","expression":"c_confl_mg","category":"personality"}],"summary":{"text":"구성원들 간의 갈등에 대해 해결 방법은 자기 팀 제 직원 또는 회사의 직원들과의 갈등이 될 것인데 이런 갈등은 당연히 생길 수밖에 없습니다. 사람은 다 새로운 생활도 틀리고 생각하는 게 다 틀리기 때문에 이런 상황은 당연한 것이고 경청을 하려고 노력을 했던 것 같습니다.","wordCount":42}}},"rawDataInfo":{"question":{"fileFormat":"wav","fileSize":608718,"duration":19020,"samplingBit":16,"channelCount":1,"samplingRate":"16kHz","audioPath":"/Mock/04.RND/Male/Experienced/ckmk_q_rnd_m_e_107524.wav"},"answer":{"fileFormat":"wav","fileSize":2756238,"duration":86130,"samplingBit":16,"channelCount":1,"samplingRate":"16kHz","audioPath":"/Mock/04.RND/Male/Experienced/ckmk_a_rnd_m_e_107524.wav"}}}