{"version":"1.0","dataSet":{"info":{"date":"20230116","occupation":"RND","channel":"MOCK","place":"ONLINE","gender":"MALE","ageRange":"35-44","experience":"EXPERIENCED"},"question":{"raw":{"text":"지원자님께서 만약에 지금 하고 싶은 직무가 아니라 다른 직무 파트별로 해당이 배치가 돼서 맡게 되신다면 어떻게 하실지 그래도 정말 괜찮으실지 한 번 그 의견을 들어보고 싶습니다","wordCount":26},"emotion":[],"intent":[]},"answer":{"raw":{"text":"모든 회사는 내가 하고 싶은 일만 할 수 없습니다. 처음에는 그 직무를 맡고 들어갔지만 회사 상황이나 팀의 사정 또는 회사의 여건에 따라서 진급을 하거나 또는 보직 전환을 하게 될 수도 있습니다. 다른 직무를 맡음으로써 기존에 제가 알고 있던 지식 및 경험을 조금 더 넓힐 수 있고 조금 더 넓히으로써 저는 위로도 상승하고 진급할 수 있다고 생각합니다. 다른 직무를 맡는 것은 저에게 불리한 것이 아니라 저에게 훨씬 더 유리하고 좋은 여건이라고 생각합니다.","wordCount":71},"emotion":[],"intent":[{"text":"","expression":"","category":"attitude"}],"summary":{"text":"다른 직무를 맡음으로써 기존에 제가 알고 있던 지식 및 경험을 조금 더 넓힐 수 있고 위로도 상승하고 진급할 수 있으며 저에게는 훨씬 더 유리하고 좋은 여건이라고 생각합니다.","wordCount":27}}},"rawDataInfo":{"question":{"fileFormat":"wav","fileSize":561998,"duration":17560,"samplingBit":16,"channelCount":1,"samplingRate":"16kHz","audioPath":"/Mock/04.RND/Male/Experienced/ckmk_q_rnd_m_e_156617.wav"},"answer":{"fileFormat":"wav","fileSize":1187918,"duration":37120,"samplingBit":16,"channelCount":1,"samplingRate":"16kHz","audioPath":"/Mock/04.RND/Male/Experienced/ckmk_a_rnd_m_e_156617.wav"}}}