{"version":"1.0","dataSet":{"info":{"date":"20230116","occupation":"RND","channel":"MOCK","place":"ONLINE","gender":"MALE","ageRange":"45-54","experience":"EXPERIENCED"},"question":{"raw":{"text":"시간이 촉박한 상황에서 어떻게 시간 관리를 하셨나요","wordCount":7},"emotion":[],"intent":[]},"answer":{"raw":{"text":"한정된 시간 내에서 어떤 목표를 이루어야 된다라고 하면 그것은 결국 우선 순위를 정하는 게 맞다라고 생각을 합니다. 시간은 촉박한데 해야 될 일이 많다 그러면 어떤 것을 먼저 해야 될지를 우선순위를 정해서 그것부터 해결하는 게 그나마 그 시간 관리를 잘하는 방법이라고 생각을 합니다. 어 우선순위를 정한다는 것은 어떤 게 더 같은 시간 내에서 똑같은 시간을 투자했을 때 더 높은 효율과 높은 성과를 낼 수 있는지를 고민을 해서 먼저 갓 시간을 투자해서 좋은 좀 더 좋은 효과를 낼 수 있는 것을 새 시간을 쓰는 것이 맞다 라고 생각합니다.","wordCount":86},"emotion":[],"intent":[{"text":"","expression":"","category":"attitude"}],"summary":{"text":"한정된 시간 내에 목표를 이루기 위해서는 우선 순위를 정하는 게 맞습니다. 우선순위를 정하는 것은 어떤 것이 더 높은 효율과 높은 성과를 낼 수 있는지를 고민해서 새 시간을 쓰는 것이 맞습니다.","wordCount":30}}},"rawDataInfo":{"question":{"fileFormat":"wav","fileSize":220238,"duration":6880,"samplingBit":16,"channelCount":1,"samplingRate":"16kHz","audioPath":"/Mock/04.RND/Male/Experienced/ckmk_q_rnd_m_e_49562.wav"},"answer":{"fileFormat":"wav","fileSize":1465678,"duration":45800,"samplingBit":16,"channelCount":1,"samplingRate":"16kHz","audioPath":"/Mock/04.RND/Male/Experienced/ckmk_a_rnd_m_e_49562.wav"}}}