{"version":"1.0","dataSet":{"info":{"date":"20230116","occupation":"RND","channel":"MOCK","place":"ONLINE","gender":"MALE","ageRange":"45-54","experience":"EXPERIENCED"},"question":{"raw":{"text":"지원자님께서는 성인이 되고 사회 활동을 하시면서 가장 어려웠던 커뮤니케이션 경험이 있으시다면 무엇인지 한번 말씀 부탁드립니다","wordCount":15},"emotion":[],"intent":[]},"answer":{"raw":{"text":"가장 어려웠던 커뮤니케이션 경험은 저희 어머님이 어 빌라 삼 층에 살고 계셨었고요. 이 층에 새롭게 이사 온 사람이 있었습니다. 저는 어머니와 같이 살지는 않았고 바로 옆 건물에서 살았었는데 저도 나름대로 해외 영업을 하면서 계속 사람과의 상대를 하면서 지금까지 살아왔었는데 어머 층간 소음은 제가 그동안 경험했었던 가장 어려운 커뮤니케이션 경험이라고 생각을 합니다. 어머니께서 생활 일반적으로 혼자 사시는 분이 소음을 내셔야 얼마나 많이 내셨겠습니까. 하지만 그 이 층에 온 새로운 사람은 어떠한 스 본인 소리가 나면 본인이 견딜 수 있는 일반적으로 견딜 수 있고 없고의 기준이 본인 기준입니다. 무조건 경찰에 신고를 하는 겁니다. 저도 어 그리고 어머니가 삼 층에서 일 층으로 내려오실 때 마주치기라도 한다면 두 분밖에 안 계시는 상황에서는 위협을 어머니께서 느끼신다고 말할 정도로 어 계속 얘기를 했었습니다. 저도 물론 그 사람과 여러번 말로 싸우게 되고 경찰에 신고를 하면서 어머니가 위협을 느낀다는 말도 했었고 중재위원회에 제소도 했었고 여러 가지 얘기를 했었 했었어도 실질적으로는 그 사람이 과는 이사를 가기 전까지는 해결이 되지 않았던 경험이 가장 어려웠던 커뮤니케이션 경험이라고 할 수 있겠습니다","wordCount":159},"emotion":[],"intent":[{"text":"","expression":"","category":"attitude"}],"summary":{"text":"어머 층간 소음은 제가 그동안 경험했던 가장 어려운 커뮤니케이션 경험이었습니다. 이 층에 온 새로운 사람은 본인 소리가 나면 무조건 경찰에 신고를 하는데, 그 사람과 여러번 말로 싸우게 되고 중재위원회에 제소도 했었고 여러 가지 얘기를 했음에도 실질적으로는 이사를 가기 전까지는 해결이 되지 않았던 경험이 가장 어려웠던 커뮤니케이션 경험이라고 할 수 있겠습니다.","wordCount":50}}},"rawDataInfo":{"question":{"fileFormat":"wav","fileSize":420878,"duration":13150,"samplingBit":16,"channelCount":1,"samplingRate":"16kHz","audioPath":"/Mock/04.RND/Male/Experienced/ckmk_q_rnd_m_e_49717.wav"},"answer":{"fileFormat":"wav","fileSize":2821198,"duration":88160,"samplingBit":16,"channelCount":1,"samplingRate":"16kHz","audioPath":"/Mock/04.RND/Male/Experienced/ckmk_a_rnd_m_e_49717.wav"}}}