{"version":"1.0","dataSet":{"info":{"date":"20230116","occupation":"RND","channel":"MOCK","place":"ONLINE","gender":"MALE","ageRange":"35-44","experience":"EXPERIENCED"},"question":{"raw":{"text":"귀하는 연구직에 지원해 주셨는데 연구 개발이 뭐라고 생각하십니까 귀하께서 생각하시는 연구 개발이 무엇인지 말씀해 주세요","wordCount":15},"emotion":[],"intent":[]},"answer":{"raw":{"text":"아 연구 개발하는데 그 일만 이렇게 들여다 본다 면은 그 개발하는 기간 목표 시점이 되겠죠. 어 두 번째로는 개발비 투자비에 대한 관리 예산을 관리하는 부분이 되겠습니다. 그다음에 최종적으로 나올 수 있는 그 제품에 대한 그 효과 아 기대 효과 우리가 생각하고 있는 그 효과를 과연 제품이 나올 수 있는가 이 세 가지를 가지고 항상 머리에 두고 그 생각을 하고 있습니다. 그래서 그 초기의 목표를 달성했을 때 아 물론 큰 박수를 치고 좋아하겠지만은 항상 그 뭐 예산이 초과가 되고 시간이 또 늘어나고 여러 가지 중간에 문제가 많이 발생이 됩니다. 또 하지만은 제가 그 또 한편으로 이제 생각이 되는 게 그 개발이라는 게 뭐 한 번으로 끝나지 않고 이렇게 지속적으로 가는 경우가 많습니다. 예를 들어서 일 단계 제품 이 단계 삼 단계 또는 시리즈화 뭐 이 십 이 년 버전 이 십 삼 년 버전 또 여러 가지 또 많은 또 창의적이고 새로운 제품이 지속적으로 나와야 되기 때문에 그런 경우에는 더 머리를 신경을 많이 써야 되기 때문에 더 힘들게 하더라고요. 그래서 그때는 실질적으로 어떤 시장의 트렌드를 알고 또 그다음에 어떤 방향성을 잡아야 되기 때문에 결코 쉽게 갈 수 있는 아니구나 이런 것을 항상 늘 염두에 두고 어 개발 업무에 임하고 있습니다.","wordCount":189},"emotion":[],"intent":[{"text":"","expression":"","category":"attitude"}],"summary":{"text":"개발비 투자비에 대한 관리 예산을 관리하는 부분은 초기에는 예산이 초과가 되고 시간이 늘어나고 여러 가지 문제가 많이 발생이 됩니다. 또 개발은 한 번으로 끝나지 않고 지속적으로 가는 경우가 많아서 실질적으로 시장의 트렌드를 알고 방향성을 잡기 때문에 결코 쉽게 갈 수 없다는 것을 항상 염두에 두고 개발 업무에 임하고 있습니다.","wordCount":49}}},"rawDataInfo":{"question":{"fileFormat":"wav","fileSize":478158,"duration":14940,"samplingBit":16,"channelCount":1,"samplingRate":"16kHz","audioPath":"/Mock/04.RND/Male/Experienced/ckmk_q_rnd_m_e_302570.wav"},"answer":{"fileFormat":"wav","fileSize":3059598,"duration":95610,"samplingBit":16,"channelCount":1,"samplingRate":"16kHz","audioPath":"/Mock/04.RND/Male/Experienced/ckmk_a_rnd_m_e_302570.wav"}}}