{"version":"1.0","dataSet":{"info":{"date":"20230116","occupation":"RND","channel":"MOCK","place":"ONLINE","gender":"MALE","ageRange":"35-44","experience":"EXPERIENCED"},"question":{"raw":{"text":"만약 직무를 수행하다가 난관에 봉착을 하게 된다면 지원자님은 어떻게 해결하실 건지 지원자님에 해결법에 대해서 설명해 주시기 바랍니다","wordCount":17},"emotion":[],"intent":[]},"answer":{"raw":{"text":"아 직무 수행 간에 인제 난관에 봉착하거나 위기의 상황은 생길 수 있습니다. 그 부분에서 제가 해결할 수 있는 방법과 그런 것들에 대해서 한번 답변 드려보겠습니다. 어 업무 간에는 이제 많은 우월 상황 우발 상황이든지 위기 아니면 뭐 갑자기 예상치 못한 일들이 많이 일어납니다. 그런 상황이 왔을 때 대응하는 데 있어서 그 문제점이 일단 무엇인지부터 제일 빨리 판단을 한 뒤에 이거를 누가 잘 해결할 수 있을까 한번 생각해 보면 됩니다. 누가 경험이 있었을까 판단해 봤을 때 그 관련된 사람들한테 다 물어봅니다. 이 상황에 대해서 조치해 본 적 있는지. 저는 뭐 이런 것 다 자기가 뭐 자기의 뭐 경험과 이런 걸로 한다기보다는 누군가 솔직히 해 본 사람이 제일 잘한다고 생각합니다. 그래서 이런 상황을 경험해 본 사람을 찾아서 이런 상황에 대해서 어떻게 조치했는지에 대해서 힌트를 얻은 다음에 그때 인제 자기의 지혜와 노력을 통해서 그런 난관에 대해서 빠른 시일 내에 빨리 조치를 해서 어 해결을 해 나갈 것 같습니다. 그게 인제 저만의 노하우인 것 같고 주변 사람의 도움을 받는 게 나쁜 것이 아니라고 생각합니다. 네 이상입니다.","wordCount":162},"emotion":[],"intent":[{"text":"","expression":"","category":"attitude"}],"summary":{"text":"업무 수행 간에 우발 상황이나 위기 상황이 생길 수 있는데, 이런 상황의 대응 방법을 생각해 보면 됩니다. 관련인에게 상황을 조치해 본 적 있는지 물어보고 조치 방법에 대한 힌트를 얻은 뒤 빨리 조치를 해서 해결을 해 나갈 것 같습니다. 그것이 저만의 노하우이고 주변 사람의 도움을 받는 게 나쁜 것이 아니라고 생각합니다.","wordCount":50}}},"rawDataInfo":{"question":{"fileFormat":"wav","fileSize":379598,"duration":11860,"samplingBit":16,"channelCount":1,"samplingRate":"16kHz","audioPath":"/Mock/04.RND/Male/Experienced/ckmk_q_rnd_m_e_147684.wav"},"answer":{"fileFormat":"wav","fileSize":2601038,"duration":81280,"samplingBit":16,"channelCount":1,"samplingRate":"16kHz","audioPath":"/Mock/04.RND/Male/Experienced/ckmk_a_rnd_m_e_147684.wav"}}}