{"version":"1.0","dataSet":{"info":{"date":"20230116","occupation":"RND","channel":"MOCK","place":"ONLINE","gender":"MALE","ageRange":"35-44","experience":"EXPERIENCED"},"question":{"raw":{"text":"업무를 하다 보면 분쟁이 발생할 때도 많을 텐데 그때를 대비해서 지원자님만의 대처법이 있는지 어떤 것이 있는지 설명해 주시기 바랍니다","wordCount":19},"emotion":[],"intent":[]},"answer":{"raw":{"text":"결국 업무의 분쟁이 발생하는 것은 몇 가지 이유에 함축돼 있습니다. 첫번째 부서 간의 이기심 또는 개인 간의 업무 역량 그리고 회사 자체의 구조적인 문젭니다. 저는 그 세 가지를 먼저 파악을 하고 만약 부서 간의 이기심 때문이라면 그 이기심의 근원이 어딘지를 먼저 대화와 타협을 통해서 찾을 것입니다. 예를 들어서 그들은 일억 원에 개발을 해야 된다고 하고 우리는 일억 오천만 원의 개발비가 든다고 하면 이것은 부서 간의 이기심이 아니라 구조적인 문제이기 때문에 해결이 가능합니다. 하지만 예를 들어 우리는 에이부터 씨까지 밖에는 못하고 대신 우리는 이부터 에프까지 해야 된다고 그러면 씨와 이 사이의 중간 점은 반드시 누군가는 해야 되는 일이므로 한 발짝씩 양보하고 그쪽에서 디까지 하고 우리도 디에서 이까지는 반드시 모든 것을 다 책임지고 하겠다 라고 하는 협의점을 찾아야 됩니다. 사람들은 아무리 이기적인 사람이라고 해도 합리적인 근거 및 합리적인 이유 앞에서는 억지를 부릴 수가 없습니다. 여기는 조직이고 회사이고 월급을 받는 직원들이기 때문에 비합리적인 행동을 하는 것은 결국 자기 스스로가 도태되는 것이기 때문에 공식 석상에서 합리적인 이유를 근거로 들어 가장 합법적인 해결책을 찾는 것이 저만의 비법입니다.","wordCount":162},"emotion":[],"intent":[{"text":"저는 그 세 가지를 먼저 파악을 하고 만약   부서 간의 이기심 때문이라면 그 이기심의 근원이 어딘지를 먼저 대화와 타협을 통해서 찾을 것입니다.","expression":"c_confl_mg","category":"personality"}],"summary":{"text":"업무의 분쟁이 발생하는 이유는 첫째 부서 간의 이기심, 개인 간의 업무 역량, 회사 자체의 구조적인 문제 때문이고, 그 이기심의 근원은 대화와 타협을 통해서 찾을 것입니다. 사람들은 아무리 이기적인 사람이라도 합리적인 근거 및 합리적인 이유 앞에서는 억지를 부릴 수 없기 때문에 공식 석상에서 합리적인 이유를 근거로 가장 합법적인 해결책을 찾는 것이 저만의 비법입니다.","wordCount":52}}},"rawDataInfo":{"question":{"fileFormat":"wav","fileSize":391758,"duration":12240,"samplingBit":16,"channelCount":1,"samplingRate":"16kHz","audioPath":"/Mock/04.RND/Male/Experienced/ckmk_q_rnd_m_e_165090.wav"},"answer":{"fileFormat":"wav","fileSize":2776398,"duration":86760,"samplingBit":16,"channelCount":1,"samplingRate":"16kHz","audioPath":"/Mock/04.RND/Male/Experienced/ckmk_a_rnd_m_e_165090.wav"}}}