{"version":"1.0","dataSet":{"info":{"date":"20230116","occupation":"RND","channel":"MOCK","place":"ONLINE","gender":"MALE","ageRange":"45-54","experience":"EXPERIENCED"},"question":{"raw":{"text":"만약 자신이 게임 속에 있다면 어떤 역할인지 설명해 주실 수 있습니까","wordCount":11},"emotion":[],"intent":[]},"answer":{"raw":{"text":"게임 속에는 여러 캐릭터가 매력적인 캐릭터가 많이 존재합니다. 뭐 전사도 있고 궁사 무사 뭐 이런 뭐 여러 가지 캐릭터가 있지만 저는 개인적으로 어 마법사나 어 전략가를 선호합니다. 어 전략가는 직접적으로 몸으로 뭐 싸우고 그러지 않더라도 그 전체 판세를 뒤집을 수 있는 아이디어나 그런 계략 혹은 그 전략으로 판세를 바꿀 수 있어서 저는 마법사나 전략가한테 어 매력을 느낍니다. 저는 일을 할 때도 어 결정권자로서 그 일을 결정하는 것도 중요하지만 계속 아이디어를 내고 여러 가지 방향을 검토하고 그 방향의 가능성을 이렇게 시험해 보는 것을 되게 좋아라 하고 그것이 제 적성에 맞다고 생각을 합니다. 여러 아이디어를 내놨을 때 이게 때로는 허황되고 전혀 뭐 무용지물인 아이디어도 있을 수 있지만 경우에 따라서는 그것이 어 전세 판세를 뒤엎고 어 전혀 다른 방향으로 게임을 진행할 수 있기 때문입니다. 그래서 저는 전략가나 마법사 캐릭터를 선호합니다.","wordCount":127},"emotion":[],"intent":[{"text":"","expression":"","category":"attitude"}],"summary":{"text":"게임 속에는 여러 캐릭터가 있지만 저는 개인적으로 전략가나 전략가를 선호합니다. 전략가는 전체 판세를 뒤집을 수 있는 아이디어나 그런 계략 혹은 전략으로 판세를 바꿀 수 있어서 저는 매력을 느낍니다. 일을 할 때도 계속 아이디어를 내고 여러 방향의 가능성을 시험해 보는 것이 적성에 맞는다고 생각합니다.","wordCount":43}}},"rawDataInfo":{"question":{"fileFormat":"wav","fileSize":275278,"duration":8600,"samplingBit":16,"channelCount":1,"samplingRate":"16kHz","audioPath":"/Mock/04.RND/Male/Experienced/ckmk_q_rnd_m_e_49407.wav"},"answer":{"fileFormat":"wav","fileSize":2617038,"duration":81780,"samplingBit":16,"channelCount":1,"samplingRate":"16kHz","audioPath":"/Mock/04.RND/Male/Experienced/ckmk_a_rnd_m_e_49407.wav"}}}