{"version":"1.0","dataSet":{"info":{"date":"20230116","occupation":"RND","channel":"MOCK","place":"ONLINE","gender":"MALE","ageRange":"45-54","experience":"EXPERIENCED"},"question":{"raw":{"text":"지원자 분이 입사 후 동료께서 지원자 분께 이직에 관해 문의를 한다면 지원자 분은 그 동료에게 뭐라고 말씀을 해주실 건가요","wordCount":19},"emotion":[],"intent":[]},"answer":{"raw":{"text":"이직은 말 그대로 개인의 문제라고 생각을 합니다. 물론 그 사람이 회사에 어떠한 도움을 주고 어 회사에 얼마나 필요한 사람이냐에 따라서 뭐 그 분의 그 사람의 뭐 가치가 판단되는 것이겠지만 어쨌든 간에 본인이 이직을 생각하고 있다 그러면 그것은 본인이 스스로 판단을 해야 된다고 생각을 합니다. 그 사람이 본인의 꿈을 위해서 이직을 한다고 그러면 그건 당연히 응원을 해줘야 될 거고 어 반대로 그 이직이 옳지 않은 판단이라고 하면 저 조언은 해줄 수 있겠지만 그것을 어 동료에게 뭐 강요하거나 어 그럴 수는 없다라고 생각을 합니다. 이직이라는 것은 본인 스스로가 직장을 옮기려는 마음이기 때문에 그 사람의 의사를 존중해야 되고 그 분 스스로가 그것을 결정해야 된다라고 생각합니다.","wordCount":102},"emotion":[],"intent":[{"text":"","expression":"","category":"attitude"}],"summary":{"text":"이직은 개인의 문제라고 생각합니다. 이직은 본인의 꿈을 위해서 한다고 그러면 응원도 해주고 그 이직이 옳지 않은 판단이라고 하면 조언을 해 줄 수 있지만 동료에게 강요할 수는 없다고 생각하며, 그 사람의 의사를 존중해야 되고 그 분 스스로 결정을 해야 된다고 생각합니다.","wordCount":40}}},"rawDataInfo":{"question":{"fileFormat":"wav","fileSize":371278,"duration":11600,"samplingBit":16,"channelCount":1,"samplingRate":"16kHz","audioPath":"/Mock/04.RND/Male/Experienced/ckmk_q_rnd_m_e_49409.wav"},"answer":{"fileFormat":"wav","fileSize":1841998,"duration":57560,"samplingBit":16,"channelCount":1,"samplingRate":"16kHz","audioPath":"/Mock/04.RND/Male/Experienced/ckmk_a_rnd_m_e_49409.wav"}}}