{"version":"1.0","dataSet":{"info":{"date":"20230116","occupation":"RND","channel":"MOCK","place":"ONLINE","gender":"MALE","ageRange":"45-54","experience":"EXPERIENCED"},"question":{"raw":{"text":"그동안 본인이 쓰셨던 논문이나 보고서 등에서 본인의 관심사를 가장 잘 드러낼 수 있는 대표적인 학술 실적을 한 가지만 자세하게 소개해 주시겠습니까","wordCount":21},"emotion":[],"intent":[]},"answer":{"raw":{"text":"저는 얼마 전 상점 브랜드가 상권에 미치는 영향에 대한 보고서를 작성해서 제출한 적이 있습니다. 어 이것은 나름 좋은 평가를 받았고 이것에 대해서 간단히 설명하자면 어 예전에는 은행을 중심으로 상권이 형성됐었습니다. 하지만 요즘은 다 핸드폰이나 이런 핸드폰으로 은행 업무를 처리 처리하다 보니 요즘은 은행 앞에서 만나자는 약속을 하거나 그러지는 않습니다. 그런 거에 비해서 요즘 최고로 핫한 상권에 포함되는 것은 뭐 맥도날드 롯데리아 등이 있지만 아무래도 현재 가장 큰 상권을 미치는 것은 스타벅스입니다. 어 스타벅스는 어 소위 핫한 상권이라고 불리 곳에는 어느 곳에나 있고 전국 어디에도 스타벅스 매장 근처는 입지 조건이 최고이기 때문에 지가가 높아지고 스타벅스가 들어온 매장 주변에는 땅값 및 건물값까지 오르는 게 현실입니다. 요즘 같이 불경기에 다른 매장들은 망해도 스타벅스는 절대로 망하지 않는다는 속설이 있는 것처럼 어 상점이 요즘은 땅값에 땅 지가나 건물의 브랜드 가치 자체를 높이는 일이 많은 것을 볼 수가 있습니다.","wordCount":133},"emotion":[],"intent":[{"text":"","expression":"","category":"attitude"}],"summary":{"text":"요즘 상권에 가장 큰 영향을 미치는 것은 스타벅스입니다. 스타벅스 매장 근처는 입지 조건이 최고이기 때문에 지가가 높아지고 매장 근처에는 땅값 및 건물값까지 오르는 게 현실입니다. 상점이 요즘은 땅 지가나 건물의 브랜드 가치 자체를 높이는 일이 많은 것을 볼 수 있습니다.","wordCount":40}}},"rawDataInfo":{"question":{"fileFormat":"wav","fileSize":461198,"duration":14410,"samplingBit":16,"channelCount":1,"samplingRate":"16kHz","audioPath":"/Mock/04.RND/Male/Experienced/ckmk_q_rnd_m_e_49236.wav"},"answer":{"fileFormat":"wav","fileSize":2760398,"duration":86260,"samplingBit":16,"channelCount":1,"samplingRate":"16kHz","audioPath":"/Mock/04.RND/Male/Experienced/ckmk_a_rnd_m_e_49236.wav"}}}