{"version":"1.0","dataSet":{"info":{"date":"20230116","occupation":"RND","channel":"MOCK","place":"ONLINE","gender":"MALE","ageRange":"35-44","experience":"EXPERIENCED"},"question":{"raw":{"text":"아 만약 이 면접에서 최종 탈락하신다면 어떤 점이 부족해서 탈락을 했다고 어 생각을 하시겠습니까","wordCount":14},"emotion":[],"intent":[]},"answer":{"raw":{"text":"아무래도 관련 전공 지식이나 관련 경험이 조금 부족했지 않나 싶습니다. 저는 현재 회사와 쪼금 동떨어진 의료기기 회사를 오랫동안 다녔고 의료기기 품질 관리 및 개발 서비스쪽에 에서는 최적화 되있는 사람입니다. 하지만 이 장비는 산업용 장비로서 저하고는 쪼금 이격이 있습니다. 그래서 학점두 그렇게 높지 않고 또 현재 관련된 산업에 대해서 이해도가 높지 않아 그렇게 탈락을 하지 않았나 싶습니다.","wordCount":56},"emotion":[],"intent":[{"text":"저는 현재 회사와 쪼금 동떨어진 의료기기 회사를 오랫동안 다녔고 의료기기 품질 관리 및 개발 서비스쪽에 에서는 최적화 되있는 사람입니다.","expression":"c_private","category":"background"}],"summary":{"text":"의료기기 품질 관리 및 개발 서비스에 최적화된 저 역시 산업용 장비로서 학점두 높지 않고 관련 산업에 대한 이해도도 높지 않아 탈락하게 되었습니다.","wordCount":22}}},"rawDataInfo":{"question":{"fileFormat":"wav","fileSize":371278,"duration":11600,"samplingBit":16,"channelCount":1,"samplingRate":"16kHz","audioPath":"/Mock/04.RND/Male/Experienced/ckmk_q_rnd_m_e_165083.wav"},"answer":{"fileFormat":"wav","fileSize":1092238,"duration":34130,"samplingBit":16,"channelCount":1,"samplingRate":"16kHz","audioPath":"/Mock/04.RND/Male/Experienced/ckmk_a_rnd_m_e_165083.wav"}}}