{"version":"1.0","dataSet":{"info":{"date":"20230116","occupation":"RND","channel":"MOCK","place":"ONLINE","gender":"MALE","ageRange":"45-54","experience":"EXPERIENCED"},"question":{"raw":{"text":"인생에서 겪었던 갈등 중에 가장 심각했던 것은 무엇이었나요","wordCount":8},"emotion":[],"intent":[]},"answer":{"raw":{"text":"이것은 극히 제 개인적인 갈등인데 어 인상 지금 여태 현재도 겪고 있고 앞으로도 계속될 갈등입니다. 다름이 아니라 그 종교에 관련된 갈등인데 저는 뭐 어렸을 때부터 부모님의 영향을 받아서 어 불교를 믿고 있습니다. 어 뭐 그 아주 뭐 절대적인 불교 신자는 아니지만 나름대로 어 기회가 된다면 절에 가서 어 기도도 하고 뭐 지나가다가 절이 있으면 뭐 가 가지고 공양도 하고 그 정도로 에 어 불심을 가지고 있습니다. 어 그러던 중 형님이 그 형수와 이제 결혼을 하셨는데 형수님이 기독교를 믿고 있습니다. 그러다보니 이제 부모님이 돌아가신 상태에서 그 부모님의 제사가 좀 문제가 됐고 형은 장남이고 저는 차남인데 형님이 제사를 지낼 때 에 이것을 좀 간소화하고 어 제사를 좀 등한시하는 것에 대한 갈등이 있습니다. 이것은 뭐 형과 제가 풀어야 될 문제이기도 하지만 형수가 중간에 있다 보니 지금으로 선 저에게 가장 큰 갈등입니다.","wordCount":128},"emotion":[],"intent":[{"text":"","expression":"","category":"attitude"}],"summary":{"text":"저는 어렸을 때부터 부모님의 영향으로 불교를 믿고 있습니다. 그러던 중 부모님이 돌아가신 상태에서 그 부모님의 제사가 좀 문제가 됐습니다. 이것은 형과 제가 풀어야 할 문제이기도 하지만 중간에 있다 보니 지금으로 선 제가 가장 큰 갈등입니다.","wordCount":35}}},"rawDataInfo":{"question":{"fileFormat":"wav","fileSize":243278,"duration":7600,"samplingBit":16,"channelCount":1,"samplingRate":"16kHz","audioPath":"/Mock/04.RND/Male/Experienced/ckmk_q_rnd_m_e_34311.wav"},"answer":{"fileFormat":"wav","fileSize":2732238,"duration":85380,"samplingBit":16,"channelCount":1,"samplingRate":"16kHz","audioPath":"/Mock/04.RND/Male/Experienced/ckmk_a_rnd_m_e_34311.wav"}}}