{"version":"1.0","dataSet":{"info":{"date":"20230116","occupation":"RND","channel":"MOCK","place":"ONLINE","gender":"MALE","ageRange":"45-54","experience":"EXPERIENCED"},"question":{"raw":{"text":"기억에 남는 프로젝터가 있다면 어떤 점에서 기억에 남는지 설명하여 주시기 바랍니다","wordCount":11},"emotion":[],"intent":[]},"answer":{"raw":{"text":"기억에 남는 프로젝트가 있다면 어떤 점에서 기억에 남는지에 대한 설명은 제가 지금까지 해외 영업 관련된 부분 특히 중화권 지역 중에 중국의 남방 지역인 광동성 지역의 심천과 동관 지역의 로컬 영업을 진행을 했던 부분이 가장 기억에 남습니다. 이 지역을 어 높게 영업 로컬 영업을 하기 위해서 어 본사에서 직접 상해로 아무 연고도 없는 심천에 가서 제가 직접 사무실을 구해서 어 사무 지사를 설립을 하고 그 안에서 일을 해야 되는 여러 가지 사람들을 직접 채용하고 그 채용된 인원들과 함께 영업 계획을 짜서 그 영업 계획에 의거해서 로컬 영업을 진행을 했었구요. 최종적으로는 그 어 꽌시를 형성을 하고 업 미팅을 진행을 하면서 매출로 창출에 이어지는 일련의 그 과정들을 제가 진두 지휘를 했었습니다. 영업은 매출을 일으키는 것 뿐만이 아니라 그 매출을 일으킨 부분에 대한 미수금을 최종적으로 어 회수하는 것까지가 전체 영업 활동이라고 할 수 있는데요. 그를 없어 무에서 유를 창조하는 쉽지는 않았지만 나름대로의 기획과 실행 능력을 가지고 했었던 그 프로젝트가 가장 기억에 오래 남습니다.","wordCount":149},"emotion":[],"intent":[{"text":"","expression":"","category":"attitude"}],"summary":{"text":"해외에서 기억에 남는 프로젝트가 있다면 광동성 지역 심천과 동관 지역의 로컬 영업을 진행한 부분이 가장 기억에 남습니다. 영업은 매출을 일으키는 것 뿐만이 아니라 미수금을 최종적으로 어 회수하는 것까지가 전체 영업 활동이라고 할 수 있는데, 쉽지 않았지만 나름의 기획과 실행 능력을 가지고 했었던 그 프로젝트가 가장 기억에 오래 남았습니다.","wordCount":48}}},"rawDataInfo":{"question":{"fileFormat":"wav","fileSize":252878,"duration":7900,"samplingBit":16,"channelCount":1,"samplingRate":"16kHz","audioPath":"/Mock/04.RND/Male/Experienced/ckmk_q_rnd_m_e_49652.wav"},"answer":{"fileFormat":"wav","fileSize":2795278,"duration":87350,"samplingBit":16,"channelCount":1,"samplingRate":"16kHz","audioPath":"/Mock/04.RND/Male/Experienced/ckmk_a_rnd_m_e_49652.wav"}}}