{"version":"1.0","dataSet":{"info":{"date":"20230116","occupation":"RND","channel":"MOCK","place":"ONLINE","gender":"MALE","ageRange":"45-54","experience":"EXPERIENCED"},"question":{"raw":{"text":"살아가면서 힘들었던 점이 있었을 텐데요 가장 힘든 순간과 그리고 극복을 어떻게 했는지 말씀해 주시겠습니까","wordCount":14},"emotion":[],"intent":[]},"answer":{"raw":{"text":"아 살면서 가장 힘들었었던 점은 아마 지금이지 않을까 싶은데요. 아 제가 이 졸업을 하고 아직까지 이제 취업을 못해서 계속 어 일자리를 구하고 있는데 아 저 뿐만이 아니라 많은 청년들이 이 그 취업을 못해서 많이 힘들어 하는 것으로 알고 있습니다. 아 그렇지만 어 언젠가는 어 좋은 그 직장에 취직할 것이라는 어 희망을 버리지 않고 어 계속계속 이제 역량을 갈고 닦고 어 열심히 공부하고 있습니다. 아 이러한 것들이 아직 뭐 제가 극복을 하지는 못했지만 언젠가는 제가 이 어려움을 극복할 수 있는 아 그런 원동력이 되지 않을까 싶습니다.","wordCount":85},"emotion":[],"intent":[{"text":"","expression":"","category":"attitude"}],"summary":{"text":"저는 졸업을 하고 아직도 취업을 못해서 일자리를 찾고 있습니다. 하지만 언젠가 좋은 직장에 취직할 것이라는 희망을 가지고 열심히 공부하고 있습니다, 이것이 제가 어려움을 극복할 수 있는 원동력이 될 것 같습니다.","wordCount":30}}},"rawDataInfo":{"question":{"fileFormat":"wav","fileSize":353678,"duration":11050,"samplingBit":16,"channelCount":1,"samplingRate":"16kHz","audioPath":"/Mock/04.RND/Male/Experienced/ckmk_q_rnd_m_e_102355.wav"},"answer":{"fileFormat":"wav","fileSize":2067918,"duration":64620,"samplingBit":16,"channelCount":1,"samplingRate":"16kHz","audioPath":"/Mock/04.RND/Male/Experienced/ckmk_a_rnd_m_e_102355.wav"}}}