{"version":"1.0","dataSet":{"info":{"date":"20230116","occupation":"RND","channel":"MOCK","place":"ONLINE","gender":"MALE","ageRange":"35-44","experience":"EXPERIENCED"},"question":{"raw":{"text":"현대 사회에서 없어서는 안 될 가장 중요하다고 생각하시는 직업이 무엇이라고 생각하십니까 한 가지만 골라 말씀해 주시겠습니까","wordCount":16},"emotion":[],"intent":[]},"answer":{"raw":{"text":"현대 사회에서는 이제는 물리적인 힘보다는 논리적인 힘으로 움직이는 시대가 되었습니다. 즉 다시 말해서 빅데이타 및 머신러닝 딥러닝 자율 주행 같은 프로그램을 만들고 그것을 운용할 수 있는 개발자 및 소프트웨어 엔지니어가 대두가 되는 사회라고 생각합니다. 예전에는 모든 것을 다 인력으로 해결하여 인력이 많으면 생산도 많아지고 결과물도 많아지는 시대였지만 이제는 국경이 없는 온라인 시대에서 온라인에서 광고 하나면 서울에서 부산 제주 미국 아프리카까지 광고를 띄울 수 있습니다. 소프트웨어를 통해서 많은 사람들이 전 세계에 있는 데이터를 움직이고 그 데이터를 취합해서 좋은 결과를 만들어낼 수 있습니다. 특히나 데이터가 많아지면 머신러닝 및 딥러닝을 통해서 어떻게 하면 우리가 원하는 고객에게 맡겨 타겟팅 판매를 충분히 할 수 있습니다. 타겟팅을 통한 판매 전략을 세우고 판매된 내용을 가지고 이 고객에게 어떻게 또 한 번의 세일즈 리드를 일으킬 수 있을 갓인가 그런 좋은 데이터들이 나오고 있습니다. 이미 구글 애플 바이두 같은 회사들은 자율주행 오 단계를 앞서고 있고 우리나라는 아직 삼 단계를 다 못 미치고 있습니다. 소프트웨어 전문가가 가장 필요한 직업이라고 생각합니다.","wordCount":150},"emotion":[],"intent":[{"text":"","expression":"","category":"attitude"}],"summary":{"text":"현대 사회에서는 물리적인 힘보다 논리적인 힘으로 움직이는 시대가 되었습니다. 온라인에서 광고 하나면 서울에서 부산, 제주, 미국 아프리카까지 광고를 띄울 수 있습니다. 소프트웨어를 통해서 많은 사람들이 전 세계에 있는 데이터를 움직이고 그 데이터를 취합해서 좋은 결과를 만들어낼 수 있기 때문에 소프트웨어 전문가가 가장 필요한 직업이라고 생각합니다.","wordCount":45}}},"rawDataInfo":{"question":{"fileFormat":"wav","fileSize":436558,"duration":13640,"samplingBit":16,"channelCount":1,"samplingRate":"16kHz","audioPath":"/Mock/04.RND/Male/Experienced/ckmk_q_rnd_m_e_185476.wav"},"answer":{"fileFormat":"wav","fileSize":2803278,"duration":87600,"samplingBit":16,"channelCount":1,"samplingRate":"16kHz","audioPath":"/Mock/04.RND/Male/Experienced/ckmk_a_rnd_m_e_185476.wav"}}}