{"version":"1.0","dataSet":{"info":{"date":"20230116","occupation":"RND","channel":"MOCK","place":"ONLINE","gender":"MALE","ageRange":"55-","experience":"EXPERIENCED"},"question":{"raw":{"text":"지원자분 본인이 생각하였을 때 스스로 가장 자신 있는 작업은 무엇이라고 생각하시나요 또한 그렇게 생각하시는 이유는 무엇인지 저희 직장에 잘 적응할 수 있는지 같이 말씀해 주시기 바랍니다","wordCount":26},"emotion":[],"intent":[]},"answer":{"raw":{"text":"가장 자신 있는 작업은 무엇인가요. 예 저는 연구하고 생산하는 것에 아 가장 자신이 있다고 생각을 합니다. 무엇인가를 만들고 무엇인가를 새로 이렇게 작업하는 것 그런 것을 상당히 좋아합니다. 그러다보니까 기존에 있는 제품보다는 새로운 제품들 그런 것들을 만들고 생산하고 또한 협의하는 것을 좋아한다고 보시면 되겠습니다.","wordCount":43},"emotion":[],"intent":[{"text":"","expression":"","category":"attitude"}],"summary":{"text":"새로운 제품을 만들고 생산하며 협의하는 것을 좋아하는 저는 연구하고 생산하는 것에 가장 자신 있습니다. 이는 가장 자신 있는 작업이라고 생각합니다.","wordCount":20}}},"rawDataInfo":{"question":{"fileFormat":"wav","fileSize":450638,"duration":14080,"samplingBit":16,"channelCount":1,"samplingRate":"16kHz","audioPath":"/Mock/04.RND/Male/Experienced/ckmk_q_rnd_m_e_62213.wav"},"answer":{"fileFormat":"wav","fileSize":2558158,"duration":79940,"samplingBit":16,"channelCount":1,"samplingRate":"16kHz","audioPath":"/Mock/04.RND/Male/Experienced/ckmk_a_rnd_m_e_62213.wav"}}}