{"version":"1.0","dataSet":{"info":{"date":"20230116","occupation":"RND","channel":"MOCK","place":"ONLINE","gender":"MALE","ageRange":"-34","experience":"EXPERIENCED"},"question":{"raw":{"text":"지금까지 살면서 전혀 새로운 환경에서 아예 몰랐던 일을 맡아서 한 경험이 있다면 그때의 경험에 대해서 소개해 주시겠어요","wordCount":17},"emotion":[],"intent":[]},"answer":{"raw":{"text":"네 저는 대학교 학부 전공과 전혀 다른 일을 다른 업무를 입사 후 하게 되었습니다. 첫 회사가 매우 큰 회사이고 안에서 매우 다양한 일을 하기 때문에 기술직 군으로 통합하여 선발된 뒤 각자의 선택 혹은 선택이 제한된 범위 안에서 업무가 정해지게 됩니다. 이에 저는 기존에 공부해 왔던 통신이 아닌 통신 장비 계열보다는 리눅스 계열의 서버 건물을 하게 되었습니다. 굉장히 생소하였고 커맨드 상에서 제가 할 수 있는 것은 정말 처음에 명령어 두 개 세 개 정도였습니다. 하지만 사수님이와 함께 많은 프로젝트를 옆에서 배우고 제가 주도적으로 해보고 하면서 차츰 일이 익숙해져 갔고 어느덧 전공자처럼 자연스럽게 업무를 하고 있는 제 자신을 발견하게 되었습니다. 이토록 적응을 잘 했습니다.","wordCount":102},"emotion":[],"intent":[{"text":"","expression":"","category":"attitude"}],"summary":{"text":"저는 대학교 학부 전공과 전혀 다른 업무를 입사 후 하게 되었습니다. 첫 회사가 매우 큰 회사이고 기술직 군으로 통합되어 선발된 뒤 각자의 선택 혹은 선택이 제한된 범위 안에서 업무가 정해집니다.","wordCount":30}}},"rawDataInfo":{"question":{"fileFormat":"wav","fileSize":355278,"duration":11100,"samplingBit":16,"channelCount":1,"samplingRate":"16kHz","audioPath":"/Mock/04.RND/Male/Experienced/ckmk_q_rnd_m_e_248518.wav"},"answer":{"fileFormat":"wav","fileSize":3840078,"duration":120000,"samplingBit":16,"channelCount":1,"samplingRate":"16kHz","audioPath":"/Mock/04.RND/Male/Experienced/ckmk_a_rnd_m_e_248518.wav"}}}