{"version":"1.0","dataSet":{"info":{"date":"20230116","occupation":"RND","channel":"MOCK","place":"ONLINE","gender":"MALE","ageRange":"35-44","experience":"EXPERIENCED"},"question":{"raw":{"text":"지원자분 본인만이 가지고 계시는 스트레스 해소 방법이 무엇일지 궁금합니다 왜 그와 같은 방법으로 지원자분께서는 스트레스를 해소하고 계시는지도 함께 이야기 해 주시면 좋겠습니다","wordCount":22},"emotion":[],"intent":[]},"answer":{"raw":{"text":"네 그 사회에 직장인이 되고 나서는 뭐 그 소주 한 잔 뭐 이렇게 직장인들과 같이 이렇게 어울리면서 흥청망청 이런 식으로 스트레스 해소를 해 봤지만 어 효과는 별로더라고요. 물론 이제 금전적인 지출도 많고 또 몸에 대한 데매지도 많고 그래서 저는 그 다시 그 원시적인 방법으로 원래 제가 즐겨 쓰던 방법으로 돌아가기로 했습니다. 아 일차적으로 어 뭐 직장 내에서 어떤 스트레스를 받았을 때 일차적으로 간단하게 뭐 직원들 독려하고 식사하면서 소주 한 잔 간단하게 하면서 다 그것을 뱉어내고 가벼운 마음으로 인제 그 퇴근을 합니다. 그리고 기회가 된다면 동네에 또는 뭐 헬스장 이런 데 본인이 가깝게 찾을 수 있는 데서 저는 조깅을 합니다. 그래서 뭐 뭐 만 보 이상 또는 뭐 사 키로 육 키로 정도의 빠른 걸음으로 그 운동을 하면서 땀을 쭉 빼고 또 그 가장 중요한 거는 그 시간 내에 제가 오늘 있었던 거를 다시 한 번 회상하면서 무엇이 잘못됐고 어디서부터 잘못됐고 또 이게 다시 리셋이 된다 그러면 내가 어떻게 대처하는 게 옳았겠는가 그리고 내일 다시 이 업무를 제가 어떻게 해소하고 접근해서 문제를 최소화하고 해결책은 뭐가 있을까 이런 것을 생각하는 그 시간을 삼기 때문에 상당히 저한테는 건강도 챙기고 문제를 해결할 수 있는 좋은 방법이라고 생각해서 이렇게 하고 있습니다.","wordCount":186},"emotion":[],"intent":[{"text":"","expression":"","category":"attitude"}],"summary":{"text":"직장인이 되고 나서 소주 한 잔으로 스트레스 해소를 해 봤지만 효과는 별로였습니다. 다시 원래 제가 즐겨 쓰던 방법으로 돌아가기로 했는데, 일차적으로 직원 격려와 식사 후 간단하게 소주를 마시고 가벼운 마음으로 퇴근을 하고, 기회가 된다면 헬스장에 가서 조깅을 합니다. 이 업무를 어떻게 해소하고 접근할지 생각하는 시간을 갖기 때문에 저한테 좋은 방법이라고 생각해서 이렇게 하고 있습니다.","wordCount":54}}},"rawDataInfo":{"question":{"fileFormat":"wav","fileSize":537678,"duration":16800,"samplingBit":16,"channelCount":1,"samplingRate":"16kHz","audioPath":"/Mock/04.RND/Male/Experienced/ckmk_q_rnd_m_e_302569.wav"},"answer":{"fileFormat":"wav","fileSize":3185998,"duration":99560,"samplingBit":16,"channelCount":1,"samplingRate":"16kHz","audioPath":"/Mock/04.RND/Male/Experienced/ckmk_a_rnd_m_e_302569.wav"}}}