{"version":"1.0","dataSet":{"info":{"date":"20230116","occupation":"RND","channel":"MOCK","place":"ONLINE","gender":"MALE","ageRange":"35-44","experience":"EXPERIENCED"},"question":{"raw":{"text":"어떤 문제에 부딪쳤다고 가정했을 때 혼자 해결하는 편인가요 아니면 여러 사람들에게 이야기를 하는 편인가요","wordCount":14},"emotion":[],"intent":[]},"answer":{"raw":{"text":"어 어떤 인제 난관이나 뭐 위기에 닥쳤을 때 저는 혼자 해결하는 편은 아니고 주변 사람들에게 다 널리 알립니다. 이런 문제에 내가 닥쳤는데 나에게 뭐 조언을 해줄 것이 없냐 아니면 뭐 격려해 줄 것이 없는지를 물어보고 조언 받는 거에 있어 저는 되게 좋게 생각하는 편입니다. 그래서 그게 뭐 기분 나쁜 일도 아니고 조언을 받는다는 건 좋은 거기 때문에 조언을 많이 요구를 합니다. 내가 고민해서 인제 두 세 시간 걸릴 일을 조언을 받으면 뭐 한 삼십 분 안에도 끝낼 수 있는 일이기 때문에 그런 거에 대해서 최대한 많이 조언을 받고 피드백을 받을려고 하는 스타일 입니다. 혼자 해결했을 때와 여러 사람에게 도움을 받았을 때의 차이점은 혼자 해결했을 때는 어 둘 다 동시에 해결은 가능할 수 있습니다. 근데 이 해결하는 속도나 진행 속도 그리고 완성도가 많이 떨어질 겁니다. 네 해봤던 사람들의 경험을 듣고 조언을 받고 했을 때는 거기에서 인제 부족한 점이 무엇인지 빠진 게 무엇인지 그런 것들을 캐치할 수 있는 시간이 있기 때문에 좀 더 완성도 있게 어 그런 문제점을 해결해 나갈 수 있을 것 같습니다. 네 이상입니다.","wordCount":164},"emotion":[],"intent":[{"text":"","expression":"","category":"attitude"}],"summary":{"text":"난관이나 위기에 닥쳤을 때 주변 사람들에게 다 알리며 조언을 받는 것을 좋게 생각합니다. 조언을 받는 건 좋은 일이기 때문에 조언을 많이 요구하고 피드백을 받으려고 합니다. 혼자 해결했을 때와 여러 사람에게 도움을 받았을 때의 차이점은 혼자 해결었을 때는 둘 다 동시에 해결할 수 있지만 완성도는 떨어집니다.","wordCount":45}}},"rawDataInfo":{"question":{"fileFormat":"wav","fileSize":296078,"duration":9250,"samplingBit":16,"channelCount":1,"samplingRate":"16kHz","audioPath":"/Mock/04.RND/Male/Experienced/ckmk_q_rnd_m_e_147685.wav"},"answer":{"fileFormat":"wav","fileSize":2529998,"duration":79060,"samplingBit":16,"channelCount":1,"samplingRate":"16kHz","audioPath":"/Mock/04.RND/Male/Experienced/ckmk_a_rnd_m_e_147685.wav"}}}