{"version":"1.0","dataSet":{"info":{"date":"20230116","occupation":"RND","channel":"MOCK","place":"ONLINE","gender":"MALE","ageRange":"45-54","experience":"EXPERIENCED"},"question":{"raw":{"text":"지원자님께서는 이 지원하신 직무와 관련하여서 구체적인 실무 및 연구 경험이 있으신가요","wordCount":11},"emotion":[],"intent":[]},"answer":{"raw":{"text":"네 이력서를 보시면 아시겠지만 제가 다니던 회사도 역시나 같은 계열의 회사입니다. 이름만 들어도 다 아실 회사라고 생각합니다. 저는 거기서 실무 뿐만 아니라 현장 경험도 두루 갖추고 있습니다 지금 면접관님께서 연구 경험을 물어보셨는데요. 연구 경험은 저는 솔직히 없습니다. 하지만 건설 현장에서의 가장 중요한 것은 연구보다는 구체적인 실무 경험이고요. 그리고 그것을 갖다가 얼마만큼의 규모로 해 냈느냐 해 내고 실행했느냐 이게 저에게 그게 가장 중요하다고 생각합니다.","wordCount":63},"emotion":[],"intent":[{"text":"","expression":"","category":"attitude"}],"summary":{"text":"제가 전에 다니던 회사도 같은 계열의 회사입니다. 건설 현장에서의 가장 중요한 것은 구체적인 실무 경험이고 그것을 얼마나 규모로 해 내고 실행했느냐 하는 것이 가장 중요하다고 생각합니다.","wordCount":26}}},"rawDataInfo":{"question":{"fileFormat":"wav","fileSize":372558,"duration":11640,"samplingBit":16,"channelCount":1,"samplingRate":"16kHz","audioPath":"/Mock/04.RND/Male/Experienced/ckmk_q_rnd_m_e_90031.wav"},"answer":{"fileFormat":"wav","fileSize":1702798,"duration":53210,"samplingBit":16,"channelCount":1,"samplingRate":"16kHz","audioPath":"/Mock/04.RND/Male/Experienced/ckmk_a_rnd_m_e_90031.wav"}}}