{"version":"1.0","dataSet":{"info":{"date":"20230116","occupation":"RND","channel":"MOCK","place":"ONLINE","gender":"MALE","ageRange":"45-54","experience":"EXPERIENCED"},"question":{"raw":{"text":"기업이 기술 경쟁력을 확보하기 위해 엄청난 노력을 하고 있습니다 기업이 어떤 노력을 하고 있는지 본인이 아는 대로 말씀해 주세요","wordCount":19},"emotion":[],"intent":[]},"answer":{"raw":{"text":"기술 경쟁력을 확보하기 위해서는 인재 확보가 제일 중요하다고 생각합니다. 어쨌든 어떤 기술을 가지고 운영을 하기 위해서는 그 운영을 하기 위한 사람이 필요하게 되는데요. 그 사람을 어떤 사람으로 쓰느냐에 따라서 어 경쟁력은 천차만별이라고 생각합니다. 그래서 그 일단은 우수한 기술을 가지고 있고 그 기술을 운용할 수 있는 사람이 확보되는 게 매우 중요합니다. 그래서 어 기업에서는 어 이런 인재를 발굴하기 위해서 어 매 매년 아니면은 매 분기 어 학교로 가서 인재를 리쿠르팅 한다거나 아니면은 어떤 논문의 저자들 이런 저자들을 찾아서 어 기업 입사하게 하게끔 하는 이런 노력이 매우 필요합니다.","wordCount":86},"emotion":[],"intent":[{"text":"","expression":"","category":"attitude"}],"summary":{"text":"기술 경쟁력을 확보하기 위해서는 우수한 기술을 가지고 있고 운용할 수 있는 사람을 확보하는 게 중요합니다. 그래서 기업에서는 이런 인재를 발굴하기 위해 매 분기 학교로 가서 인재를 리쿠르팅하거나 논문의 저자들을 찾아 기업 입사하게 해야 합니다.","wordCount":34}}},"rawDataInfo":{"question":{"fileFormat":"wav","fileSize":390478,"duration":12200,"samplingBit":16,"channelCount":1,"samplingRate":"16kHz","audioPath":"/Mock/04.RND/Male/Experienced/ckmk_q_rnd_m_e_73778.wav"},"answer":{"fileFormat":"wav","fileSize":2330958,"duration":72840,"samplingBit":16,"channelCount":1,"samplingRate":"16kHz","audioPath":"/Mock/04.RND/Male/Experienced/ckmk_a_rnd_m_e_73778.wav"}}}