{"version":"1.0","dataSet":{"info":{"date":"20230116","occupation":"RND","channel":"MOCK","place":"ONLINE","gender":"MALE","ageRange":"45-54","experience":"EXPERIENCED"},"question":{"raw":{"text":"지금껏 협업을 해 오시면서 가장 어려웠던 것과 그 어려웠던 점을 어떻게 해결하셨는지 말씀해 주세요","wordCount":14},"emotion":[],"intent":[]},"answer":{"raw":{"text":"협업을 하면서 가장 어려웠던 것은 협업을 하면서도 목표가 공동의 목표가 같지 않을 때라고 생각합니다. 협업은 여럿이 모여서 한 가지의 목표를 달성하기 위해 서로 희생하고 서로 협력하고 어 서로 나누고 소통해야 소통을 해야 되는데 협업을 하면서도 보면 간혹 가다가 본인 스스로가 조금 손해를 안 볼려고 하고 본인의 성과를 더 과시하려고 하고 그러다 보니 협업이 힘들어지는 경우를 종종 봐왔습니다. 그것을 해결하는 방법은 우리가 협업을 하는 이유에 대해서 근본적으로 다시 주지를 시켜야 된다라는 것입니다. 그러기 위해서는 우리의 어 목표를 정확히 하고 우리가 공동으로 이 일을 이루어 냈을 때 혹은 내가 좀 손해를 보고 내가 좀 희생을 하드래도 이 공동의 목표를 이룰 수 있도록 함께 노력한다라는 것을 주지시켜 주는 것입니다. 어 때로는 내가 좀 손해를 보드래도 결과적으로 이 협업이 다 완성이 되었을 때 모두에게 이익이 돌아간다라는 것을 어 확실하게 알려주고 그것을 주지시키는 것입니다.","wordCount":129},"emotion":[],"intent":[{"text":"","expression":"","category":"attitude"}],"summary":{"text":"협업을 하면서도 목표가 공동의 목표가 같지 않을 때가 있는데, 이를 해결하는 방법은 협업의 이유를 근본적으로 다시 주지시키는 것입니다. 목표를 정확히 하고, 손해를 보더라도 공동의 목표를 이룰 수 있도록 함께 노력한다는 것을 주지시켜 주는 것입니다.","wordCount":34}}},"rawDataInfo":{"question":{"fileFormat":"wav","fileSize":366158,"duration":11440,"samplingBit":16,"channelCount":1,"samplingRate":"16kHz","audioPath":"/Mock/04.RND/Male/Experienced/ckmk_q_rnd_m_e_49233.wav"},"answer":{"fileFormat":"wav","fileSize":2757838,"duration":86180,"samplingBit":16,"channelCount":1,"samplingRate":"16kHz","audioPath":"/Mock/04.RND/Male/Experienced/ckmk_a_rnd_m_e_49233.wav"}}}