{"version":"1.0","dataSet":{"info":{"date":"20230116","occupation":"RND","channel":"MOCK","place":"ONLINE","gender":"MALE","ageRange":"45-54","experience":"EXPERIENCED"},"question":{"raw":{"text":"팀 프로젝트를 할 때 의사소통에 문제가 있으면 어떻게 해결할 것인가요","wordCount":10},"emotion":[],"intent":[]},"answer":{"raw":{"text":"팀 프로젝트를 하는데 가장 중요한 것은 소통이라고 생각합니다. 그런데 소통에 문제가 있다고 그러면 어 그 팀은 그 팀이 하고자 하는 프로젝트는 절대로 좋은 성과를 얻을 수 없다 라고 생각을 합니다. 저는 일단 소통이 안 된다 라는 것은 서로가 생각하고 있는 그 목표가 다르기 때문이라고 생각을 합니다. 이런 경우에는 일단 다 같이 그 우리가 이루고자 하는 목표를 다시 재설정하고 그 목표를 좀 더 분명하게 할 필요가 있다 라고 생각을 합니다. 어 목표가 분명할 때 어 똑같은 길을 가는 것이고 목표가 불분명할 때 서로 각자의 길을 가게 됩니다. 목표를 분명히 하고 우리가 이루고자 하는 우리가 해내고야 해내야 하는 프로젝트를 정확히 목표를 설정을 한다고 그러면 그 안에서 어 소통을 할 수 있을 거라고 생각을 합니다. 어 어차피 팀원인 이상 그 목표를 이루려고 하지 그 목표를 뭐 해치려고 하지는 않기 때문에 목표를 정확히 정하고 본인이 조금은 희생을 하고 감수할 수 있는 부분을 감수한다 그러면 저는 충분히 그 내 안에서 소통을 이룰 수 있을 것이라고 생각합니다.","wordCount":151},"emotion":[{"text":"저는 일단 소통이 안 된다 라는 것은 서로가 생각하고 있는 그 목표가 다르기 때문이라고 생각을 합니다.","expression":"u-belief","category":"neutral"},{"text":"목표를 분명히 하고 우리가 이루고자 하는 우리가 해내고야   해내야 하는 프로젝트를 정확히 목표를 설정을 한다고 그러면 그 안에서   어 소통을 할 수 있을 거라고 생각을 합니다.","expression":"u-belief","category":"neutral"}],"intent":[{"text":"","expression":"","category":"attitude"}],"summary":{"text":"팀 프로젝트에서 가장 중요한 것은 소통인데, 소통에 문제가 있으면 그 팀은 좋은 성과를 얻을 수 없습니다. 이루고자 하는 목표를 재설정하고 그 목표를 좀 더 분명하게 할 필요가 있습니다. ","wordCount":28}}},"rawDataInfo":{"question":{"fileFormat":"wav","fileSize":273998,"duration":8560,"samplingBit":16,"channelCount":1,"samplingRate":"16kHz","audioPath":"/Mock/04.RND/Male/Experienced/ckmk_q_rnd_m_e_53788.wav"},"answer":{"fileFormat":"wav","fileSize":2560718,"duration":80020,"samplingBit":16,"channelCount":1,"samplingRate":"16kHz","audioPath":"/Mock/04.RND/Male/Experienced/ckmk_a_rnd_m_e_53788.wav"}}}