{"version":"1.0","dataSet":{"info":{"date":"20230116","occupation":"RND","channel":"MOCK","place":"ONLINE","gender":"MALE","ageRange":"45-54","experience":"EXPERIENCED"},"question":{"raw":{"text":"네 직무와 관련된 경험이 있다면 설명해 주세요","wordCount":7},"emotion":[],"intent":[]},"answer":{"raw":{"text":"네 물류 쪽과 제가 좀 인연이 있는데요. 일단은 제가 대학교 다닐 때 아 물류 창고에서 아르바이트를 한 경험이 많습니다. 그래서 일단 물류 쪽에서 어떻게 돌아가는지 시스템은 어 너무나 잘 알고 있구요. 그리고 이전 직장에서도 어 물류 팀하고 어 업무적으로 협업할 일이 많이 있었습니다. 그래서 어 물류팀에서 어떤 게 필요한지 아니면 어떤 게 힘든 일인지 그런 것들에 대해서 잘 파악을 하고 있습니다. 그래서 제가 업무 업무를 물류팀에서 하게 된다고 해도 아 큰 거부감이나 그런 것은 없을 것 같습니다.","wordCount":77},"emotion":[{"text":"일단은 제가 대학교 다닐 때   아 물류 창고에서 아르바이트를 한 경험이 많습니다.","expression":"u-fact","category":"neutral"}],"intent":[{"text":"","expression":"","category":"attitude"}],"summary":{"text":"물류 쪽과 인연이 있습니다. 물류 창고에서 아르바이트를 한 경험이 많아서 물류 쪽 시스템을 잘 알고, 이전 직장에서도 물류 팀하고 업무적으로 협업할 일이 많았기에 업무 업무를 물류팀에서 하게 될 것 같습니다.","wordCount":30}}},"rawDataInfo":{"question":{"fileFormat":"wav","fileSize":209358,"duration":6540,"samplingBit":16,"channelCount":1,"samplingRate":"16kHz","audioPath":"/Mock/04.RND/Male/Experienced/ckmk_q_rnd_m_e_73777.wav"},"answer":{"fileFormat":"wav","fileSize":1840718,"duration":57520,"samplingBit":16,"channelCount":1,"samplingRate":"16kHz","audioPath":"/Mock/04.RND/Male/Experienced/ckmk_a_rnd_m_e_73777.wav"}}}