{"version":"1.0","dataSet":{"info":{"date":"20230116","occupation":"RND","channel":"MOCK","place":"ONLINE","gender":"MALE","ageRange":"55-","experience":"EXPERIENCED"},"question":{"raw":{"text":"귀하는 이력서에 프로젝트를 많이 수행해 봤다고 적어주셨는데요 팀 프로젝트에서 힘들었던 팀원이 있다면 어떤 점이 힘들었는지 어떻게 해결했는지 그 방법을 말씀해 주세요","wordCount":21},"emotion":[],"intent":[]},"answer":{"raw":{"text":"팀 프로젝트에서 힘들었던 팀원이 있다면 어떤 점에서 힘들었는지 어떻게 해결했는지 알려주세요. 팀 프로젝트에서 힘들었던 팀원이 있다면 서로 협조를 하지 않고 개인적인 독단적인 행동을 돌발했던 그런 친구 때문에 힘들었습니다. 어떻게 해결했는지 잘 설명하고 이해하고 또한 회식을 통하여서 그 친구를 정말 이해해 하게 됐고 이거는 팀 프로젝트이기 때문에 우리가 개인 돌발적인 활동을 하는 것 보다는 팀 전체의 유익을 위해서 일하자고 이렇게 설명을 했습니다.","wordCount":61},"emotion":[],"intent":[{"text":"어떻게 해결했는지 잘 설명하고 이해하고 또한 회식을 통하여서 그 친구를   정말 이해해 하게 됐고 이거는 팀 프로젝트이기 때문에 우리가 개인 돌발적인 활동을 하는 것 보다는 팀 전체의 유익을 위해서 일하자고 이렇게 설명을 했습니다.","expression":"c_confl_mg","category":"personality"}],"summary":{"text":"팀 프로젝트에서 힘들었던 팀원이 있다면 협조하지 않고 독단적인 행동을 한 친구 때문에 힘들었습니다. 이것은 팀 프로젝트이기 때문에 팀 전체의 유익을 위해서 일하도록 설명을 했습니다.","wordCount":24}}},"rawDataInfo":{"question":{"fileFormat":"wav","fileSize":570958,"duration":17840,"samplingBit":16,"channelCount":1,"samplingRate":"16kHz","audioPath":"/Mock/04.RND/Male/Experienced/ckmk_q_rnd_m_e_62221.wav"},"answer":{"fileFormat":"wav","fileSize":2089038,"duration":65280,"samplingBit":16,"channelCount":1,"samplingRate":"16kHz","audioPath":"/Mock/04.RND/Male/Experienced/ckmk_a_rnd_m_e_62221.wav"}}}