{"version":"1.0","dataSet":{"info":{"date":"20230116","occupation":"RND","channel":"MOCK","place":"ONLINE","gender":"MALE","ageRange":"45-54","experience":"EXPERIENCED"},"question":{"raw":{"text":"학교 다닐 때 전자기학 시간에 배웠죠 패러데이 법칙 배운지 오래돼서 많이 잊어버렸을 텐데 그래도 본인이 알고 있는 대로 설명해 보세요","wordCount":20},"emotion":[],"intent":[]},"answer":{"raw":{"text":"페러데이는 영국의 물리학자로서 어 전기를 우리 실생활에 실제로 이용할 수 있도록 만들어 그 법칙을 어 체계화하고 완성시킨 사람이라고 할 수 있습니다. 패러데이 법칙은 전기 유도 현상에 있어서 생기는 유도 기전력의 크기를 정하는 법칙입니다. 그 즉 변압기가 우리 실생활 가장 이것에 대표적인 예라고 할 수가 있습니다. 큰 전압을 우리 가정에 낮은 전압을 옮겨서 우리가 실생활에 그 전압을 사용할 수 있게 하는 거죠. 전자 유도 법칙은 어떤 폐회로 속을 꿰뚫는 자속의 수를 변화시키면 그 변화를 방해하는 전류가 회로로 흐르는데 이것이 페러데이의 자유 유도 법칙이라고 할 수 있습니다. 패러데이 법칙과 전자 유도 법칙이 같다고 보면 되고 이것을 이것으로 인해서 우리가 실생활에서 전기를 자유롭게 사용할 수 있는 것입니다.","wordCount":104},"emotion":[{"text":"페러데이는 영국의 물리학자로서 어 전기를 우리 실생활에 실제로 이용할 수 있도록 만들어   그 법칙을 어 체계화하고 완성시킨 사람이라고 할 수 있습니다.","expression":"u-fact","category":"neutral"},{"text":"패러데이 법칙은 전기 유도 현상에 있어서 생기는   유도 기전력의 크기를 정하는 법칙입니다.","expression":"u-fact","category":"neutral"},{"text":"전자 유도 법칙은 어떤 폐회로 속을 꿰뚫는 자속의 수를 변화시키면 그 변화를 방해하는 전류가 회로로 흐르는데 이것이 페러데이의 자유 유도 법칙이라고 할 수 있습니다.","expression":"u-fact","category":"neutral"}],"intent":[{"text":"","expression":"","category":"attitude"}],"summary":{"text":"페러데이 법칙은 전기 유도 현상에 생기는 유도 기전력의 크기를 정하는 법칙으로, 변압기가 대표적 예입니다. 전자 유도 법칙은 폐회로 속 자속의 수를 변화시키면 그 변화를 방해하는 전류가 회로로 흐르는데, 이것이 패러데이의 자유 유도 법칙입니다.","wordCount":33}}},"rawDataInfo":{"question":{"fileFormat":"wav","fileSize":477518,"duration":14920,"samplingBit":16,"channelCount":1,"samplingRate":"16kHz","audioPath":"/Mock/04.RND/Male/Experienced/ckmk_q_rnd_m_e_49410.wav"},"answer":{"fileFormat":"wav","fileSize":2050638,"duration":64080,"samplingBit":16,"channelCount":1,"samplingRate":"16kHz","audioPath":"/Mock/04.RND/Male/Experienced/ckmk_a_rnd_m_e_49410.wav"}}}