{"version":"1.0","dataSet":{"info":{"date":"20230116","occupation":"RND","channel":"MOCK","place":"ONLINE","gender":"MALE","ageRange":"-34","experience":"EXPERIENCED"},"question":{"raw":{"text":"남을 잘 이끄는 리더형과 남을 잘 따르는 팔로워형 둘 중에 본인은 어떤 유형인지 그 유형이라고 생각하는 이유는 무엇인지 설명해 주세요","wordCount":20},"emotion":[],"intent":[]},"answer":{"raw":{"text":"저는 우선 팔로워 형에 가깝다고 생각합니다. 어떤 사람이 빛을 내고 싶어 하고 본인의 주장을 할 때 그 주장이나 혹은 아이디어가 매우 괜찮고 합리적이라는 판단이 들면 그 사람을 더욱 돋보이고 그 사람의 아이디어나 주장을 힘을 더함으로써 더욱 빛나게 하는 능력을 가지고 있습니다. 이 회사의 처음 시작은 힘찼지만 결국 힘든 순간이 왔을 때도 처음에 의지와 목적 그리고 그 에너지를 잃지 않도록 도와주고 그 당시의 기억을 다시 상기시켜 줍니다. 물론 아무도 존재하지 않고 프로젝트가 방향성을 잃거나 한 발도 내딛지 못한다면 저는 저 스스로 이 방향성을 제시하고 그 방향성이 많은 사람들이 동의한다면 언제든 리더로서 이끌 자신이 있습니다.","wordCount":93},"emotion":[],"intent":[{"text":"","expression":"","category":"attitude"}],"summary":{"text":"저는 팔로워 형에 가깝다고 생각합니다. 본인의 주장이 매우 괜찮고 합리적이라는 판단이 들면 그 사람을 더욱 빛나게 하는 능력을 가지고 있습니다. 저는 저 스스로 이 방향성을 제시하고 그 방향성이 많은 사람들이 동의한다면 언제든 리더로서 이끌겠습니다.","wordCount":34}}},"rawDataInfo":{"question":{"fileFormat":"wav","fileSize":457678,"duration":14300,"samplingBit":16,"channelCount":1,"samplingRate":"16kHz","audioPath":"/Mock/04.RND/Male/Experienced/ckmk_q_rnd_m_e_248521.wav"},"answer":{"fileFormat":"wav","fileSize":3853518,"duration":120420,"samplingBit":16,"channelCount":1,"samplingRate":"16kHz","audioPath":"/Mock/04.RND/Male/Experienced/ckmk_a_rnd_m_e_248521.wav"}}}