{"version":"1.0","dataSet":{"info":{"date":"20230116","occupation":"RND","channel":"MOCK","place":"ONLINE","gender":"MALE","ageRange":"35-44","experience":"EXPERIENCED"},"question":{"raw":{"text":"어떤 목표를 달성하기 위해서 그 목표를 세우고 이 삼 년 간 열심히 노력해서 그 목표를 달성했던 적이 있나요 그렇다면 그 경험에 대해서 상세히 말씀해 주시기 바랍니다","wordCount":26},"emotion":[],"intent":[]},"answer":{"raw":{"text":"저는 최근 사 년간 제 목표를 달성하기 위해서 열심히 노력했습니다. 그래서 그 목표를 지금은 달성을 했습니다. 네 그 목표가 무엇인지는 개인의 프라이버시라서 어 아무리 면접장이라고 하더라도 제가 말씀드리기는 곤란하지만 그래도 저는 그 사 년 동안의 과정에 어떤 저의 노력과 그 노력에서 깨달았던 어떤 중요한 것들을 말씀을 드릴 수는 있을 것 같애요. 굉장히 힘든 시간이었어요. 목표를 이루고 그것을 계획하여 실천하기 위해 노력한다는 것은 굉장히 어려운 일인데 왜 그러냐면 안 하고 싶을 때가 있거든요. 이것을 하다 보면 힘들어 가지고 아 오늘은 쉬자 아 오늘은 괜찮겠지 라고 생각이 될 때가 있어요. 그럴 때는 안 해도 돼요. 안 해도 되지만 그러면 제가 목표했던 사 년보다 그것을 이루기 위한 그 기간은 더욱더 늦춰질 수밖에 없어요. 사 년을 계획했는데 오 년이 된다 그것은 목표를 달성했다고 볼 수가 없을 것 같애요.","wordCount":124},"emotion":[],"intent":[{"text":"","expression":"","category":"attitude"}],"summary":{"text":"저는 최근 사 년간 제 목표를 달성하기 위해 노력했습니다. 사 년 동안의 과정에 어떤 저의 노력과 그 노력에서 깨달았던 중요한 것들을 말씀을드릴 수는 있을 것 같습니다. 목표를 이루고 그것을 계획하여 실천하기 위해 노력하는 것은 굉장히 어려운 일입니다.","wordCount":37}}},"rawDataInfo":{"question":{"fileFormat":"wav","fileSize":522958,"duration":16340,"samplingBit":16,"channelCount":1,"samplingRate":"16kHz","audioPath":"/Mock/04.RND/Male/Experienced/ckmk_q_rnd_m_e_205690.wav"},"answer":{"fileFormat":"wav","fileSize":2672078,"duration":83500,"samplingBit":16,"channelCount":1,"samplingRate":"16kHz","audioPath":"/Mock/04.RND/Male/Experienced/ckmk_a_rnd_m_e_205690.wav"}}}