{"version":"1.0","dataSet":{"info":{"date":"20230116","occupation":"RND","channel":"MOCK","place":"ONLINE","gender":"MALE","ageRange":"35-44","experience":"EXPERIENCED"},"question":{"raw":{"text":"남들과는 다른 경쟁력이 있다면 설명해 주시고 그 경쟁력을 키우기 위해 어떤 노력을 했는지 말씀해 주세요","wordCount":15},"emotion":[],"intent":[]},"answer":{"raw":{"text":"남들과 조금 다르다는 것 자체가 이미 저의 경쟁력이라고 생각합니다. 사람의 모습은 각각 다 다릅니다. 이 세상 어디에도 저랑 똑같이 생긴 사람을 발견할 수 없습니다. 저는 저만이 갖고 있는 고유한 이런 눈 코 입의 배치와 이런 목소리의 주파수를 가지고 있어요. 이것 자체가 제가 생각했을 때 제가 생각했을 때는 엄청난 경쟁력이 될 수 있다고 생각을 합니다. 그렇지 않고 우리가 만약에 로보트처럼 로봇처럼 모두가 똑같이 생겼다고 한다면 경쟁력이 없었을 거예요. 다품종 소품종 대량 생산으로 이 의해 생산된 그런 기계들에 불과하지 않겠죠. 그렇지만 우리는 각자가 다 여러 가지 모습을 갖고 있기 때문에 내가 다르고 너가 다르고 너도 다르고 너도 다르고 그렇기 때문에 그런 다른 사람들이 생각하는 다른 색다른 경험을 했던 그런 사람들이 각각의 가치야 가 갖는 그런 아주 중요한 정체성은 정말 큰 경쟁력이라고 생각을 합니다. 그렇기 때문에 저는 남들과 다른 저만의 어떤 경쟁력은 저 자신이라는 것 제 자신이라는 것이 남들과 다른 경쟁력이라고 생각을 합니다.","wordCount":140},"emotion":[],"intent":[{"text":"그렇기 때문에 저는 남들과 다른 저만의 어떤 경쟁력은 저 자신이라는 것 제 자신이라는 것이 남들과 다른 경쟁력이라고 생각을 합니다.","expression":"c_value","category":"background"}],"summary":{"text":"사람은 각자가 다 여러 가지 모습을 갖고 있기 때문에 다른 사람들이 생각하는 다른 색다른 경험을 했던 사람들이 각각의 가치가 갖는 아주 중요한 정체성은 큰 경쟁력이라고 생각합니다. 그렇기 때문에 저는 저 자신이라는 것 자신이라는 것이 남들과 다른 경쟁력이라고 생각을 합니다.","wordCount":39}}},"rawDataInfo":{"question":{"fileFormat":"wav","fileSize":326478,"duration":10200,"samplingBit":16,"channelCount":1,"samplingRate":"16kHz","audioPath":"/Mock/04.RND/Male/Experienced/ckmk_q_rnd_m_e_205685.wav"},"answer":{"fileFormat":"wav","fileSize":2885838,"duration":90180,"samplingBit":16,"channelCount":1,"samplingRate":"16kHz","audioPath":"/Mock/04.RND/Male/Experienced/ckmk_a_rnd_m_e_205685.wav"}}}