{"version":"1.0","dataSet":{"info":{"date":"20230116","occupation":"RND","channel":"MOCK","place":"ONLINE","gender":"MALE","ageRange":"35-44","experience":"EXPERIENCED"},"question":{"raw":{"text":"지원자님께서 본인이 현재 가지고 있는 위치보다 어려운 목표를 달성했던 경험이 있으신가요 그 경험에 대해서 구체적으로 말씀 부탁드립니다","wordCount":17},"emotion":[],"intent":[]},"answer":{"raw":{"text":"어 제가 이제 업무를 하던 중에 제가 갖고 있는 위치 현재 회사에서의 위치보다 더욱더 어려운 목표를 달성한 경험에 대해서 말씀드리겠습니다. 어 제가 이제 전 회사를 다녔을 때 그때 저희 팀장이 이제 육아휴직을 하면서 한 육 개월 정도를 제가 그 사 대리 정도밖에 안 됐는데 팀장의 임무를 수행했던 경험이 있습니다. 아 모든 회의를 주관하고 회의를 종합하고 또 그 상급자에게 보고하기 위해서 보고서를 만들고 프로젝트를 책임을 져야하고 또 모든 분야에서 이 책임의 권한이 많아지다 보니까 그게 부담이고 하루 하루가 걱정이 되고 그랬던 경험이 있습니다. 그러니까 그때 생각했으면 저는 팀장이 맨날 그 한가한 지만 알았는데 이렇게 바쁘고 이런 부담감 이런 걸 안고 살아갔다는 걸 알 수 있었고 그래서 결국은 육 개월 동안 힘들었지만 성공적으로 팀장급 인무를 수행하면서 인정을 받고 했던 그런 경험이 있는 것 같습니다. 그런 경험들을 통해서 또 제가 만들어진다고 생각하기 때문에 좋은 경험으로 좋은 기억으로 남아 있습니다. 이상입니다.","wordCount":137},"emotion":[{"text":"보니까 그게 부담이고 하루 하루가 걱정이 되고 그랬던 경험이 있습니다.","expression":"n-anxiety","category":"negative"}],"intent":[{"text":"어 제가 이제 전 회사를 다녔을 때 그때 저희 팀장이 이제 육아휴직을 하면서 한 육 개월 정도를 제가 그 사 대리 정도밖에 안 됐는데 팀장의 임무를 수행했던 경험이 있습니다.","expression":"c_private","category":"background"}],"summary":{"text":"현재 회사에서의 위치보다 더 어려운 목표를 달성한 경험에 대해서 말씀드리겠습니다. 제가 회사를 다녔을 때 육아휴직을 하면서 한 육 개월 정도를 팀장의 임무를 수행했던 경험이 있습니다. 모든 회의를 주관하고 보고서를 만들고 또 책임을 지고 모든 분야에서 책임의 권한이 많아지니 부담이고 하루 하루가 걱정이었습니다. 그런 부담감을 안고 살아갔습니다.","wordCount":46}}},"rawDataInfo":{"question":{"fileFormat":"wav","fileSize":625998,"duration":19560,"samplingBit":16,"channelCount":1,"samplingRate":"16kHz","audioPath":"/Mock/04.RND/Male/Experienced/ckmk_q_rnd_m_e_230218.wav"},"answer":{"fileFormat":"wav","fileSize":2763598,"duration":86360,"samplingBit":16,"channelCount":1,"samplingRate":"16kHz","audioPath":"/Mock/04.RND/Male/Experienced/ckmk_a_rnd_m_e_230218.wav"}}}