{"version":"1.0","dataSet":{"info":{"date":"20230116","occupation":"RND","channel":"MOCK","place":"ONLINE","gender":"MALE","ageRange":"45-54","experience":"EXPERIENCED"},"question":{"raw":{"text":"지원자님께서는 지금 현재 본인이 내일 죽는다는 사실을 알게 된다면 지금 당장 무엇을 하실 생각이십니까 이 면접을 끝까지 계속 보시겠습니까","wordCount":19},"emotion":[],"intent":[]},"answer":{"raw":{"text":"어 아니요. 바로 나갈 겁니다. 지금 네 볼 이유가 없지 않을까요 보시겠어요 돌이켜 생각하실 때 내일 죽는데 이게 무슨 소용이 있겠어요 면접이 그리고 일이. 저는 내일 죽는다 사실을 알면 그냥 저는 그냥 바로 오늘 하루 내내 제가 먹고 싶은 음식은 다 먹을 것 같아요. 아무 생각 안하고 뒷일 생각 안하고 왜냐하면 뒤가 없기 때문에 무슨 하고 싶었던 일을 하겠다 라고 하기에는 너무 시간적인 것과 뭔가 에너지도 너무 소모적일 것 같고 당장에 그냥 배를 채울 수 있는 그 당시에 가장 맛있게 먹을 수 있는 거 먹고 싶은 거 다 먹을 것 같습니다. 돈도 아낄 필요도 없고 내일 죽는데 어차피 네 그냥 때깔 좋게 네 찾아서 먹는 거에는 아끼지 않고 가능한 한 찾아서 다 먹을 것 같습니다.","wordCount":115},"emotion":[],"intent":[{"text":"","expression":"","category":"attitude"}],"summary":{"text":"내일 죽는다 사실을 알면 저는 바로 오늘 하루 내내 제가 먹고 싶은 음식은 다 먹을 것 같습니다. 뒷일 생각 안하고 무슨 일을 하기에는 너무 시간적인 것과 에너지도 너무 소모적일 것 같고 당장에 배를 채울 수 있는 것들을 찾아서 다 먹습니다.","wordCount":40}}},"rawDataInfo":{"question":{"fileFormat":"wav","fileSize":612558,"duration":19140,"samplingBit":16,"channelCount":1,"samplingRate":"16kHz","audioPath":"/Mock/04.RND/Male/Experienced/ckmk_q_rnd_m_e_111797.wav"},"answer":{"fileFormat":"wav","fileSize":2546638,"duration":79580,"samplingBit":16,"channelCount":1,"samplingRate":"16kHz","audioPath":"/Mock/04.RND/Male/Experienced/ckmk_a_rnd_m_e_111797.wav"}}}