{"version":"1.0","dataSet":{"info":{"date":"20230116","occupation":"RND","channel":"MOCK","place":"ONLINE","gender":"MALE","ageRange":"45-54","experience":"EXPERIENCED"},"question":{"raw":{"text":"면접자님께서 가고 싶은 부서와 또 그 이유는 무엇인지 간단하게 말씀해 주실 수 있으실까요","wordCount":13},"emotion":[],"intent":[]},"answer":{"raw":{"text":"저는 경력직으로 지원한 것인 만큼 제 가고 싶은 부서는 제가 지원한 이 부서입니다. 어 이 부서는 어 제 스스로 제가 제일 일을 잘 할 수 있는 어 부서라고 생각을 합니다. 어 저는 이 일을 오랫동안 해왔고 이 일을 하면서 나름의 노하우를 쌓고 있다고 생각을 합니다. 또한 기존의 다른 업체나 우리 뭐 경쟁사 심지어는 외국 업체에 대해서도 어 이 분야에 대해서 만큼은 제가 잘 알고 있다고 자부를 합니다. 저는 이 일을 계속 해 오면서 나름 네트워크를 만들어 왔고 그 네트워크는 어 아주 훌륭하게 잘 운영이 되고 있다고 생각을 합니다. 저는 그들한테 좋은 인상을 심어주기 위해서 노력했고 그들 또한 저에게 신용을 지킬려고 애쓰는 편입니다. 어 저는 비즈니스에 있어서 그 관계라는 것을 매우 중요시 여깁니다. 뭐 때로는 그 관계로 인해서 어 조금은 불편한 일이 생길 수 있지만 저는 공과 사를 구분하는 편이고 저는 어 무엇보다 회사의 이익에 어 앞장서는 사람입니다. 저는 제일 가고 부서 가고 싶은 부서는 제가 지원한 부서이며 이 부서에서 누구보다 잘하 일할 일을 잘 할 자신이 있습니다.","wordCount":157},"emotion":[{"text":"저는 경력직으로 지원한 것인 만큼 제 가고 싶은 부서는 제가 지원한 이 부서입니다.","expression":"p-interest","category":"positive"},{"text":"또한 기존의 다른 업체나 우리 뭐 경쟁사 심지어는 외국 업체에 대해서도   어 이 분야에 대해서 만큼은 제가 잘 알고 있다고 자부를 합니다.","expression":"p-achievement","category":"positive"},{"text":"어 저는 비즈니스에 있어서   그 관계라는 것을 매우 중요시 여깁니다.","expression":"u-belief","category":"neutral"},{"text":"뭐 때로는 그 관계로 인해서 어   조금은 불편한 일이 생길 수 있지만 저는 공과 사를 구분하는 편이고 저는   어 무엇보다 회사의 이익에 어 앞장서는 사람입니다.","expression":"u-belief","category":"neutral"},{"text":"저는   제일 가고 부서 가고 싶은 부서는 제가 지원한 부서이며 이 부서에서 누구보다 잘하 일할 일을 잘 할 자신이 있습니다.","expression":"p-interest","category":"positive"}],"intent":[{"text":"뭐 때로는 그 관계로 인해서 어   조금은 불편한 일이 생길 수 있지만 저는 공과 사를 구분하는 편이고 저는   어 무엇보다 회사의 이익에 어 앞장서는 사람입니다.","expression":"c_sincere_co","category":"etc"}],"summary":{"text":"경력직으로 지원한 이 부서에서 가장 잘 할 수 있는 일을 오랫동안 해왔고 나름의 노하우를 쌓고 있다고 생각합니다. 또한 네트워크를 만들어 왔고 아주 훌륭하게 잘 운영중이라고 생각합니다.","wordCount":26}}},"rawDataInfo":{"question":{"fileFormat":"wav","fileSize":299598,"duration":9360,"samplingBit":16,"channelCount":1,"samplingRate":"16kHz","audioPath":"/Mock/04.RND/Male/Experienced/ckmk_q_rnd_m_e_54272.wav"},"answer":{"fileFormat":"wav","fileSize":2675918,"duration":83620,"samplingBit":16,"channelCount":1,"samplingRate":"16kHz","audioPath":"/Mock/04.RND/Male/Experienced/ckmk_a_rnd_m_e_54272.wav"}}}