{"version":"1.0","dataSet":{"info":{"date":"20230116","occupation":"RND","channel":"MOCK","place":"ONLINE","gender":"MALE","ageRange":"-34","experience":"EXPERIENCED"},"question":{"raw":{"text":"지금까지 살아오시면서 가장 힘들었던 경험은 무엇인가요 그것을 어떻게 극복하셨었는지 구체적으로 설명해 주시길 바랍니다","wordCount":13},"emotion":[],"intent":[]},"answer":{"raw":{"text":"가장 힘들었던 경험은 사회생활 후 제 자신의 위치를 생각하게 되었을 때 입니다. 처음에 비슷하게 연봉을 받으며 시작했던 저의 학교 동기들 혹은 후배 선배님들에 비해 저의 연봉이 격차가 지속적으로 벌어지고 있었습니다. 하지만 그 부분은 별로 힘들지 않았습니다. 더욱 힘들었던 부분은 제 커리어에 많은 부분이 해당되는 기술 스택들이 최근에는 선호하는 기술 스택이 아니었다는 점입니다. 그렇게 제 업무를 열심히 했지만 이직을 한다고 했을 때 많은 연봉의 변화를 기대하기 어려웠습니다. 이를 극복하기 위해 직무 전환 교육을 받았고 육 개월 간의 과정을 마친 뒤에 직무를 개발자로 훌륭히 변환하게 되었습니다. 이상입니다.","wordCount":85},"emotion":[],"intent":[{"text":"","expression":"","category":"attitude"}],"summary":{"text":"사회생활 후 자신의 위치를 생각했을 때, 동기와 선후배에 비해 연봉이 격차가 벌어졌고, 선호하는 기술 스택들이 최근에는 선호하지 않는다는 점이 힘들었습니다. 이를 극복하기 위해 직무 전환 교육을 받고 직무를 개발자로 변환하게 되었습니다.","wordCount":31}}},"rawDataInfo":{"question":{"fileFormat":"wav","fileSize":600398,"duration":18760,"samplingBit":16,"channelCount":1,"samplingRate":"16kHz","audioPath":"/Mock/04.RND/Male/Experienced/ckmk_q_rnd_m_e_248519.wav"},"answer":{"fileFormat":"wav","fileSize":3793358,"duration":118540,"samplingBit":16,"channelCount":1,"samplingRate":"16kHz","audioPath":"/Mock/04.RND/Male/Experienced/ckmk_a_rnd_m_e_248519.wav"}}}