{"version":"1.0","dataSet":{"info":{"date":"20230116","occupation":"RND","channel":"MOCK","place":"ONLINE","gender":"MALE","ageRange":"45-54","experience":"EXPERIENCED"},"question":{"raw":{"text":"면접자님은 본인이 리더형인지 팔로워형인지 한번 설명해 보세요","wordCount":7},"emotion":[],"intent":[]},"answer":{"raw":{"text":"뭐 직책 경력 이런 걸 다 떠나서 저 스스로의 그 리더형인지 팔로우 형인지를 묻는다면 저는 팔로우 형이라고 대답하겠습니다. 어 저는 개인적으로 어 팔로우를 할 때 좀 더 편안함을 느낍니다. 아 이것은 제가 뭐 이를 뭐 편하게 하겠다 날로 먹겠다 이런 의미가 아닌 제 능력을 좀 더 어 발휘할 수 있는 부분을 말씀드리는 겁니다. 저는 개인적으로 어 그 팀원도 해보고 팀장도 해봤지만 성격적으로나 그 나중에 업무 성과를 봤을 때 제가 팔로우 형으로 일했을 때 더 업무 평가를 잘 받고 더 성적이 좋았던 것 같습니다. 일단 제가 리더형을 맡게 되면 그 모든 팀원을 관리를 해야 되는데 어 팀원을 관리하다 보면 정작 제가 해야 될 일을 좀 못하는 경향이 있는 것 같습니다. 저 저는 그 팀원으로서 팔로우 형일 때 아니면 뭐 관리자로서 지켜보는 입장일 때 더 많은 아이디어와 더 많은 능력을 발휘했던 것 같습니다. 개인적으로 저의 성향을 묻는 질문이라면 저는 팔로우 형이라고 대답하겠습니다.","wordCount":140},"emotion":[],"intent":[{"text":"","expression":"","category":"attitude"}],"summary":{"text":"저는 리더형보다 팔로우 형으로 일했을 때 더 업무 성과가 좋았던 것 같습니다. 리더형을 맡으면 모든 팀원을 관리해야 하는데, 관리하다 보니 정작 제가 해야 될 일을 못하는 것 같았습니다. 저는 팔로우 형일 때 더 많은 아이디어와 능력을 발휘했던 것 같으며, 개인적인 성향을 묻는 질문이라면 팔로우 형이라 대답하겠습니다.","wordCount":46}}},"rawDataInfo":{"question":{"fileFormat":"wav","fileSize":206798,"duration":6460,"samplingBit":16,"channelCount":1,"samplingRate":"16kHz","audioPath":"/Mock/04.RND/Male/Experienced/ckmk_q_rnd_m_e_44926.wav"},"answer":{"fileFormat":"wav","fileSize":2361038,"duration":73780,"samplingBit":16,"channelCount":1,"samplingRate":"16kHz","audioPath":"/Mock/04.RND/Male/Experienced/ckmk_a_rnd_m_e_44926.wav"}}}