{"version":"1.0","dataSet":{"info":{"date":"20230116","occupation":"RND","channel":"MOCK","place":"ONLINE","gender":"MALE","ageRange":"45-54","experience":"EXPERIENCED"},"question":{"raw":{"text":"지원한 직무가 본인에게 잘 맞는 직무라고 생각하십니까","wordCount":7},"emotion":[],"intent":[]},"answer":{"raw":{"text":"네 저는 제가 지원한 업무가 어 저의 성격이라든지 성향이라든지 어 제 업무 능력에 가장 적당하고 잘 맞는 업무라고 생각을 합니다. 어 저는 경력직인 만큼 어 이 업무가 어떤 일을 하는 것이며 제가 어떤 포지션을 에 있는지를 잘 알고 있습니다. 어 저는 제가 지원한 업무가 제가 제일 잘 할 수 있고 자신 있고 여태까지 해왔던 일이기에 누구보다 이 업무를 잘 할 자신이 있습니다. 저는 개인적으로 이 업무를 어 이십 여 년간 해왔고 그러면서 제 나름대로의 노하우와 경력을 쌓고 있습니다. 저는 이 업무에 대해서 경험 많은 경험을 갖고 있으며 혹 설혹 제가 모르는 일이더라 일이더라도 제가 일을 해 오면서 쌓아왔던 그 네트워크를 통해서 이 일을 해결하고 이 문제의 해결점을 찾을 수 있다 라고 생각을 합니다.","wordCount":113},"emotion":[],"intent":[{"text":"","expression":"","category":"attitude"}],"summary":{"text":"경력직인만큼 지원할 업무가 성격, 성향, 업무 능력에 가장 적당하고 잘 맞는 업무라고 생각합니다.","wordCount":13}}},"rawDataInfo":{"question":{"fileFormat":"wav","fileSize":272078,"duration":8500,"samplingBit":16,"channelCount":1,"samplingRate":"16kHz","audioPath":"/Mock/04.RND/Male/Experienced/ckmk_q_rnd_m_e_54265.wav"},"answer":{"fileFormat":"wav","fileSize":1959118,"duration":61220,"samplingBit":16,"channelCount":1,"samplingRate":"16kHz","audioPath":"/Mock/04.RND/Male/Experienced/ckmk_a_rnd_m_e_54265.wav"}}}