{"version":"1.0","dataSet":{"info":{"date":"20230116","occupation":"RND","channel":"MOCK","place":"ONLINE","gender":"MALE","ageRange":"35-44","experience":"EXPERIENCED"},"question":{"raw":{"text":"아 창의성과 팀워크 중에 어떤 것이 더 중요하다고 생각하시는지요 어 원장님이 생각하는 더 중요한 것에 대해서 어 근거를 함께 들어서 말씀해 주시기 바랍니다","wordCount":23},"emotion":[],"intent":[]},"answer":{"raw":{"text":"창의성과 팀워크 중 저는 단연 팀워크가 중요하다고 생각합니다. 스타트업이나 한 두 명이서 일하는 회사가 아닌 바에는 모든 회사는 각각의 팀원들의 서로의 도움을 통해서 시너지를 발생하거나 또는 좋은 결과물을 내는 경우들을 왕왕 경험했기 때문입니다. 특히나 어떤 프로젝트들이 있을 때는 각각의 부서들이 힘을 합쳐서 좋은 의견과 아이디어를 내고 브레인스터밍을 통해서 서로의 부족한 부분을 채워주거나 우리가 생각하지도 못했던 또 다른 문제점을 발견하여 그 제품을 향상시키는 경우들이 엄청 많습니다. 그런데 창의적인 존재가 많다고 하면 창의성이 뛰어난 사람들은 혼자서 업무를 하거나 자신의 뛰어난 아이디어만 믿고 업무를 진행하게 되지만 실제로 조직이나 회사에서 어떤 제품이나 물건이 하나 출시될 때까지는 혼자서 하는 것이 아니라 개발 부서 생산 부서 품질 관리 부서 영업 부서 마케팅 부서 서비스 부서까지 모든 부서들이 연계되어 있고 그 연계되어 있는 힘에 의해서 시너지가 나거나 중간에 좋은 제품이 나쁜 제품으로 바뀌기도 하고 나쁜 제품이 괜찮은 제품으로 업그레이드되어 출시되는 경우들을 많이 봤기 때문에 당연히 조직에서는 팀워크가 가장 중요하다고 생각합니다.","wordCount":143},"emotion":[],"intent":[{"text":"창의성과 팀워크 중 저는 단연 팀워크가 중요하다고 생각합니다.","expression":"c_cop","category":"personality"},{"text":"스타트업이나   한 두 명이서 일하는 회사가 아닌 바에는 모든 회사는 각각의 팀원들의 서로의 도움을 통해서 시너지를 발생하거나   또는 좋은 결과물을 내는 경우들을 왕왕 경험했기 때문입니다.","expression":"c_cop","category":"personality"}],"summary":{"text":"창의성과 팀워크 중 저는 팀워크가 가장 중요하다고 생각합니다. 조직이나 회사에서 어떤 제품이나 물건이 하나 출시할 때까지 개발 부서 생산 부서 품질 관리 부서 영업 부서 마케팅 부서 서비스 부서까지 모든 부서들이 연계되어 있고 그 연계되어 있는 힘에 의해서 시너지가 나거나 중간에 좋은 제품이 나쁜 제품으로 바뀌기도 하는 경우들을 많이 봤기 때문입니다.","wordCount":51}}},"rawDataInfo":{"question":{"fileFormat":"wav","fileSize":481358,"duration":15040,"samplingBit":16,"channelCount":1,"samplingRate":"16kHz","audioPath":"/Mock/04.RND/Male/Experienced/ckmk_q_rnd_m_e_173230.wav"},"answer":{"fileFormat":"wav","fileSize":2706638,"duration":84580,"samplingBit":16,"channelCount":1,"samplingRate":"16kHz","audioPath":"/Mock/04.RND/Male/Experienced/ckmk_a_rnd_m_e_173230.wav"}}}