{"version":"1.0","dataSet":{"info":{"date":"20230116","occupation":"RND","channel":"MOCK","place":"ONLINE","gender":"MALE","ageRange":"35-44","experience":"EXPERIENCED"},"question":{"raw":{"text":"네 마찰력이란 과연 무엇입니까","wordCount":4},"emotion":[],"intent":[]},"answer":{"raw":{"text":"마찰력이라는 것은 이 물건이 저쪽으로 가는데 방해하는 힘을 마찰력이라고 해요. 모든 물질은 마찰력을 가지고 있어요. 마찰력은 큰 에너지를 내기 위한 움직임을 필요하는 그런 운동에서 방해하는 힘이에요. 그런데 마찰력을 이겨내는 힘 마찰력을 이겨냈을 때 우리는 비로소 임계점을 넘었다고 표현을 해요. 그 임계점을 넘었을 때 비로소 그 물건은 움직일 수 있어요. 그런데 우리 인간들은 보통 그 임계점을 넘지 못해 가지고 좌절하는 경우가 많이 있어요. 왜냐하면 그 마찰력을 이겨내고 물건을 움직여야 되는데 그 힘을 내는 게 너무 힘드니까 도중에 쓰러져 버리는 거예요. 그렇게 항상 임계점을 넘지 못하게 되면은 인간은 발전이 없습니다. 우리 인간은 항상 발전해 왔기 때문에 그런 것들을 마찰력을 항상 기꺼이 부딪치고 이겨내야 한다고 생각을 합니다.","wordCount":104},"emotion":[{"text":"마찰력이라는 것은 이 물건이 저쪽으로 가는데 방해하는 힘을 마찰력이라고 해요.","expression":"u-fact","category":"neutral"},{"text":"마찰력은 큰 에너지를 내기 위한 움직임을 필요하는 그런 운동에서 방해하는 힘이에요.","expression":"u-fact","category":"neutral"},{"text":"그런데 마찰력을 이겨내는 힘 마찰력을 이겨냈을 때 우리는 비로소 임계점을 넘었다고 표현을 해요.","expression":"u-fact","category":"neutral"}],"intent":[{"text":"그렇게 항상 임계점을 넘지 못하게 되면은 인간은 발전이 없습니다.","expression":"c_value","category":"background"},{"text":"우리 인간은 항상 발전해 왔기 때문에 그런 것들을 마찰력을 항상 기꺼이 부딪치고 이겨내야 한다고 생각을 합니다.","expression":"c_value","category":"background"}],"summary":{"text":"모든 물질은 마찰력을 가지고 있는데, 마찰력을 이겨냈을 때 비로소 임계점을 넘었다고 표현합니다. 인간은 항상 발전해 왔기 때문에 마찰력을 항상 기꺼이 부딪치고 이겨내야 한다고 생각합니다.","wordCount":24}}},"rawDataInfo":{"question":{"fileFormat":"wav","fileSize":212558,"duration":6640,"samplingBit":16,"channelCount":1,"samplingRate":"16kHz","audioPath":"/Mock/04.RND/Male/Experienced/ckmk_q_rnd_m_e_205692.wav"},"answer":{"fileFormat":"wav","fileSize":2624718,"duration":82020,"samplingBit":16,"channelCount":1,"samplingRate":"16kHz","audioPath":"/Mock/04.RND/Male/Experienced/ckmk_a_rnd_m_e_205692.wav"}}}