{"version":"1.0","dataSet":{"info":{"date":"20230116","occupation":"RND","channel":"MOCK","place":"ONLINE","gender":"MALE","ageRange":"35-44","experience":"EXPERIENCED"},"question":{"raw":{"text":"만약 해외에 파견 근무를 나가게 된다면 어느 나라에서 일을 하고 싶으신지 궁금합니다 그리고 그 나라를 말씀하시는 이유도 함께 얘기해 주세요","wordCount":20},"emotion":[],"intent":[]},"answer":{"raw":{"text":"네 저는 그 중국에 가고 싶습니다. 그 이유는 요즘에 중국에 대한 많은 그런 우려와 편견이 그 많아지고 있습니다. 어 특히나 시진평 시진핑이 삼 연임을 한 이후로 또 미국과 중국 간의 무역 전쟁 어 또 여러 가지 많은 이슈가 나타나고 있고 또 어떻게 보면 가깝지만은 갈수록 관계가 멀어진 그런 국가가 되어 버릴 것 같습니다. 어 저는 그럴수록 어 중국의 십 사 억 인구의 거대한 시장을 그냥 그 가만히 두기에는 너무 그 좀 아쉽고 좀 그런 시장이 아닌가 생각이 돼서 그럴수록 기회가 그 다가가고 또 위로하고 또 기회를 찾는다면은 남들이 안 하고 있는 그런 기회를 저희가 먼저 선점하고 그 기회를 찾아볼 수 있지 않을까 생각을 합니다. 그래서 저는 어 아직은 뭐 그 코로나로 이렇게 방문이 자유롭지는 않지만은 그런 계기가 풀린다면은 저는 일차적으로 그쪽에 좀 그 다가가서 그분들도 그럴 것 같아요. 남들은 다 이렇게 멀리 하는데 아 너는 이렇게 부터 가까이 하고 우리를 반기고 있구나. 그런 무언가 어떤 기회나 정보가 더 많이 나한테 주어지지 않을까요. 그런 어 저는 생각을 하고 인지상정으로 저는 생각을 합니다. 예 그래서 저는 중국을 일차적으로 선택하겠습니다.","wordCount":167},"emotion":[{"text":"네 저는 그 중국에 가고 싶습니다.","expression":"p-interest","category":"positive"}],"intent":[{"text":"","expression":"","category":"attitude"}],"summary":{"text":"최근 중국에 대한 우려와 편견이 많아지고 있습니다. 시진핑이 삼 연임을 한 이후로 미국과 중국 간의 무역 전쟁 등 관계가 멀어진 국가가 되어버릴 것 같습니다. 그래서 남들이 안 하고 있는 기회를 선점해야 한다는 그런 생각을 합니다. 그래서 저는 중국을 일차적으로 선택하겠습니다.","wordCount":40}}},"rawDataInfo":{"question":{"fileFormat":"wav","fileSize":377678,"duration":11800,"samplingBit":16,"channelCount":1,"samplingRate":"16kHz","audioPath":"/Mock/04.RND/Male/Experienced/ckmk_q_rnd_m_e_302563.wav"},"answer":{"fileFormat":"wav","fileSize":2928078,"duration":91500,"samplingBit":16,"channelCount":1,"samplingRate":"16kHz","audioPath":"/Mock/04.RND/Male/Experienced/ckmk_a_rnd_m_e_302563.wav"}}}