{"version":"1.0","dataSet":{"info":{"date":"20230116","occupation":"RND","channel":"MOCK","place":"ONLINE","gender":"MALE","ageRange":"35-44","experience":"EXPERIENCED"},"question":{"raw":{"text":"면접자분은 스스로 개인 작업을 많이 하는 편이라고 생각하시나요 그러면 스스로 개인 작업을 많이 할 수 있게 만드는 원동력은 무엇이라고 생각하시나요","wordCount":20},"emotion":[],"intent":[]},"answer":{"raw":{"text":"평소에는 개인 작업을 많이 하는 편은 아닙니다. 지금 시공비 업무 분야가 업무 분야가 협업으로 하는 진행되는 부분이 대부분이기 때문에 개인 작업은 많이 많이 하지는 않지만 그래도 제가 팀장으로서 서류 업무는 개인적으로 많이 하고 있는 부분입니다. 그래서 서류 부분을 통해서 관리자에게 보고를 하고 그 보고하는 가운데 그 업무 추진 계획을 상세히 알 수 있도록 업무를 하고 있습니다.","wordCount":56},"emotion":[],"intent":[{"text":"","expression":"","category":"attitude"}],"summary":{"text":"시공비 업무 분야가 협업으로 진행되는 부분이 대부분이기 때문에 개인 작업은 많이 하지 않지만, 서류 업무는 개인적으로 많이 하고 있습니다. 관리자에게 보고하는 가운데 업무 추진 계획을 알도록 합니다.","wordCount":27}}},"rawDataInfo":{"question":{"fileFormat":"wav","fileSize":388558,"duration":12140,"samplingBit":16,"channelCount":1,"samplingRate":"16kHz","audioPath":"/Mock/04.RND/Male/Experienced/ckmk_q_rnd_m_e_84826.wav"},"answer":{"fileFormat":"wav","fileSize":1059278,"duration":33100,"samplingBit":16,"channelCount":1,"samplingRate":"16kHz","audioPath":"/Mock/04.RND/Male/Experienced/ckmk_a_rnd_m_e_84826.wav"}}}