{"version":"1.0","dataSet":{"info":{"date":"20230116","occupation":"RND","channel":"MOCK","place":"ONLINE","gender":"MALE","ageRange":"45-54","experience":"EXPERIENCED"},"question":{"raw":{"text":"지원자님께서 그동안 손에 익었던 기존 업무와는 다르게 갑작스럽게 다른 업무의 스타일을 받았다면 그것에 적응을 할 수 있겠습니까","wordCount":17},"emotion":[],"intent":[]},"answer":{"raw":{"text":"업무 스타일에 적응하는 것은 어 제가 뭐 감수해야 될 부분이라고 생각합니다. 뭐 회사나 부서마다 일하는 그 특성이라든지 그 형태가 다르기 때문에 제가 새로운 회사에 입사하려는 만큼 그 회사의 업무 스타일에 따르는 것은 당연하다고 생각을 합니다. 하지만 어 한편으로는 그 업무 스타일이 너무 진부하거나 옳지 뭐 옳은 방향이 아니라고 하면 충분히 건의를 할 수 있다 라고 생각을 합니다. 어 어차피 회사라는 것이 그 능률 그러니까 적은 에너지를 사용해 가지고 높은 능률을 올릴려고 하는 거기 때문에 업무 스타일에 만약에 문제가 있거나 방식이 옳지 않다 라고 하면 그거는 그 소속원으로서 충분히 어 의견을 제시하고 어 개선을 개선되는 것을 어 요청할 수 있다 라고 생각을 합니다. 그게 근본적으로 회사에 도움이 될 수도 있기 때문입니다. 하지만 그냥 제 개인적인 업무 스타일과 회사 업무 스타일이 다르다 라고 하면 그것은 제가 뭐 새로운 직장에 취직하려는 것인 만큼 제가 그 업무 스타일에 맞출 수 있도록 노력해야 된다 라고 생각합니다.","wordCount":141},"emotion":[],"intent":[{"text":"","expression":"","category":"attitude"}],"summary":{"text":"새로운 회사에 입사하려는 만큼 회사의 업무 스타일에 따르는 것은 당연하다고 생각되지만 업무 스타일이 너무 진부하거나 옳지 않은 방향이 아니라고 한다면 개선할 수도 있습니다. 그것은 소속원으로서 충분히 의견을 제시하고 개선을 요청할 수 있다 라고 생각하며, 새로운 직장에 취직하는 만큼 그 업무에 맞출 수 있도록 노력해야 된다고 생각합니다.","wordCount":46}}},"rawDataInfo":{"question":{"fileFormat":"wav","fileSize":457358,"duration":14290,"samplingBit":16,"channelCount":1,"samplingRate":"16kHz","audioPath":"/Mock/04.RND/Male/Experienced/ckmk_q_rnd_m_e_49981.wav"},"answer":{"fileFormat":"wav","fileSize":2504398,"duration":78260,"samplingBit":16,"channelCount":1,"samplingRate":"16kHz","audioPath":"/Mock/04.RND/Male/Experienced/ckmk_a_rnd_m_e_49981.wav"}}}