{"version":"1.0","dataSet":{"info":{"date":"20230116","occupation":"RND","channel":"MOCK","place":"ONLINE","gender":"MALE","ageRange":"35-44","experience":"EXPERIENCED"},"question":{"raw":{"text":"지원자님께서 요즘 공부하고 있으신 게 있다면 왜 그걸 공부하는지 그리고 지금까지 무엇을 배웠는지 말씀해 주세요","wordCount":15},"emotion":[],"intent":[]},"answer":{"raw":{"text":"요즘 공부하고 있는 것은 파이썬을 통한 빅데이터입니다. 예전에는 데이터를 그냥 하나하나 쌓아놓고 이것이 큰 쓸모가 없었지만 이런 데이터 하나하나를 쌓아놓고 빅데이터화 하여 그래프를 만들고 어떤 일정 값에 결과 값을 도출하면 추후에 판매 및 생산 제조 개발할 때 많은 데이터화를 하여 자료를 만들 수 있습니다. 그 자료를 통하여 앞으로는 어떻게 개발을 할 수 있는지에 대한 통계치가 나오고 그러기 위해서는 빅데이터를 위한 파이썬을 공부해야 됩니다. 파이썬은 씨언어나 씨샵 씨뿔뿔 같은 프로그램을 공부한 사람한테는 아주 쉬운 프로그램일 수 있지만 저희 같은 비전공자한테는 그 프로그램도 좀 어렵습니다. 그리고 빅데이터를 알아야 에이아이의 작동 원리를 알 수 있고 에이아이 및 인공지능 또는 딥 러닝 머신 러닝을 공부해야 합니다. 왜냐하면 이천 이십 이 년 이후에 당분간 오 년 또는 십 년 안에 세상은 모든 것이 다 인공지능 및 자율주행 빅데이터로 변할 것이기 때문 문입니다. 우리가 시장을 예측할 수는 없지만 시장에 대응을 해야 된다 라는 어떤 전문가의 말에 의해서 이제는 물리적인 일을 하기보다는 소프트웨어적인 일을 많이 하는 것이 미래를 준비하는 것일 것입니다.","wordCount":154},"emotion":[],"intent":[{"text":"","expression":"","category":"attitude"}],"summary":{"text":"요즘 파이썬을 통한 빅데이터를 공부하고 있습니다. 이를 통해 향후 어떻게 개발을 할 수 있는지에 대한 통계치가 나오고 빅데이터를 알아야 에이아이의 작동 원리를 알 수 있고 인공지능 또는 딥 러닝 머신 러닝을 공부해야 합니다. 이제는 물리적인 일을 하기보다는 소프트웨어적인 일을 많이 하는 것이 미래를 준비하는 것일 것입니다.","wordCount":46}}},"rawDataInfo":{"question":{"fileFormat":"wav","fileSize":397198,"duration":12410,"samplingBit":16,"channelCount":1,"samplingRate":"16kHz","audioPath":"/Mock/04.RND/Male/Experienced/ckmk_q_rnd_m_e_165088.wav"},"answer":{"fileFormat":"wav","fileSize":2758798,"duration":86210,"samplingBit":16,"channelCount":1,"samplingRate":"16kHz","audioPath":"/Mock/04.RND/Male/Experienced/ckmk_a_rnd_m_e_165088.wav"}}}