{"version":"1.0","dataSet":{"info":{"date":"20230116","occupation":"RND","channel":"MOCK","place":"ONLINE","gender":"MALE","ageRange":"-34","experience":"EXPERIENCED"},"question":{"raw":{"text":"귀하는 아이폰이나 아이패드와 같이 시장에서 관심을 받는 제품들의 제품들 중 하나를 예를 들어 제품명과 그 제품의 특징을 말씀해 주세요","wordCount":19},"emotion":[],"intent":[]},"answer":{"raw":{"text":"프레이 아이패드 맥북 에어팟 그리고 삼성의 제트 플립 이들은 우선 매우 뛰어난 브랜드 가치를 가지고 있습니다. 우선 애플의 경우 아이패드 맥북 아이폰에 이르기까지 모든 제품을 하나인 것처럼 이용할 수 있습니다. 즉 애플의 생태계가 그들 자신의 브랜드이고 따라서 고객은 애플의 제품을 하나만 사용하는 것이 아닌 연쇄적으로 사용하게 되고 그에 따라 제품들이 사랑을 받습니다. 이게 만일 삼성의 경우 스마트폰 시장에서 후발 주자였지만 폴더블 디스플레이를 활용한 제트 플립은 세계 최초였고 이를 통해 최초의 폴더블 폰이라는 삼성의 브랜드를 확립하였습니다. 따라서 각 시장에서 좋은 성과를 내기 위해서는 브랜드 가치가 매우 중요하다고 생각합니다.","wordCount":87},"emotion":[],"intent":[{"text":"","expression":"","category":"attitude"}],"summary":{"text":"프레이 에어팟과 제트 플립은 뛰어난 브랜드 가치를 가지고 있습니다. 애플은 모든 제품을 하나로 사용할 수 있고, 삼성은 최초의 폴더블 폰이라는 브랜드를 확립하였습니다. 각 시장에서 좋은 성과를 내기 위해 브랜드 가치가 중요하다고 생각합니다.","wordCount":32}}},"rawDataInfo":{"question":{"fileFormat":"wav","fileSize":478158,"duration":14940,"samplingBit":16,"channelCount":1,"samplingRate":"16kHz","audioPath":"/Mock/04.RND/Male/Experienced/ckmk_q_rnd_m_e_248516.wav"},"answer":{"fileFormat":"wav","fileSize":3680078,"duration":115000,"samplingBit":16,"channelCount":1,"samplingRate":"16kHz","audioPath":"/Mock/04.RND/Male/Experienced/ckmk_a_rnd_m_e_248516.wav"}}}