{"version":"1.0","dataSet":{"info":{"date":"20230116","occupation":"RND","channel":"MOCK","place":"ONLINE","gender":"MALE","ageRange":"-34","experience":"EXPERIENCED"},"question":{"raw":{"text":"지원자께서는 지금 본인이 내일 죽는다는 사실을 알게 된다면 당장 무엇을 할 것인지 궁금한데요 지원자께서는 이 면접을 끝까지 계속 보실지 말씀해 주시기 바랍니다","wordCount":22},"emotion":[],"intent":[]},"answer":{"raw":{"text":"거의 불가능한 상황이라고 생각되지만 만약 내일 죽는다는 사실 알더라도 저는 제가 해야 할 일들 또는 원래 하려고 했던 일을 할 것입니다. 단 대신에 그러한 일들을 조금 더 집중하여 저희 인생이 최고의 결과가 되겠죠. 내일 죽게 되니까요. 인생 최고의 결과로 남을 수 있도록 노력할 것입니다. 결국 현재 이 면접의 과정도 최선을 더욱 가해 훌륭하게 마무리 지으려고 노력할 것입니다. 따라서 지금 당장 이 순간에 더욱 집중하여 저 자신이 누구인지 혹은 후에 앞으로 어떻게 기억되고 싶은지를 더욱 집중하여 그렇게 행동하고 나아갈 것입니다. 마치 내일 지구가 멸망하더라도 한 그루의 사과나무를 심는 것처럼 저는 제 자신이 해야 할 임무를 하나하나 해나가 후대를 위한 씨앗이나 걸음이 되겠습니다.","wordCount":101},"emotion":[],"intent":[{"text":"","expression":"","category":"attitude"}],"summary":{"text":"내일 죽더라도 제가 해야 할 일들 또는 원래 하려고 했던 일들을 최선을 다해 해나갈 것입니다. 지구가 멸망하더라도 한 그루의 사과나무를 심는 것처럼 제 자신이 해야 할 임무를 하나하나 해나가 후대를 위한 씨앗이나 걸음이 되겠습니다.","wordCount":34}}},"rawDataInfo":{"question":{"fileFormat":"wav","fileSize":645198,"duration":20160,"samplingBit":16,"channelCount":1,"samplingRate":"16kHz","audioPath":"/Mock/04.RND/Male/Experienced/ckmk_q_rnd_m_e_248514.wav"},"answer":{"fileFormat":"wav","fileSize":3757198,"duration":117410,"samplingBit":16,"channelCount":1,"samplingRate":"16kHz","audioPath":"/Mock/04.RND/Male/Experienced/ckmk_a_rnd_m_e_248514.wav"}}}