{"version":"1.0","dataSet":{"info":{"date":"20230116","occupation":"RND","channel":"MOCK","place":"ONLINE","gender":"MALE","ageRange":"45-54","experience":"EXPERIENCED"},"question":{"raw":{"text":"귀하는 자신의 단점과 이를 보완하기 위해서 했던 노력이 있다면 말씀해 주세요","wordCount":11},"emotion":[],"intent":[]},"answer":{"raw":{"text":"저는 대체적으로 뭐 직원이라든지 동료라든지 거래처라든지 어 그런 상대를 잘 믿는 편입니다. 그런데 그게 어 그 믿음이 나중에 뭐 배신이나 실망으로 들어왔을 때 그것을 어 두고 두고 좀 간직하는 편이고 그 상대방이 저한테 잃은 신용을 다시 회복을 하기가 상당히 어렵다라는 것입니다. 시간도 오래 걸리고 어 저는 대체적으로 사람을 잘 믿고 어 가능하면 그 믿음에 보답을 하려고 하는 편인데 예를 들어서 상대방이 뭐 업무적으로 라든지 비즈니스적으로 일을 함에 있어서 뭐 거짓말을 한다라든지 어 속인다라든지 그 신용을 저버렸을 때 어 다시 그 사람들의 기회를 잘 안 주는 편입니다. 그걸 회복하는 시간도 오래 걸리고 그것을 어 그것이 좀 단점이다고 하니 다보니 좀 가능한 좀 그 좀 너그러울려는 마음을 많이 갖 갖고 책도 많이 읽고 상대방이 그때 상황을 이해하려고 노력을 하는 편입니다. 그래서 이야기도 많이 하고 될 수 있으면 그 일이 왜 발생을 했는지 원인을 알아보려고 노력하는 편입니다.","wordCount":134},"emotion":[],"intent":[{"text":"","expression":"","category":"attitude"}],"summary":{"text":"저는 직원, 동료, 거래처 같은 사람을 잘 믿는 편으로, 후에 배신이나 실망으로 왔을 때 그것을 어 두고 두고 간직하고, 신용을 회복하기 어렵습니다. 그래서 최대한 믿고, 그 믿음에 보답하려 노력합니다. 또, 가능한 너그러울려고 노력하고, 상황을 이해하려고 노력하는 편입니다.","wordCount":37}}},"rawDataInfo":{"question":{"fileFormat":"wav","fileSize":297038,"duration":9280,"samplingBit":16,"channelCount":1,"samplingRate":"16kHz","audioPath":"/Mock/04.RND/Male/Experienced/ckmk_q_rnd_m_e_49559.wav"},"answer":{"fileFormat":"wav","fileSize":2732558,"duration":85390,"samplingBit":16,"channelCount":1,"samplingRate":"16kHz","audioPath":"/Mock/04.RND/Male/Experienced/ckmk_a_rnd_m_e_49559.wav"}}}