{"version":"1.0","dataSet":{"info":{"date":"20230116","occupation":"RND","channel":"MOCK","place":"ONLINE","gender":"MALE","ageRange":"45-54","experience":"EXPERIENCED"},"question":{"raw":{"text":"저희 회사는 팀워크가 주인 업무입니다 만약 팀원과 불화가 생긴다면 지원자분 본인은 어떤 방식으로 해결하시겠습니까","wordCount":14},"emotion":[],"intent":[]},"answer":{"raw":{"text":"팀원과 불화가 생긴다면 뭐 그건 당연히 풀어야겠죠. 어 제가 팀원의 입장에서 팀원과 불화가 생긴다면 어 최대한 서로 조율을 해 보고 그것이 안 된다고 그러면 뭐 팀장이나 부서장한테 이야기를 해 보겠습니다. 그게 왜 그러냐 하면 그게 업무적으로 그 어떤 팀원으로 해서 공동 목표를 이루어 나갈 때 그게 방해가 될 수 있기 때문입니다. 예를 들어서 제가 부족하고 제가 아니라고 하면 제가 그 팀에서 빠지는 게 맞다라고 생각을 하고 반대로 팀원이 어 적절하지 않다 우리 팀원에 우리가 프로젝트를 수행함에 있어서 적절하지 않다라고 하면 그 팀원이 빠지는 게 회사나 이 프로젝트를 위해서 옳다라고 생각을 합니다. 어 물론 처음에 이 팀에 불화가 생긴다 그 이유가 무엇인지 그에 대한 저 해결 노력을 해야겠지만 프로젝트를 우선적으로 놓고 본다고 그러면 그 팀원끼리는 같이 공존하지 않는 게 그 프로젝트를 하는 데 있어서 같이 공존하지 않는 게 맞다라고 생각을 합니다.","wordCount":130},"emotion":[],"intent":[{"text":"","expression":"","category":"attitude"}],"summary":{"text":"팀원과 불화가 생긴다면 조율을 해 보고 안 된다고 하면 팀장이나 부서장에게 이야기를 해 보겠습니다. 그 이유는 어떤 팀원으로 해서 공동 목표를 이루어 나갈 때 방해가 될 수 있기 때문입니다. 팀원끼리는 같이 공존하지 않는 게 그 프로젝트를 하는 데 있어서 같이 공존되지 않는 게 맞다라고 생각을 합니다.","wordCount":46}}},"rawDataInfo":{"question":{"fileFormat":"wav","fileSize":349198,"duration":10910,"samplingBit":16,"channelCount":1,"samplingRate":"16kHz","audioPath":"/Mock/04.RND/Male/Experienced/ckmk_q_rnd_m_e_49561.wav"},"answer":{"fileFormat":"wav","fileSize":2234318,"duration":69820,"samplingBit":16,"channelCount":1,"samplingRate":"16kHz","audioPath":"/Mock/04.RND/Male/Experienced/ckmk_a_rnd_m_e_49561.wav"}}}