{"version":"1.0","dataSet":{"info":{"date":"20230116","occupation":"RND","channel":"MOCK","place":"ONLINE","gender":"MALE","ageRange":"35-44","experience":"EXPERIENCED"},"question":{"raw":{"text":"스트레스를 받으면 어떻게 하세요 그렇다면 왜 그런 방법으로 스트레스를 해소하는지도 같이 말씀해 주세요","wordCount":13},"emotion":[],"intent":[]},"answer":{"raw":{"text":"스트레스는 육체적인 스트레스와 정신적인 스트레스로 나눌 수 있습니다. 그런데 육체적인 스트레스를 받으면 정신적인 스트레스도 같이 함께하는 경우가 많아서 저는 스트레스 해소 방법에 가장 좋은 것은 명상이라고 생각합니다. 단순히 책상에 앉아서 명상을 하는 것이 아니라 자연의 숲길 메타색콰이어가 있는 숲길 같은 피톤치드가 많이 나오는 곳에서 명상을 하다 보면 자연적으로 뇌는 리플레시가 되게 돼 있습니다. 이것은 뇌 과학자가 밝힌 이론으로 우리가 스트레스를 많이 받거나 육체적인 피로를 느꼈을 때 가장 좋은 것은 뇌를 깨끗하게 해주는 것인데요. 그 뇌를 깨끗하게 하기 위한 것 중의 하나가 뇌 자극입니다. 뇌 자극을 주기 위해서 가장 필요한 것이 발바닥을 자극해 주는 것이라고 합니다. 그 발바닥을 자극하기 위한 것 중에 가장 으뜸은 바로 명상을 하면서 걷기입니다. 명상을 하면 굳이 어떤 좋은 생각이나 많은 생각을 하기보다는 아무 생각 없이 그냥 걷다 보면 우리의 뇌는 자연스럽게 분노 게이지라든가 어떤 스트레스 게이지가 스스로 내려간다고 합니다. 그러면서 피톤치드를 마시면서 공기 공기 정화가 된 저의 몸이 육체 피로가 풀리고 뇌 피로가 같이 풀리는 효과를 볼 수 있는 것으로 알고 있고 저는 항상 그렇게 해 오고 있습니다.","wordCount":162},"emotion":[{"text":"이것은 뇌 과학자가 밝힌 이론으로   우리가 스트레스를 많이 받거나 육체적인 피로를 느꼈을 때 가장 좋은 것은 뇌를 깨끗하게 해주는 것인데요.","expression":"u-fact","category":"neutral"},{"text":"명상을 하면 굳이 어떤 좋은 생각이나   많은 생각을 하기보다는 아무 생각 없이 그냥 걷다 보면 우리의 뇌는 자연스럽게 분노 게이지라든가 어떤 스트레스 게이지가 스스로 내려간다고 합니다.","expression":"u-fact","category":"neutral"}],"intent":[{"text":"","expression":"","category":"attitude"}],"summary":{"text":"스트레스 해소 방법에 가장 좋은 것은 명상입니다. 명상을 하면 자연적으로 뇌는 리플레시가 됩니다. 뇌를 깨끗이 하기 위한 것 중의 하나가 발바닥을 자극해 주는 것인데, 명상을 하면서 걷다 보면 뇌는 자연스럽게 분노 게이지이라든가 스트레스 게이지가 내려가면서 피톤치드를 마시며 공기 공기 정화가 된 저의 몸이 육체 피로가 풀리고 뇌 피로가 같이 풀리는 효과를 볼 수 있습니다.","wordCount":54}}},"rawDataInfo":{"question":{"fileFormat":"wav","fileSize":290638,"duration":9080,"samplingBit":16,"channelCount":1,"samplingRate":"16kHz","audioPath":"/Mock/04.RND/Male/Experienced/ckmk_q_rnd_m_e_173232.wav"},"answer":{"fileFormat":"wav","fileSize":2775118,"duration":86720,"samplingBit":16,"channelCount":1,"samplingRate":"16kHz","audioPath":"/Mock/04.RND/Male/Experienced/ckmk_a_rnd_m_e_173232.wav"}}}