{"version":"1.0","dataSet":{"info":{"date":"20230116","occupation":"RND","channel":"MOCK","place":"ONLINE","gender":"MALE","ageRange":"45-54","experience":"EXPERIENCED"},"question":{"raw":{"text":"우리 회사에 여러 팀이 있고 여러 업무가 있는데 당신이 지원한 직무에 지원한 이유가 무엇입니까","wordCount":14},"emotion":[],"intent":[]},"answer":{"raw":{"text":"제가 이 직무에 경력직으로 지원한 이유는 제가 이 일을 가장 누구보다 열심히 열정을 가지고 잘 할 자신이 있기 때문입니다. 뭐 아시겠지만 저는 경력직으로 지원한 것 만큼 이 일을 계속 해 왔고 앞으로도 이 일을 계속 하려는 의지가 있습니다. 어 저는 이 일을 오랫동안 해 오면서 나름대로 이 일에 대한 노하우를 쌓아왔고 이 노하우를 쌓아오면서 같이 이 일에 대한 네트워크를 형성해 왔습니다. 이 네트워크가 일을 할 때 꽤 저는 중요하다고 생각을 합니다. 어 어떤 문제에 부딪쳤을 때 그걸 해결해 나갈 수 있는 방법으로 이 네트워크를 주로 이용하고 또한 어떠한 도움을 요청을 받게 되면 제가 도울 수 있는 한도 내에서는 그 일을 도와주려고 합니다. 이쪽 일이 서로 많이 경쟁을 하고 회사 간에 서로 경쟁도 하고 치열하지만 나름대로 협조도 되게 많이 필요한 일이라고 생각합니다. 결국은 우리가 국내시장 갖고 싸우지만 결국은 각 회사 모두가 해외로 진출하는 것 꿈으로 갖고 있기 때문에 그것을 해외로 진출했을 때 서로 부족한 부분을 돕고 어 서로 또 도울 수 있는 서로의 장점을 부각시켜 준다고 그러면 어 모두에게 좋은 성공적인 비즈니스가 될 거라고 생각하고 있습니다.","wordCount":165},"emotion":[],"intent":[{"text":"","expression":"","category":"attitude"}],"summary":{"text":"이 직무에 경력직으로 지원한 이유는 제가 이 일을 가장 열심히 열정을 가지고 잘 할 자신이 있기 때문입니다. 이 일을 오랫동안 해 오면서 노하우들을 쌓아오며 네트워크를 형성해 왔습니다. 네트워크를 주로 이용하고 어떠한 도움을 요청을 받으면 그 일을 도와주려고 합니다. 서로 부족한 부분을 돕고 서로 장점을 부각시켜 준다면 모두에게 좋은 성공적인 비즈니스가 될 것입니다.","wordCount":52}}},"rawDataInfo":{"question":{"fileFormat":"wav","fileSize":338318,"duration":10570,"samplingBit":16,"channelCount":1,"samplingRate":"16kHz","audioPath":"/Mock/04.RND/Male/Experienced/ckmk_q_rnd_m_e_49560.wav"},"answer":{"fileFormat":"wav","fileSize":2739278,"duration":85600,"samplingBit":16,"channelCount":1,"samplingRate":"16kHz","audioPath":"/Mock/04.RND/Male/Experienced/ckmk_a_rnd_m_e_49560.wav"}}}