{"version":"1.0","dataSet":{"info":{"date":"20230116","occupation":"RND","channel":"MOCK","place":"ONLINE","gender":"MALE","ageRange":"45-54","experience":"EXPERIENCED"},"question":{"raw":{"text":"직업 기초 능력 중 지원자분께서 생각하시는 가장 중요한 점은 어떤 것이고 또 그 이유는 무엇인지 말씀해 주세요","wordCount":17},"emotion":[],"intent":[]},"answer":{"raw":{"text":"저는 직업 기초 능력 중에 가장 중요하다고 생각하는 것은 아 뭐 업무에 따라서 다르겠지만 저희 업무 같은 경우 피씨를 다루는 능력이 아닐까 싶습니다. 왜냐하면 뭐 예전 같으면 모르겠지만 요즘은 피씨가 없으면 업무 자체가 되지 안 않지 않습니까. 그리고 모든 일이 피씨 와 인터넷을 통해 가지고 어 이루어지고 있고 또 외부와 내부에서도 소통을 다 피씨로 하고 있습니다. 그렇기 때문에 피씨를 잘 다뤄야지만 어 일단 기본적인 업무 베이스가 되는 거고 그런 그 기본적인 업무 베이스 위에서 어 좀 더 심화된 업무를 잘 할 수 있을 것이라고 생각합니다.","wordCount":85},"emotion":[],"intent":[{"text":"","expression":"","category":"attitude"}],"summary":{"text":"직업 기초 능력 중 가장 중요한 것은 피씨를 잘 다뤄야 기본적인 업무 베이스가 되는 것이고 그 기초 위에 좀 더 심화된 업무를 잘 할 수 있을 것이라고 생각합니다.","wordCount":28}}},"rawDataInfo":{"question":{"fileFormat":"wav","fileSize":454478,"duration":14200,"samplingBit":16,"channelCount":1,"samplingRate":"16kHz","audioPath":"/Mock/04.RND/Male/Experienced/ckmk_q_rnd_m_e_73781.wav"},"answer":{"fileFormat":"wav","fileSize":1780878,"duration":55650,"samplingBit":16,"channelCount":1,"samplingRate":"16kHz","audioPath":"/Mock/04.RND/Male/Experienced/ckmk_a_rnd_m_e_73781.wav"}}}