{"version":"1.0","dataSet":{"info":{"date":"20230116","occupation":"RND","channel":"MOCK","place":"ONLINE","gender":"MALE","ageRange":"35-44","experience":"EXPERIENCED"},"question":{"raw":{"text":"입사 후 근무를 하면서 정작 지원자님이 지원한 분야가 본인과 잘 맞지 않는 사실을 깨닫는다면 그때 어떻게 하실 생각이십니까 본인의 생각을 말씀해 주세요","wordCount":22},"emotion":[],"intent":[]},"answer":{"raw":{"text":"어 지원한 제 분야가 저하고 잘 안 맞으면 어떻게 할 것이냐고 말씀하셨는데 어 지원한 분야가 저하고 맞을 확률은 굉장히 낮다고 생각합니다. 어 잘 맞는다는 거라는 표현이 좀 안 맞는 것 같고 제가 거기에 맞춰야 하지 않을까 라는 생각을 합니다. 왜냐하면 모든 분야든지 모든 업무는 당연히 처음에는 낯섭니다 낯설고 그 분야에 대해서 저희가 진정성을 갖고 접근을 하면은 남들보다 한 몇 달 동안은 좀 더 노력을 하면은 금방 내 일 내 일이 되고 또 새로운 분야에 대해서 또 배우게 될 수 있는 경험이 될 수 있을 거라고 생각합니다. 이 그런 경험들이 쌓이고 쌓여서 이제 또 이제 자격 요건이 갖춰지면 그때 이제 또 다른 상급 업무를 또 할 수 있는 것이고 또 상급 업무에서도 또 잘 적응이 돼서 또 갖춰지게 되면 또 그 다음 상급 업무를 갈 수 있을 것이고 저는 그렇게 생각하기 때문에 절대 회사에서 주는 업무를 거부하거나 어 나하고 잘 맞지 않는다 이런 표현은 쓰지 않습니다. 어떻게든 다 본인의 것으로 만들기 위해서 노력을 하기 때문에 그런 부분에 대해서는 고민을 안 해봤던 것 같습니다. 네 그렇습니다. 이상입니다","wordCount":165},"emotion":[],"intent":[{"text":"","expression":"","category":"attitude"}],"summary":{"text":"분야가 저와 잘 맞지 않는다면 저는 여기에 맞춰야 한다고 생각합니다. 모든 업무가 처음에는 낯설지만 노력을 하면 제 일 제 일이 되고 새로운 분야에 대해 배울 수 있습니다. 이런 경험들이 쌓이고 쌓여서 자격 요건이 갖춰지면 또 다른 상급 업무를 할 수 있고 적응이 되면 또 다음 상급 업무를 갈 수 있을 것입니다.","wordCount":51}}},"rawDataInfo":{"question":{"fileFormat":"wav","fileSize":570318,"duration":17820,"samplingBit":16,"channelCount":1,"samplingRate":"16kHz","audioPath":"/Mock/04.RND/Male/Experienced/ckmk_q_rnd_m_e_107527.wav"},"answer":{"fileFormat":"wav","fileSize":2645838,"duration":82680,"samplingBit":16,"channelCount":1,"samplingRate":"16kHz","audioPath":"/Mock/04.RND/Male/Experienced/ckmk_a_rnd_m_e_107527.wav"}}}