{"version":"1.0","dataSet":{"info":{"date":"20230116","occupation":"RND","channel":"MOCK","place":"ONLINE","gender":"MALE","ageRange":"35-44","experience":"EXPERIENCED"},"question":{"raw":{"text":"커뮤니케이션을 잘 할 수 있는 본인만의 스킬이나 노하우가 있으신가요 한번 소개해 주시고 직접 보여주셔도 좋습니다","wordCount":15},"emotion":[],"intent":[]},"answer":{"raw":{"text":"어 저만에 이 커뮤니케이션을 잘 할 수 있는 스킬을 한 한 번 한 번 보여 드리 드리자면 어 저는 이 커뮤니케이션을 보통 어 아주 재미난 이야기부터 시작을 해서 어 이야기의 즉 커뮤니케이션이 부드럽게 이어져 나가게끔 합니다. 예를 들자면 어 우리가 이제 어 이 건설 현장에서의 안전에 대해서 어 회의를 시작할 때 저 같은 경우에는 일단 어 그 전날 있었던 뭐 뉴스 아니면 티비 프로그램 아니면 재미났던 영화 이런 것들을 먼저 짧게 뭐 길게 하면 안 좋 안 좋습니다. 아 한 일 분 내외로 짧게 시작을 합니다. 예를 들어 뭐 어제 보았던 영화가 매우 매우 재밌었고 넌 꼭 그 사람 스타일과 굉장히 비슷한 친구야. 이런 식으로 이야기를 해서 서로 간에 이 회의가 웃음으로 시작할 수 있는 있게끔 하고 이제 회의가 막 막상 시작이 되면 그 이 그 영화에 대해서는 더 이상 얘기하지 않고 어 웃음으로 시작해서 웃음으로 끝나는 그 회의를 즉 커뮤니케이션을 저는 만들고 만드는 것이 저의 이제 큰 스킬이라고 할 수 있습니다,","wordCount":152},"emotion":[],"intent":[{"text":"","expression":"","category":"attitude"}],"summary":{"text":"저는 커뮤니케이션을 아주 재미난 이야기부터 시작을 해서 부드럽게 이어져 나가게끔 합니다. 건설 현장에서의 안전에 대해 회의를 시작할 때 한 일 분 내외로 짧게 시작을 합니다. 회의를 웃음으로 시작하고 웃음으로 끝나는 회의를 만드는 것이 저의 큰 스킬입니다.","wordCount":36}}},"rawDataInfo":{"question":{"fileFormat":"wav","fileSize":590158,"duration":18440,"samplingBit":16,"channelCount":1,"samplingRate":"16kHz","audioPath":"/Mock/04.RND/Male/Experienced/ckmk_q_rnd_m_e_247108.wav"},"answer":{"fileFormat":"wav","fileSize":2772558,"duration":86640,"samplingBit":16,"channelCount":1,"samplingRate":"16kHz","audioPath":"/Mock/04.RND/Male/Experienced/ckmk_a_rnd_m_e_247108.wav"}}}