{"version":"1.0","dataSet":{"info":{"date":"20230116","occupation":"RND","channel":"MOCK","place":"ONLINE","gender":"MALE","ageRange":"45-54","experience":"EXPERIENCED"},"question":{"raw":{"text":"해외에서 근무하게 되면 어디서 하고 싶은지요","wordCount":6},"emotion":[],"intent":[]},"answer":{"raw":{"text":"어 제가 만약 해외에서 근무를 하게 된다면 저는 일본에서 근무하고 싶습니다. 어 일본은 우리와 많이 비슷하면서 많이 다릅니다. 일본은 어 경제가 한창 흥하다가 버블 경제라고 해 가지고 어 삼십 년 동안이나 어 좀 뭐 암흑기를 맞고 있습니다. 그런데 저는 개인적으로 우리나라 경제 역시 일본을 따라간다 라고 하기에는 좀 뭐하지만 일본과 좀 비슷한 경향을 띄고 있다 라고 생각을 합니다. 일본 시장에 진출하면서 어 그들이 이런 것을 어떻게 극복해 왔고 어떻게 극복하고 있는지에 대해서 어 공부하고 싶습니다. 또한 뭐 제 개인적으로는 일본에 누님이 계시다 보니 일본에서 근무를 한다고 그러면 어 좀 더 다른 타국에 있는 것보다 어려움이 없을 것 같기도 하고 또 하나는 제가 일본어를 좀 하기 때문에 일본에서 근무하는 것에 대해서 불편함이 없다 라고 생각을 합니다. 저는 개인적으로 나라를 제가 정할 수 있다면 일본에서 근무하기를 원합니다.","wordCount":125},"emotion":[{"text":"어 제가 만약 해외에서 근무를 하게 된다면 저는 일본에서 근무하고 싶습니다.","expression":"p-interest","category":"positive"},{"text":"일본은 어 경제가 한창 흥하다가 버블 경제라고 해 가지고   어 삼십 년 동안이나 어 좀 뭐 암흑기를 맞고 있습니다.","expression":"u-fact","category":"neutral"},{"text":"일본 시장에 진출하면서   어 그들이 이런 것을 어떻게 극복해 왔고 어떻게 극복하고 있는지에 대해서   어 공부하고 싶습니다.","expression":"p-interest","category":"positive"},{"text":"저는 개인적으로 나라를 제가 정할 수 있다면 일본에서 근무하기를 원합니다.","expression":"p-interest","category":"positive"}],"intent":[{"text":"","expression":"","category":"attitude"}],"summary":{"text":"일본의 버블 경제 극복 사례와 극복 과정을 배우고 싶습니다. 일본어를 좀 하기 때문에 불편함이 없다고 생각합니다.","wordCount":16}}},"rawDataInfo":{"question":{"fileFormat":"wav","fileSize":239758,"duration":7490,"samplingBit":16,"channelCount":1,"samplingRate":"16kHz","audioPath":"/Mock/04.RND/Male/Experienced/ckmk_q_rnd_m_e_53787.wav"},"answer":{"fileFormat":"wav","fileSize":2168398,"duration":67760,"samplingBit":16,"channelCount":1,"samplingRate":"16kHz","audioPath":"/Mock/04.RND/Male/Experienced/ckmk_a_rnd_m_e_53787.wav"}}}