{"version":"1.0","dataSet":{"info":{"date":"20230116","occupation":"RND","channel":"MOCK","place":"ONLINE","gender":"MALE","ageRange":"45-54","experience":"EXPERIENCED"},"question":{"raw":{"text":"면접자 당사자께서는 구체적인 실무 및 경험 연구 경험이 어떠한 것들이 있는지 말씀해 주세요","wordCount":13},"emotion":[],"intent":[]},"answer":{"raw":{"text":"구체적인 실무 및 어 경험 관련돼서는 제가 기존에 어 영업을 기술 영업을 진행을 하면서 기술 영업에서는 두 가지 종류가 있다고 생각을 합니다. 아무 것도 없는 무에서 유를 창출하는 매출을 신규 창출하는 부분과 기존의 업체들 사이에서 그 업체들과의 좋은 관계를 유지를 하고 그 업체를 통해 발전과 관련된 내용에 따라서 매출을 확장시키는 부분들이 있는데요. 기본적으로 후자인 경우에는 전자에 비해서는 다소 수월하다고 할 수 있겠습니다. 쉬운 건 아니라 할지라도 무에서 유를 창출해서 없는 매출을 있게 만드는 영에서 일 이를 만들어내는 건 쉽지 않다고 생각을 합니다. 그래서 예전 타 회사에서 중국의 신규 매출 창출을 위한 프로젝트를 진행을 할 때 제가 지원을 해서 중국의 광동성에 있는 심천지역을 개 지사를 설립을 하고 그 지사 설립 안에서 일 일할 수 있는 인원들을 직접 채용을 하였으며 어 영업 계획에 의거해서 여러 가지들을 직접 한 업체를 방문하고 꽌시를 유지하며 매출 창출로 이렇게 한 경험을 가지고 있습니다. 이런 경험들은 다른 사람들이 쉽게 가질 수 있 없는 경험이라고 생각을 합니다.","wordCount":149},"emotion":[],"intent":[{"text":"","expression":"","category":"attitude"}],"summary":{"text":"무에서 유를 창출하는 매출과 기존의 업체들 사이에서 좋은 관계를 유지하고 그 업체를 통해 발전과 관련된 내용에 따라 매출을 확장시키는 매출이 있는데, 후자의 경우에는 전자에 비해서는 수월하다고 할 수 있겠습니다. 예전 타 회사에서 중국의 신규 매출 창출을 위한 프로젝트를 진행할 때 일 할 수 있는 인원들을 직접 채용한 경험이 있습니다.","wordCount":49}}},"rawDataInfo":{"question":{"fileFormat":"wav","fileSize":306638,"duration":9580,"samplingBit":16,"channelCount":1,"samplingRate":"16kHz","audioPath":"/Mock/04.RND/Male/Experienced/ckmk_q_rnd_m_e_49722.wav"},"answer":{"fileFormat":"wav","fileSize":2817038,"duration":88030,"samplingBit":16,"channelCount":1,"samplingRate":"16kHz","audioPath":"/Mock/04.RND/Male/Experienced/ckmk_a_rnd_m_e_49722.wav"}}}