{"version":"1.0","dataSet":{"info":{"date":"20230116","occupation":"RND","channel":"MOCK","place":"ONLINE","gender":"MALE","ageRange":"35-44","experience":"EXPERIENCED"},"question":{"raw":{"text":"인생에서 그동안 겪었던 갈등들 가운데 가장 심각했던 갈등에 대해서 한 가지만 골라 말씀해 주세요","wordCount":14},"emotion":[],"intent":[]},"answer":{"raw":{"text":"아 제가 그동안 인생을 살면서 겪었던 수많은 갈등 중에서 가장 제가 심각하게 생각했던 갈등은 무엇일까에 대해서 생각해보았는데 그 부분에서 답변 드리겠습니다. 어 제가 대학 생활을 하던 중에 이제 군생활을 군대에 입대해야 할 시점이 와서 음 병사 생활을 이 년 말 하고 나올 지 부사관으로 가서 사 년을 할지에 대해서 고민을 많이 했었습니다. 또한 그때의 고민은 군 간부 생활을 해보는 것으로 결정이 돼서 가게 되었고 그 그 갈등은 별로 크지 않았지만 그 군대에 가서 군생활이 생각보다 적성에 맞아서 군 생활을 계속 해야 할지 말아야할지에 대한 그 갈등이 제일 심각했던 것 같습니다. 그래서 결국은 육 년이라는 군생활을 마치고 지금 사회에 나왔는데 그 육 년이라 시간을 보내면서 적성에도 맞고 평생 해야겠다는 생각 하면서도 사회의 나의 비전이나 나의 미래를 좀 더 꿈꿔봐야 되지 않나 이 두 개의 자아가 많이 갈등이 있었던 것 같습니다. 그래서 최종 내린 결론은 아 사회에 나가서 다시 한 번 내 꿈을 펼쳐보자 하고 싶은 일을 해보자 하는 그 결정을 세웠는데 그 갈등이 제가 가진 인생에서 제일 큰 갈등이지 않았나 싶습니다. 이상입니다.","wordCount":161},"emotion":[],"intent":[{"text":"어 제가 대학 생활을 하던 중에 이제 군생활을 군대에 입대해야 할 시점이 와서 음 병사 생활을 이 년 말 하고 나올 지 부사관으로 가서 사 년을 할지에 대해서 고민을 많이 했었습니다.","expression":"c_private","category":"background"}],"summary":{"text":"제가 인생에서 가장 심각하게 생각했던 갈등은 무엇일가에 대해 생각해보았는데 그 부분에서 답변 드리겠습니다. 제가 대학 생활을 하던 중에 군생활을 군대에 입대해야 할 시점이 와서 고민 많이 했습니다. 결국은 군생활을 마치고 지금 사회에 나왔는데, 최종 결론은 사회에 나가 다시 한 번 제 꿈을 펼쳐보자 하고 싶은 일을 해보자 하는 결정을 세웠는데 그 갈등이 제일 큰 갈등입니다.","wordCount":55}}},"rawDataInfo":{"question":{"fileFormat":"wav","fileSize":294478,"duration":9200,"samplingBit":16,"channelCount":1,"samplingRate":"16kHz","audioPath":"/Mock/04.RND/Male/Experienced/ckmk_q_rnd_m_e_230220.wav"},"answer":{"fileFormat":"wav","fileSize":2755278,"duration":86100,"samplingBit":16,"channelCount":1,"samplingRate":"16kHz","audioPath":"/Mock/04.RND/Male/Experienced/ckmk_a_rnd_m_e_230220.wav"}}}