{"version":"1.0","dataSet":{"info":{"date":"20230116","occupation":"RND","channel":"MOCK","place":"ONLINE","gender":"MALE","ageRange":"45-54","experience":"EXPERIENCED"},"question":{"raw":{"text":"면접자 본인이 직무를 수행함에 있어서 어떤 장점이 있는지 설명해 주시겠습니까","wordCount":10},"emotion":[],"intent":[]},"answer":{"raw":{"text":"저는 개인적으로 상벌이 뚜렷합니다. 어 일의 특성상 팀으로 팀을 꾸려서 팀 프로젝트로 진행하는 경우가 많은데 어 팀원 내에서 팀 프로젝트가 성공하고 거기에 대해서 뭐 성과를 지급한다라든지 할 때 잘한 사람에 대해서는 어 당연히 상을 더 주고 그 이 팀 프로젝트 내에서 일을 수행하지 못한 경우에는 그만큼에 대한 불이익을 주는 게 마땅하다고 생각을 합니다. 어 이게 팀으로 운영을 할 때 오히려 그 팀워크를 해치는 경향도 있지만 저는 이것이 뭐 비즈니스인 이상 당연히 상벌은 분명히 나누어져야 한다고 생각을 합니다. 잘한 사람한테 더 혜택을 줌으로써 그 사람한테 더 일할 수 있는 의욕을 만들고 일이 좀 뒤쳐지거나 못하는 사람도 어 내가 더 열심히 하면 더 좋은 성과를 낼 수 있다 라는 것을 심어주는 게 일의 능률을 높이는 데 저는 도움이 된다고 생각을 합니다. 그래서 저는 개인적으로 그 제가 팀장으로 있을 때 프로젝트를 수행함에 있어서 상벌 제도를 분명히 해 가지고 일의 능률을 높일 수 있도록 항상 노력해 왔습니다.","wordCount":143},"emotion":[],"intent":[{"text":"저는 개인적으로 상벌이 뚜렷합니다.","expression":"c_person","category":"background"}],"summary":{"text":"비즈니스인 이상 당연히 상벌은 분명히 나누어져야 한다고 생각합니다. 상벌 제도를 분명히 해 가지고 일의 능률을 높일 수 있도록 항상 노력해 왔습니다.","wordCount":21}}},"rawDataInfo":{"question":{"fileFormat":"wav","fileSize":251918,"duration":7870,"samplingBit":16,"channelCount":1,"samplingRate":"16kHz","audioPath":"/Mock/04.RND/Male/Experienced/ckmk_q_rnd_m_e_53785.wav"},"answer":{"fileFormat":"wav","fileSize":2625358,"duration":82040,"samplingBit":16,"channelCount":1,"samplingRate":"16kHz","audioPath":"/Mock/04.RND/Male/Experienced/ckmk_a_rnd_m_e_53785.wav"}}}