{"version":"1.0","dataSet":{"info":{"date":"20230116","occupation":"RND","channel":"MOCK","place":"ONLINE","gender":"MALE","ageRange":"45-54","experience":"EXPERIENCED"},"question":{"raw":{"text":"본인이 지금 하고 있는 업무량보다 회사에서 처리해야 할 업무량이 어 더 많을 때가 있을 수도 있습니다 만약에 업무량이 과다하더라도 잘 버틸 수 있는가 한 번 이야기 해 보세요","wordCount":28},"emotion":[],"intent":[]},"answer":{"raw":{"text":"그 업무량이 과다하다 라는 표현이 조금 애매하기는 한데 어 일단 질문에 대한 답은 잘 버틸 수 있다라는 것입니다. 어 업무량이 과다하다라는 것은 정말로 업무량이 과다한 것일 수도 있고 또 한편으로는 제 능력이 부족해서 주어진 업무를 하는데 남들에 비해서 더 시간이 많이 소요되거나 제 능력이 부족해서 어 업무를 수행하는데 어 일이 벅차게 느껴질 수 있는 것을 과다 과다하다 라고 한다면 저는 당연히 제 능력이 부족해서 부족해서 저 업무량이 많다 라고 느끼는 것에 대해서는 어 충분히 제 스스로 소화를 하고 그거에 대해서 책임을 져야 한다고 생각을 합니다. 어 다만 업무량이 정말 제 능력과 관계없이 너무 많다 라고 하면 그것에 대해서는 어 상사에 상사에게 보고를 할 것 같습니다. 어 업무량이라는 게 협업을 하다 보면 제 스스로 제가 그 업무량을 해야 되는 그 기준과 날짜와 시한이 있을 텐데 어 업무량이 너무 많아서 그것을 수행을 못한다라고 하면 팀 전체로 로 봤을 때도 어 진도를 나갈 수 없기 때문에 업무량이 과다하면 최대한 제가 노력해서 풀어보겠지만 그래도 그 업무량이 과다하다 라고 하면 도움을 청하든지 상사에게 권유를 해서 업무량을 조절할 수 있도록 하겠습니다.","wordCount":165},"emotion":[],"intent":[{"text":"","expression":"","category":"attitude"}],"summary":{"text":"업무량이 과다하다 라는 표현에 대해서는 잘 버틸 수 있습니다. 능력이 부족해서 업무량이 많다 라고 한다면 제 스스로 소화를 하고 그에 대한 책임을 져야 합니다. 업무량이 너무 많다면 팀 전체로 볼 때도 진도를 나갈 수 없기 때문에 도움을 청하든지 상사에게 권유를 해서 업무량을 조절할 수 있도록 하겠습니다.","wordCount":46}}},"rawDataInfo":{"question":{"fileFormat":"wav","fileSize":662798,"duration":20710,"samplingBit":16,"channelCount":1,"samplingRate":"16kHz","audioPath":"/Mock/04.RND/Male/Experienced/ckmk_q_rnd_m_e_49975.wav"},"answer":{"fileFormat":"wav","fileSize":2775758,"duration":86740,"samplingBit":16,"channelCount":1,"samplingRate":"16kHz","audioPath":"/Mock/04.RND/Male/Experienced/ckmk_a_rnd_m_e_49975.wav"}}}