{"version":"1.0","dataSet":{"info":{"date":"20230116","occupation":"RND","channel":"MOCK","place":"ONLINE","gender":"MALE","ageRange":"45-54","experience":"EXPERIENCED"},"question":{"raw":{"text":"지원자님께서 대학 생활을 하실 때 가장 힘들었던 경험이 있을까요 만약에 그 경험이 있다면 그 경험과 함께 그 경험을 극복한 어 어떻게 극복했는지도 말씀해 주십시오","wordCount":24},"emotion":[],"intent":[]},"answer":{"raw":{"text":"대학 생활에서 가장 힘들었었던 점은 어 아무래도 처음에 학교에 입학할 때는 그냥 점수 위주로 어 제 과를 선택을 했는데요. 학교에서 전공 수업을 듣다 보니깐 아 저와는 너무나도 안 맞았습니다. 그래서 아 어떻게 해야 될지 고민을 참 많이 하고 아 부모님과도 어 상의를 많이 했었는데 결국에는 어 제가 전과를 하게 되었습니다. 그냥 저와 안 맞는 과에서 어 고민하고 또 어 힘들게 생활하느니 아 제가 원하는 그런 과로 과로 학과를 옮겨서 새롭게 시작하는 것이 오히려 저에게 도움이 될 거라고 생각해서 전과를 하였는데 아 그 전과를 결정하기까지가 아 대학 생활에서 가장 힘들었던 시기였습니다.","wordCount":90},"emotion":[],"intent":[{"text":"학교에서 전공 수업을 듣다 보니깐 아 저와는 너무나도 안 맞았습니다.","expression":"c_private","category":"background"},{"text":"그래서 아 어떻게 해야 될지 고민을 참 많이 하고   아 부모님과도 어 상의를 많이 했었는데 결국에는 어 제가 전과를 하게 되었습니다.","expression":"c_private","category":"background"},{"text":"그냥 저와 안 맞는 과에서 어 고민하고   또 어 힘들게 생활하느니 아 제가 원하는   그런 과로 과로 학과를 옮겨서 새롭게 시작하는 것이 오히려 저에게 도움이 될 거라고 생각해서 전과를 하였는데   아 그 전과를 결정하기까지가 아 대학 생활에서 가장 힘들었던 시기였습니다.","expression":"c_private","category":"background"}],"summary":{"text":"대학 입학 시에 점수 위주로 학과 선택을 했기 때문에 나중에 전공 수업이 저와 맞지 않아 결국 전과를 하게 되었습니다. 힘들게 생활하느니 원하는 과로 옮겨 시작하는 것이 도움이 될 것 같아 전과를 결정하였습니다.","wordCount":32}}},"rawDataInfo":{"question":{"fileFormat":"wav","fileSize":643278,"duration":20100,"samplingBit":16,"channelCount":1,"samplingRate":"16kHz","audioPath":"/Mock/04.RND/Male/Experienced/ckmk_q_rnd_m_e_102054.wav"},"answer":{"fileFormat":"wav","fileSize":2418638,"duration":75580,"samplingBit":16,"channelCount":1,"samplingRate":"16kHz","audioPath":"/Mock/04.RND/Male/Experienced/ckmk_a_rnd_m_e_102054.wav"}}}