{"version":"1.0","dataSet":{"info":{"date":"20230116","occupation":"RND","channel":"MOCK","place":"ONLINE","gender":"MALE","ageRange":"35-44","experience":"EXPERIENCED"},"question":{"raw":{"text":"어 연구 윤리를 준수하기 위해서 노력했던 경험에 대해서 말씀해 주세요","wordCount":10},"emotion":[],"intent":[]},"answer":{"raw":{"text":"연구 윤리란 연구자가 정확하고 정직하고 행동 양식에 어긋나지 않는 것들을 뜻합니다. 일반적으로 위조 변조 표절 등을 하지 말아야 하는데 연구자 역시 회사에 소속된 직원이기 때문에 때로는 이것들에 조 그 데이터를 조작하는 경우들이 생각보다 많습니다. 예를 들어 저는 백이라는 수치가 안 나오는 어떤 연구를 하고 있었는데 그 백이 안 나와 오고 칠십 밖에 안 나와서 회사에서는 백에 가까운 수치를 만들어 내라고 한 적이 있습니다. 하지만 제가 아무리 연구를 해도 백이 아니라 팔십 까지도 안 나오던 수치들을 회사에서는 빠르게 개발 또는 생산을 하기 위해서 죽어라고 백이라는 숫자를 맞추라고 해서 어쩔 수 없이 논문을 위조한 경험이 있었습니다. 그렇지만 결국은 이 위 위조된 논문을 회사에 제출할 수 없었고 결국은 결국은 저는 그 연구에서 그만두게 되었고 결국은 퇴사를 하게 되었습니다.","wordCount":115},"emotion":[{"text":"연구 윤리란 연구자가 정확하고 정직하고   행동 양식에 어긋나지 않는 것들을 뜻합니다.","expression":"u-fact","category":"neutral"}],"intent":[{"text":"","expression":"","category":"attitude"}],"summary":{"text":"연구 윤리란 연구자가 정확하고 정직하고 행동 양식에 어긋나지 않는 것들을 뜻하며 위조 변조 표절 등을 하지 말아야 하는데 연구자 역시 회사에 소속된 직원이기 때문에 때로는 그것들에 조 그 데이터를 조작하는 경우들이 생각보다 많습니다.","wordCount":33}}},"rawDataInfo":{"question":{"fileFormat":"wav","fileSize":246158,"duration":7690,"samplingBit":16,"channelCount":1,"samplingRate":"16kHz","audioPath":"/Mock/04.RND/Male/Experienced/ckmk_q_rnd_m_e_196697.wav"},"answer":{"fileFormat":"wav","fileSize":2135118,"duration":66720,"samplingBit":16,"channelCount":1,"samplingRate":"16kHz","audioPath":"/Mock/04.RND/Male/Experienced/ckmk_a_rnd_m_e_196697.wav"}}}