{"version":"1.0","dataSet":{"info":{"date":"20230116","occupation":"RND","channel":"MOCK","place":"ONLINE","gender":"MALE","ageRange":"45-54","experience":"EXPERIENCED"},"question":{"raw":{"text":"업무를 받아서 설계를 하는 도중 문제가 발생한다면 지원자님께서 그 상황에서 어떻게 대처를 하실 것인지 사례와 함께 말씀해 주시겠습니까","wordCount":18},"emotion":[],"intent":[]},"answer":{"raw":{"text":"어 설계 시 문제가 발생한다면 그건 즉시 조치를 취해야 됩니다. 설계라는 것은 가장 기본이 되는 것이고 어 집에 비유하면은 그거는 기초 공사나 마찬가지입니다. 설계는 어 집을 지은 후에도 유지 보수를 하기 위해서 어 필요한 기본 도면이기 때문에 설계 시 문제가 발생을 한다면 그것은 어 수정하고 고쳐야 됩니다. 만약에 이게 근본적으로 잘못됐다면 처음부터 당연히 다시 고쳐야 되고 이것이 어 오히려 나중을 생각하면 나중에 잘못된 설계로 인해서 건축물이 지어진 후 그것을 유지 보수하기 하는 것보다 차라리 처음부터 다시 설계하는 것이 어 궁조 궁극적으로는 더 이익이 되는 일이라고 생각을 합니다. 설계 시 문제가 뭐 단순히 해결할 수 있는 거라 그러면 처리를 하겠지만 그게 근본적으로 문제가 있다 그러면 처음부터 다시 시작해야 된다고 생각합니다.","wordCount":109},"emotion":[],"intent":[{"text":"","expression":"","category":"attitude"}],"summary":{"text":"설계 시 문제가 발생한다면 그것은 즉시 조치를 취해야 됩니다. 집을 지은 후에도 유지 보수를 하기 위해서 필요한 기본 도면이지만 설계에 근본적으로 문제가 있다면 수정하고 고쳐야 됩니다.","wordCount":26}}},"rawDataInfo":{"question":{"fileFormat":"wav","fileSize":480718,"duration":15020,"samplingBit":16,"channelCount":1,"samplingRate":"16kHz","audioPath":"/Mock/04.RND/Male/Experienced/ckmk_q_rnd_m_e_54263.wav"},"answer":{"fileFormat":"wav","fileSize":2051918,"duration":64120,"samplingBit":16,"channelCount":1,"samplingRate":"16kHz","audioPath":"/Mock/04.RND/Male/Experienced/ckmk_a_rnd_m_e_54263.wav"}}}