{"version":"1.0","dataSet":{"info":{"date":"20230116","occupation":"RND","channel":"MOCK","place":"ONLINE","gender":"MALE","ageRange":"45-54","experience":"EXPERIENCED"},"question":{"raw":{"text":"본인의 소통 능력을 키우기 위해서 어떤 노력을 하시고 계시나요","wordCount":9},"emotion":[],"intent":[]},"answer":{"raw":{"text":"무엇보다 소통 능력을 키울려고 하면 어 일단 좀 상대방의 얘기를 잘 들어야 된다라고 생각을 합니다. 어 간혹 가다가 요즘 뭐 상사는 부하 직원이나 다른 사람이 하는 얘기를 잘 안 듣고 그들이 무슨 생각을 하는지 그걸 잘 모르는 경우가 되게 많은데 소통 능력을 키우려면 일단 상대방의 이야기를 잘 듣고 저 사람이 무엇을 얘기하는지 저 사람은 어떤 생각을 갖고 있는지를 파악하는 게 중요하다고 생각합니다. 그러기 위해서는 요즘 요즘 문화에 대해서 좀 잘 알아야 트렌드에 대해서 잘 알아야 그들과 소통을 할 수 있다 라고 생각을 합니다. 뭐 그게 경제적인 거든 무슨 문화적인 거든 오락적인 거든 어 요즘에 어떤 게 유행하고 유행하고 요즘 트렌드는 어떤지 등 현재 문화에 대해서 잘 알고 있어야 그 동료와 뭐 후배와 선배와 소통을 해 쓰고 소통을 하고 그들과 이야기를 나눌 수 있다라고 생각을 합니다. 그래서 좀 가능한 어 요즘 문화에 대해 잘 알려고 노력하는 편입니다.","wordCount":136},"emotion":[],"intent":[{"text":"","expression":"","category":"attitude"}],"summary":{"text":"소통 능력을 키우기 위해서는 상대방의 얘기를 잘 듣고 저 사람이 무엇을 얘기하는지 저 사람은 어떤 생각을 갖고 있는지를 파악하는 게 중요하다고 생각합니다. 그러기 위해서는 요즘 문화에 대해서 좀 잘 알아야 트렌드에 대해서 잘 알기 때문에 그들과 소통을 할 수 있다 라고 생각을 합니다.","wordCount":43}}},"rawDataInfo":{"question":{"fileFormat":"wav","fileSize":201038,"duration":6280,"samplingBit":16,"channelCount":1,"samplingRate":"16kHz","audioPath":"/Mock/04.RND/Male/Experienced/ckmk_q_rnd_m_e_49238.wav"},"answer":{"fileFormat":"wav","fileSize":2446798,"duration":76460,"samplingBit":16,"channelCount":1,"samplingRate":"16kHz","audioPath":"/Mock/04.RND/Male/Experienced/ckmk_a_rnd_m_e_49238.wav"}}}