{"version":"1.0","dataSet":{"info":{"date":"20230116","occupation":"RND","channel":"MOCK","place":"ONLINE","gender":"MALE","ageRange":"35-44","experience":"EXPERIENCED"},"question":{"raw":{"text":"네 얼마 전에 구급대원이 주취자에게 폭행을 당해서 순직하는 일이 있었는데요 어 평소에 이런 사건에 대해서 지원자님은 어떻게 생각하시는지 그 생각을 한번 들어보고 싶습니다","wordCount":23},"emotion":[],"intent":[]},"answer":{"raw":{"text":"구급대원이나 경찰들이 이런 술취한 사람들에게 폭행을 당하고 이런 비극적인 사건이 발생하는 것은 바로 입법부나 사법부에 문제가 크다고 생각합니다. 우리나라는 술이 취했다고 하면 나중에 어떤 정당한 사유로서 어떤 법적인 구형을 경감할 수 있는 이상한 법이 있습니다. 그런데 그 법은 옛날 오십 년 육십 년 전에 만들어진 법으로 그때 당시에는 그렇게 술을 많이 마시지 않았고 술을 먹고 구급대원들이 구조하는 일들이 많지 않았습니다. 그런데 이제는 술 먹은 주취자들이 툭하면 구급대원들한테 연락해서 자기를 집에다 바래다 달라 집을 찾아 달라 뭐 이런 경우들이 많습니다. 그런데 이렇게 술을 먹은 사람들은 자신들이 가진 특별한 무기인 술 먹어서 기억이 안 난다 술 때문에 그랬다 라고 하면 법정에서 특별한 감형 사유를 받게 돼 있습니다. 이런 문제 때문에 많은 구급대원이나 경찰 공무원들이 희생을 하고 있고 이번에 사망 사건이 발생한 걸로 알고 있습니다. 이런 법들을 엄격하게 만들기 위해서 벌금에 수천만 원에 달하는 벌금과 또는 최소 삼 년에서 십 년 정도의 문제가 되는 사람들을 구금하거나 징역을 보낼 수 있는 특별한 법들을 만들어야지 이런 고 공무원이나 구급대원들이 문제가 생기지 않을 것 같습니다.","wordCount":159},"emotion":[],"intent":[{"text":"","expression":"","category":"attitude"}],"summary":{"text":"구급대원이나 경찰들이 술취한 사람들에게 폭행당하고 비극적인 사건이 발생하는 것은 입법부나 사법부에 문제가 큽니다. 술이 취했다고 하면 나중에 어떤 정당한 사유로서 어떤 법적인 구형을 경감할 수 있는 특이한 법이 있는데, 이런 법들을 엄격하게 만들기 위해서 벌금에 수천만 원에 달하는 벌금과 또는 최소 삼 년에서 십 년 정도의 문제가 되는 사람들을 구금하거나 징역을 보낼 수 있는 특별한 법들이 필요합니다.","wordCount":57}}},"rawDataInfo":{"question":{"fileFormat":"wav","fileSize":535118,"duration":16720,"samplingBit":16,"channelCount":1,"samplingRate":"16kHz","audioPath":"/Mock/04.RND/Male/Experienced/ckmk_q_rnd_m_e_196696.wav"},"answer":{"fileFormat":"wav","fileSize":2810318,"duration":87820,"samplingBit":16,"channelCount":1,"samplingRate":"16kHz","audioPath":"/Mock/04.RND/Male/Experienced/ckmk_a_rnd_m_e_196696.wav"}}}