{"version":"1.0","dataSet":{"info":{"date":"20230116","occupation":"RND","channel":"MOCK","place":"ONLINE","gender":"MALE","ageRange":"45-54","experience":"EXPERIENCED"},"question":{"raw":{"text":"어 이전 회사에서는 개발이 아닌 전혀 다른 직무를 하셨었는데요 혹시 어 본인이 하실 수 있는 설계 프로그램이 있으신가요","wordCount":18},"emotion":[],"intent":[]},"answer":{"raw":{"text":"할 수 있는 설계 프로그램이 있는지에 대한 부분은 먼저 프로그램 설계 관련돼서 아까 설명을 드리면 소프트웨어를 작성하는 과정에서 단계적으로 나타나는 바와 같이 에 흐름으로 작성이 됩니다. 프로그램 설계는 원하는 프로그램을 완성시키기 위한 구체적인 작업의 어 첫 번째 스텝입니다. 시스템 전체를 추가로 주체로 한스 기본 설계 상세 설계에서 대상 업무를 효율적으로 처리하기 위한 프로그램 구성 내부의 처리 상황 각 부 단위의 부분들 그리고 각 단위 프로그램 간의 인터페이스 상세를 등을 결정하는 작업이면서 일반적으로는 프로그램 설계에서 제네럴 플로 차트 테이블 설계서 등의 작성을 말하는 것으로 알고 있습니다. 따라서 처음에 설계 기간에는 검사 개시 시스템 기본 검사 기본 설계 상세 설계 공사 기간에는 프로그래밍 설계 프로그래밍 디버그 종합 시험 결합 시험 종합 운전시험 서비스 개시 등으로 되어 있는 것으로 알고 있습니다. 따라서 기본적으로 이런 부분들을 통해서 설계 프로그램들을 진행하는 것으로 알고 있습니다.","wordCount":129},"emotion":[],"intent":[{"text":"","expression":"","category":"attitude"}],"summary":{"text":"프로그램 설계는 원하는 프로그램을 완성시키기 위한 구체적인 작업의 첫 번째 스텝입니다. 프로그램 구성 내부의 처리 상황 각 부 단위의 부분들 그리고 각 단위 프로그램 간의 인터페이스 상세를 결정하는 작업이며 일반적으로 제네럴 플로 차트 테이블 설계서 등의 작성을 말합니다.","wordCount":38}}},"rawDataInfo":{"question":{"fileFormat":"wav","fileSize":534478,"duration":16700,"samplingBit":16,"channelCount":1,"samplingRate":"16kHz","audioPath":"/Mock/04.RND/Male/Experienced/ckmk_q_rnd_m_e_46659.wav"},"answer":{"fileFormat":"wav","fileSize":2759758,"duration":86240,"samplingBit":16,"channelCount":1,"samplingRate":"16kHz","audioPath":"/Mock/04.RND/Male/Experienced/ckmk_a_rnd_m_e_46659.wav"}}}