{"version":"1.0","dataSet":{"info":{"date":"20230116","occupation":"RND","channel":"MOCK","place":"ONLINE","gender":"MALE","ageRange":"35-44","experience":"EXPERIENCED"},"question":{"raw":{"text":"지원자께서 입사 후 기존에 원하던 일을 못 하게 되었을 경우 어떻게 하시겠습니까 그렇게 하늘 이유 또한 같이 말씀해 주시기 바랍니다","wordCount":20},"emotion":[],"intent":[]},"answer":{"raw":{"text":"음 본인이 원하는 일을 못하게 됐을 때에 대해서 답변 드리겠습니다. 아 당연히 저는 직원이고 이 회사에 어떻게 보면 일원으로서 원하는 일을 할 수는 없습니다. 원하는 일을 할 거면 제가 오너가 돼야지 절대 원하는 일 할 수 없고 어떤 임무가 할당이 된다는 것은 어 그 부분에 대해서 최선을 다해야 하는 게 직원의 의무일 것이고 그 회사의 이익 창출에 있어서도 큰 도움이 될 거기 때문에 어 원하지 못한 일을 하게 됐을 때도 그 긍정적으로 생각을 해서 음 그 부분도 하나의 또 배워서 저의 뼈와 살이 될 수 있게끔 나에게 무기가 될 수 있게끔 그걸 또 장점으로 만들면 됩니다. 그렇게 해서 하나씩 하나씩 또 전문가의 길로 가다보면은 그런 것들이 다 함축이 돼서 어 그래서 또 하나의 좀 더 완벽한 아 주관이 돼서 좀 더 빠르게 상급자의 업무까지 할 수 있지 않을까 라는 생각을 하기 때문에 오히려 반갑고 감사할 일이 될 것 같습니다. 그냥 뭐 원하는 일이 있다면 좀 더 빨리 인정받고 좀 더 인 뭐야 위치를 잡을 수 있겠지만 그런 장단점은 존재할 것 같습니다. 네 이상입니다.","wordCount":163},"emotion":[],"intent":[{"text":"","expression":"","category":"attitude"}],"summary":{"text":"어떤 임무가 할당이 된다면 그 부분에 대해서 최선을 다해야 하는 게 직원의 의무일 것이고 그 회사의 이익 창출에 있어서도 큰 도움이 될 것이기 때문에 원하지 못한 일을 하게 됐을 때도 긍정적으로 생각을 해서 그것을 장점으로 만들면 됩니다.","wordCount":37}}},"rawDataInfo":{"question":{"fileFormat":"wav","fileSize":481998,"duration":15060,"samplingBit":16,"channelCount":1,"samplingRate":"16kHz","audioPath":"/Mock/04.RND/Male/Experienced/ckmk_q_rnd_m_e_102049.wav"},"answer":{"fileFormat":"wav","fileSize":2773198,"duration":86660,"samplingBit":16,"channelCount":1,"samplingRate":"16kHz","audioPath":"/Mock/04.RND/Male/Experienced/ckmk_a_rnd_m_e_102049.wav"}}}