{"version":"1.0","dataSet":{"info":{"date":"20230116","occupation":"RND","channel":"MOCK","place":"ONLINE","gender":"MALE","ageRange":"45-54","experience":"EXPERIENCED"},"question":{"raw":{"text":"과거에 일을 쭉 하셨잖아요 어 지금까지 과거에서 지금까지 그 어떤 프로젝트를 많이 해보셨는지 한번 이 자리에서 말해보시겠어요","wordCount":17},"emotion":[],"intent":[]},"answer":{"raw":{"text":"저는 경력직으로 지원한 만큼 여러 가지 프로젝트를 수행해 왔습니다. 어 때로는 팀원으로 때로는 팀장으로서 여러 프로젝트를 수행했습니다. 어 예를 들면 어 팀원으로 팀원으로서는 상품을 개발하는 개발부에 들어가서 상품의 필요성과 그 상품의 장단점을 파악하고 시장에서 이 상품의 반응 등을 조사하는 어 업무를 맡아 왔었고 어 제가 팀장으로서는 어 제품을 만들어서 마케팅하는 프로젝트를 맡아 본 적이 있습니다. 어 생품 상품의 장단점을 파악하고 이것이 어디에 필요하며 어느 업체에 수용이 되며 또한 시장에서 요구사항을 받아들여서 이것을 대내 대내적으로 국내 기업과 해외 기업에 판매를 해 본 경험이 있습니다. 어 대체적으로 어 성적도 좋았고 실적도 좋았다 라고 자부합니다. 저는 어 이 분야에서 만큼은 어 많은 노하우를 가지고 있고 경험을 가지고 있습니다. 새로운 제품을 만들어내기 전에 시장 조사라든지 현재 시장을 파악하고 미래를 예측하는 앞으로 방향을 설정하는 것에 탁월한 능력을 갖고 있다고 자부합니다.","wordCount":125},"emotion":[],"intent":[{"text":"","expression":"","category":"attitude"}],"summary":{"text":"저는 경력직으로 지원한 만큼 여러 가지 프로젝트를 수행했습니다. 상품 개발부의 팀원으로서 상품의 필요성과 장단점을 파악하고 시장에서 이 상품의 반응 등을 조사하는 업무를 맡아왔고, 팀장으로서 제품을 만들어서 마케팅하는 프로젝트를 맡아봤습니다. 이 분야에서 만큼은 많은 노하우를 가지고 있고 능력을 갖고 있다고 자부합니다.","wordCount":40}}},"rawDataInfo":{"question":{"fileFormat":"wav","fileSize":451278,"duration":14100,"samplingBit":16,"channelCount":1,"samplingRate":"16kHz","audioPath":"/Mock/04.RND/Male/Experienced/ckmk_q_rnd_m_e_49235.wav"},"answer":{"fileFormat":"wav","fileSize":2668238,"duration":83380,"samplingBit":16,"channelCount":1,"samplingRate":"16kHz","audioPath":"/Mock/04.RND/Male/Experienced/ckmk_a_rnd_m_e_49235.wav"}}}