{"version":"1.0","dataSet":{"info":{"date":"20230116","occupation":"RND","channel":"MOCK","place":"ONLINE","gender":"MALE","ageRange":"35-44","experience":"EXPERIENCED"},"question":{"raw":{"text":"시간이 남을 때는 무슨 일을 하시나요 그리고 시간이 남을 때 왜 그 일을 하는지 그 이유도 같이 설명해 주시겠어요","wordCount":19},"emotion":[],"intent":[]},"answer":{"raw":{"text":"시간이 남을 때 저는 인터넷 온라인 강의를 많이 듣습니다. 예전에는 많은 독서량을 통해서 지식을 늘리고 간접 경험을 했던 시대라면 지금은 양방향 통신의 온라인 강의를 통해서 많은 내용을 섭렵하고 간접 경험 및 직접 경험을 할 수 있다고 생각합니다. 예를 들어 프로그래밍을 예를 들면 프로그램을 예전에는 책 보고 혼자 짜보고 문제가 생기면 잘하는 사람한테 물어물어 찾아보고 약간 발전 속도가 더뎠습니다. 하지만 요즘은 온라인 강의를 통해서 바로바로 설명을 듣고 프로그래밍을 하고 모르면 그 자리에서 채팅으로 물어보거나 이메일이나 카톡으로 물어보면 프로그래밍에 대한 문제점을 바로바로 해결해 줄 수 있습니다. 특히나 빅데이터라든가 에이아이 인공지능 딥 러닝 같은 경우는 이 세상을 바꿀 수 있는 또 하나의 주제라고 생각합니다. 그 트렌드를 따라가기 위해서는 단순히 책만을 갖고 할 수 있는 게 아니라 어떻게 에이아이가 작동을 하고 어떻게 딥러닝을 하는지 딥러닝을 통해서 만들어진 그림이나 글이나 이런 것들은 기존의 것들과 어떻게 차이가 있는지를 분석을 하려면 양방향으로 강의를 들으면서 강사라든가 전문가들에게 물어봐야 됩니다. 그렇지 않고 책만 읽어서는 그 지식을 습득할 수가 없습니다. 그래서 저는 온라인 강의를 시도 때도 없이 듣고 있습니다.","wordCount":159},"emotion":[],"intent":[{"text":"","expression":"","category":"attitude"}],"summary":{"text":"과거에는 많은 독서량을 통해 지식을 늘리고 간접 경험을 했던 시대와 달리 지금은 양방향 통신의 온라인 강의를 통해서 많은 내용을 섭렵하고 간접 경험 및 직접 경험을 할 수 있습니다. 특히 빅데이터나 인공지능 딥 러닝 같은 경우는 세상을 바꿀 수 있는 또 하나의 주제입니다. 트렌드를 따라가기 위해서는 양방향으로 강의를 들으면서 강사나 전문가들에게 물어봐야 됩니다.","wordCount":52}}},"rawDataInfo":{"question":{"fileFormat":"wav","fileSize":296078,"duration":9250,"samplingBit":16,"channelCount":1,"samplingRate":"16kHz","audioPath":"/Mock/04.RND/Male/Experienced/ckmk_q_rnd_m_e_165086.wav"},"answer":{"fileFormat":"wav","fileSize":2756878,"duration":86150,"samplingBit":16,"channelCount":1,"samplingRate":"16kHz","audioPath":"/Mock/04.RND/Male/Experienced/ckmk_a_rnd_m_e_165086.wav"}}}