{"version":"1.0","dataSet":{"info":{"date":"20230116","occupation":"RND","channel":"MOCK","place":"ONLINE","gender":"MALE","ageRange":"35-44","experience":"EXPERIENCED"},"question":{"raw":{"text":"입사 후에 일을 하다 보면 어 쉬운 일도 있고 어려운 일도 있을 텐데 어 이 일들에 대해서 분배를 어떤 식으로 할지 궁금하고 또 어떻게 처리할지도 궁금합니다","wordCount":26},"emotion":[],"intent":[]},"answer":{"raw":{"text":"당연히 저는 쉬운 일부터 먼저 해 나가는 것이 맞다고 생각합니다. 왜냐하면 두 가지의 일의 비중을 오십 대 오십 이라고 두면 마음속에서는 두 가지의 일을 하지 못했을 때는 마음의 짐을 계속적으로 지고 있습니다. 하지만 쉬운 일을 먼저 처리하고 나면 마음의 짐은 오십 퍼센트만 남았다 라는 것 때문에 다음에 어려운 일을 할 때 조금 더 수월하게 하거나 아니면 스트레스를 덜 받으면서 창의적인 생각을 할 확률이 높습니다. 하지만 두 가지 다 해결하지 못하고 어려운 일만 붙잡고 끙끙대고 있으면 결국 우리의 마음은 실제적으로 두 개를 다 해결하지 못했기 때문에 백 퍼센트의 비 마음의 빚을 지고 마음의 짐을 지고 있기 때문에 어려운 일이 해결되지 않을 확률이 더 높고 혹여 어려운 일을 어렵게 오랜 시간에 걸쳐서 해결했다고 한들 추후에 어려운 일 때문에 많은 에너지와 정신적인 피로로 인하여 쉬운 일 또한 쉽게 처리를 못하기 때문입니다. 이것은 심리학에 기초를 둔 마음의 빚과 마음의 짐에 대한 내용인데요. 사람은 쉬운 일을 빨리빨리 처리했을 때 성취감을 느끼고 성취감을 느꼈을 때 자기 스스로에 대한 신뢰감이 높아서 다음에 더 어려운 일을 더 쉽게 처리할 수 있다는 어떤 심리학적인 통계에 의한 내용도 있습니다.","wordCount":169},"emotion":[],"intent":[{"text":"","expression":"","category":"attitude"}],"summary":{"text":"저는 쉬운 일을 먼저 해 나가는 것이 맞다고 생각합니다. 왜냐하면 마음에서는 두 가지의 일을 하지 못했을 때는 마음의 짐을 계속적으로 지고 있기 때문입니다. 어려운 일을 오랜 시간에 걸쳐서 해결했다고 한들 추후에 어려운 일 때문에 많은 에너지와 정신적인 피로로 인하여 쉬운 일 또한 쉽게 처리를 하지 못하기 때문입니다.","wordCount":47}}},"rawDataInfo":{"question":{"fileFormat":"wav","fileSize":547278,"duration":17100,"samplingBit":16,"channelCount":1,"samplingRate":"16kHz","audioPath":"/Mock/04.RND/Male/Experienced/ckmk_q_rnd_m_e_173228.wav"},"answer":{"fileFormat":"wav","fileSize":2772878,"duration":86650,"samplingBit":16,"channelCount":1,"samplingRate":"16kHz","audioPath":"/Mock/04.RND/Male/Experienced/ckmk_a_rnd_m_e_173228.wav"}}}