{"version":"1.0","dataSet":{"info":{"date":"20230116","occupation":"RND","channel":"MOCK","place":"ONLINE","gender":"MALE","ageRange":"35-44","experience":"EXPERIENCED"},"question":{"raw":{"text":"지원자님께서 살면서 가장 힘들었던 점이 있다면 어떠한 점이 있었는지 궁금한데요 그것을 극복하기 위해서 어떻게 노력했는지까지도 함께 설명해 주시면 감사하겠습니다","wordCount":19},"emotion":[],"intent":[]},"answer":{"raw":{"text":"제가 살면서 가장 힘들었던 것은 지독한 가난이었습니다. 가난은 사람을 병들게 하고 사람을 독기를 채우게 만듭니다. 어릴 때부터 해야 되는 일 하고 싶은 일을 단 한 번도 하면서 살 수가 없었고 그 흔한 등록금 육성회비 조차도 낸 적을 없어서 항상 학교 가면 선생님들에게 혼나기 일쑤였습니다. 중학교 고등학교 때 등록금을 두 번 세 번씩 밀려서 항상 교무실로 불려가서 선생님에게 문제 있는 아이로 찍히기도 했습니다. 저는 그래서 고등학교 때는 주말에 거의 막노동 아르바이트를 하면서 학비를 벌고 문제집 값을 벌고 사람들과 어울릴 수 있는 맛있는 빵을 사 먹기 위해서 돈을 벌었던 것 같습니다. 그렇게 고등학교 때부터 지긋지긋하게 쉬지 않고 아르바이트를 하다 보니 사람이 저도 모르게 악바리가 되었습니다. 대학교 때도 친구들과 어울리거나 놀러 갈 시간이 없어서 항상 방과 후에 아르바이트 주말에 아르바이트 그리고 학기가 끝나고 난 방학 때 오롯이 두 달 동안 공사장에 가서 막노동 아르바이트를 했습니다. 그렇게 남들 놀고 즐기고 여유로운 생활을 즐길 때 지독하게 일만 하고 돈만 벌다 보니 지금은 결국 대학을 졸업하고 직장 생활하지만 사람이 여유가 많이 부족해진 것 같습니다.","wordCount":158},"emotion":[],"intent":[{"text":"대학교 때도 친구들과 어울리거나 놀러 갈 시간이 없어서 항상 방과 후에 아르바이트   주말에 아르바이트 그리고 학기가 끝나고 난 방학 때 오롯이 두 달 동안 공사장에 가서 막노동 아르바이트를 했습니다.","expression":"c_private","category":"background"}],"summary":{"text":"가난은 사람을 병들게 하고 독기를 채우게 만집니다. 어릴 때부터 하고 싶은 일을 단 한 번도 하면서 살 수가 없었고 중학교 때는 등록금을 두 번 세 번 밀려서 교무실로 불려가기도 했습니다. 고등학교 때는 주말에 거의 막노동 아르바이트를 하면서 학비를 벌고 문제집 값을 벌고 사람들과 어울릴 수 있는 맛있는 빵을 사 먹기 위해서 돈을 벌었습니다.","wordCount":53}}},"rawDataInfo":{"question":{"fileFormat":"wav","fileSize":448718,"duration":14020,"samplingBit":16,"channelCount":1,"samplingRate":"16kHz","audioPath":"/Mock/04.RND/Male/Experienced/ckmk_q_rnd_m_e_185482.wav"},"answer":{"fileFormat":"wav","fileSize":2826958,"duration":88340,"samplingBit":16,"channelCount":1,"samplingRate":"16kHz","audioPath":"/Mock/04.RND/Male/Experienced/ckmk_a_rnd_m_e_185482.wav"}}}