{"version":"1.0","dataSet":{"info":{"date":"20230116","occupation":"RND","channel":"MOCK","place":"ONLINE","gender":"MALE","ageRange":"45-54","experience":"EXPERIENCED"},"question":{"raw":{"text":"팀 프로젝트에서 힘들었던 팀원이 있었나요 어떤 점에서 힘들었나요 그리고 또 어떻게 해결하셨는지 알려주세요","wordCount":13},"emotion":[],"intent":[]},"answer":{"raw":{"text":"말 그대로 팀 프로젝트는 팀원이 공동의 목표를 두고 그것을 합을 맞춰서 그것을 이루어내 가는 과정이기 때문에 어 팀원 간의 팀 웍이 매우 중요합니다. 어 예전에 제가 그 도서를 다니면서 그 부두에 대한 그 보수 및 어 증편하는 것에 대한 프로젝트를 맡아 한 적이 있었는데 당시 그 저희 팀원 중에서 배만 타면 멀미가 되게 심한 직원이 하나 있었습니다. 그 직원은 뭐 멀미가 얼마나 심했는지 배만 한 번 타면 뭐 식사는 못할 뿐더러 뿐만 아니라 거의 뭐 다른 일을 전혀 할 수가 없는 상태였습니다. 그때 이 팀원을 같이 데리고 가야 하나 아니면 팀원을 바꾸는 게 그 본인한테도 아니면 팀에게도 프로젝트를 완성하는 데 있어서 어떤 게 유리한가에 대해서 한창 고민을 하다가 함께 하기로 했습니다. 대신에 그 멀미가 심한 직원의 보직을 육지에서 저희가 도서를 다니면서 모은 자료를 보내주면 그분이 육지에서 이걸 데이타화 하고 서류하고 문서화하는 작업을 했습니다. 오히려 그렇게 했더니 작업의 능률도 오르고 본인도 힘들지 않게 그 일을 해결할 수 있었던 것 같습니다.","wordCount":149},"emotion":[],"intent":[{"text":"","expression":"","category":"attitude"}],"summary":{"text":"팀 프로젝트는 팀원 간의 팀 웍이 매우 중요합니다. 팀원 중 배만 타면 멀미가 심한 직원이 있는데, 육지에서 자료를 보내면 육지에서 데이타화, 서류, 문서화하는 작업을 했더니 작업의 능률도 오르고 본인도 어렵지 않게 일을 해결할 수 있었습니다.","wordCount":35}}},"rawDataInfo":{"question":{"fileFormat":"wav","fileSize":478798,"duration":14960,"samplingBit":16,"channelCount":1,"samplingRate":"16kHz","audioPath":"/Mock/04.RND/Male/Experienced/ckmk_q_rnd_m_e_44576.wav"},"answer":{"fileFormat":"wav","fileSize":2745038,"duration":85780,"samplingBit":16,"channelCount":1,"samplingRate":"16kHz","audioPath":"/Mock/04.RND/Male/Experienced/ckmk_a_rnd_m_e_44576.wav"}}}