{"version":"1.0","dataSet":{"info":{"date":"20230116","occupation":"RND","channel":"MOCK","place":"ONLINE","gender":"MALE","ageRange":"45-54","experience":"EXPERIENCED"},"question":{"raw":{"text":"지원자님께서는 최근에 본 뉴스들 가운데 가장 인상 깊었던 뉴스는 무엇인가요 있으시다면 무엇인지와 이유도 함께 말씀해 주시기 바랍니다","wordCount":17},"emotion":[],"intent":[]},"answer":{"raw":{"text":"이게 참 안타까운 게 인상 깊었던 뉴스를 떠올리라고 하는데 죄다 그 어떤 좋은 쪽인 뉴스가 아니라서 참 안타깝습니다. 왜냐하면 제가 지금 떠오른 뉴스는 이거는 외국 뉴스 해외 소식인데요. 네 태국에 네 총기난사 사건이 일어났는데 이제 아이들을 죽인 사건인데요. 무차별적인 그 총기난사와 함께 이제 본인은 또 가족을 죽이고 자살을 해버려서 어 너무나 정말 잔인하고 잔혹하고 그 의도가 정말 입에 담기 힘든 수준의 어떤 수준 이하의 저열함이라 아 왜 이런 사건 사고들이 계속되는데 왜 국가에서는 총기를 허용을 할까 라는 생각이 다시금 들면서 좀 씁쓸하게 읽었습니다 아까.","wordCount":84},"emotion":[],"intent":[{"text":"","expression":"","category":"attitude"}],"summary":{"text":"태국에서 일어난 총기난사 사건은 무차별적인 총기난사와 함께 자신과 가족을 죽이고 자살을 해버려서 참 안타까웠습니다. 왜 이런 사건 사고들이 계속되는데 국가에서는 총기를 허용을 해야하나 라는 생각이 들었습니다.","wordCount":26}}},"rawDataInfo":{"question":{"fileFormat":"wav","fileSize":573198,"duration":17910,"samplingBit":16,"channelCount":1,"samplingRate":"16kHz","audioPath":"/Mock/04.RND/Male/Experienced/ckmk_q_rnd_m_e_111799.wav"},"answer":{"fileFormat":"wav","fileSize":2796238,"duration":87380,"samplingBit":16,"channelCount":1,"samplingRate":"16kHz","audioPath":"/Mock/04.RND/Male/Experienced/ckmk_a_rnd_m_e_111799.wav"}}}