{"version":"1.0","dataSet":{"info":{"date":"20230116","occupation":"RND","channel":"MOCK","place":"ONLINE","gender":"MALE","ageRange":"45-54","experience":"EXPERIENCED"},"question":{"raw":{"text":"저희 업무는 주로 설계를 하게 되는데 기계 설계 시에 반드시 고려해야 할 사항에 대해서 어떻게 생각하시는지 한번 설명해 주시기 바랍니다","wordCount":20},"emotion":[],"intent":[]},"answer":{"raw":{"text":"어 어쨌든 제가 회사에 소속된 입장인 이상 기계 설계 시 가장 고려해야 될 점은 그 효율성과 안정성이라고 생각을 합니다. 어 어떤 기계를 돌리려고 할 때 그 기계가 어 기계를 설계를 하는 점에 있어서 효율성이 가장 중요하다고 생각을 합니다. 적은 비용으로 어 그 기계의 효율성을 가장 높여야 되는 것이기 때문에 어 적은 비용을 사용해서 그 기계를 어 효율성 높게 어 운행할 수 있도록 설계하는 것이 가장 중요하고 한편으로는 거기에 반해서 어 거기에 반드시 이렇게 따라가야 될 것이 그 기계를 사용하는 것에 대한 안전성입니다. 어 우리 회사 같은 경우에는 그 대단히 큰 그리고 또 위험한 기계를 사용하는 부분이 많기 때문에 그것이 아무리 효율성이 높더라도 그것을 운영하고 그것을 작동하는 그 사람한테 위험 요소가 있다 라든지 위험도를 따르는 거라면 어 기계 설계는 잘못된 것이라고 생각을 합니다. 그래서 기계설계 시 가장 고려해야 될 점은 그 기계의 효율성과 그 기계를 이용함에 있어서 안전성이라고 생각합니다.","wordCount":138},"emotion":[],"intent":[{"text":"","expression":"","category":"attitude"}],"summary":{"text":"기계를 설계할 때 가장 중요한 점은 효율성과 안전성입니다. 효율성을 높이기 위해 적은 비용으로 효율성을 높게 운행할 수 있도록 설계해야 하고, 안정성을 확보해야 합니다. 우리 회사는 위험한 기계를 많이 사용하기에 효율성이 좋아도 사람의 위험도를 따르는 거라면 기계 설계는 잘못된 것입니다.","wordCount":39}}},"rawDataInfo":{"question":{"fileFormat":"wav","fileSize":458638,"duration":14330,"samplingBit":16,"channelCount":1,"samplingRate":"16kHz","audioPath":"/Mock/04.RND/Male/Experienced/ckmk_q_rnd_m_e_49982.wav"},"answer":{"fileFormat":"wav","fileSize":2568398,"duration":80260,"samplingBit":16,"channelCount":1,"samplingRate":"16kHz","audioPath":"/Mock/04.RND/Male/Experienced/ckmk_a_rnd_m_e_49982.wav"}}}