{"version":"1.0","dataSet":{"info":{"date":"20230116","occupation":"RND","channel":"MOCK","place":"ONLINE","gender":"MALE","ageRange":"45-54","experience":"EXPERIENCED"},"question":{"raw":{"text":"입사 후에 업무를 하다 보면 타 지역에서 업무를 수 수행하게 되실 수도 있습니다 지원자님께서는 타지역 근무도 문제 없이 가능하시겠습니까","wordCount":19},"emotion":[],"intent":[]},"answer":{"raw":{"text":"타 지역에서 업무 수행 가능합니다. 어 일단은 제가 지금 혼자 있기 때문에 어 자유롭게 이동이 가능합니다. 그래서 어 제주도든 부산이든 국내 어느 지역도 어 상관없고요. 뭐 국내 뿐만 아니라 해외도 어느 지역이든 가서 어 업무를 잘 할 자신이 있습니다. 그리고 제가 여행을 좋아하기 때문에 오히려 지금 여기 한 곳에서 어 업무를 하는 거보다 어 여러 군데 조 돌아다니면서 업무를 하는 것을 더 선호합니다. 그래서 어 지역은 제 업무 하는데 어 전혀 뭐 중요하지가 않습니다.","wordCount":74},"emotion":[],"intent":[{"text":"","expression":"","category":"attitude"}],"summary":{"text":"업무 수행을 위해 타지역 이동이 가능하고, 자유롭게 이동이 가능합니다. 또한 여행 좋아하는 저는 여러곳 돌아다니면서 업무를 하는 것을 더 선호합니다. 그래서 지역은 업무하는데 중요하지 않습니다.","wordCount":25}}},"rawDataInfo":{"question":{"fileFormat":"wav","fileSize":654158,"duration":20440,"samplingBit":16,"channelCount":1,"samplingRate":"16kHz","audioPath":"/Mock/04.RND/Male/Experienced/ckmk_q_rnd_m_e_73782.wav"},"answer":{"fileFormat":"wav","fileSize":1706318,"duration":53320,"samplingBit":16,"channelCount":1,"samplingRate":"16kHz","audioPath":"/Mock/04.RND/Male/Experienced/ckmk_a_rnd_m_e_73782.wav"}}}