{"version":"1.0","dataSet":{"info":{"date":"20230116","occupation":"RND","channel":"MOCK","place":"ONLINE","gender":"MALE","ageRange":"35-44","experience":"EXPERIENCED"},"question":{"raw":{"text":"우리가 소통 능력을 키우기 위해서 어떤 일을 할 수 있을까요 어 생각나는 방법들을 어 자세하게 설명해 주시길 바랍니다","wordCount":18},"emotion":[],"intent":[]},"answer":{"raw":{"text":"네 소통 능력을 기하기 위해서 어떤 일을 할 수 있고 또 생각나는 저의 노하우들에 대해서 답변 드리도록 하겠습니다. 일단 소통 능력 결국은 어 의사소통이고 대화하는 능력 이런 말하기 능력 또 들어줄 수 있는 능력 이런 것들이 다 갖춰져서 소통이 된다고 생각합니다. 이런 소통이라는 거는 굉장히 어렵습니다. 분명히 나이 차이도 있고 생각하는 가치관도 틀리고 하기 때문에 어 젊은 사람들이 어 나이 드신 분들하고 대화하기가 힘든 것처럼 여러 가지 소통하는 데는 방법이 어려운데 저는 그 문제들을 가장 빠르고 정확하고 해 해결할 수 있는 방법이 어 들어준다고 생각하면 될 것 같습니다. 예 그 뭐 경청의 자세를 가지고 나는 너의 얘기를 집중하고 있고 잘 들어줄 수 있는 자세를 갖추고 있다 이런 느낌을 갖춰주면 아무리 나이 든 사람이어도 어 친근감 있게 할 수 있고 거부감이 없을 수가 있기 때문에 일단 그 거부감이라는 거를 없애고 나서 이런 소통을 진행을 해야지 그냥 무조건 소통을 하겠다고 뭐 대화하고 말하고 한다고 해서 그렇게 소통이 될 것 같지는 않습니다. 그런 요건들을 갖춘 다음에 소통을 진행하게 되면은 어 더 좋은 효과가 있을 것 같습니다. 이상입니다.","wordCount":164},"emotion":[],"intent":[{"text":"","expression":"","category":"attitude"}],"summary":{"text":"소통 능력은 의사소통이고 대화 능력, 말하기 능력, 들어줄 수 있는 능력이 다 갖춰져서 소통이 된다고 생각합니다. 이런 소통은 굉장히 어려운데, 경청의 자세를 갖추고 있다라는 느낌을 주어서 거부감을 없애고 소통을 진행해야 더 좋은 효과가 있을 것 같습니다.","wordCount":36}}},"rawDataInfo":{"question":{"fileFormat":"wav","fileSize":373838,"duration":11680,"samplingBit":16,"channelCount":1,"samplingRate":"16kHz","audioPath":"/Mock/04.RND/Male/Experienced/ckmk_q_rnd_m_e_236275.wav"},"answer":{"fileFormat":"wav","fileSize":2775118,"duration":86720,"samplingBit":16,"channelCount":1,"samplingRate":"16kHz","audioPath":"/Mock/04.RND/Male/Experienced/ckmk_a_rnd_m_e_236275.wav"}}}