{"version":"1.0","dataSet":{"info":{"date":"20230116","occupation":"RND","channel":"MOCK","place":"ONLINE","gender":"MALE","ageRange":"35-44","experience":"EXPERIENCED"},"question":{"raw":{"text":"학교에서의 연구와 기업에서의 연구는 어떻게 다르다고 생각하는지 자세하게 설명해 줄 수 있겠습니까","wordCount":12},"emotion":[],"intent":[]},"answer":{"raw":{"text":"연구라는 분야는 리서치앤디벨러브먼트라고 연구와 개발이 있습니다. 그런데 학교에서의 연구는 어떤 성과라든지 이윤을 추구하기 위한 것이 아니라 순수 과학을 위한 연구가 돼야 됩니다. 특히나 돈을 바라보고 하는 것이 아니라 과학적인 또는 영구적인 내용으로 진행을 하게 되어 프로젝트 기간이 길고 좋은 결과가 나오지 않더라도 이것을 실패라고 규정하지 않는 경향이 많습니다. 하지만 기업에서의 연구는 빠른 결과문을 도출해야 되고 성과를 내야 됩니다. 즉 부가 가치 산업에 도움이 될 수 있는 연구가 되어야 되며 기업에서 연구는 결국 회사의 이익과 관련돼 있습니다. 만약 하루 종일 또는 일 년 내내 연구를 했는데 결과물이 안 좋다고 하면 이것에 대한 책임을 져야 되고 그 책임 소재는 여러 부서 여러 사람들에게 피해가 가게 되어 있습니다. 즉 다시 말해서 기업에서의 연구는 돈을 위한 기업의 이윤 추구를 위한 연구가 될 수 밖에 없고 최 최단기간에 빠른 연구 성과를 도출해야 된다 라고는 연구원들에게 부담감과 압박감이 아주 많습니다.","wordCount":134},"emotion":[],"intent":[{"text":"","expression":"","category":"attitude"}],"summary":{"text":"리서치앤디벨러브먼트의 연구는 순수 과학을 위한 연구입니다. 특히 과학적인 내용 진행으로 좋은 결과가 나오지 않아도 이를 실패라고 규정하지 않습니다. 하지만 기업에서의 연구는 회사의 이익과 관련되어 있기에 빠른 결과문을 도출해야 합니다. 그렇기 때문에 연구원들에게 부담감과 압박감이 큽니다.","wordCount":35}}},"rawDataInfo":{"question":{"fileFormat":"wav","fileSize":387278,"duration":12100,"samplingBit":16,"channelCount":1,"samplingRate":"16kHz","audioPath":"/Mock/04.RND/Male/Experienced/ckmk_q_rnd_m_e_185479.wav"},"answer":{"fileFormat":"wav","fileSize":2410958,"duration":75340,"samplingBit":16,"channelCount":1,"samplingRate":"16kHz","audioPath":"/Mock/04.RND/Male/Experienced/ckmk_a_rnd_m_e_185479.wav"}}}