{"version":"1.0","dataSet":{"info":{"date":"20230116","occupation":"RND","channel":"MOCK","place":"ONLINE","gender":"MALE","ageRange":"35-44","experience":"EXPERIENCED"},"question":{"raw":{"text":"그동안 여러 대외 활동을 경험하셨는데요 대외 활동에서 어떤 자세로 임했고 또 그 속에서 무엇을 배웠는지 함께 얘기해 주세요","wordCount":18},"emotion":[],"intent":[]},"answer":{"raw":{"text":"아 대외 활동 부분에서만 말씀드리겠습니다. 이제 대외 활동이라고 하면 여러 가지가 있을 것입니다. 뭐 개인적으로 뭐 동아리 활동이라든지 취미 활동도 대외 활동이 될 수 있고 회사에서 일어나는 회식 그 외에 출장 여러 가지가 다 대외 활동이 포함될 것 같습니다. 어 그런데 이 대외 활동에 있어서는 어떻게 보면 개인 활동이 아닌 대외 활동이라 했을 때 약간은 부정적으로 생각할 수도 있을 것 같습니다. 어 개인 시간을 뺏어야 뺏게 될 것이고 뭐 그런 부분에서 있는데 여기 대외 활동에서의 그 인간관계가 정말 중요할 것 같습니다. 회사에서 가질 수 있는 인간관계는 한정이 돼 있습니다. 왜냐하면 자기들의 개인의 업무가 있을 것이고 그러다 보면 당연히 인간관계가 만들어진다는 거는 비즈니스 관계 밖에 안 될 것 같습니다. 이런 대외 활동을 통해서 갖는 그런 인간관계들을 통해서 어 신뢰가 생길 것이고 또 뭐 직장 동료이긴 하지만 친구는 될 수도 있을 것이고 여러 가지 장점이 있을 것입니다. 그래서 인간관계의 중요성은 누구나 다 알고 있기 때문에 다 내 편으로 만드는 데 있어서 정말 중요한 역할을 할 것 같습니다. 그래서 그런 자세로 임할 것 같습니다. 네 이상입니다.","wordCount":163},"emotion":[],"intent":[{"text":"","expression":"","category":"attitude"}],"summary":{"text":"대외 활동이라 하면 여러 가지가 포함될 것 같은데, 여기서 인간관계가 정말 중요할 것 같습니다. 인간관계의 중요성은 누구나 알고 있기 때문에 다 제 편으로 만드는 데 있어서 중요한 역할을 할 것 같습니다. 그래서 그런 자세로 임할 것 같습니다.","wordCount":37}}},"rawDataInfo":{"question":{"fileFormat":"wav","fileSize":472398,"duration":14760,"samplingBit":16,"channelCount":1,"samplingRate":"16kHz","audioPath":"/Mock/04.RND/Male/Experienced/ckmk_q_rnd_m_e_102050.wav"},"answer":{"fileFormat":"wav","fileSize":2708558,"duration":84640,"samplingBit":16,"channelCount":1,"samplingRate":"16kHz","audioPath":"/Mock/04.RND/Male/Experienced/ckmk_a_rnd_m_e_102050.wav"}}}