{"version":"1.0","dataSet":{"info":{"date":"20230116","occupation":"RND","channel":"MOCK","place":"ONLINE","gender":"MALE","ageRange":"35-44","experience":"EXPERIENCED"},"question":{"raw":{"text":"공동체에 가치에 입각 무형 문화유산에 보호에 있어서 적용되는 사회적 관념이 무엇이라고 생각하시는지 궁금합니다","wordCount":13},"emotion":[],"intent":[]},"answer":{"raw":{"text":"무형문화유산을 예전에는 인간문화재라고 불렸습니다. 예를 들어서 줄타기 굿거리 장단 또는 인형 놀이 탈놀이 이런 것들을 하는 전통을 계승하는 사람들을 무형문화재라고 하는데요. 예전에는 문화재청에서 이런 사람들에 대한 정확한 어떤 보호가 없었습니다. 하지만 이런 분들을 나라에서 보호해주고 문화재청에서 무형문화유산으로 지정을 해서 일정 수준 이상의 비용이나 임금을 지급하지 않으면 이 분들은 결국 삶의 터전을 잃고 상 생 생계 수단을 위해서 다른 업무를 할 수 밖에 없습니다. 그렇게 되면 우리의 전통은 계승을 할 수 있는 것이 아니라 점점 더 없어지게 됩니다. 어떤 역사학자에 의하면 과거가 없는 미래는 없고 미래가 없는 역사는 없다 라는 말이 있습니다. 즉 전통이 없어지면 우리나라의 얼과 혼이 없어지는 것이기 때문에 무형문화유산을 가진 그런 인간문화재들을 보호하는 입법이나 또는 어떤 행정들이 수반이 되어야 이런 분들이 전통을 더 계승하고 우리나라에 민족 문화를 더 발전시키리라고 봅니다.","wordCount":122},"emotion":[{"text":"무형문화유산을 예전에는 인간문화재라고 불렸습니다.","expression":"u-fact","category":"neutral"},{"text":"예를 들어서   줄타기 굿거리 장단 또는 인형 놀이 탈놀이 이런 것들을 하는 전통을 계승하는 사람들을 무형문화재라고 하는데요.","expression":"u-fact","category":"neutral"}],"intent":[{"text":"즉 전통이 없어지면 우리나라의 얼과 혼이 없어지는 것이기 때문에 무형문화유산을 가진 그런 인간문화재들을 보호하는   입법이나 또는 어떤 행정들이 수반이 되어야 이런 분들이 전통을 더 계승하고 우리나라에   민족 문화를 더 발전시키리라고 봅니다.","expression":"c_value","category":"background"}],"summary":{"text":"전통이 없어지면 우리나라의 얼과 혼이 없어지기 때문에 무형문화유산을 가진 인간문화재들을 보호하는 입법이나 어떤 행정들이 수반이 되어야 이런 분들이 전통을 더 계승하고 우리나라에 민족 문화를 더 발전시키리라 봅니다.","wordCount":27}}},"rawDataInfo":{"question":{"fileFormat":"wav","fileSize":481358,"duration":15040,"samplingBit":16,"channelCount":1,"samplingRate":"16kHz","audioPath":"/Mock/04.RND/Male/Experienced/ckmk_q_rnd_m_e_173231.wav"},"answer":{"fileFormat":"wav","fileSize":2459598,"duration":76860,"samplingBit":16,"channelCount":1,"samplingRate":"16kHz","audioPath":"/Mock/04.RND/Male/Experienced/ckmk_a_rnd_m_e_173231.wav"}}}