{"version":"1.0","dataSet":{"info":{"date":"20230116","occupation":"RND","channel":"MOCK","place":"ONLINE","gender":"MALE","ageRange":"-34","experience":"EXPERIENCED"},"question":{"raw":{"text":"본인이 생각하는 본인의 장점과 단점이 있으실 겁니다 그것에 대해서 설명해 주시길 바랍니다 그리고 본인의 장점과 단점을 어 특화시키고 또 그것을 극복하기 위해서 지금까지 기울였던 노력에 대해 말씀해 주세요","wordCount":28},"emotion":[],"intent":[]},"answer":{"raw":{"text":"저는 항상 융복합에 대해서 생각을 합니다. 왜 그런 말씀을 드리냐면은 하늘 아래에 새로운 것은 없다 라는 큰 전제 하에서 말씀드리는 겁니다. 지금 우리가 알고 있는 우리가 우리 주변 우리 주변에서 접하고 있는 대부분의 것들도 어떻게 보면 다 융복합의 결과입니다. 그런데 그 융복하기 시작하기 전에는 이것과 이것이 융합됐을 때 융합되었을 때 시너지가 과연 있을까 하는 의문이 다들 들어 들었을 것이에요. 아이폰이 그랬고요. 어떤 전자 노트와 전화기가 합쳐질 수 있을 것인가 라는 의문이 있었지만 아이폰은 그 혁신을 이뤄냈죠. 그것은 다 융복합의 시작이었어요 . 시작 융복합의 시작이었어요. 그래서 저는 그런 어떤 경계와 경계를 허무는 융복합이야말로 이 시대를 혁신할 수 있는 진정한 길이라고 생각을 하고 저 자신도 그런 융복합을 위해서 항상 제 어떤 장애 한계를 뛰어넘는 그런 노력을 해 왔습니다. 그것이 융복합을 하기 위한 나의 작은 실천이라는 그런 마인드로 모든 것을 그렇게 뛰어넘고자 했기 때문에 지금 이렇게 말씀드릴 수 있습니다.","wordCount":136},"emotion":[],"intent":[{"text":"왜 그런 말씀을 드리냐면은 하늘 아래에 새로운 것은 없다 라는 큰 전제 하에서 말씀드리는 겁니다.","expression":"c_value","category":"background"},{"text":"그래서 저는 그런 어떤 경계와 경계를 허무는 융복합이야말로 이 시대를 혁신할 수 있는 진정한 길이라고 생각을 하고 저 자신도 그런 융복합을 위해서 항상 제 어떤 장애 한계를 뛰어넘는 그런 노력을 해 왔습니다.","expression":"c_value","category":"background"}],"summary":{"text":"경계와 경계를 허무는 융복합이야말로 이 시대를 혁신할 수 있는 길이라고 생각합니다. 저 역시 융복합을 위해서 장애 한계를 뛰어넘는 노력을 해 왔고 지금 이렇게 말씀을 할 수 있습니다.","wordCount":27}}},"rawDataInfo":{"question":{"fileFormat":"wav","fileSize":573838,"duration":17930,"samplingBit":16,"channelCount":1,"samplingRate":"16kHz","audioPath":"/Mock/04.RND/Male/Experienced/ckmk_q_rnd_m_e_199902.wav"},"answer":{"fileFormat":"wav","fileSize":2850638,"duration":89080,"samplingBit":16,"channelCount":1,"samplingRate":"16kHz","audioPath":"/Mock/04.RND/Male/Experienced/ckmk_a_rnd_m_e_199902.wav"}}}