{"version":"1.0","dataSet":{"info":{"date":"20230116","occupation":"RND","channel":"MOCK","place":"ONLINE","gender":"MALE","ageRange":"-34","experience":"EXPERIENCED"},"question":{"raw":{"text":"이루고 싶은 인생의 목표가 있으신가요 있다면 그것은 무엇이고 왜 그것을 이루고 싶으신지도 함께 말씀 부탁드립니다","wordCount":15},"emotion":[],"intent":[]},"answer":{"raw":{"text":"인생의 목표와 목적에 대한 개념을 좀 굳이 따지지 않아도 되는 자리라고 한다면 저는 일단 목적이라는 관점에서는 좀 답변드리기 조금 그럴 것 같고 왜냐하면 가치라는 부분이 많이 반영되어 있는 것 같아요.목적이라고 하는 것에 있어서는 아 근데 목표라고 하는 것은 조금 더 이룰 수 있는 것 좀 더 손으로 잡을 수 있는 것이 좀 목표라고 생각을 하는데 저는 이 도시에서 조금 떨어진 어떤 교외 지역에 저의 개인 주택을 갖는 것이 저의 인생의 목표입니다. 그것이 언제가 될지는 모르겠지만은 그 것을 위해서 노력을 하는 것이 일단 저의 지금으로써 제 나이대에 있어서는 제일 큰 목표 목표이고 왜 이루고 싶냐면은 저는 아파트에서 사는 것이 너무나 답답하다고 좀 이렇게 생각을 하고 있어요. 너무 개성이 없고 심한 말로 표현하면 닭장 속에 있는 것 같고 너무 사는 사람의 개성이 표출되지 않는 것 같아요. 그냥 아파트의 브랜드와 그 자산의 가치로서만 따져지기 때문에 그런데 개인 주택은 저만이 안식할 수 있는 독특한 저의 집인 것 같아요.","wordCount":144},"emotion":[],"intent":[{"text":"","expression":"","category":"attitude"}],"summary":{"text":"저는 이 도시에서 조금 떨어진 교외 지역에 저의 개인 주택을 갖는 것이 제 인생의 목표입니다. 아파트의 브랜드와 그 자산의 가치로서만 따져지는데, 개인 주택은 저만이 안식할 수 있는 독특한 저의 집입니다.","wordCount":30}}},"rawDataInfo":{"question":{"fileFormat":"wav","fileSize":611278,"duration":19100,"samplingBit":16,"channelCount":1,"samplingRate":"16kHz","audioPath":"/Mock/04.RND/Male/Experienced/ckmk_q_rnd_m_e_199900.wav"},"answer":{"fileFormat":"wav","fileSize":2887118,"duration":90220,"samplingBit":16,"channelCount":1,"samplingRate":"16kHz","audioPath":"/Mock/04.RND/Male/Experienced/ckmk_a_rnd_m_e_199900.wav"}}}