{"version":"1.0","dataSet":{"info":{"date":"20230116","occupation":"RND","channel":"MOCK","place":"ONLINE","gender":"MALE","ageRange":"-34","experience":"EXPERIENCED"},"question":{"raw":{"text":"어 보통 남을 잘 이끄는 리더형과 남을 잘 따르는 팔로워 형으로 나뉘곤 하는데요 지원자님이 생각하시기에 본인은 어떤 유형이라고 생각이 되시나요 그리고 그렇게 생각하시는 이유는 무엇인지 설명해 주시길 바랍니다","wordCount":28},"emotion":[],"intent":[]},"answer":{"raw":{"text":"저는 뭐 잘 따라가는 형도 맞고 잘 이끄는 형도 맞는데 저는 제 입장에서 항상 자부하는 그것은 뭐냐면은 중간 다리 역할을 굉장히 잘합니다. 중간 다리 그러니까 저는 이끄는 사람의 리더의 마음도 이해를 하고 따라와야 하는 사람들의 마음도 잘 알고 있어요. 제가 그러니까 따라가는 사람들은 좀 수동적인 입장이 되다 보니까 좀 항상 지시받는 어떤 그런 감정을 갖게 될 때가 많이 있는 게 맞고 또 리더형들은 데리고 가야 되니까 항상 이렇게 지시를 하고 왜 밑에 사람들은 잘 따라오지 않는 것에 대한 그런 어떤 답답한 마음을 가지게 될 때가 많이 있는 것 같아요. 그러니까 상대방의 입장이 되어보지 않고서는 정확히 그 사람들의 마음을 이해하기 어렵다 는 그런 것처럼 하지만 저는 그 둘의 입장을 모두 잘 알고 있기 때문에 이런 상황에서는 이쪽 입장에 대해서 이쪽에 충분히 설명할려고 노력을 하고 반대로도 이쪽이 너무 힘들어 한다고 하면은 저기 입장에 대해서 지금은 이런 상황이다 보니까 말이 저 정도로 밖에 안 나오는 것 같다. 하지만 우리가 어떤 큰 대의를 보고 작은 부분에 집착하지 말고 큰 뜻을 보고서 같이 나가자. 네 그런 타입입니다.","wordCount":162},"emotion":[],"intent":[{"text":"저는 뭐 잘 따라가는 형도 맞고 잘 이끄는 형도 맞는데 저는 제 입장에서 항상 자부하는 그것은 뭐냐면은 중간 다리 역할을 굉장히 잘합니다.","expression":"c_person","category":"background"}],"summary":{"text":"저는 중간 다리 역할을 굉장히 잘 합니다. 따라가는 사람들은 수동적인 입장이 되다보니 항상 지시받는 느낌을 갖게 되는 게 맞고, 리더형들은 데리고 가야 되니까 밑에 사람들은 잘 따라주지 않는 것에 대한 답답한 마음을 가지게 되는 것 같습니다. 양쪽 입장을 모두 잘 알고 있기 때문에 큰 대의를 보고 같이 나가자 그런 타입입니다.","wordCount":50}}},"rawDataInfo":{"question":{"fileFormat":"wav","fileSize":602638,"duration":18830,"samplingBit":16,"channelCount":1,"samplingRate":"16kHz","audioPath":"/Mock/04.RND/Male/Experienced/ckmk_q_rnd_m_e_199895.wav"},"answer":{"fileFormat":"wav","fileSize":2903438,"duration":90730,"samplingBit":16,"channelCount":1,"samplingRate":"16kHz","audioPath":"/Mock/04.RND/Male/Experienced/ckmk_a_rnd_m_e_199895.wav"}}}