{"version":"1.0","dataSet":{"info":{"date":"20230116","occupation":"RND","channel":"MOCK","place":"ONLINE","gender":"MALE","ageRange":"35-44","experience":"EXPERIENCED"},"question":{"raw":{"text":"지원자님이 저술하신 뉴스의 논문과 보고서를 잘 보았습니다 그 중에서 지원자님의 관심사를 가장 잘 드러낼 수 있는 대표적인 학술 실적을 한 가지 소개해 주시겠습니까","wordCount":23},"emotion":[],"intent":[]},"answer":{"raw":{"text":"네 논문 보고서 등 어 관심자를 잘 드러낼 수 있는 대표적인 학습 학습 실적에 대해서 말씀드리면은 어 일단 제가 봤을 때는 예전에 그 줄기세포 부분이 굉장히 획기적이었고 또 특이 했었고 또 그에 대한 그 관심도가 굉장히 많이 됐다는 거 같습니다. 그래서 이런 줄기세포 분야든 이 과학적인 분분이라든지 여러 가지 이제 학습 근거를 볼 수가 있는데 어 거기는 인제 여러 가지 과학적인 거나 이런 것들이 포함이 됐고 하기 때문에 어 정말 많은 도움이 되었던 것 같습니다. 또한 추가적으로 인제 계속해서 이제 발전하는 의학 기술 중에서 이제 줄기세포 뿐만 아니라 이 암을 치료할 수 있거나 불치병이라고 생각했던 그런 것들에 대한 이제 학습 실적도 기대해보고 싶고 그런 부분까지 적용한다면 정말 우리 사람들이 사는 데 있어서 더 원활하고 윤택해지지 않을까 싶습니다. 예 이상입니다.","wordCount":119},"emotion":[],"intent":[{"text":"네 논문 보고서 등 어 관심자를 잘 드러낼 수 있는 대표적인 학습 학습 실적에 대해서 말씀드리면은 어 일단 제가 봤을 때는 예전에 그 줄기세포 부분이 굉장히 획기적이었고 또 특이 했었고 또 그에 대한 그 관심도가 굉장히 많이 됐다는 거 같습니다.","expression":"r_info_col","category":"attitude"},{"text":"그래서 이런 줄기세포 분야든 이 과학적인 분분이라든지 여러 가지 이제 학습 근거를 볼 수가 있는데 어 거기는 인제 여러 가지 과학적인 거나 이런 것들이 포함이 됐고 하기 때문에 어 정말 많은 도움이 되었던 것 같습니다.","expression":"r_info_col","category":"attitude"}],"summary":{"text":"줄기세포에 대한 관심의 대표적인 학습 실적에 대해 말씀드리겠습니다. 줄기세포 부분은 굉장히 획기적이었고 관심도가 많이 있었습니다. 발전하는 의학 기술 중에서 암을 치료할 수 있거나 불치병이라고 생각했던 것들에 대한 학습 실적도 기대해보고 싶습니다.","wordCount":31}}},"rawDataInfo":{"question":{"fileFormat":"wav","fileSize":549198,"duration":17160,"samplingBit":16,"channelCount":1,"samplingRate":"16kHz","audioPath":"/Mock/04.RND/Male/Experienced/ckmk_q_rnd_m_e_236279.wav"},"answer":{"fileFormat":"wav","fileSize":2116558,"duration":66140,"samplingBit":16,"channelCount":1,"samplingRate":"16kHz","audioPath":"/Mock/04.RND/Male/Experienced/ckmk_a_rnd_m_e_236279.wav"}}}