{"version":"1.0","dataSet":{"info":{"date":"20230116","occupation":"RND","channel":"MOCK","place":"ONLINE","gender":"MALE","ageRange":"45-54","experience":"EXPERIENCED"},"question":{"raw":{"text":"새로운 기술을 습득하기 위해서 어떤 방식으로 접근하고 계신가요","wordCount":8},"emotion":[],"intent":[]},"answer":{"raw":{"text":"새로운 기술을 습득한다는 게 쉽지는 않은데요. 아 일단은 어 뭐 단시간에 기술을 습득한다고 생각하지는 않고 좀 장기적으로 계획을 짜는 편입니다. 음 가장 쉽게 어 시작할 수 있는 것은 그 기술에 대한 어떤 책이라든가 아니면은 논문 아니면은 자료들을 찾아보고 어 그에 대한 어 그것에 대한 어떤 강의라든가 이런 게 있으면은 꼭 찾아서 봅니다. 그 이후에 혼자서 할 수 있는 어 것들을 먼저 해 본 다음에 이 꼭 기술 습득이 혼자서는 쉽지가 않기 때문에 어떠한 어 회사 도움이라든가 이런 걸 받아서 어 출장을 갈 수도 있고 가서 출장 그 다른 기업으로부터 기술 전술을 받을 수도 있고 예 이런 보통은 이런 루트로 진행을 합니다.","wordCount":101},"emotion":[],"intent":[{"text":"","expression":"","category":"attitude"}],"summary":{"text":"새로운 기술을 습득하는 것이 쉽지 않습니다. 장기적으로 계획을 짜는 편인데, 기술에 대한 책이나 논문, 자료들을 찾아보고 강의나 자료를 찾아봅니다. 그리고 혼자 할 수 있는 것들을 먼저 해 보고, 다른 기업으로부터 기술 전술을 받을 수도 있습니다.","wordCount":35}}},"rawDataInfo":{"question":{"fileFormat":"wav","fileSize":224078,"duration":7000,"samplingBit":16,"channelCount":1,"samplingRate":"16kHz","audioPath":"/Mock/04.RND/Male/Experienced/ckmk_q_rnd_m_e_73779.wav"},"answer":{"fileFormat":"wav","fileSize":2447118,"duration":76470,"samplingBit":16,"channelCount":1,"samplingRate":"16kHz","audioPath":"/Mock/04.RND/Male/Experienced/ckmk_a_rnd_m_e_73779.wav"}}}