{"version":"1.0","dataSet":{"info":{"date":"20230116","occupation":"RND","channel":"MOCK","place":"ONLINE","gender":"MALE","ageRange":"45-54","experience":"EXPERIENCED"},"question":{"raw":{"text":"귀하께서 최근 본 뉴스 중 가장 인상 깊었던 뉴스나 가장 어 기억에 오래 남는 이슈화돼야 될 뉴스는 무엇이라고 생각하십니까","wordCount":19},"emotion":[],"intent":[]},"answer":{"raw":{"text":"최근에 본 뉴스 중 가장 인상 깊었던 뉴스는 현재 바이든 대통령 미국의 바이든 대통령과 아 중국의 시진핑과의 전체적인 신 냉전 시대에 관련된 내용이었습니다. 당연히 미국의 입장에서는 전통적인 우방 국가인 대한민국에 손을 내밀며 당연히 경제적 부분에 대해서도 이득을 취하려는 부분들 그리고 같이 아 중국을 견제하려는 모습으로 화해의 손짓과 대한민국에 방문해서도 자국의 이익을 위해서 경제적인 부분에 대해서 결국 어필을 하고 있는데요. 최근 내용 나오는 내용을 보면 미국 내에서도 자국에서 생산하는 전기 자동차에만 기본적으로 어 여러 가지 혜택을 줌으로 해서 대한민국의 자동차들은 한국에서 생산을 하기 때문에 그 혜택을 받지 못하고 본인들이 챙겨야 될 부분들은 다 챙겨가면서 실질적으로는 대한민국에는 손해를 끼치게 되는 경우를 보면서 역시 향후에도 자국 이기주의로 가게 되지 않을까 라고 생각합니다.","wordCount":109},"emotion":[],"intent":[{"text":"","expression":"","category":"attitude"}],"summary":{"text":"미국의 입장에서는 우방인 대한민국에 손을 내밀며 경제적 이득을 취하려는 부분들 그리고 같이 아 중국을 견제하려는 모습으로 화해의 손짓과 더불어 대한민국에 찾아가서도 자국의 이익을 위해서 경제적인 부분에 대해서 결국 어필하고 있습니다.","wordCount":30}}},"rawDataInfo":{"question":{"fileFormat":"wav","fileSize":457678,"duration":14300,"samplingBit":16,"channelCount":1,"samplingRate":"16kHz","audioPath":"/Mock/04.RND/Male/Experienced/ckmk_q_rnd_m_e_49643.wav"},"answer":{"fileFormat":"wav","fileSize":2694478,"duration":84200,"samplingBit":16,"channelCount":1,"samplingRate":"16kHz","audioPath":"/Mock/04.RND/Male/Experienced/ckmk_a_rnd_m_e_49643.wav"}}}