{"version":"1.0","dataSet":{"info":{"date":"20230116","occupation":"RND","channel":"MOCK","place":"ONLINE","gender":"MALE","ageRange":"45-54","experience":"EXPERIENCED"},"question":{"raw":{"text":"귀하는 당 회사에 입사를 한다면 타 지역에서 업무를 수행할 수도 있는데 가능하신가요","wordCount":12},"emotion":[],"intent":[]},"answer":{"raw":{"text":"타 지역이라는 기준이 어디까지인지는 잘 모르겠지만 어 저는 뭐 출장을 간다라든지 뭐 그쪽 현지에서 뭐 어 잠깐 뭐 근무를 한다라든지 이런 거는 모르겠지만 그쪽에서 아예 주재원으로서 있어야 되는 건 조금 곤란합니다. 어 저는 가정을 두고 있고 아이들이 있다 보니까 제가 지방 근무를 한다라든지 그런 거는 좀 곤란한 편입니다. 제가 지방 근무가 가능했으면 본사에다가 지원을 하지 않았겠죠. 어 저는 본사에서 근무하기를 원하고 뭐 출장이라든지 프로젝트 때문에 뭐 출장에 간다라 이런 거는 상관이 없습니다. 그건 일의 연장이라고 생각을 하는데 업무 수행을 하는데 아예 타 지역에서 그쪽에서 먹고 자고 하면서 그쪽에서 출근을 하고 그래야 된다라고 하면 어 저는 그거는 좀 곤란할 것 같습니다. 어 죄송하지만 저는 어 거주지 그니까 본사에다 지원을 했고 뭔가 서울에서 근무하기를 원합니다.","wordCount":113},"emotion":[],"intent":[{"text":"","expression":"","category":"attitude"}],"summary":{"text":"본사에서 근무하기를 원하고 출장에 간다라 하는 것은 상관이 없습니다. 업무 수행을 하는데 타 지역에서 먹으면서 출근을 해야 된다라고 하면 곤란할 것 같습니다. 본사에다 지원을 했고 서울에서 근무하기를 원합니다.","wordCount":28}}},"rawDataInfo":{"question":{"fileFormat":"wav","fileSize":297678,"duration":9300,"samplingBit":16,"channelCount":1,"samplingRate":"16kHz","audioPath":"/Mock/04.RND/Male/Experienced/ckmk_q_rnd_m_e_44931.wav"},"answer":{"fileFormat":"wav","fileSize":2079438,"duration":64980,"samplingBit":16,"channelCount":1,"samplingRate":"16kHz","audioPath":"/Mock/04.RND/Male/Experienced/ckmk_a_rnd_m_e_44931.wav"}}}