{"version":"1.0","dataSet":{"info":{"date":"20230116","occupation":"RND","channel":"MOCK","place":"ONLINE","gender":"MALE","ageRange":"45-54","experience":"EXPERIENCED"},"question":{"raw":{"text":"지원자님께서 저 전 직장에서 본인이 현재 가지고 있는 위치보다 어려운 목표를 달성한 적이 있다면 어떤 경험이었는지 그것에 대해 말씀해 주세요","wordCount":20},"emotion":[],"intent":[]},"answer":{"raw":{"text":"음 제가 음 현재도 뭐 어느 정도 네 자리는 잡고 안정적으로 지금 직장을 유지를 하고 있지만 어 이전에 조금 직급이 나 더 낮았었을 때 그때 제가 이제 팀 프로젝트를 맡아서 어 조금 어렵게 네 지금 진행을 해 나가고 있었었는데요. 그때 당시에 이제 신입이 좀 큰 실수를 했습니다. 네 저희가 애초에 네 디자인하고 이제 설계하기로 예정되어 있는 그 디자인의 부분을 많이 누락을 시킨 다른 스케치로 이제 혼자 그 부분으로 업무를 해 나가고 있어서 그게 조금 리스크가 크고 아주 큰 실수였었는데 어 그 부분을 제가 제가 가진 그 당시의 권한 안에서 조금 타사와 원만하게 마무리를 했었던 적이 있습니다.","wordCount":96},"emotion":[],"intent":[{"text":"","expression":"","category":"attitude"}],"summary":{"text":"직급이 낮을 때 팀 프로젝트를 맡았는데, 그때 신입이 디자인 부분을 누락시킨 다른 스케치로 업무를 해버려 리스크가 큰 실수였는데, 제가 가진 권한 안에서 타사와 원만하게 마무리했던 적이 있습니다.","wordCount":27}}},"rawDataInfo":{"question":{"fileFormat":"wav","fileSize":554318,"duration":17320,"samplingBit":16,"channelCount":1,"samplingRate":"16kHz","audioPath":"/Mock/04.RND/Male/Experienced/ckmk_q_rnd_m_e_111798.wav"},"answer":{"fileFormat":"wav","fileSize":2918478,"duration":91200,"samplingBit":16,"channelCount":1,"samplingRate":"16kHz","audioPath":"/Mock/04.RND/Male/Experienced/ckmk_a_rnd_m_e_111798.wav"}}}