{"version":"1.0","dataSet":{"info":{"date":"20230116","occupation":"RND","channel":"MOCK","place":"ONLINE","gender":"MALE","ageRange":"45-54","experience":"EXPERIENCED"},"question":{"raw":{"text":"지원자님이 사회생활을 하시면서 사람들과의 인간관계나 협업 과정에서 가장 어려웠던 점은 어떤 것이 있나요","wordCount":13},"emotion":[],"intent":[]},"answer":{"raw":{"text":"사람들과 협업을 하면서 가장 어려운 점은 역시 소통입니다. 이 소통이 잘 되면 협업은 뭐 협업하는데 아무런 문제가 없지만 소통이 안 될 때 협업은 거의 불가능합니다. 협업이라는 게 여러 사람이 같은 똑같은 목적을 두고 일하는 것인데 이것이 뭐 빠르거나 늦거나 아니면 뭐 상대방한테 어 피해를 주는 이런 일이 발생을 하게 되면 협업은 결코 이루어질 수가 없습니다. 그래서 저는 무엇보다 가장 중요한 게 소통이라고 생각하고 어 소통이 안 될 때 만큼 협업이 어려운 때가 없다 라고 생각을 합니다. 어 서로 자기의 이익을 챙기고 어 서로 자기 만을 바라보았을 때 협업은 이루 이루어질 수가 없습니다. 어 협업은 소통이 이루어져야 되고 자기 희생이 따릅니다. 내가 좀 힘들고 힘들어 내가 좀 희생하고 힘들었을 때 힘들게 고생을 하면 어 다른 사람이 우리 팀원이 더 쉽고 편할 수 있다 라는 것을 서로가 느껴야 합니다. 그리고 그것이 올바른 협업의 정신이고 올바른 협업의 길이라고 생각합니다.","wordCount":136},"emotion":[],"intent":[{"text":"","expression":"","category":"attitude"}],"summary":{"text":"협업을 하면서 가장 어려운 점은 소통이 안 될 때 협업이 거의 불가능하다는 점입니다. 협업은 서로 자기의 이익을 챙기고 서로 자기 만을 바라보았을 때 협업은 이루 이루어질 수가 없습니다. 소통을 통해 다른 사람이 팀원이 더 쉽고 편할 수 있다는 것을 서로가 느껴야 합니다.","wordCount":42}}},"rawDataInfo":{"question":{"fileFormat":"wav","fileSize":339278,"duration":10600,"samplingBit":16,"channelCount":1,"samplingRate":"16kHz","audioPath":"/Mock/04.RND/Male/Experienced/ckmk_q_rnd_m_e_44582.wav"},"answer":{"fileFormat":"wav","fileSize":2459278,"duration":76850,"samplingBit":16,"channelCount":1,"samplingRate":"16kHz","audioPath":"/Mock/04.RND/Male/Experienced/ckmk_a_rnd_m_e_44582.wav"}}}