{"version":"1.0","dataSet":{"info":{"date":"20230116","occupation":"RND","channel":"MOCK","place":"ONLINE","gender":"MALE","ageRange":"45-54","experience":"EXPERIENCED"},"question":{"raw":{"text":"본인이 원하는 일을 못하게 되는 경우 어떻게 하시겠습니까","wordCount":8},"emotion":[],"intent":[]},"answer":{"raw":{"text":"어 죄송하게도 어 이런 부분에 대해서는 제가 고려를 해 보지 않았습니다. 어 저는 아시다시피 경력직으로 지원을 했기 때문에 회사에서 제가 필요를 하다 필요하신 인원이라고 생각을 하면 인력이라고 생각을 하시면 어 제가 원하는 어 부서에서 제가 원하는 일을 할 수 있을 거라고 생각을 합니다. 뭐 회사에서 저를 뽑아놓고 어 제가 뭐 저가 여태까지 일해왔던 것이 아닌 전혀 다른 부서에 저를 배치를 한다 라는 거는 뭐 회사로서도 그렇고 저로서도 어 솔직히 옳지 않은 일이라고 생각을 합니다. 제가 만약에 필요하다고 그러면 제가 지원한 업무에서 제가 일할 수 있을 것이고 제가 필요하지 않다고 그러면 어 입사할 수가 없었겠죠. 어 저는 개인적으로 제가 지원한 업무인 것처럼 마케팅 업무에 자신을 갖고 있습니다. 제가 이 일은 뭐 이십 년 넘게 계속해 일을 해왔고 누구보다도 많은 노하우와 경험을 갖고 있다 라고 생각을 합니다. 어 저는 제가 외람되지만 제가 원하는 일을 하지 못한다고 그러면 저 역시도 회사에 입사할 이유가 없다 라고 생각합니다.","wordCount":143},"emotion":[],"intent":[{"text":"","expression":"","category":"attitude"}],"summary":{"text":"경력직으로 지원을 했기 때문에 회사에서 필요로 하는 부서에서 원하는 일을 할 수 있을 것이라 생각하여 전혀 다른 부서에 배치를 하는 것은 옳지 않다고 생각합니다.","wordCount":24}}},"rawDataInfo":{"question":{"fileFormat":"wav","fileSize":266318,"duration":8320,"samplingBit":16,"channelCount":1,"samplingRate":"16kHz","audioPath":"/Mock/04.RND/Male/Experienced/ckmk_q_rnd_m_e_53861.wav"},"answer":{"fileFormat":"wav","fileSize":2348878,"duration":73400,"samplingBit":16,"channelCount":1,"samplingRate":"16kHz","audioPath":"/Mock/04.RND/Male/Experienced/ckmk_a_rnd_m_e_53861.wav"}}}