{"version":"1.0","dataSet":{"info":{"date":"20230116","occupation":"RND","channel":"MOCK","place":"ONLINE","gender":"MALE","ageRange":"45-54","experience":"EXPERIENCED"},"question":{"raw":{"text":"만약 지원자님께서 지금 지원하신 이 직무가 아닌 다른 부서에 배치가 되신다면 그래도 지원 희망하시겠습니까","wordCount":14},"emotion":[],"intent":[]},"answer":{"raw":{"text":"제가 지원한 업무가 아닌 다른 직무로 배정이 된다면 일단은 그 직무로 가서 배정받은 직무로 가서 일을 하겠지만 어 상사에게 계속적으로 컴플레인을 할 것입니다. 왜냐하면 제가 지금까지 어 주로 해오던 직무에 대한 그 경험이 있기 때문에 어 제가 다른 직무에서 일한다는 것은 어쩌면 회사에서도 큰 로스입니다. 제가 경험했던 노하우나 아니면 제가 가지고 있는 역량을 더 충분히 발휘할 수 있는 직무로 가는 게 저도 저를 위해서나 회사를 위해서나 어 맞는 선택이라고 생각합니다. 그렇기 때문에 일단은 회사에서 어 결정한 것을 받아들이기는 해서 그 쪽 업무를 시작은 하겠지만 아 계속 저의 이전의 업무 능력을 어필해서 제가 원하는 업무를 할 수 있도록 예 설득해 보도록 하겠습니다.","wordCount":101},"emotion":[],"intent":[{"text":"","expression":"","category":"attitude"}],"summary":{"text":"저는 주로 해오던 직무에 대한 경험이 있기 때문에 다른 직무로 배정이 된다면 상사에게 계속적으로 컴플레인을 할 것입니다. 하지만 이전 업무 능력을 어필해서 원하는 업무를 할 수 있도록 설득해 보도록 하겠습니다.","wordCount":30}}},"rawDataInfo":{"question":{"fileFormat":"wav","fileSize":448078,"duration":14000,"samplingBit":16,"channelCount":1,"samplingRate":"16kHz","audioPath":"/Mock/04.RND/Male/Experienced/ckmk_q_rnd_m_e_73773.wav"},"answer":{"fileFormat":"wav","fileSize":2521038,"duration":78780,"samplingBit":16,"channelCount":1,"samplingRate":"16kHz","audioPath":"/Mock/04.RND/Male/Experienced/ckmk_a_rnd_m_e_73773.wav"}}}