{"version":"1.0","dataSet":{"info":{"date":"20230116","occupation":"RND","channel":"MOCK","place":"ONLINE","gender":"MALE","ageRange":"45-54","experience":"EXPERIENCED"},"question":{"raw":{"text":"경력직으로 입사 원서를 내셨으니 지금까지 여러 프로젝트를 시행해 봐 보셨을 텐데 어 지금까지 어떤 프로젝트를 시행해 보셨는지 그 예를 하나만 들어서 말씀해 주세요","wordCount":23},"emotion":[],"intent":[]},"answer":{"raw":{"text":"지금까지 고객 가치 향상을 위한 프로젝트를 많이 진행했습니다. 아 일단은 저희 제품이 고객들에게 가서 어 고객들에 사용함에 있어서 불편함은 없는지 그리고 고객들이 어떤 우리 우리 제품의 어떤 면을 좋아하고 또 앞으로 어떤 적 어떻게 개선이 되었으면 좋겠는지 이런 고객들의 니즈를 파악하고 그런 고객의 니즈를 바탕으로 저희 개발 부서 그리고 마케팅 이쪽 그 협 부서와 협업을 해 가지고 보다 더 나은 제품으로 고객들에게 어 더 향상된 가치를 주기 위해서 많은 노력을 했습니다. 아 앞으로도 이러한 고객들에게 큰 가치를 줄 수 있는 그런 프로젝트를 계속 진행하고 싶습니다.","wordCount":85},"emotion":[],"intent":[{"text":"","expression":"","category":"attitude"}],"summary":{"text":"고객 가치 향상을 위한 프로젝트를 진행했습니다. 우선 고객의 니즈를 파악하여 개발 부서, 마케팅 쪽 부서와 협업해 더 나은 제품으로 향상된 가치를 주기 위해 노력했습니다. 앞으로도 이런 프로젝트를 진행하고 싶습니다.","wordCount":29}}},"rawDataInfo":{"question":{"fileFormat":"wav","fileSize":470798,"duration":14710,"samplingBit":16,"channelCount":1,"samplingRate":"16kHz","audioPath":"/Mock/04.RND/Male/Experienced/ckmk_q_rnd_m_e_73775.wav"},"answer":{"fileFormat":"wav","fileSize":2382478,"duration":74450,"samplingBit":16,"channelCount":1,"samplingRate":"16kHz","audioPath":"/Mock/04.RND/Male/Experienced/ckmk_a_rnd_m_e_73775.wav"}}}