{"version":"1.0","dataSet":{"info":{"date":"20230116","occupation":"RND","channel":"MOCK","place":"ONLINE","gender":"MALE","ageRange":"45-54","experience":"EXPERIENCED"},"question":{"raw":{"text":"직무와 관련된 경험이 있나요","wordCount":4},"emotion":[],"intent":[]},"answer":{"raw":{"text":"네 당연히 직무와 관련된 경험은 많습니다. 어 저는 어 이 일을 이십 여 년간 이상 해왔고 누구보다도 이 일에 애정과 열정을 가지고 있습니다. 당연히 경험은 많구요. 저는 이 일을 해 오면서 나름대로 노하우를 축적했고 이 일을 하면서 동종 경쟁자 동종 동료들의 동료들을 동료들과 네트워크를 가지고 있습니다. 제가 직접적으로 경험해 보지 못한 일이더라도 이 네트워크를 이용해서 어 자료를 자료를 얻을 수 있고 어 선례를 찾을 수 있을 것 같습니다. 저는 현재도 이 일을 계속하고 있으며 앞으로도 이 직무를 제가 하는 것을 원하고 있습니다.","wordCount":82},"emotion":[],"intent":[{"text":"","expression":"","category":"attitude"}],"summary":{"text":"저는 이 일을 십 여 년 이상 해왔고 누구보다도 이 일에 애정과 열정을 가지고 있습니다. 또한 이 일을 하면서 동료들과 네트워크를 가지고 있고 앞으로 이 직무를 제가 하는 것을 원하고 싶습니다.","wordCount":31}}},"rawDataInfo":{"question":{"fileFormat":"wav","fileSize":197198,"duration":6160,"samplingBit":16,"channelCount":1,"samplingRate":"16kHz","audioPath":"/Mock/04.RND/Male/Experienced/ckmk_q_rnd_m_e_34307.wav"},"answer":{"fileFormat":"wav","fileSize":1570638,"duration":49080,"samplingBit":16,"channelCount":1,"samplingRate":"16kHz","audioPath":"/Mock/04.RND/Male/Experienced/ckmk_a_rnd_m_e_34307.wav"}}}