{"version":"1.0","dataSet":{"info":{"date":"20230116","occupation":"RND","channel":"MOCK","place":"ONLINE","gender":"MALE","ageRange":"35-44","experience":"EXPERIENCED"},"question":{"raw":{"text":"지원자님이 지금까지 인생을 살면서 가장 후회되는 일이 있다면 어떤 일일까요 한 가지만 생각해서 말씀해 주세요","wordCount":15},"emotion":[],"intent":[]},"answer":{"raw":{"text":"어 인생에서 가장 후회되는 것이라고 말씀드리면은 아직까지 막 크게 후회한 것은 없습니다. 없는데 지금 와서 생각을 해보니까 제가 좀 그 남들 하는 군 생활보다는 몇 배는 더 많이 했습니다. 그 다음 직업 군인의 길을 택하고 직업 군인에 대한 그런 또 적성에 맞는 것 같아서 또 하다 보니까 어느 순간 좀 회의감이 들어서 지금에 이 자리에 섰는데 어 그때 군 생활을 한 육 년 정도 한 그 시간이 조금은 아쉽지 않나 이 생각을 가끔 해봅니다. 그 시간에 나와서 제가 이런 서비스나 뭐 제가 하고자 하는 방향의 길에 대해서 좀 더 빨리 시작을 했더라면 지금쯤 좀 많이 안정화되고 좀 이렇게 자리를 잡고 또 더 상급 업무를 맡을 수 있는 자리에 가지 않았을까 라는 생각을 종종 하긴 합니다. 근데 어 그게 이제 후회가 되지는 않는데 그런 부분에서 또 제가 군 생활을 하면서 또 많이 배운 게 있다고 많이 느낍니다. 그래서 위기 대처 능력이라든지 어떤 우발 상황에 갔을 때 당황하지 않는 능력 이런 것들도 많이 배웠기 때문에 뭐 후회까진 아닌데 굳이 뽑자면 그 부분이 제 인생에 있어서 쪼금은 아쉬운 부분이 될 것 같습니다. 네 이상입니다.","wordCount":171},"emotion":[],"intent":[{"text":"","expression":"","category":"attitude"}],"summary":{"text":"직업군인의 길을 택하고 직업 군인에 대한 적성에 맞는 것 같아 하다 보니 이 자리에 섰는데 군 생활을 한 지 육 년 정도 된 시간이 아쉽게 느껴집니다. 하지만 군 생활을 하면서 위기 대처 능력, 당황하지 않는 능력 등에서 많이 배웠기 때문에 후회하지는 않습니다.","wordCount":42}}},"rawDataInfo":{"question":{"fileFormat":"wav","fileSize":458318,"duration":14320,"samplingBit":16,"channelCount":1,"samplingRate":"16kHz","audioPath":"/Mock/04.RND/Male/Experienced/ckmk_q_rnd_m_e_107531.wav"},"answer":{"fileFormat":"wav","fileSize":2748238,"duration":85880,"samplingBit":16,"channelCount":1,"samplingRate":"16kHz","audioPath":"/Mock/04.RND/Male/Experienced/ckmk_a_rnd_m_e_107531.wav"}}}