{"version":"1.0","dataSet":{"info":{"date":"20230116","occupation":"RND","channel":"MOCK","place":"ONLINE","gender":"MALE","ageRange":"35-44","experience":"EXPERIENCED"},"question":{"raw":{"text":"기업에서 말하는 연구개발이 무엇이라고 생각하시나요 본인이 생각하는 연구개발의 정의나 역할에 대해서 말씀 부탁드리겠습니다","wordCount":13},"emotion":[],"intent":[]},"answer":{"raw":{"text":"저도 신입 시절에 리서치앤디벨로브먼트라고 하는 알엔디 센터에서 의료기기에 대한 연구를 삼 년 정도 한 경험이 있습니다. 연구를 하고 개발을 하는 일은 앞으로 더 좋은 제품 현재까지 나온 제품에 대한 커스터마이징 즉 고객에게 맞는 시스템으로 변경을 하거나 개발을 하거나 아니면 미래에 이 산업에 대해서 적응을 하기 위해서 하는 부분입니다. 그런데 개발을 하다보면 결국은 이것을 어떻게 회사의 기업의 이윤 추구에 부합하게 될 것인지 어떻게 부가가치를 만들 것인지에 대한 압박을 받을 수 밖에 없습니다. 결국 연구원들이 돈에 대한 압박을 받게 되면 그때부턴 순수 과학이나 어떤 미래에 대한 학문이 아니라 이것을 응용할 수 밖에 없는 공학의 개념으로 접근을 해야 됩니다. 결국 판매와 마케팅에 필요한 연구와 개발을 하다보면 그 쪽으로 방향이 맞춰지고 순수 과학에서는 멀어질 수 밖에 없습니다.","wordCount":113},"emotion":[],"intent":[{"text":"","expression":"","category":"attitude"}],"summary":{"text":"리서치앤디벨로브먼트에서 의료기기에 대한 연구를 삼 년 정도 한 경험이 있습니다. 개발을 하다보면 돈을 압박 받게 되면 순수 과학이나 미래 학문이 아니라 이것을 응용할 수 밖에 없는 공학의 개념으로 접근을 해야 됩니다. 판매와 마케팅에 필요한 연구와 개발은 순수 과학에서는 멀어집니다.","wordCount":39}}},"rawDataInfo":{"question":{"fileFormat":"wav","fileSize":379598,"duration":11860,"samplingBit":16,"channelCount":1,"samplingRate":"16kHz","audioPath":"/Mock/04.RND/Male/Experienced/ckmk_q_rnd_m_e_185480.wav"},"answer":{"fileFormat":"wav","fileSize":2001358,"duration":62540,"samplingBit":16,"channelCount":1,"samplingRate":"16kHz","audioPath":"/Mock/04.RND/Male/Experienced/ckmk_a_rnd_m_e_185480.wav"}}}