{"version":"1.0","dataSet":{"info":{"date":"20230116","occupation":"RND","channel":"MOCK","place":"ONLINE","gender":"MALE","ageRange":"45-54","experience":"EXPERIENCED"},"question":{"raw":{"text":"자 본인의 십 년 후에는 어떻게 되어 있을까요 당신의 십 년 후 미래에 대해서 한번 얘기해 보세요","wordCount":17},"emotion":[],"intent":[]},"answer":{"raw":{"text":"향후 십 년 뒤에 저의 소망을 얘기하라고 하면 저는 이 회사에서 십 년 뒤에도 열심히 일하고 싶습니다. 물론 그때 나이가 이제 정년퇴직이 을 해야 되는 나이가 지났을 수도 있지만 제 능력이 닿고 제 열정이 있다고 그러면 저는 십 년 후에도 본 회사에서 열심히 일하고 싶습니다. 어 이런 개인적인 것 말고 십 년 후에 제 그냥 막연 미래에 대해서 말씀을 얘기를 하라고 하면 저는 십 년 뒤에는 제가 은퇴를 하게 된다면 뭐 산이나 산 속이나 강가 쪽에다가 자그마한 펜션을 하나 운영하고 싶습니다. 어 펜션은 저는 자연과 자연을 무척 좋아하고 낚시나 등산 어 뭐 트레킹 자연 속에서 쉬는 것을 되게 좋아라 합니다. 어 제가 할 수만 있다면 어 강가나 산 속에다 펜션을 지어서 펜션을 찾아오는 사람들한테 서비스를 제공하고 오시는 분들이 이렇게 편히 쉬다가 어 재충전을 해서 다시 본업으로 본인이 있던 곳으로 돌아갈 수 있는 게 그분들을 힐링시키고 어 그분들이 쉬다 갈 수 있는 그런 쉼터를 마련하고 싶습니다.","wordCount":145},"emotion":[],"intent":[{"text":"","expression":"","category":"attitude"}],"summary":{"text":"십 년 후에 제가 은퇴를 하게 된다면 강가나 산 속에다가 자연과 자연 속에서 휴식을 취할 수 있는 자그마한 펜션을 하나 운영하고 싶습니다. 그곳으로 오시는 분들이 편히 쉬다가 다시 본업으로 복귀하여 힐링을 할 수 있는 그런 쉼터를 마련하고 싶다고 생각합니다.","wordCount":39}}},"rawDataInfo":{"question":{"fileFormat":"wav","fileSize":464078,"duration":14500,"samplingBit":16,"channelCount":1,"samplingRate":"16kHz","audioPath":"/Mock/04.RND/Male/Experienced/ckmk_q_rnd_m_e_44928.wav"},"answer":{"fileFormat":"wav","fileSize":2540878,"duration":79400,"samplingBit":16,"channelCount":1,"samplingRate":"16kHz","audioPath":"/Mock/04.RND/Male/Experienced/ckmk_a_rnd_m_e_44928.wav"}}}