{"version":"1.0","dataSet":{"info":{"date":"20230116","occupation":"RND","channel":"MOCK","place":"ONLINE","gender":"MALE","ageRange":"35-44","experience":"EXPERIENCED"},"question":{"raw":{"text":"당사자께서는 혹시 개인적이나 따로 띰을 팀을 꾸려서 현재 연구하고 있는 프로젝트가 있습니까 있다면 그게 무엇인지 저에게 알려주시기 바랍니다","wordCount":18},"emotion":[],"intent":[]},"answer":{"raw":{"text":"제가 현재 연구하고 있는 프로젝트는 바로 사람의 몸 얼굴 머리카락을 촬영을 하면 그것에 맞는 현재의 상태를 진단을 하고 육 개월 후 일 년 후 삼 년 후 어떻게 노화가 진행되고 어떻게 변화가 진행되는지에 대한 빅데이터 시스템을 통한 딥러닝입니다. 예를 들어서 현재 나와있는 피부과나 성형외과에 영상 촬영 프로그램은 현재 얼굴을 찍어서 어떤 식으로 어떻게 성형외과에서 수술을 하면 예뻐지고 어떻게 피부 치료를 하면 좋아지는지에 대한 간단한 빅데이터입니다. 하지만 저는 거기서 두 단계 더 나가 이 사람이 어떻게 늙어가고 어떤 음식을 먹고 어떻게 수면 패턴을 하고 어떻게 운동을 해야 조금 더 건강해지고 노화를 막을 수 있는지 현재 식습관에서는 어떻게 변화를 해야 되는지 그리고 보 본인의 체질 현재의 상태에 따라서 어떤 건강 기능 식품이나 음식을 먹으면 좋은지에 대한 분석 보고서입니다. 그것은 에이아이를 통해서 어떻게 하면 이 사람이 쪼끔 더 즐거운 행복한 생활을 할 수 있을까에 대한 삼 심리 상담까지도 전부 포함되어 있습니다. 결국 올인원 솔루션 생활 맞춤 서비스를 통해서 나의 삶을 행복하게 하기 위한 그런 인공지능 촬영 프로젝트입니다.","wordCount":154},"emotion":[],"intent":[{"text":"제가 현재 연구하고 있는 프로젝트는 바로 사람의 몸 얼굴 머리카락을 촬영을 하면   그것에 맞는 현재의 상태를 진단을 하고 육 개월 후 일 년 후 삼 년 후 어떻게 노화가 진행되고   어떻게 변화가 진행되는지에 대한 빅데이터 시스템을 통한 딥러닝입니다.","expression":"r_res_prf","category":"technology"},{"text":"하지만 저는 거기서 두 단계 더 나가 이 사람이 어떻게 늙어가고 어떤 음식을 먹고 어떻게 수면 패턴을 하고 어떻게 운동을 해야   조금 더 건강해지고 노화를 막을 수 있는지 현재 식습관에서는 어떻게 변화를 해야 되는지 그리고 보 본인의 체질 현재의 상태에 따라서 어떤 건강 기능 식품이나 음식을 먹으면 좋은지에 대한   분석 보고서입니다.","expression":"r_res_prf","category":"technology"}],"summary":{"text":"인공지능 촬영 프로젝트는 사람의 몸 얼굴 머리카락을 촬영을 하면 그에 맞는 상태를 진단하고 노화 진행과 변화에 대한 빅데이터 시스템을 통한 딥러닝입니다. 그에 더 나아가 이 사람이 어떻게 늙어가고 어떤 음식을 먹고 어떻게 수면 패턴을 하고 어떻게 운동을 해야 건강해지고 노화를 막을 수 있는지 현재 식습관에서는 어떻게 변화를 해야 되는지에 대한 분석 보고서입니다.","wordCount":52}}},"rawDataInfo":{"question":{"fileFormat":"wav","fileSize":432718,"duration":13520,"samplingBit":16,"channelCount":1,"samplingRate":"16kHz","audioPath":"/Mock/04.RND/Male/Experienced/ckmk_q_rnd_m_e_185481.wav"},"answer":{"fileFormat":"wav","fileSize":2780238,"duration":86880,"samplingBit":16,"channelCount":1,"samplingRate":"16kHz","audioPath":"/Mock/04.RND/Male/Experienced/ckmk_a_rnd_m_e_185481.wav"}}}