{"version":"1.0","dataSet":{"info":{"date":"20230116","occupation":"RND","channel":"MOCK","place":"ONLINE","gender":"MALE","ageRange":"35-44","experience":"EXPERIENCED"},"question":{"raw":{"text":"커뮤니케이션을 잘 할 수 있는 본인만의 스킬이 있다면 저희에게 직접 보여주셔도 좋습니다","wordCount":12},"emotion":[],"intent":[]},"answer":{"raw":{"text":"커뮤니케이션을 잘하기 위해선 가장 먼저 소통을 잘해야 하는데요. 소통이란 바로 공감대를 형성하는 것입니다. 공감대라는 것은 누군가 나와 함께 느낄 수 있는 좋은 주제 거리가 있어야 되고요. 그런 주제 거리를 그 사람이 원하는 것이 무엇인지를 먼저 발견해야 됩니다. 무조건 말을 많이 하고 친근함을 표시한다고 해서 공감대가 형성이 되지는 않습니다. 심리학에서는 이거를 라포를 형성한다고 표현합니다. 그래서 예를 들어 테니스를 좋아하는 김대리에게 먼저 다가갈 때 김대리 어제 테니스 대회에서 노박 조코피치가 우승한 거 봤는데 노박 조코피치보다 라파엘 나달이 이번에는 쪼금 더 실수가 많지 않았나요 라고 하면 그때부터 테니스에 관심 많은 김대리는 라파엘 나달의 장점과 노박 조코비치의 장점 단점 어저께 경기 내용 그리고 최근에 테니스는 어떻게 되고 있는지에 대해서 지속적으로 얘기를 하게 시작할 겁니다. 그러면 저는 그때부터 굳이 제가 테니스에 대한 얘기를 많이 하지 않고 그냥 청 굿 리스너가 되어 청취자가 되는 것입니다. 청지 청취자가 되어 그가 말하는 내용에 중간중간 리액션만 크게 해주고 미소만 지어주면 됩니다. 그러면 자연스럽게 소통이 되고 그와 친해지는 결정적인 계기를 마련하고 그것이 세 번 이상이 되면 공감대는 형성이 되게 됩니다.","wordCount":160},"emotion":[],"intent":[{"text":"","expression":"","category":"attitude"}],"summary":{"text":"커뮤니케이션을 잘하기 위해선 공감대를 형성해야 합니다. 공감대란 누군가 나와 함께 느낄 수 있는 좋은 주제 거리가 있어야 하고, 그러한 주제 거리를 그 사람이 원하는 것이 무엇인지를 먼저 발견해야 됩니다. 굿 리스너가 되어 그가 말하는 내용에 리액션만 크게 해주고 미소만 지어주면 자연스럽게 소통이 되고 그와 친해지는 결정적인 계기를 마련하고 그것이 세 번 이상이 되면 공감대는 형성이 됩니다.","wordCount":56}}},"rawDataInfo":{"question":{"fileFormat":"wav","fileSize":264398,"duration":8260,"samplingBit":16,"channelCount":1,"samplingRate":"16kHz","audioPath":"/Mock/04.RND/Male/Experienced/ckmk_q_rnd_m_e_165091.wav"},"answer":{"fileFormat":"wav","fileSize":2834958,"duration":88590,"samplingBit":16,"channelCount":1,"samplingRate":"16kHz","audioPath":"/Mock/04.RND/Male/Experienced/ckmk_a_rnd_m_e_165091.wav"}}}