{"version":"1.0","dataSet":{"info":{"date":"20230116","occupation":"RND","channel":"MOCK","place":"ONLINE","gender":"MALE","ageRange":"35-44","experience":"EXPERIENCED"},"question":{"raw":{"text":"어 지금 이제 본인이 어 뭔가 이 스탠드에 대해서 개발을 하고 있다고 했는데 본인한테 익숙한 연구 방법이 어떤 건지 어 실제 적용해 본 사례 있으면 한번 말씀해 주세요","wordCount":28},"emotion":[],"intent":[]},"answer":{"raw":{"text":"저는 가장 중요한 그 연구 방법은 현장 경영이라고 생각합니다. 조금 뭐 생뚱맞는 방법일지는 모르겠지만 연구실 내에서 하는 방법은 기본 요구로 다 할 수 있는 거가 되겠죠. 어떤 전제를 깔고 우리가 할 수 있는 방법을 가지고 그 범위 내에서 최선의 답을 찾고 가능한 방법을 찾아서 이것을 시험에 이제 평가를 받고 하는 것을 일상적으로는 예 많이 진행을 하지만 결코 이 제품들이 시장에 잘 맞느냐 또 소비자가 선택하겠느냐 또 일부 이 제품들이 그분들이 원하는 어떤 촉감이라든지 느낌이라든지 또는 기대하고 있는 사용 수명이라든지 또는 어떤 사용했을 때의 어떤 그런 에이에스 에 대한 비용 등등 모든 것들의 그 성패가 디자인과 생산 연구 단계에 일어나는 것은 저는 한 사 십 프로 또는 그 다음에 시장에서 고객에서 반응하여 오더되는 것이 한 육 십 프로 정도 나타난다 고 생각을 합니다. 그래서 연구소 내에서 하는 것은 기본 베이스이고 매우 중요하겠지요. 그것이 있어야지만 또 시장에 나가서 내놓을 것이 있기 때문에 하지만 그것보다 더 중요한 거는 어 시장에서 받아들일 수 있는 거 물론 거기에는 경쟁사 제품하고의 비교라든지 또 이런 것도 있어야 되겠지만은 그런 것들을 같이 어울려서 해야 되기 때문에 나가서 인제 연구도 나가서 해야 됩니다. 그게 제 주장입니다.","wordCount":177},"emotion":[],"intent":[{"text":"","expression":"","category":"attitude"}],"summary":{"text":"현장 경영은 가장 중요한 연구 방법이라고 생각합니다. 모든 것들의 성패가 디자인과 생산 연구 단계에 일어나는 것은 한 사 십 프로 또는 시장에서 고객에서 반응하여 오더되는 것이 한 육 십 프로 정도 나타난다고 생각합니다. 연구소 내에서 하는 것은 기본 베이스이고 매우 중요하겠지만 시장에서 받아들일 수 있고 다른 경쟁사 제품하고 비교도 있어야 되겠지만 그런 것들을 같이 어울려서 연구도 해 나가야 됩니다.","wordCount":59}}},"rawDataInfo":{"question":{"fileFormat":"wav","fileSize":554958,"duration":17340,"samplingBit":16,"channelCount":1,"samplingRate":"16kHz","audioPath":"/Mock/04.RND/Male/Experienced/ckmk_q_rnd_m_e_302567.wav"},"answer":{"fileFormat":"wav","fileSize":3145678,"duration":98300,"samplingBit":16,"channelCount":1,"samplingRate":"16kHz","audioPath":"/Mock/04.RND/Male/Experienced/ckmk_a_rnd_m_e_302567.wav"}}}