{"version":"1.0","dataSet":{"info":{"date":"20230116","occupation":"RND","channel":"MOCK","place":"ONLINE","gender":"MALE","ageRange":"35-44","experience":"EXPERIENCED"},"question":{"raw":{"text":"면접자님이 생각하시기에 본인에 장점과 단점을 설명해 주시고 그것을 특화시키고 혹은 극복하기 위해서 한 노력도 말씀 부탁드립니다","wordCount":16},"emotion":[],"intent":[]},"answer":{"raw":{"text":"저의 장점은 어떤 업무든 남들보다 아주 빠르게 익히고 그것을 응용하는 능력이라고 생각합니다. 남들보다 빠르게 익혔기 때문에 그 업무를 빠르게 치고 나갈 수 있고 그래서 팀 리더로서 업무의 추진력이 남들보다 한 세 배 정도 빠른 것 같습니다. 하지만 저의 가장 큰 단점은 인내심이 너무 짧다는 것입니다. 모든 일은 인내를 통해서 아웃 라이어라고 하는 전문가가 되는데 저는 최소 삼 개월 정도 지나고 나면 어느 순간부터 조금씩 질리기 시작하는 것들이 있어서 그것을 어떻게 극복할까 고민하다 가장 좋은 것은 일기를 통해서 저의 인내심을 스스로 극복해 나가는 것이었습니다. 단 세 시간 삼 분 삼 일 삼 개월만 참아보자 참아보자 하고 계속 일기에 저 스스로 멘탈 훈련을 하게 됩니다. 그러면 그것을 계속 봄과 동시에 제 스스로 삼 일 참고 세 시간 참고 삼 개월 참다 보면 어느새 제도 모르게 삼 년을 참게 되었고 그렇게 함으로써 제 스스로 인내심이 예전보다 한 다섯 배 정도 늘어난 것 같습니다.","wordCount":140},"emotion":[],"intent":[{"text":"저의 장점은 어떤 업무든 남들보다 아주 빠르게 익히고 그것을 응용하는 능력이라고 생각합니다.","expression":"c_person","category":"background"},{"text":"하지만 저의 가장 큰 단점은 인내심이 너무 짧다는 것입니다.","expression":"c_person","category":"background"}],"summary":{"text":"팀 리더로서 업무 추진력이 남들보다 세 배 정도 빠른 것 같습니다. 하지만 저는 인내심이 너무 짧다는 단점이 있습니다. 저는 최소 삼 개월 정도 지나고 나면 질리기 시작하는 것들이 있어서 가장 좋은 것은 일기에 스스로 멘탈 훈련을 하게 됩니다. 그렇게 함으로써 인내심이 전보다 한 다섯 배 정도 늘어난 것 같습니니다.","wordCount":49}}},"rawDataInfo":{"question":{"fileFormat":"wav","fileSize":543118,"duration":16970,"samplingBit":16,"channelCount":1,"samplingRate":"16kHz","audioPath":"/Mock/04.RND/Male/Experienced/ckmk_q_rnd_m_e_156616.wav"},"answer":{"fileFormat":"wav","fileSize":2428878,"duration":75900,"samplingBit":16,"channelCount":1,"samplingRate":"16kHz","audioPath":"/Mock/04.RND/Male/Experienced/ckmk_a_rnd_m_e_156616.wav"}}}