{"version":"1.0","dataSet":{"info":{"date":"20230116","occupation":"RND","channel":"MOCK","place":"ONLINE","gender":"MALE","ageRange":"35-44","experience":"EXPERIENCED"},"question":{"raw":{"text":"지원자님께서 만약 일을 하던 중에 해당 직무가 적성에 맞지 않는다 라는 걸 깨닫게 되신다면 상황을 가정하고 어떻게 하실 것 같은지 말씀 부탁드리겠습니다","wordCount":22},"emotion":[],"intent":[]},"answer":{"raw":{"text":"네 업무를 진행하던 중에 적성에 맞지 않는다거나 그런 상황에 대해서 있을 때 말씀드리겠습니다. 어 직무가 적성에 안 맞을 수 있습니다. 사람의 성격에 따라서 바뀔 거 같은데 외향적인 성격과 내성적인 사람이 있습니다. 네 외향적인 성격인 사람이 하루 종일 사무실에 앉아서 사무직 업무만 하다 보면은 분명히 적성에 안 맞고 뭔가 재미도 없을 것이고 나 앞으로 계속 오랫동안 하기가 힘들겠다 이런 생각을 할 것입니다. 근데 또 반대로 내성적인 사람이 사람을 좀 만나는 걸 두려워하는 사람이 밖에 나가서 인제 사람들을 상대하고 서비스업을 하고 영업을 하고 이런 업무를 맡는다고 하면은 그 사람 또한 하루하루가 괴롭고 힘들 겁니다. 그 최대한 적성에 맞는 업무를 하는 게 좋긴 한데 그게 되지 않고 작성에 맞지 않는 업무를 맡게 된다면 근데 그것도 자기의 성격을 변화를 시켜야 된다고 생각합니다. 그 상황에 맞게끔 그 직무에 맞게끔 성격을 바뀌어야 여기도 잘하고 저기도 잘 할 수 있는 그런 좀 유능한 직원이 되는 데 있어서 많은 경험을 더 쌓을 수 있는 기회가 되지 않을까 싶습니다. 그런 경험을 통해서 어 인제 완전체가 됐을 때 그때 상급 단계 업무까지 갈 수 있지 않을까 싶습니다. 이상입니다.","wordCount":168},"emotion":[],"intent":[{"text":"","expression":"","category":"attitude"}],"summary":{"text":"업무 진행 중 적성에 맞지 않는다거나 그런 상황에 대해 말씀드리겠습니다. 최대한 적성에 맞는 업무를 하는 게 좋긴 한데 작성에 맞지 않는 업무를 맡게 된다면 그것도 자기의 성격을 변화를 시켜야 한다고 생각합니다. 그 상황에 맞게끔 성격을 바뀌어야 좀 유능한 직원이 되는 데 있어서 많은 경험을 더 쌓을 수 있는 기회가 되지 않을까 싶습니다.","wordCount":52}}},"rawDataInfo":{"question":{"fileFormat":"wav","fileSize":492238,"duration":15380,"samplingBit":16,"channelCount":1,"samplingRate":"16kHz","audioPath":"/Mock/04.RND/Male/Experienced/ckmk_q_rnd_m_e_147689.wav"},"answer":{"fileFormat":"wav","fileSize":2736718,"duration":85520,"samplingBit":16,"channelCount":1,"samplingRate":"16kHz","audioPath":"/Mock/04.RND/Male/Experienced/ckmk_a_rnd_m_e_147689.wav"}}}