{"version":"1.0","dataSet":{"info":{"date":"20230116","occupation":"RND","channel":"MOCK","place":"ONLINE","gender":"MALE","ageRange":"45-54","experience":"EXPERIENCED"},"question":{"raw":{"text":"면접에 통과를 하게 된다면 그리고 이 회사에서 직접 일을 하게 될 경우에 본인이 하고 싶은 업무가 있으시다면 그 이유와 함께 말씀해 주시겠습니까","wordCount":22},"emotion":[],"intent":[]},"answer":{"raw":{"text":"저는 건설 현장에 어떠한 불미스러운 일도 일어나지 않게끔 즉 재해가 없게끔 관리하는 건설 현장 관리 업무를 해보고 싶습니다. 심심하면 신문 지상이나 티브이에서 인사 사고가 자주 일어나지 않습니까. 그것은 분명 제가 볼 때는 인재라고 보고 현장 관리자의 무관심이라고 생각합니다. 조금 더 빠르게 조금 더 부지런히 구석구석을 누비면서 미흡한 부분을 잘 관리하게 되면 그런 인사 사고나 현장의 사고들은 생기지 않을 거라고 생각합니다. 저는 또 그런 부분에서 꼼꼼함을 가지고 있기 때문에 저에게는 건설 현장 업무가 굉장히 잘 맞는다고 생각합니다.","wordCount":76},"emotion":[],"intent":[{"text":"저는 또 그런 부분에서 꼼꼼함을 가지고 있기 때문에 저에게는 건설 현장 업무가   굉장히 잘 맞는다고 생각합니다.","expression":"c_person","category":"background"}],"summary":{"text":"저는 건설 현장에 어떠한 불미스러운 일도 일어나지 않게끔 즉 재해가 없게끔 관리하는 건설 현장 관리 업무를 해보고 싶습니다. 꼼꼼함을 가지고 있는 저에게는 건설 현장 업무가 굉장히 잘 맞는다고 생각합니다.","wordCount":29}}},"rawDataInfo":{"question":{"fileFormat":"wav","fileSize":489678,"duration":15300,"samplingBit":16,"channelCount":1,"samplingRate":"16kHz","audioPath":"/Mock/04.RND/Male/Experienced/ckmk_q_rnd_m_e_90028.wav"},"answer":{"fileFormat":"wav","fileSize":2158478,"duration":67450,"samplingBit":16,"channelCount":1,"samplingRate":"16kHz","audioPath":"/Mock/04.RND/Male/Experienced/ckmk_a_rnd_m_e_90028.wav"}}}