{"version":"1.0","dataSet":{"info":{"date":"20230116","occupation":"RND","channel":"MOCK","place":"ONLINE","gender":"MALE","ageRange":"35-44","experience":"EXPERIENCED"},"question":{"raw":{"text":"만약 지원자님이 이직을 생각하고 있는 직장 동료를 만나게 된다면 뭐라고 말씀하실지 궁금합니다 이유도 설명해 주세요","wordCount":15},"emotion":[],"intent":[]},"answer":{"raw":{"text":"직장인들이 이직을 하는 데는 여러 가지 이유가 있습니다. 그중에 첫 번째는 바로 돈 연봉 때문일 것입니다. 그리고 직급 나머지가 사람 때문인데요. 돈하고 직급은 제가 해결할 수 없는 문제이기에 이것은 다른 부서장이나 윗사람에게 건의하라고 하고 싶습니다. 하지만 직장 동료 상사 또는 다른 부서원 때문에 그만두고 싶은 거라면 이것은 쪼금 더 참고 저와 논의를 해서 어떤 게 문제인지 제가 문제점을 파악해 보고 싶습니다. 예를 들어 지금 직장 상사 또는 동료가 자기를 너무 괴롭힌다. 업무를 도와주지 않고 모든 업무를 떠넘긴다 하면 그 부분에 대해서 어떤 업무가 넘어왔는지 그 사람과 사이가 왜 안 좋은지 그 직장 상사가 당신을 유독 미워하는 이유가 있는지에 대한 파악을 한 다음에 그 동료와 에게 이러이러한 부분을 직장 상사나 동료에게 한 번 논의를 해보고 정 필요하면 나도 같이 들어가서 같이 도와주겠다 라고 얘기를 합니다. 그리고 그것도 해결이 되지 않는다면 부서장이나 또는 대표 이사에게 부서를 바꿔줘야 된다고 얘기를 할 것입니다. 왜냐하면 뛰어난 동료인데 직장 상사 또는 동료 때문에 이 직장인이 이 회사를 그만두게 되면 회사 자체의 자원 손실이기 때문에 꼭 붙잡아야 된다고 제가 옆에서 도와줄 수 있을 것 같습니다.","wordCount":168},"emotion":[],"intent":[{"text":"","expression":"","category":"attitude"}],"summary":{"text":"직장인들이 이직을 하는 데는 돈 연봉과 직급 나머지가 사람 때문인데, 돈하고 직급은 제가 해결할 수 없는 문제이기에 다른 부서장이나 윗사람에게 건의하라고 하고 싶습니다. 하지만 직장 동료 상사 또는 다른 부서원 때문에 그만두고 싶은 거라면 좀 더 참고 저와 논의를 해서 어떤 게 문제인지 제가 문제점을 파악해 보고 싶습니다.","wordCount":48}}},"rawDataInfo":{"question":{"fileFormat":"wav","fileSize":364878,"duration":11400,"samplingBit":16,"channelCount":1,"samplingRate":"16kHz","audioPath":"/Mock/04.RND/Male/Experienced/ckmk_q_rnd_m_e_165087.wav"},"answer":{"fileFormat":"wav","fileSize":2737358,"duration":85540,"samplingBit":16,"channelCount":1,"samplingRate":"16kHz","audioPath":"/Mock/04.RND/Male/Experienced/ckmk_a_rnd_m_e_165087.wav"}}}