{"version":"1.0","dataSet":{"info":{"date":"20230116","occupation":"RND","channel":"MOCK","place":"ONLINE","gender":"MALE","ageRange":"45-54","experience":"EXPERIENCED"},"question":{"raw":{"text":"본인이 사회생활을 하시면서 혹시 위기관리 경험이 있으신가요 있다면 한번 말씀해 주시겠습니까","wordCount":11},"emotion":[],"intent":[]},"answer":{"raw":{"text":"위기관리 경험은 해외 영업을 진행을 하면서 많은 고객사들이 있고 그리 그 중에서도 한 번도 문제가 생기지 않았던 문자 업체들도 있긴 하지만 가끔씩 여러 가지 사안으로 인해서 문제를 생기 발생을 하는 업체들이 있습니다. 그래서 에 그 부분들을 에이 급 비 급 씨 급으로 나눠서 어 향후에 발생할 수 있는 문제를 예측을 해서 관리할 때 부분 특히 물량을 준다던가 거기에 페이먼트 컨디션이라든지 그런 부분들을 선제적으로 아무 문제가 없는 에이 업체에다가는 우선적으로 지원을 하고 어 씨 업체인 경우에는 선수금을 주지 않으면 물건을 진행하지 않는다던가 아무리 물량을 많이 달라고 하더라도 방금 말씀을 드렸던 그런 수금이라든지 그런 부분들을 명시화해서 언제까지 하루라도 넘기면 그 다음 출하 물량이나 그런 부분들을 진행을 하지 않는다던가 이런 식으로 개인적인 어 위기 관리 경험을 가지고 있습니다. 이러한 부분들은 어 기존에 해왔던 업체에 대해 내력 이력이나 히스토리들을 근거로 해서 만들어져야 되고요. 저 뿐만이 아니라 누가 보더라도 이건 타당한 음 에이 비 씨 급이다 라고 생각할 정도의 객관성을 가지고 있어야 한다고 생각합니다.","wordCount":149},"emotion":[],"intent":[{"text":"","expression":"","category":"attitude"}],"summary":{"text":"위기관리 경험은 해외 영업을 하며 생기는 업체들이 있습니다. 그 업체들을 에이 급 비 급 씨 급으로 나눠 향후에 발생할 수 있는 문제를 예측하고 관리할 때 문제가 없는 에이 업체에는 우선 지원하고 문제가 있는 씨 업체에는 선수금을 주지 않으면 물건을 진행하지 않는 등 개인적인 위기 관리 경험을 가지고 있으며 이런 것들은 객관성을 가지고 만들어져야 합니다.","wordCount":54}}},"rawDataInfo":{"question":{"fileFormat":"wav","fileSize":371278,"duration":11600,"samplingBit":16,"channelCount":1,"samplingRate":"16kHz","audioPath":"/Mock/04.RND/Male/Experienced/ckmk_q_rnd_m_e_49721.wav"},"answer":{"fileFormat":"wav","fileSize":2841358,"duration":88790,"samplingBit":16,"channelCount":1,"samplingRate":"16kHz","audioPath":"/Mock/04.RND/Male/Experienced/ckmk_a_rnd_m_e_49721.wav"}}}