{"version":"1.0","dataSet":{"info":{"date":"20230116","occupation":"RND","channel":"MOCK","place":"ONLINE","gender":"MALE","ageRange":"35-44","experience":"EXPERIENCED"},"question":{"raw":{"text":"지원자님께서 느끼시기에 창의성 그리고 팀워크 중에서 둘 중 무엇이 더 중요하다고 생각하시는지 그 근거와 함께 이야기를 해 주신다면 좋겠습니다","wordCount":19},"emotion":[],"intent":[]},"answer":{"raw":{"text":"둘 중 하나를 선택해야 된다고 하면 저는 무조건 팀워크입니다. 똑똑하구 뛰어난 창의성을 가진 우수한 인재가 들어와서 그 인재가 엄청난 제품을 개발해 낼 수도 있지만 그 제품에 대한 개발을 하기 위한 가장 중요한 것은 팀워크입니다. 아무리 뛰어난 창의성이라고 해도 팀워크가 뛰어나지 않고 주변에 있는 사람들이 도와주지 않으면 그 창의성은 그냥 하나의 생각에 불과합니다. 하지만 팀워크가 뛰어난 사람은 어떤 분야에 어떤 부분에 배치가 되더라도 모든 사람들을 통해서 시너지를 낼 수 있고 그 시너지를 통해서 회사는 성장할 수 있다고 생각합니다. 지금까지 수많은 뛰어난 창의성이 을 가진 인재들을 만나봤지만 그들의 가장 큰 단점은 인내심이 부족하고 팀워크가 아주 형편없다는 것입니다. 그래서 팀워크가 뛰어나두고 창의성이 조금 부족하더라도 그런 인재들을 통해서 우리는 시너지를 낼 수 있다고 생각합니다.","wordCount":110},"emotion":[],"intent":[{"text":"","expression":"","category":"attitude"}],"summary":{"text":"제품 개발을 위한 가장 중요한 것은 팀워크로, 팀워크가 뛰어난 사람은 모든 사람들을 통해서 시너지를 낼 수 있고 그 시너지를 통해서 회사도 성장할 수 있다고 생각합니다. 지금까지 수많은 뛰어난 창의성을 가진 인재들의 가장 큰 단점은 인내심이 부족하고 팀워크라는 것입니다.","wordCount":38}}},"rawDataInfo":{"question":{"fileFormat":"wav","fileSize":512078,"duration":16000,"samplingBit":16,"channelCount":1,"samplingRate":"16kHz","audioPath":"/Mock/04.RND/Male/Experienced/ckmk_q_rnd_m_e_156618.wav"},"answer":{"fileFormat":"wav","fileSize":2030478,"duration":63450,"samplingBit":16,"channelCount":1,"samplingRate":"16kHz","audioPath":"/Mock/04.RND/Male/Experienced/ckmk_a_rnd_m_e_156618.wav"}}}