{"version":"1.0","dataSet":{"info":{"date":"20230116","occupation":"RND","channel":"MOCK","place":"ONLINE","gender":"MALE","ageRange":"45-54","experience":"EXPERIENCED"},"question":{"raw":{"text":"면접자께서 살아오시면서 가장 힘들었던 경험은 무엇이었으며 어떻게 극복하였는지 말씀해 주세요","wordCount":10},"emotion":[],"intent":[]},"answer":{"raw":{"text":"어 제가 개인적으로 가장 힘들었던 경험은 건강상에 문제가 있어 가지고 어 한 칠 년쯤 전에 회사를 쉬어야 될 때가 있었습니다. 그때가 제일 어 심적으로나 뭐 정신적으로나 육체적으로 힘들었던 시기였습니다. 당시에 저는 어 음 암에 걸려 가지고 어 수술을 하고 그 요양하는 시간을 치료하는 시간을 가졌어야 됐습니다. 즉 물론 지금은 지금 만 수술로 만 오 년이 지났고 지금은 거 병원으로부터 그 완치됐다는 판정을 받은 상태입니다. 어 저는 그래도 그 사 그 사이에 항암 주사와 항암 치료를 하면서 꽤 힘든 시간을 보 보내야 했습니다. 어 하지만 그 당시에 다행스럽게도 어 저희 가족과 제 아내와 아이들 그리고 제 주변의 친구들 뭐 부모님 이렇게 해서 모든 분들이 저의 건강에 대해서 염려해 주고 어 도와주셔 가지고 저는 나름 잘 극복을 할 수 있었던 것 같습니다. 지금은 매우 건강한 상태며 그 이후로는 건강의 소중함과 건강에 더 어 건강해지려고 운동도 매일 하고 나름 건강에 유의하고 있습니다.","wordCount":139},"emotion":[],"intent":[{"text":"","expression":"","category":"attitude"}],"summary":{"text":"개인적으로 개인적으로 가장 힘들었던 경험은 건강상의 문제로 한 칠 년쯤 전에 회사를 쉬야 될 때가 있었습니다. 당시에는 암에 걸려 수술을 하고 요양하는 시간을 치료하는 시간을 가졌어야 했습니다. 지금은 매우 건강한 상태이며 그 이후로는 건강의 소중함과 건강에 유의하고 있습니다.","wordCount":38}}},"rawDataInfo":{"question":{"fileFormat":"wav","fileSize":390478,"duration":12200,"samplingBit":16,"channelCount":1,"samplingRate":"16kHz","audioPath":"/Mock/04.RND/Male/Experienced/ckmk_q_rnd_m_e_44578.wav"},"answer":{"fileFormat":"wav","fileSize":2640398,"duration":82510,"samplingBit":16,"channelCount":1,"samplingRate":"16kHz","audioPath":"/Mock/04.RND/Male/Experienced/ckmk_a_rnd_m_e_44578.wav"}}}