{"version":"1.0","dataSet":{"info":{"date":"20230116","occupation":"RND","channel":"MOCK","place":"ONLINE","gender":"MALE","ageRange":"45-54","experience":"EXPERIENCED"},"question":{"raw":{"text":"만약 당신이 해외에서 근무하게 되면 어디에서 하고 싶은지 말씀해 주세요","wordCount":10},"emotion":[],"intent":[]},"answer":{"raw":{"text":"해외에서 근무를 하게 된다면 일단은 영어권 국가를 선택하고 싶습니다. 음 언어가 일단 최우선이라고 생각하구요. 그래서 영어권 국가 중에 음 뽑자면은 미국을 선택하겠습니다. 왜냐하면 일단 미국 같은 경우는 음 드라마나 영화 속에서 많이 접해 가지고 일단 어 문화적인 거부감이 좀 덜하구요. 어 개인적으로도 여러 번 가 본 적이 있어서 제가 지내기에는 훨씬 편할 것 같습니다. 일단 개인적인 어 삶이 좀 안정이 돼야지 어 업무를 함에 있어서도 어 문제가 안 될 것 같구요. 그리고 어 어떤 미국이 기술적으로 앞선 나라이기 때문에 제가 업무를 하면서 그쪽에 어떤 신 기술을 접할 수 있는 기회도 많이 될 것 같습니다. 그래서 해외 근무는 미국에서 제일 하고 싶습니다.","wordCount":101},"emotion":[],"intent":[{"text":"","expression":"","category":"attitude"}],"summary":{"text":"해외에서 근무하게 된다면 우선 영어권 국가를 선택하고 싶습니다. 문화적인 거부감이 덜하고 업무에 있어서도 문제가 없으며 기술적으로 앞선 나라이기 때문에 업무를 하면서 신 기술을 접할 수 있는 기회가 많이 될 것 같습니다.","wordCount":31}}},"rawDataInfo":{"question":{"fileFormat":"wav","fileSize":310478,"duration":9700,"samplingBit":16,"channelCount":1,"samplingRate":"16kHz","audioPath":"/Mock/04.RND/Male/Experienced/ckmk_q_rnd_m_e_73776.wav"},"answer":{"fileFormat":"wav","fileSize":2556878,"duration":79900,"samplingBit":16,"channelCount":1,"samplingRate":"16kHz","audioPath":"/Mock/04.RND/Male/Experienced/ckmk_a_rnd_m_e_73776.wav"}}}