{"version":"1.0","dataSet":{"info":{"date":"20230116","occupation":"RND","channel":"MOCK","place":"ONLINE","gender":"MALE","ageRange":"35-44","experience":"EXPERIENCED"},"question":{"raw":{"text":"사람마다 인생의 목표가 다른데요 이루고 싶은 인생의 목표가 있나요 왜 그것을 이루고 싶은지도 함께 말씀해 주시기 바랍니다","wordCount":17},"emotion":[],"intent":[]},"answer":{"raw":{"text":"어 이루고 싶은 인생의 목표에 대해서 말씀드리겠습니다. 어 이루고 싶은 인생의 목표는 여러 가지가 있을 것 같은데 일단은 현재까지 이룬 목표는 일단 하는 가정을 꾸렸고 어 딸이 있고 아들이 있고 그렇게 진행되고 있습니다. 그래서 음 일단은 그 이례적으로 봤을 때 내 직업적으로 봤을 때 가장 먼저 이 사회적 지위를 갖는 게 제일 중요할 것 같고 그런 데서의 마지막에 최종 목표는 부자가 되는 게 목표일 것 같습니다. 어 내 집 한 채 있고 어느 정도 연봉을 갖추고 또 어느 정도 했을 때 어 경제적으로 궁핍하지 않고 경제적인 자유를 이뤘을 때에 가정의 울타리를 지켜줄 수 있을 것 같고 그로 인한 안정감이 있을 것이고 그런 것들이 다 갖춰졌을 때 행복한 인생이 되지 않을까 싶습니다. 그래서 제 인생의 목표는 이 행복한 인생을 만드는 데 의한 부수적인 것들을 최대한 빨리 이뤄서 행복한 가정을 꾸려서 사는 게 저의 인생의 목표가 되겠습니다. 이상입니다.","wordCount":136},"emotion":[],"intent":[{"text":"","expression":"","category":"attitude"}],"summary":{"text":"현재까지 이룬 목표는 하는 가정을 꾸렸고 딸이 있고 아들이 있습니다. 직업적으로 봤을 때 사회적 지위를 갖는 게 제일 중요하고 마지막에 최종 목표는 부자가 되는 게 목표일 것 같습니다. 제 집 한 채 있고 어느 정도 연봉을 갖추고 어느 정도 경제적 자유를 이뤘을 때 가정의 울타리를 지켜줄 수 있을 것 같고 안정감이 있을 것입니다.","wordCount":53}}},"rawDataInfo":{"question":{"fileFormat":"wav","fileSize":345038,"duration":10780,"samplingBit":16,"channelCount":1,"samplingRate":"16kHz","audioPath":"/Mock/04.RND/Male/Experienced/ckmk_q_rnd_m_e_102043.wav"},"answer":{"fileFormat":"wav","fileSize":2851278,"duration":89100,"samplingBit":16,"channelCount":1,"samplingRate":"16kHz","audioPath":"/Mock/04.RND/Male/Experienced/ckmk_a_rnd_m_e_102043.wav"}}}