{"version":"1.0","dataSet":{"info":{"date":"20230116","occupation":"RND","channel":"MOCK","place":"ONLINE","gender":"MALE","ageRange":"45-54","experience":"EXPERIENCED"},"question":{"raw":{"text":"일을 하시면서 어 사람들과 어 같이 협업하면서 했던 일들 중에 어 가장 어려웠던 점이 있다면 어떤 것이 있습니까","wordCount":18},"emotion":[],"intent":[]},"answer":{"raw":{"text":"협업을 할 때 그 협업이 가장 잘 될 때는 소통이 잘 될 땝니다. 반대로 어 협업을 하면서 가장 어렵고 힘들 때는 그 팀원들 간 그 일을 하는 같은 그 멤버들 상에서 어 소통이 안 될 때라고 생각을 합니다. 소통이 안 될 때는 어 근본적으로 목표를 재설정해야 됩니다. 목표를 재설정한다 라는 게 목표를 바꾸겠다 라는 뜻이 아니라 팀은 모두가 우리가 무슨 일을 하고 있고 무엇을 목표로 하는지를 다시 정확하게 정해야 된다는 뜻입니다. 협업을 하면서 가장 어려운 점은 서로가 소통이 안되고 서로의 목표가 다를 때 서로가 가고자 하는 길이 다를 때 일어납니다. 그렇기 때문에 협업이 할 때 가장 어려운 점은 어 소통이 돼야 되고 소통을 하기 위해서 서로가 정확한 목표를 가지고 뚜렷한 그 목표 의식을 가지고 함께 매진해야 된다고 생각합니다.","wordCount":118},"emotion":[],"intent":[{"text":"","expression":"","category":"attitude"}],"summary":{"text":"협업을 할 때 가장 어려운 점은 서로가 소통이 되지 않고 서로의 목표가 다를 때 일어나는 것이므로 서로가 정확한 목표를 가지고 뚜렷한 그 목표 의식을 가지고 함께 매진해야 된다고 생각합니다.","wordCount":29}}},"rawDataInfo":{"question":{"fileFormat":"wav","fileSize":501198,"duration":15660,"samplingBit":16,"channelCount":1,"samplingRate":"16kHz","audioPath":"/Mock/04.RND/Male/Experienced/ckmk_q_rnd_m_e_53789.wav"},"answer":{"fileFormat":"wav","fileSize":1944398,"duration":60760,"samplingBit":16,"channelCount":1,"samplingRate":"16kHz","audioPath":"/Mock/04.RND/Male/Experienced/ckmk_a_rnd_m_e_53789.wav"}}}