{"version":"1.0","dataSet":{"info":{"date":"20230116","occupation":"RND","channel":"MOCK","place":"ONLINE","gender":"MALE","ageRange":"-34","experience":"EXPERIENCED"},"question":{"raw":{"text":"학교에서의 연구와 기업에서의 연구는 어떻게 다르다고 생각하는지 설명 부탁드리겠습니다","wordCount":9},"emotion":[],"intent":[]},"answer":{"raw":{"text":"학교에서 연구실에서 교수님과 함께 혹은 동료들 박사 학위 혹은 포닥 과정에 있는 박사님들과 하는 연구는 대게 학회 혹은 역량 혹은 학술적인 근거와 뛰어난 아이디어가 목적입니다. 이게 더해 학회에 제출하고 학회에서 인정을 받아 점수를 쌓고 평판을 얻고 박사에 필요한 졸업 여건을 채우는 등 어 실현 가능성 보다 실현 가능할 듯한 아이디어가 주를 이룹니다. 물론 실제적인 효과도 있지만요. 하지만 기업에서의 연구는 프로덕트 입니다. 즉 연구를 통해 프로덕트가 나와야 하고 판매가 되어야 하거나 사용이 되어야 합니다. 즉 단순한 아이디어나 독창성 혹은 논리적 새로움이나 뛰어남이 아닌 실제 장비를 더욱 효율이 좋게 만들거나 작업 후에 수율을 높이는 혹은 오차를 줄이는 실질적인 연구라고 생각합니다.","wordCount":98},"emotion":[],"intent":[{"text":"","expression":"","category":"attitude"}],"summary":{"text":"학교에서 교수님과 함께 하는 연구는 대개 학회나 역량 혹은 학술적인 근거와 뛰어난 아이디어가 목적입니다. 기업에서의 연구는 프로덕트 입니다. 실제 장비를 더욱 효율이 좋게 만들거나 작업 후에 수율을 높이는 혹은 오차를 줄이는 실질적인 연구입니다.","wordCount":33}}},"rawDataInfo":{"question":{"fileFormat":"wav","fileSize":325838,"duration":10180,"samplingBit":16,"channelCount":1,"samplingRate":"16kHz","audioPath":"/Mock/04.RND/Male/Experienced/ckmk_q_rnd_m_e_248513.wav"},"answer":{"fileFormat":"wav","fileSize":3737998,"duration":116810,"samplingBit":16,"channelCount":1,"samplingRate":"16kHz","audioPath":"/Mock/04.RND/Male/Experienced/ckmk_a_rnd_m_e_248513.wav"}}}