{"version":"1.0","dataSet":{"info":{"date":"20230116","occupation":"RND","channel":"MOCK","place":"ONLINE","gender":"MALE","ageRange":"35-44","experience":"EXPERIENCED"},"question":{"raw":{"text":"개발과 환경의 바람직한 조화에 대해서 말씀해 주세요","wordCount":7},"emotion":[],"intent":[]},"answer":{"raw":{"text":"아 개발 그리고 자연 환경의 조화가 무엇인가에 대해서 함 말씀드려 보겠습니다. 어 개발을 이루기 위해서는 환경에 손해가 갈 수밖에 없고 환경을 지키기 위해서는 개발이 제한적일 수밖에 없습니다. 그래서 요즘에는 친환경 개발이라는 말을 많이 쓰는데 환경에 피해를 끼치 않으면서 어 회사의 개발이나 확장을 키워 나간다고 생각을 합니다. 그런데 정말 두 가지 모두 중요한 것 같습니다. 근데 개발을 쪼금 늦추더라도 저는 이 자연환경을 보존하는 것이 더욱더 클 거 같습니다. 여러 가지로 이제 자연환경 파괴로 인해서 뭐 태풍이라든지 뭐 홍수라든지 여러 가지 인제 피해 현황이 발생하고 있는데 그런 것들이 다 환경을 지키지 못해서 생긴 일이라고 생각합니다. 그 인간이란 존재가 되게 어떻게 보면 작은 존재인데 그런 것들에 그 개인의 욕심이나 기업의 욕심 때문에 환경이 자꾸 이렇게 망가진다면은 이거는 윈윈의 자세가 아닌 조화를 이룰 수 없다고 생각합니다. 그래서 친환경 개발을 계 지속적으로 더 발전시켜서 더 강조를 해야 하는 부분인 것 같습니다. 네 이상입니다.","wordCount":138},"emotion":[],"intent":[{"text":"","expression":"","category":"attitude"}],"summary":{"text":"개발을 이루기 위해서는 환경에 손해가 가고 환경을 지키기 위해서는 개발이 제한적일 수밖에 없습니다. 요즘은 친환경 개발을 많이 쓰는데 환경에 피해를 끼치지 않으면서 회사의 개발이나 확장을 키워 나간다고 생각합니다. 개발을 늦추더라도 자연환경을 보존하는 것이 더욱더 클 거 같습니다. 개인의 욕심이나 기업의 욕심 때문에 환경이 망가진다면 이것은 윈윈이 아닌 조화를 이룰 수 없다 생각합니다.","wordCount":52}}},"rawDataInfo":{"question":{"fileFormat":"wav","fileSize":234318,"duration":7320,"samplingBit":16,"channelCount":1,"samplingRate":"16kHz","audioPath":"/Mock/04.RND/Male/Experienced/ckmk_q_rnd_m_e_147683.wav"},"answer":{"fileFormat":"wav","fileSize":2515278,"duration":78600,"samplingBit":16,"channelCount":1,"samplingRate":"16kHz","audioPath":"/Mock/04.RND/Male/Experienced/ckmk_a_rnd_m_e_147683.wav"}}}