{"version":"1.0","dataSet":{"info":{"date":"20230116","occupation":"RND","channel":"MOCK","place":"ONLINE","gender":"MALE","ageRange":"35-44","experience":"EXPERIENCED"},"question":{"raw":{"text":"지원자께서는 여러 가지 프로젝트를 담당하셨던 걸로 알고 있습니다 그렇다면 팀 프로젝트에서 힘들었던 팀원이 있다면 어떤 사람이었는지 어떤 점에서 힘들었는지 또 어떻게 해결했는지 말씀해 주십시오","wordCount":24},"emotion":[],"intent":[]},"answer":{"raw":{"text":"팀 프로젝트에서 본인 팀에서 인제 팀원이 해당 분야에만 하고 싶다는 팀원이 있었습니다. 하지만은 어 해당 분야에 대한 그 팀원이 그 해당 분야를 하고 좀 더 직원들끼리 그 토의를 하고 협의하는 와중에 그 업무를 좀 같이 하자는 그 그 부분을 조금 유도를 해서 그 다른 분야도 같이 일을 할 수 있도록 조금 이끌었구요. 그 과정에서는 좀 사람들과의 그 대화를 하는 가운데 그 마음을 좀 돌이키는 데 좀 어려움이 있었습니다. 하지만 그래도 팀웍 팀 협업이라는 부분에 있어서 뭐 직원들과의 상호 의견을 주고받는 과정에서 좀 협의를 이끌어 냈구요. 그 과정에서 좀 일을 원만하게 할 수 있었던 것 같습니다.","wordCount":95},"emotion":[],"intent":[{"text":"하지만은 어 해당 분야에 대한 그 팀원이 그 해당 분야를 하고 좀 더 직원들끼리   그 토의를 하고 협의하는 와중에 그 업무를 좀 같이 하자는 그 그 부분을 조금 유도를 해서   그 다른 분야도 같이 일을 할 수 있도록 조금 이끌었구요.","expression":"c_confl_mg","category":"personality"},{"text":"하지만 그래도 팀웍   팀 협업이라는 부분에 있어서 뭐 직원들과의 상호 의견을 주고받는 과정에서 좀 협의를 이끌어 냈구요.","expression":"c_confl_mg","category":"personality"}],"summary":{"text":"팀 프로젝트에서 본인이 해당 분야에만 하고자 하는 팀원이 있었지만 다른 분야도 같이 일하도록 이끌어서 마음을 돌이키는데 좀 어려움이 있었지만 팀 협업이라는 부분에서 협의를 이끌어 내면서 일을 원만하게 할 수 있었던 것 같습니다.","wordCount":32}}},"rawDataInfo":{"question":{"fileFormat":"wav","fileSize":604878,"duration":18900,"samplingBit":16,"channelCount":1,"samplingRate":"16kHz","audioPath":"/Mock/04.RND/Male/Experienced/ckmk_q_rnd_m_e_84828.wav"},"answer":{"fileFormat":"wav","fileSize":1982798,"duration":61960,"samplingBit":16,"channelCount":1,"samplingRate":"16kHz","audioPath":"/Mock/04.RND/Male/Experienced/ckmk_a_rnd_m_e_84828.wav"}}}