{"version":"1.0","dataSet":{"info":{"date":"20230116","occupation":"RND","channel":"MOCK","place":"ONLINE","gender":"MALE","ageRange":"45-54","experience":"EXPERIENCED"},"question":{"raw":{"text":"지금까지 많은 연구를 해 보셨겠지만 앞으로 더 연구하고 싶은 분야가 있을까요 있다면 자세히 말씀해 주시겠습니까","wordCount":15},"emotion":[],"intent":[]},"answer":{"raw":{"text":"저는 앞으로 더 연구 개발하고 싶은 분야라면 어 이제는 단체가 아닌 에프아이티 개인을 상대로 한 비즈니스가 필요로 하다고 생각합니다. 예전에는 단체로 움직이고 가족이 움직이고 이런 형태의 비즈니스 비즈니스였지만 이제는 뭐 일인 가구 시대인 것처럼 뭐 혼자서 밥을 먹고 혼자 여행을 가고 혼자 영화를 보는 게 어 요즘의 트렌드라고 생각합니다. 그래서 저는 어 여러 명을 함께 하는 프로그램도 중요하지만 개인이 개인 혼자만을 위한 그런 프로그램도 개발이 되어야 되고 앞으로 그쪽 시장이 매우 전망이 밝다 라고 생각을 하고 있습니다.","wordCount":77},"emotion":[],"intent":[{"text":"","expression":"","category":"attitude"}],"summary":{"text":"앞으로 더 연구 개발하고 싶은 분야라면 이제 단체가 아닌 에프아이티 개인을 상대로 한 비즈니스가 필요로 합니다. 이제 일인 가구 시대처럼 개인을 위한 프로그램도 개발이 되어야 되고 전망이 밝다고 생각합니다.","wordCount":29}}},"rawDataInfo":{"question":{"fileFormat":"wav","fileSize":412238,"duration":12880,"samplingBit":16,"channelCount":1,"samplingRate":"16kHz","audioPath":"/Mock/04.RND/Male/Experienced/ckmk_q_rnd_m_e_34310.wav"},"answer":{"fileFormat":"wav","fileSize":1408718,"duration":44020,"samplingBit":16,"channelCount":1,"samplingRate":"16kHz","audioPath":"/Mock/04.RND/Male/Experienced/ckmk_a_rnd_m_e_34310.wav"}}}