{"version":"1.0","dataSet":{"info":{"date":"20230116","occupation":"RND","channel":"MOCK","place":"ONLINE","gender":"MALE","ageRange":"45-54","experience":"EXPERIENCED"},"question":{"raw":{"text":"지원한 분야가 본인하고 잘 안 맞는다면 어떻게 하실 겁니까","wordCount":9},"emotion":[],"intent":[]},"answer":{"raw":{"text":"지원한 분야가 저한테 잘 안 맞다고 전혀 생각하지 않습니다. 저는 경력직으로 지원했고 누구보다 이 이 일을 제가 지원한 부분에 일을 잘 해낼 자신이 있고 경험이 있기 때문에 지원을 한 것입니다. 어 저는 동일한 일을 전 직장에서도 계속 해왔고 그 누구보다 제가 하는 일에 대한 어 자부심과 열정을 가지고 있습니다. 또한 평가 역시 조 좋다 라고 생각하고 있습니다. 저는 제 할 일에 대해서 누구보다 잘 알고 있으며 현재 이 시장이 어떻게 돌아가는지를 잘 알고 있습니다. 어 누구보다 빠르게 대처할 수 있고 누구보다 트렌드에 민감하게 대처할 수 있다 라고 자신 자신 합니다.","wordCount":90},"emotion":[],"intent":[{"text":"","expression":"","category":"attitude"}],"summary":{"text":"저는 경력직으로 지원했고 일에 대한 자부심과 열정을 가지고 있으며 현재 시장이 어떻게 돌아가는지를 잘 알고 있습니다. 또한 누구보다 빠르게 대처할 수 있고 누구보다 트렌드에 민감하게 대처할 수 있다고 자신 합니다.","wordCount":30}}},"rawDataInfo":{"question":{"fileFormat":"wav","fileSize":197198,"duration":6160,"samplingBit":16,"channelCount":1,"samplingRate":"16kHz","audioPath":"/Mock/04.RND/Male/Experienced/ckmk_q_rnd_m_e_34309.wav"},"answer":{"fileFormat":"wav","fileSize":1498958,"duration":46840,"samplingBit":16,"channelCount":1,"samplingRate":"16kHz","audioPath":"/Mock/04.RND/Male/Experienced/ckmk_a_rnd_m_e_34309.wav"}}}