{"version":"1.0","dataSet":{"info":{"date":"20230116","occupation":"RND","channel":"MOCK","place":"ONLINE","gender":"MALE","ageRange":"35-44","experience":"EXPERIENCED"},"question":{"raw":{"text":"지원자님께선 가지고 있는 장점과 단점을 설명해 주시고 그것을 특화시키고 극복하기 위한 노력도 함께 설명 부탁드리겠습니다","wordCount":15},"emotion":[],"intent":[]},"answer":{"raw":{"text":"어 저의 장단점을 말씀드리겠습니다. 일단 저의 장점은 어 쉽게 포기하지 않는다는 게 저의 장점이 될 것 같습니다. 일단 무슨 일이 주어졌을 때 뭐 일 년에서 이 년 뭐 삼 년까지 해서 쭉 이끌고 가는 그런 어 좀 끈기 있는 모습이 있고 또한 이런 또 많은 경험을 갖고 있는 직원이다 라고 생각하시면 될 것 같습니다. 또 제가 직업 군인 부사관 생활을 또 오래 했고 그러다 보니까 많은 사람들을 대해 봤고 관리도 해 보고 또 그러다 보니까 이 사람에 대한 거부감이 일단 없고 사람에 대해서 이 사람이 무엇을 원하는지를 좀 빨리 캐치하는 능력도 있고 이제 그런 것들이 갖춰지고 전 회사에서 가진 경력들까지 가지다 보니까 지금 이 회사에서 와서 이 회사에 대한 그런 마인드를 제가 배운다고 하면은 정말 이 그게 극대화 돼서 저희 장점이 더욱더 부각이 될 것 같고 단점이라고 말씀드리면은 이제 제가 운동하고 좀 개인 시간을 좀 중요시 여깁니다 그러다 보니까 이제 퇴근 후에 운동을 통한 또 스트레스 해소 후에 또 다음 날 리플래시 돼있는 마음으로 출근할 수 있는데 지금 그런 시간들을 많이 가지려 한다 이제 그런 것들이 저의 단점이 될 수 있을 것 같습니다. 네 이상입니다.","wordCount":175},"emotion":[],"intent":[{"text":"일단 저의 장점은 어 쉽게 포기하지 않는다는 게 저의 장점이 될 것 같습니다.","expression":"c_person","category":"background"}],"summary":{"text":"저는 직업 군인 부사관 생활을 오래하다 보니 사람들에 대한 거부감이 없고 원하는 것을 빨리 캐치하는 능력도 있고 회사에서 가진 경력들까지 가지다 보니 제 장점은 쉽게 포기하지 않는 것이고 단점은 운동과 개인 시간을 중요시 여깁니다. 퇴근 후에 운동을 통한 스트레스 해소를 하는 편인데 그런 시간들을 많이 가지려 한다면 단점이 될 수도 있을 것 같습니다.","wordCount":53}}},"rawDataInfo":{"question":{"fileFormat":"wav","fileSize":400718,"duration":12520,"samplingBit":16,"channelCount":1,"samplingRate":"16kHz","audioPath":"/Mock/04.RND/Male/Experienced/ckmk_q_rnd_m_e_107530.wav"},"answer":{"fileFormat":"wav","fileSize":2716878,"duration":84900,"samplingBit":16,"channelCount":1,"samplingRate":"16kHz","audioPath":"/Mock/04.RND/Male/Experienced/ckmk_a_rnd_m_e_107530.wav"}}}