{"version":"1.0","dataSet":{"info":{"date":"20230116","occupation":"RND","channel":"MOCK","place":"ONLINE","gender":"MALE","ageRange":"45-54","experience":"EXPERIENCED"},"question":{"raw":{"text":"프로젝트를 수행했던 경험이 있으신가요 만약 있으시다면 프로젝트 내에서 본인이 어떤 역할을 했었는지 말씀 부탁드립니다","wordCount":14},"emotion":[],"intent":[]},"answer":{"raw":{"text":"프로젝트를 수행했던 경험이 있느냐 는 부분을 제가 지금까지 계속 해외 영업 관련돼서 업무를 진행을 해 왔었고 그 안에서 여러 가지 역할을 담당을 했었습니다. 리더서 리더로서의 역할을 한 적도 있었고요. 어 참여자 아 팀원으로서 어 옆에서 조력자의 역할도 했었던 적이 있었습니다. 기본적으로는 제가 중국 심천 사무소에 아무 것도 없는 상황에서 네 리더로서 아 직접 사무소를 구하고 그 안에서 일을 해야 되는 인원들을 직접 채용을 하였으며 그리고 영업 활동을 계속 진행을 하고 꽌시를 형성하면서 최종적으로는 매출 창출까지 이뤄낸 부분들은 팀 리더로서의 역할이라고 생각을 합니다. 그리고 한국에서는 그 업무를 팀원 팀장님이나 아니면 아 사업부장님이 어떠한 프로젝트를 진행을 할 때 팀원으로서 그리고 팀 조력자로서의 역할도 진행을 했다는 부분이 있습니다. 기본적으로는 어 팀원으로서 조력자의 역할을 했을 때 개인적인 성취감이 높은 부분들도 있었는데요. 어 팀 리더나 어 조력자로서의 역할을 둘 다 해본 경험은 가지고 있습니다.","wordCount":129},"emotion":[],"intent":[{"text":"","expression":"","category":"attitude"}],"summary":{"text":"해외 영업 관련돼서 업무를 진행을 해 왔었고 그 안에서 여러 가지 역할을 담당했습니다. 리더로서 직접 사무소를 구하고 그 안에서 일을 해야 되는 인원들을 직접 채용을 했으며 그리고 영업 활동을 계속 진행을 하고 꼴시를 형성하면서 최종적으로는 매출 창출까지 이뤄낸 부분들은 팀 리더로서의 역할이라고 생각합니다.","wordCount":43}}},"rawDataInfo":{"question":{"fileFormat":"wav","fileSize":279758,"duration":8740,"samplingBit":16,"channelCount":1,"samplingRate":"16kHz","audioPath":"/Mock/04.RND/Male/Experienced/ckmk_q_rnd_m_e_49713.wav"},"answer":{"fileFormat":"wav","fileSize":2667598,"duration":83360,"samplingBit":16,"channelCount":1,"samplingRate":"16kHz","audioPath":"/Mock/04.RND/Male/Experienced/ckmk_a_rnd_m_e_49713.wav"}}}