{"version":"1.0","dataSet":{"info":{"date":"20230116","occupation":"RND","channel":"MOCK","place":"ONLINE","gender":"MALE","ageRange":"35-44","experience":"EXPERIENCED"},"question":{"raw":{"text":"지원자분께서 회사에 들어오시고 난 뒤에 선배를 만나게 된다면 어떤 모습의 선배를 만나고 싶으신지에 대해서 답변 부탁드리겠습니다 그 이유까지도 함께 이야기해 주신다면 좋겠습니다","wordCount":22},"emotion":[],"intent":[]},"answer":{"raw":{"text":"네 선배님들 반갑습니다. 항상 많은 선배님들 그 같이 가까이에서 뵙고 모시고 또 필요할 때 많은 도움을 주고 받고 할 수 있으면 그 저한테 천군만마와 같은 그 어 환경이 조성이 되기 때문에 얼마나 좋겠습니까 당연히 좋은 일이고 환영하는 일입니다. 그 좋은 선배들이 많이 있기 때문에 그분들이 주변에서 더 같이 이렇게 노력하고 발전할 수 있기를 바랍니다. 하지만 우려스러운 것은 대한민국의 어떤 기업 내에 학연 지연 혈연 이런 것들은 너무 많이 이제 팽배되어 있다 보니까 그런 파벌에 대한 우려를 전 조금이나 좀 그 좀 부정적인 시각으로 보는 것도 있습니다. 어 때로는 그 파벌 간의 어떤 그런 알력으로 인하여 기업 발전에 마이너스가 되는 그런 것도 조금은 좀 느껴봤고 아 진정 이것이 그 기업 발전에 최선은 아니지 않는가 그런 생각을 합니다. 다행히도 그런 그 유학파들이 많이 들어와서 그런 부분이 많이 해소가 되긴 하지만 일단 유학파들이 국내에 와서 적응하기 어려운 부분에 큰 이유 중의 하나라고도 생각을 합니다. 그 선배님들 중요하지만은 그냥 모두의 선배고 입사 선배고 하지 어떤 그런 회사나 그런 학교 선배가 아닌 그냥 모두에게 입사 선배 나의 선배 이런 것으로 마무리가 잘 됐으면 좋겠습니다.","wordCount":169},"emotion":[],"intent":[{"text":"","expression":"","category":"attitude"}],"summary":{"text":"좋은 선배들이 많이 있기 때문에 더 같이 노력하고 발전할 수 있기를 바랍니다. 파벌 간의 알력으로 기업 발전에 마이너스가 되는 것도 느껴봤고 이것이 기업 발전에 최선은 아닌 것 같습니다. 다행히도 유학파들이 많이 들어와 그런 부분이 많이 해소되긴 했지만 일단 유학파들은 국내에 와서 적응하기 어려운 이유 중의 하나라고 생각합니다.","wordCount":47}}},"rawDataInfo":{"question":{"fileFormat":"wav","fileSize":537678,"duration":16800,"samplingBit":16,"channelCount":1,"samplingRate":"16kHz","audioPath":"/Mock/04.RND/Male/Experienced/ckmk_q_rnd_m_e_302564.wav"},"answer":{"fileFormat":"wav","fileSize":3047118,"duration":95220,"samplingBit":16,"channelCount":1,"samplingRate":"16kHz","audioPath":"/Mock/04.RND/Male/Experienced/ckmk_a_rnd_m_e_302564.wav"}}}