{"version":"1.0","dataSet":{"info":{"date":"20230116","occupation":"RND","channel":"MOCK","place":"ONLINE","gender":"MALE","ageRange":"45-54","experience":"EXPERIENCED"},"question":{"raw":{"text":"개인적으로 공부를 어떻게 하시는지 말씀해 주세요 강의도 좋고 책 읽은 책에 관해서도 좋습니다","wordCount":13},"emotion":[],"intent":[]},"answer":{"raw":{"text":"저는 개인적으로 제가 필요한 공부가 있다 그러면 주로 책을 구입해서 공부를 하는 편입니다. 어 책은 일단 제가 뭐 알고 싶어하는 그 분야에 전문가가 작성을 한 곳이기 때문에 어 물론 뭐 전문가도 많고 책도 많겠지만 잘 선별을 해 가지고 어 책을 선택을 하고 그 책으로 어 주로 공부를 합니다. 물론 그 책이나 그 공부 안에 관련된 뭐 동영상이나 뭐 강의 같은 것도 주로 찾아보는 편입니다. 뭐 강의를 직접 뭐 찾아가서 듣진 못하드래도 요즘은 뭐 유투브나 뭐 이런 매체를 통해 가지고 관련된 강의가 많이 있기 때문에 제가 관심 있는 분야에 대한 강의는 뭐 조금의 수고만 한다면 어 여러 가지로 이렇게 뭐 찾아서 청취를 할 수가 있다 있습니다. 어 근데 책으로 공부하는 가장 큰 이유는 그 근거를 남기고 싶어 섭니다. 뭔가 제가 그 공부를 하고 나서 다시 그거를 찾아보고 싶을 때 뭐 책이나 자료가 없으면 이게 좀 이례적이다 보니 저는 개인적으로 제가 공부하거나 관심 있는 분야가 있으면 거기에 관련된 전문서적을 구입해서 책으로 보고 그 책을 잘 보관하는 편입니다.","wordCount":155},"emotion":[],"intent":[{"text":"저는 개인적으로 제가 필요한 공부가 있다 그러면 주로 책을 구입해서   공부를 하는 편입니다.","expression":"r_info_col","category":"attitude"},{"text":"어 책은 일단 제가 뭐 알고 싶어하는 그 분야에 전문가가 작성을 한 곳이기 때문에   어 물론 뭐 전문가도 많고 책도 많겠지만 잘 선별을 해 가지고 어 책을 선택을 하고 그 책으로   어 주로 공부를 합니다.","expression":"r_info_col","category":"attitude"},{"text":"물론 그 책이나 그 공부 안에 관련된 뭐 동영상이나 뭐 강의 같은 것도 주로 찾아보는 편입니다.","expression":"r_info_col","category":"attitude"},{"text":"뭐 강의를 직접 뭐   찾아가서 듣진 못하드래도 요즘은 뭐 유투브나 뭐 이런 매체를 통해 가지고 관련된 강의가 많이 있기 때문에 제가 관심 있는 분야에 대한 강의는 뭐 조금의 수고만 한다면 어 여러 가지로   이렇게 뭐 찾아서 청취를 할 수가 있다 있습니다.","expression":"r_info_col","category":"attitude"},{"text":"보니 저는 개인적으로 제가 공부하거나 관심 있는 분야가 있으면 거기에 관련된 전문서적을 구입해서 책으로 보고 그 책을 잘 보관하는 편입니다.","expression":"r_info_col","category":"attitude"}],"summary":{"text":"개인적으로 필요한 공부가 있다면 책을 구입해서 공부를 하는 편입니다. 그 분야에 전문가가 작성을 하였기 때문에 책을 선택하고 관련된 동영상이나 강의도 주로 찾아보는 편입니다.","wordCount":23}}},"rawDataInfo":{"question":{"fileFormat":"wav","fileSize":300878,"duration":9400,"samplingBit":16,"channelCount":1,"samplingRate":"16kHz","audioPath":"/Mock/04.RND/Male/Experienced/ckmk_q_rnd_m_e_53858.wav"},"answer":{"fileFormat":"wav","fileSize":2503758,"duration":78240,"samplingBit":16,"channelCount":1,"samplingRate":"16kHz","audioPath":"/Mock/04.RND/Male/Experienced/ckmk_a_rnd_m_e_53858.wav"}}}