{"version":"1.0","dataSet":{"info":{"date":"20230116","occupation":"RND","channel":"MOCK","place":"ONLINE","gender":"MALE","ageRange":"45-54","experience":"EXPERIENCED"},"question":{"raw":{"text":"어 혹시 구체적인 실무 및 연구 경험이 있을까요","wordCount":8},"emotion":[],"intent":[]},"answer":{"raw":{"text":"아 제가 아직까지는 이쪽 분야에서 구체적인 실무나 연구를 해 본 적은 없습니다. 아 하지만 그 예전부터 워낙 관심이 있었던 분야라서 어 이론적인 사항은 어 많이 알고 있습니다. 학교 다닐 때는 관련 서적이나 논문 등을 많이 찾아봤고요. 그리고 어 교수님들과 관련해 가지고 대화도 많이 나눠 봤습니다. 어 그때는 어 이쪽 분야가 어 막 시작하는 그런 초기 단계라서 사람들의 관심이 많이 없었는데요. 아 저는 어 왠지 모르게 앞으로 이쪽 분야가 어 미래 미래에 어 크게 발전될 거라는 그런 생각에 음 그런 뭐 많은 그 정보가 없었긴 했지만 어 스스로 그런 그 정보들을 찾아서 어 공부를 했었습니다.","wordCount":94},"emotion":[],"intent":[{"text":"","expression":"","category":"attitude"}],"summary":{"text":"지금까지는 이쪽 분야에서 실무나 연구를 해 본 적이 없지만, 학교 다닐 때는 관련 서적이나 논문을 많이 찾아봤고, 교수님들과 대화도 많이 나눴습니다. 앞으로 이 분야가 크게 발전될 거라는 생각에 스스로 정보를 찾아 공부를 했습니다.","wordCount":33}}},"rawDataInfo":{"question":{"fileFormat":"wav","fileSize":239758,"duration":7490,"samplingBit":16,"channelCount":1,"samplingRate":"16kHz","audioPath":"/Mock/04.RND/Male/Experienced/ckmk_q_rnd_m_e_102360.wav"},"answer":{"fileFormat":"wav","fileSize":2473038,"duration":77280,"samplingBit":16,"channelCount":1,"samplingRate":"16kHz","audioPath":"/Mock/04.RND/Male/Experienced/ckmk_a_rnd_m_e_102360.wav"}}}