{"version":"1.0","dataSet":{"info":{"date":"20230116","occupation":"RND","channel":"MOCK","place":"ONLINE","gender":"MALE","ageRange":"35-44","experience":"EXPERIENCED"},"question":{"raw":{"text":"지원자 분의 장점과 단점을 설명해 주시고 그것을 특화시키고 극복하기 위한 노력도 함께 말씀해 주시기 바랍니다","wordCount":15},"emotion":[],"intent":[]},"answer":{"raw":{"text":"네 저의 장점과 단점에 대해서 말씀드리겠습니다. 그러 그리고 제가 그거를 극복하기 위한 노력도 답변 드리도록 하겠습니다. 일단 장점과 단점이 저는 동일하고 어 항상 모든 것들에 대해서 여유롭고 긍정적인 생각을 가지면서 여유를 갖고 진행하자 이게 차분하게 그게 저의 어 마인드인데 그런 부분에 대해서 장점으로 봐주는 사람들도 많이 있고 단점으로 봐주는 사람도 있는 것 같습니다. 네 이제 그런 모습을 여유롭게 자기 업무에 대한 성과라든지 뭐 빈틈없게끔만 진행하면 그 부분을 장점을 봐주는데 단점으로 느끼는 분은 어 좀 한가해 보이고 일에 대한 어 적극성이 떨어진다 이렇게 봐주는 사람도 있기 때문에 그걸 극복하기 위해서 제가 노력한 부분은 오히려 제 업무 이상을 해버리게 되면은 아 정말 능력이 있어서 저렇게 여유가 있었던 거구나 하고 이러한 단점들이 장점으로 승화될 수 있지 않을까 싶습니다. 그런 부분에 의해서도 많이 노력했던 것 같고 특화시키기 위해서 앞으로도 더욱더 그런 부분들이 자 장점으로 보이게끔 하는 게 저의 노력이지 않을까 싶습니다. 이상입니다.","wordCount":138},"emotion":[],"intent":[{"text":"일단 장점과 단점이 저는 동일하고 어 항상 모든 것들에 대해서 여유롭고 긍정적인 생각을 가지면서 여유를 갖고 진행하자 이게 차분하게 그게 저의 어 마인드인데 그런 부분에 대해서 장점으로 봐주는 사람들도 많이 있고 단점으로 봐주는 사람도 있는 것 같습니다.","expression":"c_person","category":"background"},{"text":"네 이제 그런 모습을 여유롭게 자기 업무에 대한 성과라든지 뭐 빈틈없게끔만 진행하면 그 부분을 장점을 봐주는데 단점으로 느끼는 분은 어 좀 한가해 보이고 일에 대한 어 적극성이 떨어진다","expression":"c_person","category":"background"}],"summary":{"text":"저는 항상 모든 것들에 대해서 여유롭고 긍정적인 생각을 가지면서 여유를 갖고 진행하자는 마인드를 가지고 있습니다. 이것을 장점으로 인정하는 사람들도 있고 단점으로 인정하는 사람도 있기 때문에 그것을 극복하기 위해서 노력을 많이 했습니다. 앞으로도 그러한 부분들이 장점으로 보이게끔 하는 게 저의 노력이지 않을까 싶습니다.","wordCount":42}}},"rawDataInfo":{"question":{"fileFormat":"wav","fileSize":404558,"duration":12640,"samplingBit":16,"channelCount":1,"samplingRate":"16kHz","audioPath":"/Mock/04.RND/Male/Experienced/ckmk_q_rnd_m_e_236282.wav"},"answer":{"fileFormat":"wav","fileSize":2588238,"duration":80880,"samplingBit":16,"channelCount":1,"samplingRate":"16kHz","audioPath":"/Mock/04.RND/Male/Experienced/ckmk_a_rnd_m_e_236282.wav"}}}