{"version":"1.0","dataSet":{"info":{"date":"20230116","occupation":"RND","channel":"MOCK","place":"ONLINE","gender":"MALE","ageRange":"35-44","experience":"EXPERIENCED"},"question":{"raw":{"text":"지원자님께선 공부를 매일 하고 있는 분야가 있으신지 있으시다면 그게 무엇인지 말씀해 주세요","wordCount":12},"emotion":[],"intent":[]},"answer":{"raw":{"text":"네 저는 건축 설비 기술사 공부를 매일 하고 있으며 지금 그 현업에서도 하는 가운데 도움이 되는 부분이 있기 때문에 계속해서 기술사 준비를 하는 하는 과정에 어 업무에 도움이 되도록 노력을 하도록 하겠습니다.","wordCount":32},"emotion":[],"intent":[{"text":"네 저는 건축 설비 기술사 공부를 매일 하고 있으며 지금   그 현업에서도 하는 가운데 도움이 되는 부분이 있기 때문에 계속해서 기술사 준비를 하는 하는 과정에   어 업무에 도움이 되도록 노력을 하도록 하겠습니다.","expression":"r_prof","category":"attitude"}],"summary":{"text":"저는 건축 설비 기술사 공부를 매일 하고 있으며 업무에 도움이 되도록 노력을 하도록 하겠습니다. 앞으로도 그러하도록 하였습니다.","wordCount":17}}},"rawDataInfo":{"question":{"fileFormat":"wav","fileSize":294478,"duration":9200,"samplingBit":16,"channelCount":1,"samplingRate":"16kHz","audioPath":"/Mock/04.RND/Male/Experienced/ckmk_q_rnd_m_e_84825.wav"},"answer":{"fileFormat":"wav","fileSize":690318,"duration":21570,"samplingBit":16,"channelCount":1,"samplingRate":"16kHz","audioPath":"/Mock/04.RND/Male/Experienced/ckmk_a_rnd_m_e_84825.wav"}}}