{"version":"1.0","dataSet":{"info":{"date":"20230116","occupation":"RND","channel":"MOCK","place":"ONLINE","gender":"MALE","ageRange":"45-54","experience":"EXPERIENCED"},"question":{"raw":{"text":"그 배달 어플들 많은데 그중에서 그 배달의 민족 서비스에서 아쉬운 부분이 있으면 어떤 부분인지 말씀해 주시겠습니까","wordCount":16},"emotion":[],"intent":[]},"answer":{"raw":{"text":"배달의민족 서비스에서 아쉬운 부분이라고 한다면 우리가 먼저 배달의민족이라는 건 어떤 것인가를 알아야 될 텐데요. 대한민국 안에서 배달 서비스를 진행하는 여러 업체들 중에서도 배달의민족은 독점적 지위를 가지고 있는 업체라고 생각을 합니다. 그 하나하나의 서비스 관련된 부분들에 대해서 일반 사람들이 일반 고객인 저의 경우 가끔씩 사용을 하고 있긴 하지만 배달의민족 서비스가 다른 타 경쟁사 대비해서 어떤 게 특별히 좋다는 그런 이미지는 떠오르지 않습니다. 따라서 독점적 지위를 가지고 있는 많은 어 시장에 점유율을 가지고 있는 배달의민족 서비스에서 어떤 특별한 서비스가 떠오르지 않는다면 저는 그 부분이야말로 아쉬운 부분이라고 생각을 하고 있습니다. 그런 독점 점유율이 높은 점유율과 독점적 지위를 어느 정도 갖고 있고 그 다음에 어 규모도 있는 배달의민족 서비스가 다른 타 경쟁사와 대비해서 어 이것만은 나 내세울 수 있는 그런 서비스의 부분들을 어 물론 있을지도 모르겠지만 일반 고객들한테도 홍보를 하면서 그런 부분들이 마케팅 포인트로 어 스트롱 포인트로도 사용할 수 있지 않을까 좀 더 홍보가 필요하다고 생각합니다.","wordCount":142},"emotion":[],"intent":[{"text":"","expression":"","category":"attitude"}],"summary":{"text":"배달의민족은 독점적 지위를 가지고 있는데, 어떤 서비스가 특별히 좋다는 이미지는 떠오르지 않습니다. 독점 점유율이 높은 점유율을 가지고 있고, 또 다른 경쟁사와 대비해서 내세울 수 있는 서비스들을 일반 고객들한테도 홍보하면서, 마케팅 포인트나 스트롱 포인트로 사용할 수 있지 않을까 좀 더 홍보가 필요합니다.","wordCount":41}}},"rawDataInfo":{"question":{"fileFormat":"wav","fileSize":537678,"duration":16800,"samplingBit":16,"channelCount":1,"samplingRate":"16kHz","audioPath":"/Mock/04.RND/Male/Experienced/ckmk_q_rnd_m_e_49650.wav"},"answer":{"fileFormat":"wav","fileSize":2814798,"duration":87960,"samplingBit":16,"channelCount":1,"samplingRate":"16kHz","audioPath":"/Mock/04.RND/Male/Experienced/ckmk_a_rnd_m_e_49650.wav"}}}