{"version":"1.0","dataSet":{"info":{"date":"20230116","occupation":"RND","channel":"MOCK","place":"ONLINE","gender":"MALE","ageRange":"45-54","experience":"EXPERIENCED"},"question":{"raw":{"text":"입사 후 본인이 직접 해외 출장 장소를 선택할 수 있다면 꼭 한번 가서 일해보고 싶은 나라가 있다면 그 나라 명과 이유를 간단하게 말씀해 주세요","wordCount":24},"emotion":[],"intent":[]},"answer":{"raw":{"text":"어 개인적으로 일하 해보고 싶은 나라가 있다면 그것은 일본입니다. 일본은 우리가 흔히 가깝고도 먼 나라라고 하는 것처럼 우리와 많이 비슷하면서 역사적으로 우리나라와 척을 지고 있다 보니 여러 가지로 어 생각이 많이 다른 게 사실입니다. 하지만 어 지역적으로 우리나라랑 가까이 있다 보니 지금 어 우리는 일본 시장을 무시할 수가 없습니다. 일본은 어 그 거품 경제라고 해 가지고 꽤 오랫동안 침체돼 있지만 그래도 어 뭐 수출이라든지 그런 물류의 이동으로 봤을 때 어 다른 시장보다는 일본이 다른 동남아 시장에 동남아 시장을 겨냥해서 저가의 물건을 파는 것보다는 좀 더 상품의 퀄리티를 높여서 일본 시장을 개척하는 것이 훨씬 더 회사 입장에서는 바람직하다고 봅니다. 저는 그래서 일본어를 어 일본어를 할 수 있을 뿐만 아니라 어 개인적으로 일본에는 그 친 누님이 살고 계셔가지고 어 일본 개인적으로 제가 근무하고 싶은 국가를 선택하라면 일본을 선택하고 선택하겠습니다.","wordCount":127},"emotion":[{"text":"어 개인적으로 일하 해보고 싶은 나라가 있다면 그것은 일본입니다.","expression":"p-interest","category":"positive"},{"text":"저는 그래서 일본어를 어   일본어를 할 수 있을 뿐만 아니라 어 개인적으로 일본에는 그 친 누님이 살고 계셔가지고 어 일본 개인적으로 제가 근무하고 싶은 국가를 선택하라면 일본을 선택하고 선택하겠습니다.","expression":"p-interest","category":"positive"}],"intent":[{"text":"","expression":"","category":"attitude"}],"summary":{"text":"개인적으로 일하고 싶은 나라는 일본입니다. 지역적으로 가깝다 보니 무시할 수 없습니다. 거품 경제라고 해서 침체돼 있지만 다른 시장보다는 일본 시장을 개척하는 것이 바람직하다고 생각합니다.","wordCount":24}}},"rawDataInfo":{"question":{"fileFormat":"wav","fileSize":562638,"duration":17580,"samplingBit":16,"channelCount":1,"samplingRate":"16kHz","audioPath":"/Mock/04.RND/Male/Experienced/ckmk_q_rnd_m_e_54268.wav"},"answer":{"fileFormat":"wav","fileSize":2310478,"duration":72200,"samplingBit":16,"channelCount":1,"samplingRate":"16kHz","audioPath":"/Mock/04.RND/Male/Experienced/ckmk_a_rnd_m_e_54268.wav"}}}