{"version":"1.0","dataSet":{"info":{"date":"20230116","occupation":"RND","channel":"MOCK","place":"ONLINE","gender":"MALE","ageRange":"35-44","experience":"EXPERIENCED"},"question":{"raw":{"text":"어 전공 외에 본인의 실력이 수준급이 될 정도로 노력한 게 있으신가요 있으시다면 그것이 전공과 관련돼서 어떤 도움을 주는지도 설명해 주시기를 바랍니다","wordCount":21},"emotion":[],"intent":[]},"answer":{"raw":{"text":"네 전공 외에 본인이 수준급 실력이 될 정도로 노력한 부분이 무엇인가에 대해서 한번 생각을 해 보았습니다. 어 일단 저는 대학교 다닐 때도 컴퓨터에 관련된 일들에 대해서 많이 자격증도 취득을 하고 많이 준비를 한 것 같습니다. 그 이유는 어느 공공기관이든 회사든 모든 기업이든 이런 문서화 시킬 수 있는 능력 그리고 또 보고서 작성 능력 이 부분이 저는 굉장히 중요하다고 생각합니다. 그러면 상급 업무를 단계에 가는 것도 이런 보고서의 완성도라든지 이런 것들이 굉장히 중요하기 때문에 그래서 저는 자격증을 컴퓨터와 관련된 거 열 두 개 정도 취득을 했고 또 이런 실무 경험도 많이 있습니다. 어 군생활 할 때도 군 생활도 이런 보고서나 문서 작성 이런 능력들이 굉장히 많이 필요로 합니다. 그래서 그런 데서 많이 또 경험도 있고 어떻게 해야 이 보고를 받는 사람이 이 문서에 함축되어 있는 내용을 보고 바로 파악이 되고 인지가 되는지도 알고 하기 때문에 저는 이런 수준급의 실력이 될 정도로 노력한 부분은 이런 문서 작성 보고서 작성 부분이 될 것 같습니다. 이거는 제가 이제 회사 생활을 여기 와서도 분명히 큰 도움이라 될 것이라 판단하고 있습니다. 이상입니다.","wordCount":166},"emotion":[],"intent":[{"text":"그러면 상급 업무를 단계에 가는 것도 이런 보고서의 완성도라든지 이런 것들이 굉장히 중요하기 때문에 그래서 저는 자격증을 컴퓨터와 관련된 거 열 두 개 정도 취득을 했고 또 이런 실무 경험도 많이 있습니다.","expression":"r_prof","category":"attitude"}],"summary":{"text":"저는 대학교 다닐 때도 컴퓨터와 관련된 일들에 대해 자격증을 취득하고 많이 준비를 한 것 같습니다. 문서화 능력, 보고서 작성 능력이 중요하기 때문에 자격증을 열 두 개 취득했고 실무 경험도 많이 있습니다. 군생활 할 때도 군 생활도 이런 보고서나 문서 작성 능력들이 굉장히 많이 필요합니다. 제가 이렇게 노력한 부분은 이런 문서 작성 보고서 작성 부분이 될 것입니다.","wordCount":56}}},"rawDataInfo":{"question":{"fileFormat":"wav","fileSize":503758,"duration":15740,"samplingBit":16,"channelCount":1,"samplingRate":"16kHz","audioPath":"/Mock/04.RND/Male/Experienced/ckmk_q_rnd_m_e_236276.wav"},"answer":{"fileFormat":"wav","fileSize":2801038,"duration":87530,"samplingBit":16,"channelCount":1,"samplingRate":"16kHz","audioPath":"/Mock/04.RND/Male/Experienced/ckmk_a_rnd_m_e_236276.wav"}}}