{"version":"1.0","dataSet":{"info":{"date":"20230116","occupation":"RND","channel":"MOCK","place":"ONLINE","gender":"MALE","ageRange":"35-44","experience":"EXPERIENCED"},"question":{"raw":{"text":"어 다른 사람이 생각하는 본인의 장점과 단점은 무엇이라고 생각하시나요 그리고 그렇게 생각하시는 이유도 한 번 말씀해 주시길 바랍니다","wordCount":18},"emotion":[],"intent":[]},"answer":{"raw":{"text":"네 다른 사람이 생각하는 저의 장단점에 대해서 한번 생각해 보았습니다. 그래서 그 부분에 대해서도 답변을 드리도록 하겠습니다. 일단 저는 장단점이 동일할 것으로 판단합니다. 어 제가 좀 여유로운 성격과 여유롭게 하는 자세들을 갖고 있는데 그런 부분에 의해서 장점이라고 봐주는 사람도 있고 단점이라고 봐지는 사람도 있는 것 같습니다. 여유를 갖는다는 것은 저희가 이제 업무 스케줄을 미리 짜놓고 급한 일부터 처리를 해 놓게 되고 그날 해야 할 일을 꼭 무조건 먼저 끝내 놓게 되면은 어 마음적으로나 어 자세적으로나 여유를 가질 수 있다고 생각합니다. 그렇게 여유를 갖게 되면은 그런 부분에서 이제 장점이 될 수 있을 것 같고 이 단점으로 보시는 분들은 대부분은 그 부분에 대해서 인제 좀 한가해 보이고 여유로워 보이는 모습에 업무에 대한 관심도가 적나 이렇게 판단을 해서 단점으로 보는 것 같습니다. 네 그에 따른 저의 대응 방법은 오히려 더 그러 업무에 대한 성과라든지 이런 데 있어서 빈틈이 보이지 않고 어 또 성과 있는 업무 능력을 보여준다면은 저 사람은 원래 하던 일을 다 하고도 저렇게 여유가 있었던 거구나 하고 더 좋게 볼 수 있기 때문에 또 그 사람들이 느꼈던 그런 단점이 장점으로 또 승화될 수 있지 않을까 싶습니다. 네 이상입니다.","wordCount":177},"emotion":[],"intent":[{"text":"어 제가 좀 여유로운 성격과 여유롭게 하는 자세들을 갖고 있는데 그런 부분에 의해서 장점이라고 봐주는 사람도 있고 단점이라고 봐지는 사람도 있는 것 같습니다.","expression":"c_person","category":"background"}],"summary":{"text":"여유는 업무 스케쥴을 미리 짜놓고 그날 해야 할 일을 무조건 먼저 끝내 놓으면 마음적으로나 자세적으로나 여유를 가질 수 있습니다. 네 그에 따른 대응 방법은 오히려 더 빈틈이 보이지 않고 성과 있는 업무 능력을 보여 준다면 저 사람은 원래 하던 일을 다 하고도 여유가 있었던 거구나 하고 더 좋게 볼 수 있기 때문에 또 장점으로 또 승화될 수 있지 않을까 싶습니다.","wordCount":60}}},"rawDataInfo":{"question":{"fileFormat":"wav","fileSize":497358,"duration":15540,"samplingBit":16,"channelCount":1,"samplingRate":"16kHz","audioPath":"/Mock/04.RND/Male/Experienced/ckmk_q_rnd_m_e_236281.wav"},"answer":{"fileFormat":"wav","fileSize":2719438,"duration":84980,"samplingBit":16,"channelCount":1,"samplingRate":"16kHz","audioPath":"/Mock/04.RND/Male/Experienced/ckmk_a_rnd_m_e_236281.wav"}}}