{"version":"1.0","dataSet":{"info":{"date":"20230116","occupation":"RND","channel":"MOCK","place":"ONLINE","gender":"MALE","ageRange":"35-44","experience":"EXPERIENCED"},"question":{"raw":{"text":"어 만약 지원자님이 지원하신 하고 싶었던 직무가 아닌 다른 직무를 맡게 되는 경우가 생길 수도 있는데요 어 이런 경우에는 어떻게 하시겠습니까 그래도 괜찮으신가요","wordCount":23},"emotion":[],"intent":[]},"answer":{"raw":{"text":"어떤 업무를 맡던 일단 저는 그 직무를 맡고 싶어서 입사한 것도 맞지만 지금 이 회사가 좋아서 지원한 것도 맞기 때문에 다른 업무를 맡아도 저는 일단 열심히 할 것입니다. 왜냐하면 직무와 회사 둘 다 맘에 든다면 좋지만 직무는 제가 원하는 것이 아니더라도 이 회사에서 다른 업무를 통해서 또한 저의 성장을 할 수 있기 때문입니다. 저 또한 업무 역량과 성과를 많이 발전시켜서 이 회사에서 자리를 잡고 일 년에서 이 년 동안 업무에 전수 전문성을 키우겠습니다. 그렇게 해서 성과를 내고 추후에 제가 그래도 다른 업무를 하고 싶다면 그때는 부서장이나 팀장 또는 본부장님에게 건의를 하겠습니다. 본부장님 제가 원래 할려고 하던 일은 이 일이 아니었습니다. 하지만 그 부서에 티오가 없어 현재 이 업무를 이 년 넘게 맡고 있고 저는 여기서 전문성도 키우고 역량도 늘려 성과도 내고 있습니다. 저의 이런 성실함과 능력을 가지고 제가 원래 할려고 했던 그 직무로 배정을 해 주신다면 저는 기존에 갖고 있던 능력과 현재 이 업무에서 가지고 있는 능력을 가지고 그 업무로 돌아가서 시너지를 낼 수 있을 것 같습니다. 그렇게 보고를 하고 보직 전환을 요청하겠습니다. 만약 그 후에도 저를 다른 부서로 보내주지 않는다면 그때는 과감하게 퇴사를 하겠습니다.","wordCount":175},"emotion":[],"intent":[{"text":"","expression":"","category":"attitude"}],"summary":{"text":"어떤 업무를 맡던 저는 그 직무를 맡고 싶어서 입사한 것도 맞지만 지금 이 회사가 좋아서 지원한 것도 맞기 때문에 다른 업무를 맡아도 열심히 할 것입니다. 직무와 회사 둘 다 맘에 든다면 좋지만 직무는 제가 원하는 것이 아니더라도 이 회사에서 다른 업무를 통해서 또한 저의 성장을 할 수 있기 때문입니다.","wordCount":49}}},"rawDataInfo":{"question":{"fileFormat":"wav","fileSize":480078,"duration":15000,"samplingBit":16,"channelCount":1,"samplingRate":"16kHz","audioPath":"/Mock/04.RND/Male/Experienced/ckmk_q_rnd_m_e_196694.wav"},"answer":{"fileFormat":"wav","fileSize":2774478,"duration":86700,"samplingBit":16,"channelCount":1,"samplingRate":"16kHz","audioPath":"/Mock/04.RND/Male/Experienced/ckmk_a_rnd_m_e_196694.wav"}}}