{"version":"1.0","dataSet":{"info":{"date":"20230116","occupation":"RND","channel":"MOCK","place":"ONLINE","gender":"MALE","ageRange":"45-54","experience":"EXPERIENCED"},"question":{"raw":{"text":"본인이 이루고 싶은 인생의 목표는 무엇인가요","wordCount":6},"emotion":[],"intent":[]},"answer":{"raw":{"text":"이루고 싶은 인생의 목표가 있다면 지금 계속 회사 생활을 진행을 하며 제가 언제 몇 살에 은퇴를 하게 될지는 모르겠으나 제 목표는 육십 살에 아 인 은퇴를 하고 싶습니다. 은퇴 후에 안정적인 삶을 바라는 건 모든 사람이 동일하게 생각을 하고 있고요. 동일하다고 생각을 하고 있고요. 어 나 인생의 목표라고 한다고 하면 제가 전세계를 돌아다니며 전세계에서 여행도 괜찮 좋겠지만 그중에 제가 좋아하는 곳에서 한 달도 좋고 두 달도 좋고 그렇게 머물면서 어 천천히 현지의 문화와 음식과 사람들을 만나며 교류를 하고 싶은 꿈을 가지고 있습니다. 그게 어느 나라인지 아니면 어디가 될지는 모르겠지만 물론 외국일 수도 있고 한국일 수도 있고 그런 부분들을 위해서 지금도 영어 중국어 일본어 이외에 여러 가지 다양한 자격증을 어 따고 있구요. 그게 현지에 가서 유유자작 하면서 쉬면서 보는 쓸 수도 있지만 여러 가지 소일거리를 할 수 있는 부분들도 있어서 그런 부분들을 계속 지금도 준비를 해 오고 있습니다.","wordCount":137},"emotion":[],"intent":[{"text":"","expression":"","category":"attitude"}],"summary":{"text":"회사 생활을 계속 하며 제 목표는 60살에 은퇴를 하고 싶습니다. 은퇴 후에 안정적인 삶을 바라는 건 모든 사람이 같다고 생각합니다. 제 인생의 목표는 전세계를 돌아다니며 천천히 현지의 문화와 음식과 사람들을 만나며 교류를 하고 싶은 꿈입니다. 지금도 다양한 자격증을 따고 있고, 소일거리를 위한 준비를 하고 있습니다.","wordCount":45}}},"rawDataInfo":{"question":{"fileFormat":"wav","fileSize":239758,"duration":7490,"samplingBit":16,"channelCount":1,"samplingRate":"16kHz","audioPath":"/Mock/04.RND/Male/Experienced/ckmk_q_rnd_m_e_46658.wav"},"answer":{"fileFormat":"wav","fileSize":2634318,"duration":82320,"samplingBit":16,"channelCount":1,"samplingRate":"16kHz","audioPath":"/Mock/04.RND/Male/Experienced/ckmk_a_rnd_m_e_46658.wav"}}}