{"version":"1.0","dataSet":{"info":{"date":"20230116","occupation":"RND","channel":"MOCK","place":"ONLINE","gender":"MALE","ageRange":"35-44","experience":"EXPERIENCED"},"question":{"raw":{"text":"직무지식과 역량 태도 이 세 가지 요소 중에서 본인이 제일 중요하게 생각하시는 것과 그것을 중요하게 생각하시는 이유를 함께 얘기해 주세요","wordCount":20},"emotion":[],"intent":[]},"answer":{"raw":{"text":"에 저는 당연히 태도가 가장 중요하다 고 생각을 합니다. 어 이유는 간단하죠. 그 업무 지식과 역량도 중요하겠지마는 이것은 저희가 베이스에 깔려있는 기본적으로 누구나 갖추어져야 할 그런 업무의 능력과 그 기본 그 함량 소양이라고 생각을 하면은 그것이 일상 그 업무에 있어서 어떻게 남에게 보여주고 비추어지느냐 그것은 결코 다른 것이라고 생각합니다. 예를 들어서 회사 이에 어떤 안 좋은 상황이 발생이 됐을 때 그분이 그런 것을 어떻게 잘 마무리하고 잘 대외적으로 표시를 안 내고 또 그 운영을 하고 관리해 나갈 수 있는 것이 이제 그 분이 하는 그런 말씀 언행 태도 심지어는 복장 헤어 스타일 모든 것들이 그 기업에 대한 미래 비전 또는 자신과 기업에 대한 그 모든 직원들에 대한 그 흔들림없는 모든 것을 보여줄 수 있기 때문에 제가 보기에는 어떤 그런 상급 관리자로부터 중간 관리자 또는 밑에 있는 모든 직원들까지 그 지식과 역량을 떠나서 모든 것을 아우러서 보여줄 수 있는 그런 자신감이라든지 이런 것들을 결코 나타낼 수 있는 거는 태도거든요. 그것은 누구든지 모방할 수 없는 겁니다. 또는 쉽게 배울 수도 없고 누가 뭐 시켜서도 할 수는 없는 게 태도가 아닌가 생각을 합니다.","wordCount":170},"emotion":[],"intent":[{"text":"","expression":"","category":"attitude"}],"summary":{"text":"업무 능력과 기본 함량 소양은 누구나 갖추어야 할 기본 소양이라고 생각하여 대외적으로 표시를 하지 않고 운영 및 관리해 나갈 수 있는 것은 그 사람의 말씀, 언행, 태도, 복장, 헤어 스타일 모든 것들이 기업에 대한 미래 비전과 모든 것을 보여줄 수 있기 때문에 저는 태도가 가장 중요하다고 생각합니다.","wordCount":47}}},"rawDataInfo":{"question":{"fileFormat":"wav","fileSize":361358,"duration":11290,"samplingBit":16,"channelCount":1,"samplingRate":"16kHz","audioPath":"/Mock/04.RND/Male/Experienced/ckmk_q_rnd_m_e_302566.wav"},"answer":{"fileFormat":"wav","fileSize":3167438,"duration":98980,"samplingBit":16,"channelCount":1,"samplingRate":"16kHz","audioPath":"/Mock/04.RND/Male/Experienced/ckmk_a_rnd_m_e_302566.wav"}}}