{"version":"1.0","dataSet":{"info":{"date":"20230116","occupation":"RND","channel":"MOCK","place":"ONLINE","gender":"MALE","ageRange":"45-54","experience":"EXPERIENCED"},"question":{"raw":{"text":"본인은 연구 파트에서 늘 활동을 해 오신 거 같은데 기본적인 질문을 하나 할까요 열역학 영 번에서 삼 번 법칙에 대해서 설명을 하실 수 있겠습니까 본인만의 방식으로 한번 부탁을 드립니다","wordCount":29},"emotion":[],"intent":[]},"answer":{"raw":{"text":"열 역학 영에서 삼 법칙에 대해 설명하라는 부분에 대해서 열 역학 제 삼 법칙이란 절대 영도에서의 엔트로피에 관한 법칙으로 네른스트의 열 정리라고도 합니다. 열역학 과정에서의 엔트로피의 변화 아 절대 온도 티가 영으로 접근할 때 일정한 값을 갖고 그 계는 가장 낮은 상태에 에너지를 갖게 된다는 법칙입니다. 이 법칙에 의하여 의하면 절대 영도에서 열 용량 영이 됩니다. 네른스트의 열 정리 또는 네른스트 프랑크의 정리라고도 하며 천 구백 육 년 네른스트는 열 역학 과정에서의 엔트로피의 변화 아는 절대 온도 티가 영에 접근함에 따라 영이 된다 라고 주장을 했습니다. 아 계의 엔트로피는 남녀 부피 자기장 등 외부 조건과는 관계없이 온도가 영에 접근하게 되는 영이 됩니다. 그러면서 계가 크든 작든지 하나의 낮은 에너지 상태를 갖게 됩니다. 이러한 부분들을 어 열 역학 아 삼 법칙이라고 하며 지금도 많은 사람들이 이 법칙에 관련돼서 어 연구를 진행하고 있습니다.","wordCount":131},"emotion":[],"intent":[{"text":"","expression":"","category":"attitude"}],"summary":{"text":"열역학 제 삼 법칙은 절대 영도에서의 엔트로피에 관한 법칙으로 아 절대 온도 티가 영으로 접근할 때 일정한 값을 갖고 그 계는 가장 낮은 상태에 에너지를 갖게 된다는 법칙입니다. 이 법칙에 의하면 절대적 영도에서 열 용량 영이 됩니다.","wordCount":37}}},"rawDataInfo":{"question":{"fileFormat":"wav","fileSize":631758,"duration":19740,"samplingBit":16,"channelCount":1,"samplingRate":"16kHz","audioPath":"/Mock/04.RND/Male/Experienced/ckmk_q_rnd_m_e_46655.wav"},"answer":{"fileFormat":"wav","fileSize":2707278,"duration":84600,"samplingBit":16,"channelCount":1,"samplingRate":"16kHz","audioPath":"/Mock/04.RND/Male/Experienced/ckmk_a_rnd_m_e_46655.wav"}}}