{"version":"1.0","dataSet":{"info":{"date":"20230116","occupation":"RND","channel":"MOCK","place":"ONLINE","gender":"MALE","ageRange":"45-54","experience":"EXPERIENCED"},"question":{"raw":{"text":"학교에서의 연구와 기업에서의 연구는 어떻게 다르는지 본인이 생각하는 대로 말씀해 주시겠습니까","wordCount":11},"emotion":[],"intent":[]},"answer":{"raw":{"text":"아 학교에서의 연구와 기업에서의 연구는 아 다를 수 밖에 없는데요. 아 제 생각에는 학교에서의 연구는 언 보다 좀 본질적인 베이직한 것에 초점을 두고 연구를 해야 된다고 생각하고요. 기업 기업에서는 아무래도 아 그런 베이직한 것보다는 쫌 그러한 것들을 바탕으로 한 어플리케이션 아 그런 쪽으로 아 연구가 활발히 진행되는 것이 맞다고 생각을 합니다. 어 아무래도 기업은 그 이윤을 추구 하다 보니까 어 그까 베이직한 것에 좀 음 소홀하다고 할까요. 아니면 거기에 크게 어 비중을 둘 수가 없는데요. 아 이러한 것들은 어 기업에서 학교 연구에 어떤 투자를 통해서 서로 어 그 부족한 부분을 메꿔주는 방향으로 어 발전하는 것이 어 서로 간에 어 윈윈이라고 생각을 합니다.","wordCount":102},"emotion":[],"intent":[{"text":"","expression":"","category":"attitude"}],"summary":{"text":"기업에서는 베이직한 것보다는 어플리케이션 쪽으로 연구가 진행되는 것이 맞다고 생각합니다. 기업에서는 학교 연구에 어떤 투자를 통해서 서로 그 부족한 부분을 메꿔주는 방향으로 발전하는 것이 서로 간에 윈윈이라고 생각합니다.","wordCount":28}}},"rawDataInfo":{"question":{"fileFormat":"wav","fileSize":366158,"duration":11440,"samplingBit":16,"channelCount":1,"samplingRate":"16kHz","audioPath":"/Mock/04.RND/Male/Experienced/ckmk_q_rnd_m_e_102354.wav"},"answer":{"fileFormat":"wav","fileSize":2582478,"duration":80700,"samplingBit":16,"channelCount":1,"samplingRate":"16kHz","audioPath":"/Mock/04.RND/Male/Experienced/ckmk_a_rnd_m_e_102354.wav"}}}