{"version":"1.0","dataSet":{"info":{"date":"20230116","occupation":"RND","channel":"MOCK","place":"ONLINE","gender":"MALE","ageRange":"35-44","experience":"EXPERIENCED"},"question":{"raw":{"text":"지원자님이 지금까지 살아오면서 가장 힘들었던 경험이 무엇인가요 그것을 어떻게 극복하셨는지도 말씀해 주세요","wordCount":12},"emotion":[],"intent":[]},"answer":{"raw":{"text":"어 제가 지금까지 살아오면서 육체적으로나 정신적으로나 굉장히 힘들었던 경험에 대해서 말씀드리면은 어 군 생활을 간부 생활을 지원했었습니다. 인제 부사관 학교라고 해서 제가 익산에 있는 어 간부를 육성하는 학교인데 그 학교생활을 십 육 주 동안 생활을 했었습니다. 그때는 이제 제가 체중도 많이 나가고 체력적으로도 힘들고 정신적으로 더 어릴 때여서 그때 그 십 육 주가 너무 힘들었지 않았나 생각을 해 봅니다. 그때 정말 살이 한 체중이 한 십 오 키로 정도 감량 했었으니까 어 육체적으로 정신적으로 굉장히 스트레스가 많았던 그런 시즌이었던 것 같습니다. 근데 지금 생각해 보면 어떻게 극복 했는지 생각해 보니까 그냥 깡다구 정신이었던 것 같습니다. 내가 이것도 못하면 밖에 나가서 무엇을 하겠나 이런 생각을 계속 하다 보니까 점점 더 위기에 좀 강해지고 또 새로운 또 힘든 일에 생겼을 때 또 그때 생각을 해보면은 별 것도 아닌 것 같고 그런 것들이 이제 경험이 되고 육체적으로나 정신적으로 단련이 되지 않는 시간이지 않았나 이렇게 생각하고 있습니다. 네 이상입니다.","wordCount":145},"emotion":[],"intent":[{"text":"","expression":"","category":"attitude"}],"summary":{"text":"제가 지금까지 살아오면서 육체적으로나 정신적으로나 굉장히 힘들었던 경험에 대해서 말씀드리자면 군 생활을 간부 생활을 지원했습니다. 인제 부사관 학교 생활을 십 육 주 동안 했었습니다. 그때 제가 체중도 많이 나가고 체력적으로도 힘들고 정신적으로 더 어릴 때여서 육체적으로나 정신적으로 굉장히 스트레스 많았던 기간이었던 것 같습니다.","wordCount":43}}},"rawDataInfo":{"question":{"fileFormat":"wav","fileSize":321998,"duration":10060,"samplingBit":16,"channelCount":1,"samplingRate":"16kHz","audioPath":"/Mock/04.RND/Male/Experienced/ckmk_q_rnd_m_e_147691.wav"},"answer":{"fileFormat":"wav","fileSize":2491598,"duration":77860,"samplingBit":16,"channelCount":1,"samplingRate":"16kHz","audioPath":"/Mock/04.RND/Male/Experienced/ckmk_a_rnd_m_e_147691.wav"}}}