{"version":"1.0","dataSet":{"info":{"date":"20230116","occupation":"RND","channel":"MOCK","place":"ONLINE","gender":"MALE","ageRange":"45-54","experience":"EXPERIENCED"},"question":{"raw":{"text":"어려운 문제를 해결하기 위해 어떤 아이디어를 제공하셨고 어떤 어떤 일을 하셨나요","wordCount":11},"emotion":[],"intent":[]},"answer":{"raw":{"text":"어려운 문제를 해결하기 위해 어떤 아이디어를 제안하였고 무엇을 하였냐는 부분에 대해서는 해외 영업을 진행을 하는 과정에서 어 신규 중국의 신규 어 영업을 해서 매출을 창출하라는 미션을 받은 경험이 있습니다. 그렇게 아무 것도 없는 상황에서 신규 매출을 창출을 하기 위해서는 기존의 방식인 전화나 유선으로 얘기를 하고 가끔 한 달에 한 번씩 일 주일 정도 출장을 가서 해결할 수 있는 부분은 아니라고 개인적으로 생각했었습니다. 따라서 저는 중국이 에 남방 지역인 그 신규 창출을 위해서 가장 공장이 많이 있고 그러 관련 업체들도 고객사들이 많이 모여있는 중국의 광동성 지역 특히 핵심 지역이라고 할 수 있는 중국 심천과 동관 지역에 지사를 성립을 해서 거기에서 팀을 꾸려 직접 로컬 영업을 진행해야 된다고 제안을 하였구요. 제가 중국어를 나 유창하게 구사하는 관계로 그리고 제가 담당인 관계로 심천에 혼자 파견을 나가서 직접 지사를 설립하고 그 안에서 영업을 진행을 하면서 최종적으로는 큰 돈은 아니지만 매출은 아니지만 매출을 창출해서 미수금까지 회수 해결한 부분이 있습니다.","wordCount":143},"emotion":[],"intent":[{"text":"","expression":"","category":"attitude"}],"summary":{"text":"해외 영업을 진행하는 과정에서 신규 중국의 신규어 영업을 해서 매출을 창출하라는 미션을 받은 경험이 있습니다. 그래서 저는 중국 심천과 동관 지역에 지사를 성립해서 팀을 꾸려 직접 로컬 영업을 진행해야 된다고 제안을 하였습니다. 최종적으로는 큰 돈은 아니지만 매출은 아니지만 매출을 창출해서 미수금까지 회수 해결했습니다.","wordCount":43}}},"rawDataInfo":{"question":{"fileFormat":"wav","fileSize":323278,"duration":10100,"samplingBit":16,"channelCount":1,"samplingRate":"16kHz","audioPath":"/Mock/04.RND/Male/Experienced/ckmk_q_rnd_m_e_49718.wav"},"answer":{"fileFormat":"wav","fileSize":2828878,"duration":88400,"samplingBit":16,"channelCount":1,"samplingRate":"16kHz","audioPath":"/Mock/04.RND/Male/Experienced/ckmk_a_rnd_m_e_49718.wav"}}}