{"version":"1.0","dataSet":{"info":{"date":"20230116","occupation":"RND","channel":"MOCK","place":"ONLINE","gender":"MALE","ageRange":"45-54","experience":"EXPERIENCED"},"question":{"raw":{"text":"본인이 다룰 수 있는 프로그램은 무엇인가요 그리고 그 프로그램을 어느 수준으로 사용할 수 있습니까","wordCount":14},"emotion":[],"intent":[]},"answer":{"raw":{"text":"다룰 수 있는 프로그램은 무엇이며 어느 정도 수준으로 사용할 수 있느냐에 대한 부분은 어 고속 응용 프로그램 등 관련된 부분 그리고 고속 응용 프로그램 개발 도구 소프트웨어 개발 방식이 하나로 빠르고 쉽게 아 응용 프로그램을 만들 수 있는 시각적 도구로 알고 있습니다. 통합 개발 환경과 같은 높은 징 기능에 어 개발 환경을 사용하는 프로그래밍의 자동화나 시각적인 사용자 인터페이스의 설계 모듈 개발 등의 기능을 포함하고 있습니다. 지유와이를 사용하는 일반 소프트웨어 개발의 경우 고속 개발 도구가 아닌 개발 도구를 이용하여 개발할 경우 창 하나를 보여주는 것만으로도 상당한 양의 원시 코드가 필요합니다. 그러나 고속 개발 도구 이를테면 델파이나 비주얼베이직 빌더 등을 이용하면 원시 코드 프로그래머가 지 짜지 않아도 어 창을 만들어낼 수 있습니다. 어 또 창에 단추나 문자의 상자를 삽입하고 처리할 때 핸들을 얻는 것부터 속성에 에 설정 창 메시지의 처리까지 모두 프로그래머가 하나하나 소스를 짜야 하는 부분인데요. 요런 부분도 어 직접 가능합니다.","wordCount":140},"emotion":[],"intent":[{"text":"","expression":"","category":"attitude"}],"summary":{"text":"고속 응용 프로그램과 시각적 도구를 통해 빠르고 쉽게 응용 프로그램을 만들 수 있습니다. 지유와이를 사용하는 일반 소프트웨어 개발의 경우 고속 개발 도구가 아닌 개발 도구를 이용해 개발할 경우 창 하나를 보여주는 것만으로도 상당한 양의 원시 코드가 필요합니다. 그러나 고속 개발 도구는 프로그래머가 일일이 소스를 짜지 않아도 됩니다.","wordCount":47}}},"rawDataInfo":{"question":{"fileFormat":"wav","fileSize":287438,"duration":8980,"samplingBit":16,"channelCount":1,"samplingRate":"16kHz","audioPath":"/Mock/04.RND/Male/Experienced/ckmk_q_rnd_m_e_49646.wav"},"answer":{"fileFormat":"wav","fileSize":2758158,"duration":86190,"samplingBit":16,"channelCount":1,"samplingRate":"16kHz","audioPath":"/Mock/04.RND/Male/Experienced/ckmk_a_rnd_m_e_49646.wav"}}}