{"version":"1.0","dataSet":{"info":{"date":"20230116","occupation":"RND","channel":"MOCK","place":"ONLINE","gender":"MALE","ageRange":"35-44","experience":"EXPERIENCED"},"question":{"raw":{"text":"본인의 생각이 아닌 지원자님의 주변 사람들이 얘기하는 혹은 생각하는 지원자님의 단점과 장점에 대해서 모두 다 말씀해 주실 수 있을까요","wordCount":19},"emotion":[],"intent":[]},"answer":{"raw":{"text":"남들이 생각하는 저의 자 단점은 포기와 좌절이 빠르다는 것입니다. 어떤 문제를 해결하다 보면 도전과 실패는 반복적인 요소이고 우리는 그것을 트라이얼 앤 에러스 시행착오라고 부릅니다. 하지만 저는 도전을 하다가 힘들거나 실패하면 그 자리에서 바로 주저앉고 다시는 그 일을 안 하려고 합니다. 이것은 인내심 부족과도 연관돼 있고 이것 때문에 저는 지속적으로 도전했다 실패했다 도전했다 실패할 때마다 많은 좌절을 겪었던 것 같습니다. 저의 가장 큰 장점은 업무의 추진력이 빠르고 어떤 업무를 적응하는 데 있어서 남들보다 탁월하다는 것입니다. 예를 들어 제가 한 번도 해보지 않은 업무이지만 그 업무를 남들은 육 개월에서 일 년 걸릴 때 저는 삼 개월에서 사 개월이면 그 업무를 전부 다 파악하고 업무를 할 때마다 생기는 문제에 대해서는 어떻게든 가장 빠른 해결책을 찾을려고 하는 경향이 있습니다. 주변의 지인의 도움을 받거나 아니면 유료 컨설팅을 통해서라도 문제를 찾아내어 그 프로젝트를 반드시 성공적으로 마무리를 지을 수 있습니다. 그렇게 함으로써 현재까지 오십 개가 넘는 프로젝트를 진행하면서 약간의 데드라인의 차이는 있었지만 한 번도 프로젝트에서 실패하지 않은 경험이 있습니다.","wordCount":152},"emotion":[{"text":"실패했다 도전했다 실패할 때마다 많은 좌절을 겪었던 것 같습니다.","expression":"n-sadness","category":"positive"}],"intent":[{"text":"남들이 생각하는 저의 자 단점은 포기와 좌절이 빠르다는 것입니다.","expression":"c_person","category":"background"},{"text":"하지만 저는 도전을 하다가 힘들거나 실패하면 그 자리에서 바로 주저앉고 다시는 그 일을 안 하려고 합니다.","expression":"c_person","category":"background"},{"text":"저의 가장 큰 장점은   업무의 추진력이 빠르고 어떤 업무를 적응하는 데 있어서 남들보다 탁월하다는 것입니다.","expression":"c_person","category":"background"}],"summary":{"text":"도전과 실패는 반복적인 요소이고 그것을 트라이얼 앤 에러스 시행착오라고 합니다. 하지만 저는 도전하다가 힘들거나 실패하면 바로 그만두고 다시는 그 일을 안 하려고 합니다. 이것은 인내심 부족과도 연관돼 있고 이것 때문에 지속적으로 도전했고 실패할 때마다 좌절을 겪었던 것 같습니다. 제 장점은 업무의 추진력이 빠르고 어떤 업무를 적응하는 데 있어서 남들보다 탁월하다는 것입니다.","wordCount":51}}},"rawDataInfo":{"question":{"fileFormat":"wav","fileSize":603278,"duration":18850,"samplingBit":16,"channelCount":1,"samplingRate":"16kHz","audioPath":"/Mock/04.RND/Male/Experienced/ckmk_q_rnd_m_e_185477.wav"},"answer":{"fileFormat":"wav","fileSize":2741838,"duration":85680,"samplingBit":16,"channelCount":1,"samplingRate":"16kHz","audioPath":"/Mock/04.RND/Male/Experienced/ckmk_a_rnd_m_e_185477.wav"}}}