{"version":"1.0","dataSet":{"info":{"date":"20230116","occupation":"RND","channel":"MOCK","place":"ONLINE","gender":"MALE","ageRange":"35-44","experience":"EXPERIENCED"},"question":{"raw":{"text":"네 다음 질문입니다 지원자님께서는 본인 스스로 숫자와 창의력 중 어떤 것에 더 가깝다고 생각하십니까 어 그 이유도 함께 말씀해 주세요","wordCount":20},"emotion":[],"intent":[]},"answer":{"raw":{"text":"저는 숫자보다는 창의적인 존재라고 생각합니다. 왜냐하면 지금까지 직장 생활 십 오 년을 넘게 하면서 오십 개가 넘는 프로젝트를 진행했었고 모든 것을 다 완벽하게 이뤄냈습니다. 프로젝트를 하다 보면 생각지도 못한 난관에 부딪치게 됩니다. 난관에 부딪칠 때마다 뾰족한 묘수를 발견해 낼 수 있었던 거는 제가 많은 사람들과 협업을 하고 브레인스토밍을 하면서 의견을 취합해서 최선은 아니더라도 차선책을 마련했기 때문입니다. 차선책을 마련했다는 것은 그 어떠한 상황에서도 항상 틀에 박힌 생각이 아니고 나만의 편협한 시각에서 벗어나서 어떤 방법이 좋을까 어떻게 하면 이 사태를 빨리 빠져나갈 수 있을까 라고 하는 창의적인 생각이 저를 이렇게 주도적으로 만들었고 제가 창의적인 인간이라는 것을 반증하는 것 같습니다.","wordCount":97},"emotion":[],"intent":[{"text":"","expression":"","category":"attitude"}],"summary":{"text":"직장 생활을 십 년 넘게 하면서 오십 개가 넘는 프로젝트를 진행했었고 모든 것을 완벽하게 이뤄냈지만 난관에 부딪힐 때마다 브레인스토밍을 하면서 의견을 취합해 차선책을 마련했기 때문에 숫자보다 창의적인 존재라고 생각합니다.","wordCount":29}}},"rawDataInfo":{"question":{"fileFormat":"wav","fileSize":438478,"duration":13700,"samplingBit":16,"channelCount":1,"samplingRate":"16kHz","audioPath":"/Mock/04.RND/Male/Experienced/ckmk_q_rnd_m_e_185475.wav"},"answer":{"fileFormat":"wav","fileSize":1829838,"duration":57180,"samplingBit":16,"channelCount":1,"samplingRate":"16kHz","audioPath":"/Mock/04.RND/Male/Experienced/ckmk_a_rnd_m_e_185475.wav"}}}