{"version":"1.0","dataSet":{"info":{"date":"20230116","occupation":"RND","channel":"MOCK","place":"ONLINE","gender":"MALE","ageRange":"-34","experience":"EXPERIENCED"},"question":{"raw":{"text":"네 일을 하시면서 가장 어려울 것으로 예상되는 것은 어떤 것인가요 어 그리고 그 어려운 점을 어떻게 대처하실지 지원자님의 생각에 대해서도 말씀해 주시기 바랍니다","wordCount":23},"emotion":[],"intent":[]},"answer":{"raw":{"text":"저는 제 건강 상 상태가 온전하지 못하다는 어떤 그런 불안감을 조금 안고 있는 것 같습니다. 제가 예전 직장에서도 건강에 좋지 못해서 이렇게 일을 하기가 어려웠던 상황이 있었는데 근데 지금은 그것을 극복하기 위해서 일도 잠깐 쉬면서 제 건강 자체를 조금 챙기는 쪽으로 제가 많은 에너지를 쏟았어요. 그래서 지금은 좀 건강도 많이 회복되고 아 이 정도면 어디 가서도 일을 할 수 있겠다 라는 생각이 들어서 이젠 일을 할 수 있다고 생각을 하는데 근데 또 저의 건강하지 못한 건강 상태가 또 발생이 된다고 하면은 너무 그렇다고 제가 그렇게 약한 것은 아닙니다. 그런데 제가 일을 잘 하고자 하는 욕심이 있다 보니까 더 오바하게 하는 오바하게 되는 그런 과정에서 또 오버 페이스가 나오는 것 같아요. 그런 과도함을 제가 이젠 그 어떤 정도의 수준을 제가 알았으니까 좀 조절하면 되지 않을까 싶고 그 외에는 어떤 사람들과의 문제에서도 어려움이 있었던 적은 많이 없었고 제가 저를 잘 챙기지 못해서 발생하는 문제들이 많이 있었습니다.","wordCount":144},"emotion":[{"text":"저는 제 건강 상 상태가 온전하지 못하다는 어떤 그런 불안감을 조금 안고 있는 것 같습니다.","expression":"n-anxiety","category":"negative"}],"intent":[{"text":"","expression":"","category":"attitude"}],"summary":{"text":"예전 직장에서도 건강이 좋지 못해서 일을 하기 어려웠던 상황이 있었는데 지금은 일을 잠시 쉬면서 제 건강 자체를 조금 챙기는 쪽으로 에너지를 쏟았습니다. 그 외에는 어떤 사람들과의 문제에서도 어려움이 있었던 적은 많이 없었고 제가 나를 잘 챙기지 못해서 발생하는 문제들이 많이 있었습니다.","wordCount":41}}},"rawDataInfo":{"question":{"fileFormat":"wav","fileSize":507246,"duration":15849,"samplingBit":16,"channelCount":1,"samplingRate":"16kHz","audioPath":"/Mock/04.RND/Male/Experienced/ckmk_q_rnd_m_e_199897.wav"},"answer":{"fileFormat":"wav","fileSize":2876878,"duration":89900,"samplingBit":16,"channelCount":1,"samplingRate":"16kHz","audioPath":"/Mock/04.RND/Male/Experienced/ckmk_a_rnd_m_e_199897.wav"}}}