{"version":"1.0","dataSet":{"info":{"date":"20230116","occupation":"RND","channel":"MOCK","place":"ONLINE","gender":"MALE","ageRange":"45-54","experience":"EXPERIENCED"},"question":{"raw":{"text":"연구 개발을 하다보면 아 이익과 윤리 사이에서 저울질할 경우가 많이 있습니다 혹시 본인은 연구 윤리를 준수하기 위해서 노력했었던 경험이 있으실까요 그 경험에 대해서 말씀해 주시겠습니까","wordCount":25},"emotion":[],"intent":[]},"answer":{"raw":{"text":"연구 윤리는 연구를 하는 연구원으로서는 매우 중요한 어 덕목이 꼭 지켜야 될 덕목이자 준수해야 될 윤리라고 생각하고 있습니다. 연구 윤리라는 것은 연구를 하는 사람으로서는 기본적으로 따라야 하고 준수해야 될 사항인데 누군가 수많은 노력과 어 시간을 투자해서 어떤 연구를 발표했을 때 그것을 쉽게 모방하거나 어 그것을 도용해서는 안 됩니다. 그것은 그 개인의 그 자산이자 그 사람의 노력한 것에 대한 성과이기 때문입니다. 어 모방은 할 수 있고 그것을 참고 삼을 수는 있지만 그것을 훔쳐오거나 그것으로 인해서 어 다른 그 연구 윤리를 어김으로써 어 다른 이익을 취하는 것은 어 결코 연구원 연구원으로서 있어서는 안 된 것이라 생각합니다.","wordCount":94},"emotion":[],"intent":[{"text":"","expression":"","category":"attitude"}],"summary":{"text":"연구 윤리는 연구를 하는 연구원이 꼭 지켜야 할 덕목이자 준수해야 할 윤리입니다. 모방은 할 수 있고 참고 삼을 수 있지만 그것을 도용하거나 연구 윤리를 어김으로써 다른 이익을 취하는 것은 결코 연구원 연구원으로서 있어서는 안 된다고 생각합니다.","wordCount":36}}},"rawDataInfo":{"question":{"fileFormat":"wav","fileSize":656078,"duration":20500,"samplingBit":16,"channelCount":1,"samplingRate":"16kHz","audioPath":"/Mock/04.RND/Male/Experienced/ckmk_q_rnd_m_e_49411.wav"},"answer":{"fileFormat":"wav","fileSize":2198478,"duration":68700,"samplingBit":16,"channelCount":1,"samplingRate":"16kHz","audioPath":"/Mock/04.RND/Male/Experienced/ckmk_a_rnd_m_e_49411.wav"}}}