{"version":"1.0","dataSet":{"info":{"date":"20230116","occupation":"RND","channel":"MOCK","place":"ONLINE","gender":"MALE","ageRange":"35-44","experience":"EXPERIENCED"},"question":{"raw":{"text":"면접자님 본인이 생각하시기에 개발과 환경의 바람직한 조화에 대해서 어떻게 생각하시는지 한번 말씀해 보십시오","wordCount":13},"emotion":[],"intent":[]},"answer":{"raw":{"text":"개발과 환경은 반드시 양립을 해야 할 수 밖에 없습니다. 바람직한 조화는 바로 개발을 하면서 어떻게 환경을 적절하게 유지해 나가느냐 입니다. 예를 들어 어떤 습지나 늪지 같은 곳을 다 메워버리고 거기서 산업단지라든가 아파트 단지를 만들어 버리면 땅값도 올라가고 많은 사람들이 살 수 있는 주거지가 되지만 그와 반대로 우리가 살아가고 있는 환경이나 늪지 습지에 있는 동식 인물들이 다 죽어갑니다. 이럴 때 가장 좋은 것은 일정 부분을 개발해 두고 일정 부분은 환경을 위해서 보존을 하는 것입니다. 예를 들어 늪지나 습지 그 부분은 환경 생태계 특별 구역으로 지정을 하던 아니면 수자원 박물관으로 만들고 그 이외에 지역들을 개발하여 그 개발된 곳에서 환경 늪지나 습지를 구경하고 관람할 수 있는 또 다른 수입 창출원을 만드는 것도 중요하다고 생각합니다.","wordCount":111},"emotion":[],"intent":[{"text":"","expression":"","category":"attitude"}],"summary":{"text":"개발과 환경은 반드시 양립을 해야 하며 바람직한 조화는 개발을 하면서 어떻게 환경을 적절하게 유지해 나가느냐 입니다. 늪지나 습지 같은 곳은 특별 구역으로 지정을 하거나 박물관으로 만들고 그 이외에 지역들을 개발하여 또 다른 수입 창출원을 만드는 것도 중요하다고 생각합니다.","wordCount":38}}},"rawDataInfo":{"question":{"fileFormat":"wav","fileSize":475598,"duration":14860,"samplingBit":16,"channelCount":1,"samplingRate":"16kHz","audioPath":"/Mock/04.RND/Male/Experienced/ckmk_q_rnd_m_e_156622.wav"},"answer":{"fileFormat":"wav","fileSize":1978318,"duration":61820,"samplingBit":16,"channelCount":1,"samplingRate":"16kHz","audioPath":"/Mock/04.RND/Male/Experienced/ckmk_a_rnd_m_e_156622.wav"}}}