{"version":"1.0","dataSet":{"info":{"date":"20230116","occupation":"RND","channel":"MOCK","place":"ONLINE","gender":"MALE","ageRange":"45-54","experience":"EXPERIENCED"},"question":{"raw":{"text":"어 여기 오시기 전에 그 이전에 있던 직장에서 어 본인께서 수행했던 직무가 지금 저희 회사의 직무에 어떤 도움을 줄 수 있는가 한번 말씀해 보시겠습니까. 어떻게 하면 되겠는가를요.","wordCount":27},"emotion":[],"intent":[]},"answer":{"raw":{"text":"네 당연합니다. 어 저는 경력직인 만큼 이전 직장에서 수행했던 업무가 지금 어 당 직장 제가 지원한 이 회사에서도 동일한 업무인 만큼 그 업무에 대해서 누구보다 자신감을 가지고 있고 그거에 대해서 잘 알고 있다고 자부합니다. 제가 계속 해왔던 일이기 때문에 안일하게 단순히 제가 잘 할 수 있다라는 것이 아니라 저는 어 그 일에 대한 새로운 아이디어와 새로운 어 비전을 갖고 있습니다. 저는 기존 제품 당 회사에서 어 제출된 제품 당 회사에서 만들어진 제품의 장단점을 파악하고 있고 그것이 어떤 점으로 어떤 점으로 개선하고 보완해야 될지에 대한 아이디어가 있습니다. 그 아이디어를 십분 발휘해서 기존의 제품을 좀 더 나은 제품으로 좀 더 효율적으로 생산 및 어 출시가 될 생산하고 출시가 돼서 그 관리가 되는 것까지 전반적인 상품에 대한 마케팅을 할 잘 잘 할 자신이 있습니다.","wordCount":121},"emotion":[],"intent":[{"text":"","expression":"","category":"attitude"}],"summary":{"text":"저는 경력직인 만큼 이전 직장에서 수행했던 업무가 지금 당 직장 제가 지원한 이 회사에서도 동일한 업무인 만큼 그 일에 대한 새로운 아이디어와 비전을 갖고 있습니다. 기존의 제품을 좀 더 나은 제품으로 좀 더 효율적으로 생산 및 출시가 될 생산하고 출시가 돼서 관리가 되는 것까지 마케팅 할 자신이 없습니다.","wordCount":48}}},"rawDataInfo":{"question":{"fileFormat":"wav","fileSize":662478,"duration":20700,"samplingBit":16,"channelCount":1,"samplingRate":"16kHz","audioPath":"/Mock/04.RND/Male/Experienced/ckmk_q_rnd_m_e_49977.wav"},"answer":{"fileFormat":"wav","fileSize":2254158,"duration":70440,"samplingBit":16,"channelCount":1,"samplingRate":"16kHz","audioPath":"/Mock/04.RND/Male/Experienced/ckmk_a_rnd_m_e_49977.wav"}}}