{"version":"1.0","dataSet":{"info":{"date":"20230116","occupation":"RND","channel":"MOCK","place":"ONLINE","gender":"MALE","ageRange":"45-54","experience":"EXPERIENCED"},"question":{"raw":{"text":"이제 마지막 질문입니다 오늘 면접 준비하느라고 고생이 많으셨을 텐데요 어떤 방식으로 면접을 준비하셨는지 그 부분에 대해서 자세하게 말씀해 주시겠습니까","wordCount":19},"emotion":[],"intent":[]},"answer":{"raw":{"text":"어 외람되지만 저는 면접 준비를 따로 하지는 않았습니다. 어 제가 저는 경력직으로 지원한 것인 만큼 제가 입사를 하게 되면 어떤 분야에서 어떤 일을 하게 될지를 잘 알고 있고 어 제가 자신 있고 제가 여태까지 잘 해왔던 일이기 때문에 어 무리 없이 업무를 수행할 수 있다 라고 생각을 합니다. 어 물론 저는 개인적으로 일을 하면서 뭐 면접 준비는 따로 하지는 않았지만 일을 하면서 제가 했던 일 어 그리고 제가 앞으로 하고자 하는 일에 대해서 어 포트폴리오를 준비를 합니다. 작성을 하고 준비를 하고 있습니다. 어 저는 제가 뭐 전 직장에서 어 이렇게 시중에 내놨던 제품들에 대해서 항상 조 수요와 공급 그 외에 뭐 피드백 같은 걸 조사하고 있으며 시장의 반응도 어 꼼꼼히 찾아보는 편입니다. 때로는 이제 그걸 바탕으로 해서 다음 제품 새로운 제품을 준비를 하기도 하고 이 제품이 해외에서 아니면 다른 시장에서 가능성이 있는지도 항상 살펴보고 어 알아보고 있습니다. 어 때로는 저와 경제 저희와 경쟁하는 업체에 대한 어 상품들도 꼼꼼히 체크를 하고 있고 어 그러면서 저는 제 일에 대한 준비를 하 준비를 했습니다. 면접에 대해서 따로 뭐 준비한 서류는 없습니다.","wordCount":168},"emotion":[],"intent":[{"text":"","expression":"","category":"attitude"}],"summary":{"text":"경력직으로 지원한 것으로 입사하게 되면 어떤 분야에서 어떤 일을 하게 될지를 잘 알고 있고, 포트폴리오를 작성하고 준비를 하고 있습니다. 시중에 내놓았던 제품들에 대한 피드백 같은 걸 조사하고 있습니다.","wordCount":28}}},"rawDataInfo":{"question":{"fileFormat":"wav","fileSize":446158,"duration":13940,"samplingBit":16,"channelCount":1,"samplingRate":"16kHz","audioPath":"/Mock/04.RND/Male/Experienced/ckmk_q_rnd_m_e_53859.wav"},"answer":{"fileFormat":"wav","fileSize":2773198,"duration":86660,"samplingBit":16,"channelCount":1,"samplingRate":"16kHz","audioPath":"/Mock/04.RND/Male/Experienced/ckmk_a_rnd_m_e_53859.wav"}}}