{"version":"1.0","dataSet":{"info":{"date":"20230116","occupation":"RND","channel":"MOCK","place":"ONLINE","gender":"MALE","ageRange":"45-54","experience":"EXPERIENCED"},"question":{"raw":{"text":"저희 회사에 들어와서 본인이 하고 싶은 업무가 있다면 어떤 분야인지 한번 말씀해 주세요","wordCount":13},"emotion":[],"intent":[]},"answer":{"raw":{"text":"제가 제일 하고 싶은 업무는 아 현장에서 고객들의 소리를 들어 듣는 그런 업무를 해보고 싶습니다. 어떤 어 그 시 생생한 그 현장에서 고객들의 그 니즈를 제가 직접 듣고 어 그 고객들과 그 소통을 하다 보면은 아 저희 제품에서 정말로 어떤 것이 필요하고 어떤 것을 개선해야 되는지 어 그런 그 을 직접 느낄 수 있을 것 같습니다. 어 물론 이제 사무실에서 앉아 가지고 어떤 문서화된 것을 통해서 그런 고객의 니즈를 듣는 것과 어 현장에서 직접 체험하는 것은 어 그 생생함이 완전히 그 차이가 날 수 밖에 없는데요. 어떤 그러한 것을 바탕으로 저는 저희 제품에 좀 더 완성도를 높이고 그리고 고객들에게 어 좀 더 가치 있는 그런 상품이 되도록 아 그 저희 상품을 개선을 하고 싶습니다.","wordCount":114},"emotion":[],"intent":[{"text":"","expression":"","category":"attitude"}],"summary":{"text":"현장에서 직접 고객의 니즈를 듣고 소통하다 보면, 저희 제품에서 어떤 것이 필요하고 개선해야 되는지 느낄 수 있을 것 같습니다.  현장에서 직접 체험하는 것을 바탕으로 더 가치 있는 상품으로 개선하고 싶습니다.","wordCount":30}}},"rawDataInfo":{"question":{"fileFormat":"wav","fileSize":281678,"duration":8800,"samplingBit":16,"channelCount":1,"samplingRate":"16kHz","audioPath":"/Mock/04.RND/Male/Experienced/ckmk_q_rnd_m_e_102357.wav"},"answer":{"fileFormat":"wav","fileSize":2448718,"duration":76520,"samplingBit":16,"channelCount":1,"samplingRate":"16kHz","audioPath":"/Mock/04.RND/Male/Experienced/ckmk_a_rnd_m_e_102357.wav"}}}