{"version":"1.0","dataSet":{"info":{"date":"20230116","occupation":"RND","channel":"MOCK","place":"ONLINE","gender":"MALE","ageRange":"45-54","experience":"EXPERIENCED"},"question":{"raw":{"text":"지원자가 본인의 팀원 중 의견이 안 맞는 직원이 있다면 어떻게 대처할 것인지 말해보세요","wordCount":13},"emotion":[],"intent":[]},"answer":{"raw":{"text":"팀원 중 의견이 맞지 않는 직원이 있는 부분은 협업이나 아니면 내부적으로 조직을 이나 사회생활을 할 때 특히 회사 생활을 진행을 할 때 어 자주 마주치는 부분 중의 하나입니다. 당연히 사회에 회사의 이익을 위한 전반적 전체적인 방향 설정이 되어 있는 상태에서 팀원 중에 의견이 맞지 않은 직원이 있다면 당연히 대화를 통해서 어 서로 좋은 방향 맞는 방향 설정을 해야 되는 건 지속적으로 해야 될 일들 중의 하나입니다. 당연히 한 본인이 직 백 프로 마음에 들지 않는다 할지라도 그게 전체 다수의 설정 확정이고 회사에서의 지시라고 생각을 한다면 어느 정도 그 부분은 따라야 된다고 생각을 합니다. 하지만 본인의 의견이 맞지 않기 때문에 백 퍼센트 성장 동기부여하기는 쉽지 않은 상태들도 많이 있는데요 이런 경우에서는 그 한 사람만을 위해서 어떤 메리트를 준다든가 이런 부분으로 해결될 어 항상 해결될 수 있는 부분은 아닙니다. 하지만 팀원 중에 그 사람에 대한 특성과 과거를 특성이나 그런 것들을 파악해야 되는 부분들도 중요한 부분들이기 때문에 케이스 바이 케이스로 반대급부를 준다든가 어떤 메리트를 준다든가 그런 부분들도 어 저 써 대처해야 될 부분들 사용해서 어 의견을 같은 의견을 지속할 수 있는 방법 중의 하나라고 생각합니다.","wordCount":172},"emotion":[],"intent":[{"text":"","expression":"","category":"attitude"}],"summary":{"text":"팀원 중에 의견이 맞지 않는 직원이 있다면 대화를 통해서 서로 좋은 방향 맞는 방향 설정을 해야 하는 건 지속적으로 해야 될 일들 중의 하나입니다. 물론 본인의 의견이 맞지 않아 성장 동기부여하기는 쉽지 않은 상태들도 많이 있습니다. 하지만 그 사람에 대한 특성과 과거를 파악해야 되는 부분들도 중요한 부분들이기 때문에 케이스 바이 케이스로 반대급부를 준다는 등의 대처해야 될 부분들 사용해서 의견을 같은 의견을 지속할 수 있는 방법 중의 하나라고 생각합니다.","wordCount":68}}},"rawDataInfo":{"question":{"fileFormat":"wav","fileSize":423118,"duration":13220,"samplingBit":16,"channelCount":1,"samplingRate":"16kHz","audioPath":"/Mock/04.RND/Male/Experienced/ckmk_q_rnd_m_e_49648.wav"},"answer":{"fileFormat":"wav","fileSize":2813518,"duration":87920,"samplingBit":16,"channelCount":1,"samplingRate":"16kHz","audioPath":"/Mock/04.RND/Male/Experienced/ckmk_a_rnd_m_e_49648.wav"}}}