{"version":"1.0","dataSet":{"info":{"date":"20230116","occupation":"RND","channel":"MOCK","place":"ONLINE","gender":"MALE","ageRange":"45-54","experience":"EXPERIENCED"},"question":{"raw":{"text":"십 년 뒤 본인의 모습은 어떠실 것 같으신가요","wordCount":8},"emotion":[],"intent":[]},"answer":{"raw":{"text":"저는 이 회사에서 배운 지식과 그동안에 축적된 노하우로 아마도 저의 십 년 뒤에는 조그마한 건설협 회사의 대표가 되어 있을 것 같습니다. 제가 꿈꾸는 것도 그러한 건설회사의 대표입니다. 그냥 무조건 되기보다는 그렇게 될 수도 없고요. 밑에 있는 부하들과 직원들이 어떻게 업무를 해 나가는지 알아야 건설현사 건설회사의 대표도 될 수 있는 거라고 생각합니다. 그래서 저는 그런 자격을 얻고자 이런 일과 저런 일 모든 일들을 다 배우고자 이 회사에 지원하게 되었습니다. 분명 저는 십 년 뒤에 건설회사의 대표가 되어 있을 것 같습니다.","wordCount":79},"emotion":[],"intent":[{"text":"그래서 저는 그런 자격을 얻고자 이런 일과 저런 일 모든 일들을 다 배우고자 이 회사에   지원하게 되었습니다.","expression":"c_sincere_job","category":"etc"}],"summary":{"text":"저는 이 회사에서 배운 지식과 그동안의 노하우로 십 년 뒤에는 조그마한 건설회사의 대표가 될 것 같습니다. 밑에 있는 부하들과 직원들이 어떻게 업무를 해 나가는지 알아야 대표가 될 수 있는 거라고 생각합니다.","wordCount":31}}},"rawDataInfo":{"question":{"fileFormat":"wav","fileSize":224078,"duration":7000,"samplingBit":16,"channelCount":1,"samplingRate":"16kHz","audioPath":"/Mock/04.RND/Male/Experienced/ckmk_q_rnd_m_e_90030.wav"},"answer":{"fileFormat":"wav","fileSize":2250318,"duration":70320,"samplingBit":16,"channelCount":1,"samplingRate":"16kHz","audioPath":"/Mock/04.RND/Male/Experienced/ckmk_a_rnd_m_e_90030.wav"}}}