{"version":"1.0","dataSet":{"info":{"date":"20230116","occupation":"RND","channel":"MOCK","place":"ONLINE","gender":"MALE","ageRange":"45-54","experience":"EXPERIENCED"},"question":{"raw":{"text":"가장 빠르게 상위 단계의 직무를 수행할 수 있는 방법은 무엇입니까","wordCount":10},"emotion":[],"intent":[]},"answer":{"raw":{"text":"어떤 직무든 그 업무를 수행하기 위해서 가장 중요한 것은 소통이라고 생각합니다. 이것이 혼자 하는 일이 아닌 이상 같이 팀을 이뤄서 하게 된다면 그 각자 팀원들이 맡은 역할과 직무와 책임을 다하는 것이 그 업무를 가장 빨리 수행하는 방법이라고 생각합니다. 그렇다면 당연히 상위 단계의 직무를 수행하는 방법은 역시 소통이라고 생각을 합니다. 어 얼마나 소통을 잘 하느냐에 따라서 그 프로젝트를 얼마나 빨리 잘 해결해 내 해결해 낼 수 있냐가 달려있다 라고 생각을 합니다. 소통은 어 각자의 입장이 본인의 임무를 다하고 자기 본인이 스 본인이 하는 임무에 대한 책임을 지고 그 임무에 대해서 자신감을 갖는 거라고 생각을 합니다. 어 소통을 함으로써 그 프로젝트는 어 완성될 수 있고 그 완성함으로써 다른 그 상위 단계의 직무를 수행할 수 있는 기본 능력이 된다 라고 생각을 합니다. 가장 빠르게 상위 단계의 직무를 수행할 수 있는 방법은 소통이라고 생각합니다.","wordCount":130},"emotion":[{"text":"어떤 직무든 그 업무를   수행하기 위해서 가장 중요한 것은 소통이라고 생각합니다.","expression":"u-belief","category":"neutral"},{"text":"이것이 혼자 하는 일이 아닌 이상   같이 팀을 이뤄서 하게 된다면 그 각자 팀원들이 맡은 역할과 직무와 책임을 다하는 것이 그 업무를   가장 빨리 수행하는 방법이라고 생각합니다.","expression":"u-belief","category":"neutral"},{"text":"그렇다면 당연히 상위 단계의 직무를 수행하는 방법은 역시 소통이라고 생각을 합니다.","expression":"u-belief","category":"neutral"},{"text":"어 얼마나 소통을 잘 하느냐에 따라서   그 프로젝트를 얼마나 빨리 잘 해결해 내 해결해 낼 수 있냐가 달려있다 라고 생각을 합니다.","expression":"u-belief","category":"neutral"},{"text":"소통은   어 각자의 입장이 본인의 임무를 다하고 자기 본인이 스 본인이 하는 임무에 대한   책임을 지고 그 임무에 대해서 자신감을 갖는 거라고 생각을 합니다.","expression":"u-belief","category":"neutral"},{"text":"어 소통을 함으로써 그 프로젝트는 어 완성될 수 있고   그 완성함으로써 다른 그 상위 단계의 직무를 수행할 수 있는 기본 능력이 된다 라고 생각을 합니다.","expression":"u-belief","category":"neutral"},{"text":"가장 빠르게 상위 단계의 직무를 수행할 수 있는 방법은 소통이라고 생각합니다.","expression":"u-belief","category":"neutral"}],"intent":[{"text":"","expression":"","category":"attitude"}],"summary":{"text":"어떤 직무든 그 업무를 수행하기 위해서 가장 중요한 것은 소통이라고 생각합니다. 소통을 함으로써 다른 그 상위 단계의 직무를 수행할 수 있는 기본 능력이 된다 라고 생각을 합니다.","wordCount":27}}},"rawDataInfo":{"question":{"fileFormat":"wav","fileSize":345038,"duration":10780,"samplingBit":16,"channelCount":1,"samplingRate":"16kHz","audioPath":"/Mock/04.RND/Male/Experienced/ckmk_q_rnd_m_e_54266.wav"},"answer":{"fileFormat":"wav","fileSize":2436558,"duration":76140,"samplingBit":16,"channelCount":1,"samplingRate":"16kHz","audioPath":"/Mock/04.RND/Male/Experienced/ckmk_a_rnd_m_e_54266.wav"}}}