{"version":"1.0","dataSet":{"info":{"date":"20230116","occupation":"RND","channel":"MOCK","place":"ONLINE","gender":"MALE","ageRange":"45-54","experience":"EXPERIENCED"},"question":{"raw":{"text":"본인이 이룬 성과 중 가장 큰 성과는 무엇인가요","wordCount":8},"emotion":[],"intent":[]},"answer":{"raw":{"text":"제가 업무적으로 이룬 성과 중 가장 큰 성과는 시장 개척입니다. 저는 기 지난 전에 다니던 직장에서 국내 파트 영업을 했습니다. 하지만 우리 국내 파트는 나름대로 경쟁도 심했고 또 외국에서 비슷한 제품이 싼 가격으로 들어오다 보니 어 우리 제품이 더 품질이 좋음에도 불구하고 매출 실적은 점점 떨어지는 상황이었습니다. 저는 이것을 국내에서 판매하던 것을 국내에서 벗어나 해외로 눈을 돌린 것입니다. 해외로 눈을 돌리면서 우리 제품이 다 타사의 제품이나 다른 기존의 제품보다 얼마나 훌륭한지를 어필을 했고 그래서 어 동남아 시장 뿐만 아니라 지금 현재에는 유럽에도 수출을 하고 있습니다. 어 예전에 우리 회사에서 만들던 제품에 약 한 팔십 프로 정도를 국내에서 소비하고 나머지 한 이십 프로 정도를 간간이 뭐 해외 어 업체에서 요구사항이 있을 때 뭐 샘플 뭐 이런 식으로 보내던 게 전부였는데 저는 이것을 좀 더 체계화해 가지고 어 유지 보수가 가능하고 어 에이에스가 가능하다는 조건을 달아 가지고 해외 시장을 개척한 것입니다. 지금 현재는 약 한 육십 프로 이상의 제품을 해외에 송출하고 있고 그것으로 인해서 어 마진율도 훨씬 좋아졌고 있다고 마진율도 좋아진 사례가 있습니다.","wordCount":161},"emotion":[{"text":"제가 업무적으로 이룬 성과 중 가장 큰 성과는 시장 개척입니다.","expression":"p-achievement","category":"positive"},{"text":"저는 기 지난 전에 다니던 직장에서 국내 파트 영업을 했습니다.","expression":"u-fact","category":"neutral"},{"text":"하지만 우리 국내 파트는 나름대로 경쟁도 심했고 또 외국에서 비슷한 제품이 싼 가격으로 들어오다 보니 어   우리 제품이 더 품질이 좋음에도 불구하고 매출 실적은 점점 떨어지는 상황이었습니다.","expression":"u-fact","category":"neutral"},{"text":"지금 현재는   약 한 육십 프로 이상의 제품을 해외에 송출하고 있고 그것으로 인해서 어 마진율도 훨씬 좋아졌고   있다고 마진율도 좋아진 사례가 있습니다.","expression":"u-fact","category":"neutral"}],"intent":[{"text":"저는 이것을 국내에서 판매하던 것을   국내에서 벗어나 해외로 눈을 돌린 것입니다.","expression":"r_prsv","category":"attitude"},{"text":"해외로 눈을 돌리면서 우리 제품이 다 타사의 제품이나 다른 기존의 제품보다 얼마나 훌륭한지를 어필을 했고 그래서   어 동남아 시장 뿐만 아니라 지금 현재에는 유럽에도 수출을 하고 있습니다.","expression":"r_prsv","category":"attitude"},{"text":"어 예전에 우리   회사에서 만들던 제품에 약 한 팔십 프로 정도를 국내에서 소비하고 나머지 한 이십 프로 정도를 간간이   뭐 해외 어 업체에서 요구사항이 있을 때 뭐 샘플 뭐 이런 식으로 보내던 게 전부였는데 저는 이것을 좀 더 체계화해 가지고   어 유지 보수가 가능하고 어 에이에스가 가능하다는 조건을 달아 가지고 해외 시장을 개척한 것입니다.","expression":"r_prsv","category":"attitude"},{"text":"지금 현재는   약 한 육십 프로 이상의 제품을 해외에 송출하고 있고 그것으로 인해서 어 마진율도 훨씬 좋아졌고   있다고 마진율도 좋아진 사례가 있습니다.","expression":"r_prsv","category":"attitude"}],"summary":{"text":"업무적으로 이룬 성과 중 가장 큰 성과는 시장 개척입니다. 에이에스가 가능하다는 조건을 달아서 해외 시장을 개척한 것입니다.","wordCount":17}}},"rawDataInfo":{"question":{"fileFormat":"wav","fileSize":233678,"duration":7300,"samplingBit":16,"channelCount":1,"samplingRate":"16kHz","audioPath":"/Mock/04.RND/Male/Experienced/ckmk_q_rnd_m_e_54267.wav"},"answer":{"fileFormat":"wav","fileSize":2863118,"duration":89470,"samplingBit":16,"channelCount":1,"samplingRate":"16kHz","audioPath":"/Mock/04.RND/Male/Experienced/ckmk_a_rnd_m_e_54267.wav"}}}