{"version":"1.0","dataSet":{"info":{"date":"20230116","occupation":"RND","channel":"MOCK","place":"ONLINE","gender":"MALE","ageRange":"45-54","experience":"EXPERIENCED"},"question":{"raw":{"text":"요즘에 글로벌 인재 글로벌 인재하는데 글로벌 인재에게 필수 필수인 요소는 무엇이라고 생각하시나요 또 자신이 그것을 위해 글로벌 인재가 되기 위해 어떤 노력을 해왔는지 과거에 노력했던 것에 대해서 말해보시겠어요","wordCount":28},"emotion":[],"intent":[]},"answer":{"raw":{"text":"글로벌 인재에게 필수적인 것은 아무래도 창의성이지 않을까 싶습니다. 네 요즘 같은 세상에 아 뭔가 기발한 남보다 남이 생각하지 않는 다른 것들은 생각한다는 게 음 무엇보다도 인제 중요하다고 생각하고 그런 창의성을 높이기 위해서 저는 아 독서를 많이 하는 것 같습니다. 네 또 아 독서를 통해서 다양한 경험을 할 수 있기 때문에 어떤 그런 어 경험들이 또 바탕이 되어야 또 나만의 어떤 다른 생각들을 할 수 있다고 생각을 합니다. 그래서 저는 독서를 많이 합니다.","wordCount":72},"emotion":[],"intent":[{"text":"","expression":"","category":"attitude"}],"summary":{"text":"창의성을 높이기 위해서 저는 독서를 많이 합니다. 독서를 통해서 다양한 경험으로 다른 생각들을 할 수 있다고 생각합니다.","wordCount":17}}},"rawDataInfo":{"question":{"fileFormat":"wav","fileSize":603598,"duration":18860,"samplingBit":16,"channelCount":1,"samplingRate":"16kHz","audioPath":"/Mock/04.RND/Male/Experienced/ckmk_q_rnd_m_e_69192.wav"},"answer":{"fileFormat":"wav","fileSize":1623118,"duration":50720,"samplingBit":16,"channelCount":1,"samplingRate":"16kHz","audioPath":"/Mock/04.RND/Male/Experienced/ckmk_a_rnd_m_e_69192.wav"}}}