{"version":"1.0","dataSet":{"info":{"date":"20230116","occupation":"RND","channel":"MOCK","place":"ONLINE","gender":"MALE","ageRange":"45-54","experience":"EXPERIENCED"},"question":{"raw":{"text":"업무를 하시면서 분쟁이 생기면 어떻게 해결하시는 편이신가요 본인만의 특별한 해결 방안이 있으신가요","wordCount":12},"emotion":[],"intent":[]},"answer":{"raw":{"text":"업무 시 분쟁이 발생한다면 어 그 당연히 해결을 하고 어 넘어가야 될 문제입니다. 어 업무 시 분쟁이라는 것은 그 업무의 목표라든지 아니면 개인이 손해를 보지 않기 위해서 아니면 내가 조금 더 편하고자 발생하는 일이라고 생각을 합니다. 어 궁극적으로 어떠한 목적을 두고 있는지를 생각을 하고 그 일에 가장 가까운 답을 찾도록 하겠습니다. 어 업무 시에 분쟁은 결국은 서로의 의견이 다른 것이기 때문에 상대방의 입장에서 상대방의 의견을 수용을 하고 어 나 역시 이것이 이래야 되는 이유를 설명해 가지고 서로 이해하고 소통하는 거라고 생각합니다. 어 저만의 대처법이라면 일단은 상대방에 이야 이야기를 듣겠습니다. 상대방의 이야기를 듣고 저의 이야기를 주장을 하고 그리고 나서 서로의 합의점을 찾는 게 맞다 라고 생각을 합니다. 어 분쟁이 발생했을 때에 서로의 주장만을 해서는 이 분쟁이 결코 해결이 안 됩니다. 누군가 양보를 해야 되는데 그 양보의 기준점은 어 목표에다가 두어야 될 것 같습니다. 그 목표를 이루기 위해서 어떤 것이 옳은 답인가를 확인한 후 그 옳은 답에 가까운 것을 선택하고 그것을 따르고 때로는 내 의견을 어 포기하는 것이 맞다고 생각을 합니다.","wordCount":159},"emotion":[{"text":"어 업무 시 분쟁이라는 것은 그 업무의 목표라든지   아니면 개인이 손해를 보지 않기 위해서 아니면 내가 조금 더 편하고자   발생하는 일이라고 생각을 합니다.","expression":"u-belief","category":"neutral"},{"text":"어 업무 시에   분쟁은 결국은 서로의 의견이 다른 것이기 때문에 상대방의 입장에서 상대방의   의견을 수용을 하고 어 나 역시 이것이 이래야 되는 이유를 설명해 가지고 서로   이해하고 소통하는 거라고 생각합니다.","expression":"u-belief","category":"neutral"},{"text":"그 목표를   이루기 위해서 어떤 것이 옳은 답인가를 확인한 후 그 옳은 답에 가까운 것을   선택하고 그것을 따르고 때로는 내 의견을 어 포기하는 것이 맞다고 생각을 합니다.","expression":"u-belief","category":"neutral"}],"intent":[{"text":"어 업무 시에   분쟁은 결국은 서로의 의견이 다른 것이기 때문에 상대방의 입장에서 상대방의   의견을 수용을 하고 어 나 역시 이것이 이래야 되는 이유를 설명해 가지고 서로   이해하고 소통하는 거라고 생각합니다.","expression":"c_confl_mg","category":"personality"},{"text":"어 저만의 대처법이라면 일단은 상대방에 이야   이야기를 듣겠습니다.","expression":"c_confl_mg","category":"personality"},{"text":"상대방의 이야기를 듣고 저의 이야기를 주장을 하고 그리고 나서   서로의 합의점을 찾는 게 맞다 라고 생각을 합니다.","expression":"c_confl_mg","category":"personality"}],"summary":{"text":"업무 시 분쟁은 서로의 의견이 다르기 때문에 상대방의 입장에서 상대방의 의견을 수용하고 그 이유를 설명해 가지고 서로 이해하고 소통하는 것입니다. 양보의 기준점은 목표에 두어야 될 것 같습니다.","wordCount":27}}},"rawDataInfo":{"question":{"fileFormat":"wav","fileSize":367758,"duration":11490,"samplingBit":16,"channelCount":1,"samplingRate":"16kHz","audioPath":"/Mock/04.RND/Male/Experienced/ckmk_q_rnd_m_e_54264.wav"},"answer":{"fileFormat":"wav","fileSize":2803918,"duration":87620,"samplingBit":16,"channelCount":1,"samplingRate":"16kHz","audioPath":"/Mock/04.RND/Male/Experienced/ckmk_a_rnd_m_e_54264.wav"}}}