{"version":"1.0","dataSet":{"info":{"date":"20230116","occupation":"RND","channel":"MOCK","place":"ONLINE","gender":"MALE","ageRange":"45-54","experience":"EXPERIENCED"},"question":{"raw":{"text":"상사가 회사의 이익에 반하는 행동을 했을 때 어떻게 하시겠습니까","wordCount":9},"emotion":[],"intent":[]},"answer":{"raw":{"text":"상사가 회사의 이익에 반하는 행동을 한다면 어 그것은 당연히 제재를 하고 회사에 알려야 된다고 생각합니다. 아무리 상사라 할지라도 이건 뭐 상사나 부하 동료나 부하 직원 모두 동일합니다. 어쨌든 간에 어 저희는 회사에서 소속이 돼서 계약을 맺고 어 일을 함으로써 회사로부터 어 급여를 받습니다. 그 급여를 받는 이상 회사에 반하는 행동이나 그 회사에 피해를 줄 수 있는 행동은 해서는 안 된다 라고 생각을 합니다. 그것이 상사가 그러한 것을 그러한 행동을 하는 것을 목격했다면 그것은 당연히 제재를 가하고 회사에다 알려서 어 회사에 회사의 피해를 막고 그 상사가 더 나쁜 일을 하지 않도록 막아주는 것이 막는 것이 어찌 되면 그 동료로서의 의무이자 책임이라고 생각합니다.","wordCount":101},"emotion":[],"intent":[{"text":"","expression":"","category":"attitude"}],"summary":{"text":"상사가 회사의 이익에 반하는 행동을 한다면 당연히 제재를 가하고 회사에 알려서 회사에 피해를 막고 그 상사가 더 나쁜 일을 하지 않도록 막는 것이 어떻게 되면 그 동료로서의 의무이자 책임이라고 생각합니다.","wordCount":30}}},"rawDataInfo":{"question":{"fileFormat":"wav","fileSize":232718,"duration":7270,"samplingBit":16,"channelCount":1,"samplingRate":"16kHz","audioPath":"/Mock/04.RND/Male/Experienced/ckmk_q_rnd_m_e_49978.wav"},"answer":{"fileFormat":"wav","fileSize":2032718,"duration":63520,"samplingBit":16,"channelCount":1,"samplingRate":"16kHz","audioPath":"/Mock/04.RND/Male/Experienced/ckmk_a_rnd_m_e_49978.wav"}}}