{"version":"1.0","dataSet":{"info":{"date":"20230116","occupation":"RND","channel":"MOCK","place":"ONLINE","gender":"MALE","ageRange":"45-54","experience":"EXPERIENCED"},"question":{"raw":{"text":"어 이 업무를 지원했는데 또 본인이 어떤 하고 싶은 특별히 하고 싶은 업무가 또 있을 수 있겠죠 어 본인이 평소에 요 일은 꼭 하고 싶다 하는 그런 업무가 있다면 이것에 대해서 말씀해 보세요","wordCount":33},"emotion":[],"intent":[]},"answer":{"raw":{"text":"제가 가장 하고 싶은 업무는 마케팅입니다. 어 어떻게 보면 좀 확대된 어 영업이라고 할 수 있습니다. 어 물론 물건 제품을 만들고 제조하고 설계하고 제조하고 만드는 과정도 매우 중요합니다. 하지만 물건을 아무리 잘 만들어도 기업 입장에서는 이 물건을 잘 팔지 못한다면 어 그것은 어 옳은 비즈니스가 아닙니다. 좋은 제품을 어렵게 만들어 낸 만큼 그것에 장점을 살려서 그것을 판매를 하는 게 아무래도 그 영업이 어 기업의 꽃이라고 생각을 합니다. 영업을 잘해서 그 실적을 남기는 게 결국은 가장 회사 입장에서는 비즈니스 모델이 될 거고 어 그것이 곧 비즈니스고 그것이 곧 회사를 살리는 일이라고 생각합니다. 물론 좋은 제품을 만들어내야 되는 게 우선이지만 그 좋은 제품을 광고하고 알려서 어 적당한 가격을 받고 뭐 덤핑이나 이런 게 아닌 그 값어치를 인정받아서 제대로 된 가격을 받고 판매를 하는 것이 어 저는 가장 이상적인 비즈니스라고 생각하고 제가 가장 맡아보고 맡아서 해보고 싶은 업무 분야입니다.","wordCount":136},"emotion":[],"intent":[{"text":"","expression":"","category":"attitude"}],"summary":{"text":"좋은 제품을 어렵게 만들어 낸 만큼 장점을 살려서 판매를 하는 게 기업의 꽃이라고 생각합니다. 좋은 제품을 광고하고 알려서 적당한 가격을 받고 제대로 된 가격을 받고 판매를 하는 것이 가장 이상적인 비즈니스라고 생각하고 제가 가장 맡아보고 맡아서 해보고 싶은 업무 분야입니다.","wordCount":40}}},"rawDataInfo":{"question":{"fileFormat":"wav","fileSize":520078,"duration":16250,"samplingBit":16,"channelCount":1,"samplingRate":"16kHz","audioPath":"/Mock/04.RND/Male/Experienced/ckmk_q_rnd_m_e_44924.wav"},"answer":{"fileFormat":"wav","fileSize":2581198,"duration":80660,"samplingBit":16,"channelCount":1,"samplingRate":"16kHz","audioPath":"/Mock/04.RND/Male/Experienced/ckmk_a_rnd_m_e_44924.wav"}}}