{"version":"1.0","dataSet":{"info":{"date":"20230116","occupation":"RND","channel":"MOCK","place":"ONLINE","gender":"MALE","ageRange":"55-","experience":"EXPERIENCED"},"question":{"raw":{"text":"이직을 생각하는 동료나 친구에게 뭐라고 얘기를 해주고 싶으신가요","wordCount":8},"emotion":[],"intent":[]},"answer":{"raw":{"text":"이직을 생각하는 동료에게 뭐라고 할 것인가. 이직을 생각한다면 무엇인가 어 관계가 안 좋거나 새로운 무슨 어 좋은 기회가 있어서 이직을 생각하는 거라고 생각합니다. 그런 동료에게 얘기할 수 있는 것이라고는 어 당신이 원하는 좋은 목표와 또한 아 더 나은 그러한 삶의 질을 위해서 가는 것이라고 생각합니다. 먼저 우리하고의 좋은 관계가 있었기 때문에 설득해 보고 또한 그 동료가 무엇인가를 또한 잘못했을 경우도 있기 때문에 아 최대한 그 동료의 마음을 알고 서로 깊은 대화를 하는 것이 중요하다고 생각합니다. 그렇지 않았을 경우에는 이직하는 것이 또한 그 분의 삶에 있어서 또한 중요한 계기가 될 수 있기 때문에 어 나쁘지 않다고 생각을 합니다.","wordCount":97},"emotion":[],"intent":[{"text":"","expression":"","category":"attitude"}],"summary":{"text":"이직을 생각하는 동료에게 말할 수 있는 것은 제가 원하는 목표와 더 나은 삶의 질을 위해서 가는 것이라고 생각합니다. 최대한 그 동료의 마음을 알고 서로 깊은 대화를 하는 것이 중요하다고 생각합니다.","wordCount":30}}},"rawDataInfo":{"question":{"fileFormat":"wav","fileSize":266318,"duration":8320,"samplingBit":16,"channelCount":1,"samplingRate":"16kHz","audioPath":"/Mock/04.RND/Male/Experienced/ckmk_q_rnd_m_e_62217.wav"},"answer":{"fileFormat":"wav","fileSize":2401358,"duration":75040,"samplingBit":16,"channelCount":1,"samplingRate":"16kHz","audioPath":"/Mock/04.RND/Male/Experienced/ckmk_a_rnd_m_e_62217.wav"}}}