{"version":"1.0","dataSet":{"info":{"date":"20230116","occupation":"RND","channel":"MOCK","place":"ONLINE","gender":"MALE","ageRange":"35-44","experience":"EXPERIENCED"},"question":{"raw":{"text":"지원자분께서 업무를 하시다 보면 어 다른 지역에서 업무를 수행하고 수행하게 되실 수도 있습니다 타 지역에서도 업무를 수행하심에 있어서 어 전혀 문제가 없으신지 궁금합니다","wordCount":23},"emotion":[],"intent":[]},"answer":{"raw":{"text":"타 지역에서 근무를 하는 것은 제 회사 경력에 있어 또 다른 장점이 될 수 있습니다. 왜냐면 한 곳에서 오랫동안 근무를 하다 보면 저도 모르게 직장인의 특성인 타성에 젖게 되어 있습니다. 사람은 타성에 젖다 보면 업무의 향상이나 성과를 위해서 노력하는 것이 아니라 요령을 피우게 됩니다. 그런데 새로운 환경에 대 가 대 가게 되면 사람은 누구나 그 새로운 환경에 적응하기 위한 발버둥을 칩니다. 그게 바로 인간이 가지고 있는 가장 큰 특성이고 습성인데요. 사람은 누구나 발전하기 위해서 노력을 해야 되고 발전하는 직원이 많아야 회사는 발 조직에서 이익을 많이 내고 이익을 많이 내야 모든 사람들의 연봉도 올라가고 조직이 커지고 진급을 할 수 있습니다. 타 지역 근무를 통해서 제가 본사에서만 일했을 때 보지 못했던 내용들 한 부에서만 일했을 때 알지 못했던 문제점들을 파악할 수 있고 추후에 제가 매니저 본부장으로 진급할 때 이러한 요소들은 큰 시너지를 낼 수 있는 발전적인 계기가 될 것이라고 생각합니다. 다른 지역에서 업무를 수행할 때 회사에서 적절한 보상안 예를 들어서 주재원 비 또는 오피스텔 사용료 또는 생활 생필품 지원비를 대준다고 하면 저는 타 지역 근무도 마다하지 않고 열심히 할 자신이 있습니다.","wordCount":169},"emotion":[],"intent":[{"text":"","expression":"","category":"attitude"}],"summary":{"text":"사람은 누구나 새로운 환경에 적응하기 위해 노력해야 합니다. 발전하는 직원이 많아야 회사 조직도 커지고 진급도 할 수 있습니다. 타 지역 근무를 통해서 본사와 한 부에서의 차이점을 파악할 수 있고 추후에 매니저 본부장으로 진급할 때 이러한 요소들은 큰 시너지를 낼 수 있는 발전적인 계기가 될 것입니다.","wordCount":45}}},"rawDataInfo":{"question":{"fileFormat":"wav","fileSize":675918,"duration":21120,"samplingBit":16,"channelCount":1,"samplingRate":"16kHz","audioPath":"/Mock/04.RND/Male/Experienced/ckmk_q_rnd_m_e_165092.wav"},"answer":{"fileFormat":"wav","fileSize":2650638,"duration":82830,"samplingBit":16,"channelCount":1,"samplingRate":"16kHz","audioPath":"/Mock/04.RND/Male/Experienced/ckmk_a_rnd_m_e_165092.wav"}}}