{"version":"1.0","dataSet":{"info":{"date":"20230116","occupation":"RND","channel":"MOCK","place":"ONLINE","gender":"MALE","ageRange":"-34","experience":"EXPERIENCED"},"question":{"raw":{"text":"지원자님이 생각하시기에 좋은 회사의 덕목이란 무엇이라고 생각하시나요 어떤 회사가 좋은 회사라고 생각하시는지 궁금합니다","wordCount":13},"emotion":[],"intent":[]},"answer":{"raw":{"text":"회사의 기본적인 덕목은 일단 조직이라고 생각을 해요. 조직이라는 것이 너가 잘나서 되는 것이 아니고 너만 잘나서 되는 것이 아니고 누군가가 혼자서 독단적으로 모든 것들을 할 수 있는 그런 것들도 아니고 그까 톱니바퀴라고 생각하시면 편할 것 같아요.톱니바퀴들은 어떤 큰 목표를 이루기 위해서 이 부품들이 맞물려 가지고 이렇게 움직입니다. 그 부품과 부품은 하나의 부서와 부서라고 생각하면 될 것 같아요.그리고 그 부서 안에 그 부서를 이루고 이 부서를 이루고 있는 그런 작은 톱니들 그 톱니들이 우리 각자 개인 회사원들 그 하나하나가 되는 거죠. 그 일한 사람들이 톱니가 되어서 톱니와 톱니가 이렇게 맞물렸을 때 큰 움직임을 발생시키죠. 그 움직임이 무엇을 만들기 위한 움직임인지에 따라서 또 이제 그 기계 설계가 달라질 수 있겠지만 그 기계 설계는 이제 또 더 높은 큰 결정권자들이 지고 있겠지만 기본적으로는 톱니바퀴라고 생각을 합니다. 우리는 다 톱니바퀴가 되어 가지고 그런 것에 큰 것을 만들기 위해 기꺼이 참여하는 그런 사람들이 되어야 합니다.","wordCount":140},"emotion":[],"intent":[{"text":"","expression":"","category":"attitude"}],"summary":{"text":"회사의 덕목은 조직이고 조직은 톱니바퀴와 같다고 생각합니다. 큰 목표를 이루기 위해 톱니와 톱니가 맞물렸을 때 큰 움직임을 발생시키고, 기계 설계는 더 높은 결정권자들이 가지고 있겠지만 기본적으로 톱니 바퀴라고 생각하며 큰 것을 만들기 위해 기꺼이 참여하는 사람이 되어야 합니다.","wordCount":38}}},"rawDataInfo":{"question":{"fileFormat":"wav","fileSize":400718,"duration":12520,"samplingBit":16,"channelCount":1,"samplingRate":"16kHz","audioPath":"/Mock/04.RND/Male/Experienced/ckmk_q_rnd_m_e_199898.wav"},"answer":{"fileFormat":"wav","fileSize":2913998,"duration":91060,"samplingBit":16,"channelCount":1,"samplingRate":"16kHz","audioPath":"/Mock/04.RND/Male/Experienced/ckmk_a_rnd_m_e_199898.wav"}}}