{"version":"1.0","dataSet":{"info":{"date":"20230116","occupation":"RND","channel":"MOCK","place":"ONLINE","gender":"MALE","ageRange":"35-44","experience":"EXPERIENCED"},"question":{"raw":{"text":"협업을 하는 과제와 혼자 하는 과제 중에 어느 것을 더 선호하시나요 그렇다면 그것을 더 선호하시는 이유는 무엇인가요","wordCount":17},"emotion":[],"intent":[]},"answer":{"raw":{"text":"어 당연히 협업을 저는 더 선호하고 우선시 합니다. 그 혼자 하면은 방법은 하나고 어 협업을 할 경우에는 방법이 그만큼 많아지겠죠. 그래서 더 많은 방법을 가지고 가능성이 많아지는 그런 기회가 그만큼 많아지기 때문에 당연히 협업을 저는 선호를 합니다. 물론 그 협업하는 과정 그래서 약간의 뭐 오해라든지 문제가 있을 수 있겠지만은 일단은 어떤 그게 개인의 어떤 그 역량을 도출시키기 위해서 하는 그런 거가 아니라면은 제가 보기에는 뭐 특별한 문제가 될 것은 없습니다. 그래서 그 협업 중요하다고 봅니다. 이는 그 모든 것들이 뭐 동전의 양면이라고 똑같은 일이래도 각각의 입장에서 아 모두들 전문가이기 때문에 보는 시각이 다르고 생각이 다르고 또 해결에 대한 방법론이 달라질 수 있습니다. 그것이 인제 우리가 연구를 하는 내가 원하는 것이고 모두가 회사에서도 바라는 게 되겠죠. 그렇기 때문에 당연히 저희가 인제 그 협업을 통해서 더 빠른 시간 내에 시너지 효과를 내고 어 그런 결과를 이제 그 당장 예를 들어서 협업을 통해 한다 앞서갔다 그러면 이제 그 과제를 우리가 차세대 제품으로 이렇게 이제 의제로 과제로 남겨놓고 진행할 수도 있겠고 또는 늦춰졌을 때 또는 그런 내용을 과거에 남겨놨던 또 의제를 갖고 와서 의도할 수도 있고 어 좋은 거 같습니다. 저는 협업 추천합니다.","wordCount":179},"emotion":[],"intent":[{"text":"어 당연히 협업을 저는 더 선호하고 우선시 합니다.","expression":"c_cop","category":"personality"},{"text":"그 혼자 하면은 방법은 하나고 어 협업을 할 경우에는 방법이 그만큼 많아지겠죠.","expression":"c_cop","category":"personality"},{"text":"그래서 더 많은 방법을 가지고 가능성이 많아지는 그런 기회가 그만큼 많아지기 때문에 당연히 협업을 저는 선호를 합니다.","expression":"c_cop","category":"personality"}],"summary":{"text":"협업은 개인의 역량이 아니라면 특별한 문제가 되지 않습니다. 모두가 전문가이기 때문에 협업을 통해 빠른 시간 내에 시너지 효과를 내고 그 결과를 차세대 제품으로 남겨놓을 수도 있습니다.","wordCount":26}}},"rawDataInfo":{"question":{"fileFormat":"wav","fileSize":297038,"duration":9280,"samplingBit":16,"channelCount":1,"samplingRate":"16kHz","audioPath":"/Mock/04.RND/Male/Experienced/ckmk_q_rnd_m_e_302571.wav"},"answer":{"fileFormat":"wav","fileSize":3131598,"duration":97860,"samplingBit":16,"channelCount":1,"samplingRate":"16kHz","audioPath":"/Mock/04.RND/Male/Experienced/ckmk_a_rnd_m_e_302571.wav"}}}