{"version":"1.0","dataSet":{"info":{"date":"20230116","occupation":"RND","channel":"MOCK","place":"ONLINE","gender":"MALE","ageRange":"45-54","experience":"EXPERIENCED"},"question":{"raw":{"text":"나만의 스트레스 해소법이 있는지 있다면 왜 그런 방법으로 스트레스를 해소하는지 말씀해 주세요","wordCount":12},"emotion":[],"intent":[]},"answer":{"raw":{"text":"제가 워낙 낙천적인 성격이라서 아 스트레스를 잘 안 받는 편인데요. 그래도 아 스트레스가 없을 수는 없어서 아 아주 조금이지만 스트레스를 받게 되면 아 바로바로 풀려고 합니다. 아 그 스트레스를 푸는 데 저에게 가장 좋은 방법은 명상입니다. 저도 어 명상을 시작한 지가 그렇게 오래되지는 않았는데요. 어 유튜브 채널에서 어 명상하는 것을 알게 되었는데 그때 좀 어 보고 나서 쫌 저에게 어 새로운 세상이라고 생각을 해서 저도 한번 따라 해보게 된 되었는데요. 어 그 머릿속에 생각을 지우고 어 하다 보니까 마음이 너무나 편안해 져서 그 이후에 뭐 스트레스나 이런 게 썩 날아가는 그런 기분이었습니다. 그래서 그때부터 스트레스를 받고 하면 명상을 하면서 스트레스를 풀고는 합니다.","wordCount":102},"emotion":[],"intent":[{"text":"","expression":"","category":"attitude"}],"summary":{"text":"낙천적인 성격인 저는 스트레스를 잘 받는 편이지만 스트레스를 받으면 바로 풀려고 합니다. 스트레스를 풀 때 가장 좋은 방법은 명상입니다. 명상을 하다 보니 마음이 편안해져서 그때부터 스트레스를 받고 명상을 하며 스트레스를 풀곤 합니다.","wordCount":32}}},"rawDataInfo":{"question":{"fileFormat":"wav","fileSize":288398,"duration":9010,"samplingBit":16,"channelCount":1,"samplingRate":"16kHz","audioPath":"/Mock/04.RND/Male/Experienced/ckmk_q_rnd_m_e_102055.wav"},"answer":{"fileFormat":"wav","fileSize":2580878,"duration":80650,"samplingBit":16,"channelCount":1,"samplingRate":"16kHz","audioPath":"/Mock/04.RND/Male/Experienced/ckmk_a_rnd_m_e_102055.wav"}}}