{"version":"1.0","dataSet":{"info":{"date":"20230116","occupation":"RND","channel":"MOCK","place":"ONLINE","gender":"MALE","ageRange":"45-54","experience":"EXPERIENCED"},"question":{"raw":{"text":"지금까지 본인이 했던 업무와 일 중에서 가장 큰 성과가 있었던 일들을 중점적으로 설명을 해 주시구요 그리고 왜 그렇게 생각을 하고 본인이 어떤 역할을 했는지도 알려주시죠","wordCount":25},"emotion":[],"intent":[]},"answer":{"raw":{"text":"저는 제 꿈을 이룬 거를 가장 큰 성과라고 생각합니다. 제가 오래 전 어린 시절부터 꿈꿔왔던 그래서 대학도 진학을 하고 다행히 그 전공으로 공부를 하게 되었고 그 모든 과정이 저라는 사람을 봤었을 때 저의 인생을 봤었을 때 아 아마 가장 큰 성과가 아닐까 이렇게 하고 싶은 일을 할 수 있게 된 이 여정이 쉽지 않죠 사실 요즘 시대에는 다 대부분이라고 하면 또 너무 일반화지만 많지만 예전 저희 부모님 세대만 해도 흔한 경우가 아니었고 그런 의미에서 운이 좋다고 생각을 합니다. 어 좋아하는 거를 꾸준히 유지할 수 있는 것과 또 좋아하는 거를 일찍이 발견했다는 그런 행운 그리고 좋아하는 거를 업으로 삼으면서도 여전히 좋아하게 된 음 어떤 인내심 어떤 여러 가지 부분 모든 게 행운이고 축복이고 큰 성과라고 생각합니다.","wordCount":115},"emotion":[],"intent":[{"text":"","expression":"","category":"attitude"}],"summary":{"text":"어릴적부터 꿈꿔온 일을 할 수 있게 된 것이 가장 큰 성과라고 생각합니다. 좋아하는 것을 꾸준히 유지할 수 있는 것과 좋아하는 것을 일찍 발견한 것, 좋아하는 것을 업으로 삼는 인내심 등 모든 것이 행운이고 축복이고 큰 성과라 생각합니다.","wordCount":37}}},"rawDataInfo":{"question":{"fileFormat":"wav","fileSize":557518,"duration":17420,"samplingBit":16,"channelCount":1,"samplingRate":"16kHz","audioPath":"/Mock/04.RND/Male/Experienced/ckmk_q_rnd_m_e_111801.wav"},"answer":{"fileFormat":"wav","fileSize":2842318,"duration":88820,"samplingBit":16,"channelCount":1,"samplingRate":"16kHz","audioPath":"/Mock/04.RND/Male/Experienced/ckmk_a_rnd_m_e_111801.wav"}}}