{"version":"1.0","dataSet":{"info":{"date":"20230116","occupation":"RND","channel":"MOCK","place":"ONLINE","gender":"MALE","ageRange":"35-44","experience":"EXPERIENCED"},"question":{"raw":{"text":"만약에 기차가 운행을 하다가 산사태로 삼십 분 동안 정차가 되었다고 할 때 지원자님께서 관리 책임에 위치에 있다면 이 때 어떻게 조치하실 건가요","wordCount":22},"emotion":[],"intent":[]},"answer":{"raw":{"text":"기차가 운행 간에 산사태로 삼십 분 동안 정차되었습니다. 일단 조치 방법으로는 일단 상황의 심각성을 먼저 판단을 할 것 같습니다. 이게 생명의 위험이 있는 것인지 어떤 조치를 취해야 할 것인지를 원인을 확인한 후에 또 이 차 위험성은 없는지 삼 차적인 위험성은 없는지를 판단한 후에 이 차 위험성은 없겠다 판단이 되면 일단 가장 전화가 먼저 되는지 확인할 것 같습니다. 일단 위험에 대한 그 노출되어 있는 것에 대한 요청을 진행을 하고 어 여기서도 내가 할 수 있는 일이 무엇일까 생각을 해 봤을 때 어 좀 더 안전한 곳을 찾는다든지 그런 조치를 취하고 일단은 산사태라는 게 일시적으로 일어나고 나서 이 차 산사태 삼 차까지도 갈 수 있기 때문에 그 부분에서 계속 예의 주시하고 있다가 어 이 차 산사태가 났을 때에도 어 안전을 찾기 위해서 안전한 방법이 무엇이 있을지에 대해서 계속 확인할 것 같습니다. 물론 이제 직원들에 의한 조치도 있겠지만 그 외적인 부분에서 놓치는 부분이 없는지를 해서 어 일단 가장 생명하고 연관되기 때문에 그런 조치들을 취해서 어 안전하게 극복할 것 같습니다. 이상입니다.","wordCount":157},"emotion":[],"intent":[{"text":"","expression":"","category":"attitude"}],"summary":{"text":"조치 방법으로는 상황의 심각성을 먼저 판단을 할 것 같습니다. 일단 위험에 노출되어 있는 것에 대한 요청을 진행을 하고 좀 더 안전한 곳을 찾는 조치를 취한 후, 산사태가 났을 때 안전을 찾기 위한 방법이 무엇이 있을지에 대해서 계속 확인할 것입니다.","wordCount":39}}},"rawDataInfo":{"question":{"fileFormat":"wav","fileSize":613198,"duration":19160,"samplingBit":16,"channelCount":1,"samplingRate":"16kHz","audioPath":"/Mock/04.RND/Male/Experienced/ckmk_q_rnd_m_e_102048.wav"},"answer":{"fileFormat":"wav","fileSize":2713038,"duration":84780,"samplingBit":16,"channelCount":1,"samplingRate":"16kHz","audioPath":"/Mock/04.RND/Male/Experienced/ckmk_a_rnd_m_e_102048.wav"}}}