{"version":"1.0","dataSet":{"info":{"date":"20230116","occupation":"RND","channel":"MOCK","place":"ONLINE","gender":"MALE","ageRange":"35-44","experience":"EXPERIENCED"},"question":{"raw":{"text":"지원자님께서는 새로운 환경에서 전혀 몰랐던 일을 맡아봤던 경험이 있으실까요","wordCount":9},"emotion":[],"intent":[]},"answer":{"raw":{"text":"네 저는 이십 년간 업무를 하면서 다양한 경험을 수행했기 때문에 당연히 새로운 환경에서 새로운 업무가 주어지더라도 저희 업무 대처 능력을 십분 발휘해서 새로운 능력으로 새로운 환경에서 일을 할 수 있도록 준비가 되어 있고 할 자신도 있습니다.","wordCount":36},"emotion":[],"intent":[{"text":"","expression":"","category":"attitude"}],"summary":{"text":"새로운 환경에서 업무가 주어져도 업무 대처 능력을 발휘해 새 환경에서 일을 할 준비가 되어 있고 할 자신도 있습니다. 이는 업무 대처 능력입니다.","wordCount":22}}},"rawDataInfo":{"question":{"fileFormat":"wav","fileSize":273038,"duration":8530,"samplingBit":16,"channelCount":1,"samplingRate":"16kHz","audioPath":"/Mock/04.RND/Male/Experienced/ckmk_q_rnd_m_e_84831.wav"},"answer":{"fileFormat":"wav","fileSize":807758,"duration":25240,"samplingBit":16,"channelCount":1,"samplingRate":"16kHz","audioPath":"/Mock/04.RND/Male/Experienced/ckmk_a_rnd_m_e_84831.wav"}}}