{"version":"1.0","dataSet":{"info":{"date":"20230116","occupation":"RND","channel":"MOCK","place":"ONLINE","gender":"MALE","ageRange":"35-44","experience":"EXPERIENCED"},"question":{"raw":{"text":"일을 하다 보면 상사와 트러블이 생기는 상황이 발생할 수도 있는데요 그럴 때는 어떻게 하실 건가요 또 상사가 혼을 내면 기분이 나쁘시진 않을까요","wordCount":22},"emotion":[],"intent":[]},"answer":{"raw":{"text":"회사에서 업무를 수행하다 보면은 상사의 트러블이 반드시 생길 때는 있습니다. 그래서 어 여기서 가장 큰 크게 중요한 것은 그 트러블로 인해서 감정적으로 상사와 어 감정적인 음 다툼을 안 일으키는 것이 굉장히 중요합니다. 그래서 저는 상사와 업무를 하고 할 때 트러블이 생긴다면 가능하면 상사를 존중하면서 어 상사가 기분 나쁘게 기분 나쁘지 않게 대답을 하거나 상사 기분을 조금 맞춰줄 때가 있는데 이와는 반대로 상사가 그런 것을 생각하지 않고 저의 기분을 조금 어 안 좋게 만드는 혼내는 경우도 종종 있기는 했었습니다. 하지만 그렇다고 해서 어 상사가 혼낸다고 해서 음 제가 또 막 어 상사에게 받아치거나 그러는 것은 저는 좋다 결코 좋다고는 할 수 없습니다. 왜냐하면 이 회사는 직원 간의 관계를 바탕으로 업무를 수행하기 때문에 장사가 혼내더라도 그 당시에는 음 상사의 상사가 상사의 분위기에 맞게끔 행동을 하되 나중에 차후 상사가 기분이 풀렸을 때 상사에 가서 어 이런 이런 부분은 조금 그렇습니다. 분명히 제 의사를 표현하는 것이 굉장히 중요하다고 저는 생각을 합니다.","wordCount":147},"emotion":[],"intent":[{"text":"","expression":"","category":"attitude"}],"summary":{"text":"상사와 업무를 할 때 트러블이 생긴다면 상사를 존중하면서 기분 좋게 대답하거나 상사 기분을 조금 맞춰줄 때가 있는데 상사가 기분 좋게 만드는 혼내는 경우도 있었습니다. 하지만 상사가 혼낸다고 해서 제가 받아치거나 그러는 것은 결코 좋다고 할 수 없으며 분명히 제 의사를 표현하는 것이 중요하다고 생각합니다.","wordCount":44}}},"rawDataInfo":{"question":{"fileFormat":"wav","fileSize":519758,"duration":16239,"samplingBit":16,"channelCount":1,"samplingRate":"16kHz","audioPath":"/Mock/04.RND/Male/Experienced/ckmk_q_rnd_m_e_247112.wav"},"answer":{"fileFormat":"wav","fileSize":3280718,"duration":102520,"samplingBit":16,"channelCount":1,"samplingRate":"16kHz","audioPath":"/Mock/04.RND/Male/Experienced/ckmk_a_rnd_m_e_247112.wav"}}}