{"version":"1.0","dataSet":{"info":{"date":"20230116","occupation":"RND","channel":"MOCK","place":"ONLINE","gender":"MALE","ageRange":"45-54","experience":"EXPERIENCED"},"question":{"raw":{"text":"내가 생각하는 나의 장단점이 아닌 주변의 동료들이 어 우리 팀원들이 나에 대해서 어떤 장단점이 있다 라고 말씀을 하였는지 설명해 주시기 바랍니다","wordCount":21},"emotion":[],"intent":[]},"answer":{"raw":{"text":"어 주변에서 말하는 저의 장점과 단점은 어 똑같습니다. 그것은 무슨 말이냐 하면 저는 공과 사를 어 명확하게 구분합니다. 어 이것이 장점으로 작용할 때도 있고 단점으로 작용할 때도 있지만 저는 제 스스로 어 이것이 저의 장점이라고 생각을 합니다. 주변 사람들은 제가 공과 사가 분명한 게 때로는 너무 차갑다 라는 얘기도 하고 좀 가혹하다는 평가를 하지만 저는 개인적으로 이것이 그 본인한테도 도움이 된다라고 생각을 합니다. 어 저는 어 잘한 것에 대해서는 적극 칭찬을 하고 못한 것에 대해서는 그만큼 책임을 묻습니다. 어 이것은 오히려 본인들한테 더 일을 비즈니스를 수행할 때 있어서 어 좋은 방향으로 나타나는 것 같습니다. 본인이 스스로 노력하고 그것에 대해서 평가를 받는다 라는 것을 어 본인 스스로가 더 바라기 때문입니다. 물론 팀으로 프로젝트를 하다보면 공과 사를 나누기가 어려울 때가 있지만 전 그래도 공과 사를 나눠서 잘한 것과 못한 것을 명확하게 구분합니다. 잘한 것에선 잘한 것에 대한 인센티브를 주고 못한 것에 대해서는 그것에 대한 패널티를 주는 게 이 제 장점이자 단점입니다.","wordCount":149},"emotion":[],"intent":[{"text":"","expression":"","category":"attitude"}],"summary":{"text":"공과 사를 명확하게 구분하는 것이 장점으로 작용하기도 하고 단점으로 작용할 때도 있지만 저는 이것이 제 장점이라고 생각합니다. 주변에선 공과사가 너무 차갑다고 하지만 저는 개인적으로 이것이 본인한테 도움이 된다고 생각합니다. 칭찬은 본인이 더 노력하고 평가를 받는다는 것을 본인이 더 바라기 때문입니다.","wordCount":40}}},"rawDataInfo":{"question":{"fileFormat":"wav","fileSize":473678,"duration":14800,"samplingBit":16,"channelCount":1,"samplingRate":"16kHz","audioPath":"/Mock/04.RND/Male/Experienced/ckmk_q_rnd_m_e_49554.wav"},"answer":{"fileFormat":"wav","fileSize":2851918,"duration":89120,"samplingBit":16,"channelCount":1,"samplingRate":"16kHz","audioPath":"/Mock/04.RND/Male/Experienced/ckmk_a_rnd_m_e_49554.wav"}}}