{"version":"1.0","dataSet":{"info":{"date":"20230116","occupation":"RND","channel":"MOCK","place":"ONLINE","gender":"MALE","ageRange":"35-44","experience":"EXPERIENCED"},"question":{"raw":{"text":"최근 우리나라는 급격한 고령화 사회로 가고 있습니다 이 가운데 치매로 인한 문제가 가장 많이 대두되고 있는데요 이에 대해서 건보 공단이 하는 일과 개선할 방안이 있다면 말씀해 주세요","wordCount":27},"emotion":[],"intent":[]},"answer":{"raw":{"text":"네 요즘 최근에 이제 고령화 사회로 접근을 하고 치매로 인한 문제 여러 가지 일들이 많이 일어나고 있는데 일단 건보공단이 해야 할 일이 많을 것 같고 그런 해야 할 일과 개선할 방안에 대해서 답변 드리겠습니다. 어 고령화 사회로 가면서 지금 우리나라는 그 노인의 나라 라고 불리는 일본을 많이 따라가고 접근하고 있는 것 같습니다. 이에 따른 대응을 잘 해야 할 것 같은데 어 우리가 이제 저 정부에서 사용하고 있는 각종 어 노인을 위한 뭐 복지 혜택이라든지 이런 것들을 건보공단에서 진행을 하고 있는데 그런 일들에 대해서 사각지대에서 노인 분명히 노인들이 많이 있을 겁니다. 자식과 떨어져서 지내고 주거 환경이라든지 먹는 부분 이런 데서 많이 열악한 사람들이 많은 걸로 알고 있습니다. 이런 사각지대에 있는 부분들을 잘 체크하고 잘 확인해서 개선시키고 도와줄 수 있는 방안이 저는 정부에서 해야 할 일이라고 생각합니다. 그래서 그런 부분을 건보 공단에서 잘 캐치하고 그런 부분에 더 집 더 집중한다면은 어 건강한 사회로 가는 길이 되지 않을까 싶습니다. 이상입니다.","wordCount":147},"emotion":[],"intent":[{"text":"","expression":"","category":"attitude"}],"summary":{"text":"최근 고령화 사회로 접근함에 따라 건보공단이 해야 할 일과 개선할 방안에 대해 답변 드리겠습니다. 고령화 사회로 가면서 우리나라는 일본을 많이 따라가고 있는 것 같습니다. 정부에서 사용하는 각종 노인을 위한 복지 혜택들을 건보 공단에서 진행을 하고 있는데, 사각지대에 있는 노인들을 잘 체크하고 개선시킬 수 있는 방안이 제가 해야 할 일이라고 생각합니다.","wordCount":50}}},"rawDataInfo":{"question":{"fileFormat":"wav","fileSize":624718,"duration":19520,"samplingBit":16,"channelCount":1,"samplingRate":"16kHz","audioPath":"/Mock/04.RND/Male/Experienced/ckmk_q_rnd_m_e_236274.wav"},"answer":{"fileFormat":"wav","fileSize":2756238,"duration":86130,"samplingBit":16,"channelCount":1,"samplingRate":"16kHz","audioPath":"/Mock/04.RND/Male/Experienced/ckmk_a_rnd_m_e_236274.wav"}}}