{"version":"1.0","dataSet":{"info":{"date":"20230116","occupation":"RND","channel":"MOCK","place":"ONLINE","gender":"MALE","ageRange":"45-54","experience":"EXPERIENCED"},"question":{"raw":{"text":"지원자님께서 대학 생활 중에 본인이 가장 힘들었던 경험은 무엇이었는지 그 경험 사례와 함께 구체적으로 한번 말씀해 주시겠습니까","wordCount":17},"emotion":[],"intent":[]},"answer":{"raw":{"text":"대학 생활을 하면서 가장 힘들었던 점은 아무래도 그 집과 학교와의 거리가 좀 멀었기 때문에 통학하는 문제였습니다. 어 저학년 때는 학교 기숙사에서도 생활을 해보고 자취도 해보고 했는데 아무래도 그 학교와 집이 멀다 보니 어 학교 기숙 생활도 조금 힘들었고 자치 생활하는 것도 좀 많이 힘들었던 것 같습니다. 뭐 공부도 졸업반일 때는 공부 학점 따는 것도 여러 가지 힘들었던 점이 있었지만 그래도 뭐니뭐니 해도 가장 힘들었던 것은 그 통학하면서 그 시간이 많이 지체된 거 하고 학교에서 뭐 수업이 늦게 끝난다 라든지 학교가 뭐 동아리라든지 활동이 좀 늦게 끝나고 나면 집까지 갈 수가 없어서 어 좀 뭐 친구 집에 잔다더라 친구네 집에서 잔다 라든지 했던 그런 점들이 학교생활 할 땐 가장 저는 힘들었던 것 같습니다.","wordCount":112},"emotion":[],"intent":[{"text":"","expression":"","category":"attitude"}],"summary":{"text":"대학 생활을 하면서 가장 힘들었던 점은 집과 학교와의 거리가 멀기 때문에 통학하는 것이었습니다. 학교 기숙 생활과 자치 생활, 졸업반 생활 모두 힘들었던 것 같습니다. 통학하면서 시간이 많이 지체된 것, 동아리 활동 후 집까지 갈 수 없었던 점들이 가장 힘들었습니다.","wordCount":39}}},"rawDataInfo":{"question":{"fileFormat":"wav","fileSize":414158,"duration":12940,"samplingBit":16,"channelCount":1,"samplingRate":"16kHz","audioPath":"/Mock/04.RND/Male/Experienced/ckmk_q_rnd_m_e_49980.wav"},"answer":{"fileFormat":"wav","fileSize":1924878,"duration":60150,"samplingBit":16,"channelCount":1,"samplingRate":"16kHz","audioPath":"/Mock/04.RND/Male/Experienced/ckmk_a_rnd_m_e_49980.wav"}}}