{"version":"1.0","dataSet":{"info":{"date":"20230116","occupation":"RND","channel":"MOCK","place":"ONLINE","gender":"MALE","ageRange":"45-54","experience":"EXPERIENCED"},"question":{"raw":{"text":"커뮤니케이션을 잘 할 수 있는 나만의 스킬이 있다면 한번 소개해 주시겠어요 직접 한번 보여주셔도 좋으실 것 같은데 가능하시겠어요","wordCount":18},"emotion":[],"intent":[]},"answer":{"raw":{"text":"저는 음 소모임을 만듭니다. 네 이게 아무래도 일만 해서는 한계가 있다고 생각을 합니다. 네 소통의 한계가 그 일에서 만난 직급대로 관계가 흘러가는 경우가 거의 다반사라고 볼 수 있구요. 어 그러면 최초의 그 만남에서 상급자였던 사람과 하급자였던 사람은 굳어진 상태로 만남을 유지하기 때문에 동등하다고 보기 어렵습니다. 불편할 수 있는 관계이기 때문에 그래서 소모임을 만들어서 가능하면 그런데 스포츠 쪽 소모임이구요. 왜냐하면 일과 완전히 배제된 조금 신체 활동을 하면서 생산적인 어떤 에너지를 그러니까 에너지를 생산할 수 있게 하는 활동으로 해서 조금 다양한 조금 다른 쪽의 호흡으로 만날 수 있는 그런 기회를 만들려고 하는 편입니다. 그래서 이제 까지 그런 식으로 만났을 때 조금 다르게 관계가 조금 개선이 되면서 좋았습니다 대체적으로.","wordCount":106},"emotion":[],"intent":[{"text":"","expression":"","category":"attitude"}],"summary":{"text":"소모임을 만듭니다. 스포츠 소모임으로 신체 활동을 하면서 생산적인 에너지를 생산할 수 있게 하는 활동 기회를 만듭니다. 관계가 개선되면서 좋았습니다.","wordCount":19}}},"rawDataInfo":{"question":{"fileFormat":"wav","fileSize":439118,"duration":13720,"samplingBit":16,"channelCount":1,"samplingRate":"16kHz","audioPath":"/Mock/04.RND/Male/Experienced/ckmk_q_rnd_m_e_111793.wav"},"answer":{"fileFormat":"wav","fileSize":2847758,"duration":88990,"samplingBit":16,"channelCount":1,"samplingRate":"16kHz","audioPath":"/Mock/04.RND/Male/Experienced/ckmk_a_rnd_m_e_111793.wav"}}}