{"version":"1.0","dataSet":{"info":{"date":"20230116","occupation":"RND","channel":"MOCK","place":"ONLINE","gender":"MALE","ageRange":"35-44","experience":"EXPERIENCED"},"question":{"raw":{"text":"일을 하다 보면 영어로 서류를 작성해야 할 일이 생길 수가 있습니다 영어로 서류를 작성하실 수 있으시다면 말씀해 주시기 바랍니다","wordCount":19},"emotion":[],"intent":[]},"answer":{"raw":{"text":"아 영어로 서류 작성은 많이는 안 해봤지만 가능은 합니다. 뭐 영어로 작성하는 거는 가능한데 인제 물론 한글로 다루는 이제 워드처럼 빨리는 못하지만 가능은 하고 어 영어로 했을 때 이제 좀 약간 그 완성도가 조금은 떨어질 수가 있는데 어 그 저는 회사에서도 그런 적이 몇 번 있어서 네 서류 작성은 가능하겠습니다. 그리고 이어서 뭐 영어 능력이나 뭐 이런 것들은 지금도 계속 공부를 하고 있기 때문에 또 요즘에 또 번역 프로그램이 굉장히 잘 돼 있습니다. 뭐 그거 활용해서도 많이 했었던 것 같고 어 이 물론 말하기나 뭐 이렇게 듣는 거로 이렇게 의사소통하는 데는 영어를 작성한 쓰는 데는 지장이 없는데 솔직히 서류 작성은 인제 경험이 많지는 않다 보니까 완성도는 많이 떨어지겠지만 뭐 번역 기능이라든지 뭐 이런 여러 가지를 이용하면은 어 서류 작성이 충분히 가능할 것 같습니다. 그리고 지금 이제 토익 토플은 제 자기계발 용도로 해서 지금 많이 노력하고 있는데 그 부분까지 보완이 된다면은 어 말씀해 주신 이 내용을 들어보니까 어 앞으로는 이런 일이 많을 것 같습니다. 그래서 많은 도움을 받으려고 생각하고 있습니다. 이상입니다.","wordCount":160},"emotion":[],"intent":[{"text":"","expression":"","category":"attitude"}],"summary":{"text":"영어로 서류 작성은 많이 못해도 가능하지만 번역 기능 등을 이용하면은 충분히 가능할 것 같습니다. 그리고 토익 토플은 자기계발용으로 많이 노력하고 있는데 그 부분까지 보완이 된다면 앞으로는 이런 일이 많을 것 같아 많은 도움을 받으려고 생각하고 있습니다. 이상입니다.","wordCount":37}}},"rawDataInfo":{"question":{"fileFormat":"wav","fileSize":462798,"duration":14460,"samplingBit":16,"channelCount":1,"samplingRate":"16kHz","audioPath":"/Mock/04.RND/Male/Experienced/ckmk_q_rnd_m_e_107526.wav"},"answer":{"fileFormat":"wav","fileSize":2730318,"duration":85320,"samplingBit":16,"channelCount":1,"samplingRate":"16kHz","audioPath":"/Mock/04.RND/Male/Experienced/ckmk_a_rnd_m_e_107526.wav"}}}