{"version":"1.0","dataSet":{"info":{"date":"20230116","occupation":"RND","channel":"MOCK","place":"ONLINE","gender":"MALE","ageRange":"45-54","experience":"EXPERIENCED"},"question":{"raw":{"text":"어 본인께서 이 직무를 수행하기 위해서 남다른 자신만의 강점이 있다고 생각하십니까 만약에 남다른 자 어 다른 사람의 보다 남다른 강점이 있다면 그것이 무엇입니까","wordCount":23},"emotion":[],"intent":[]},"answer":{"raw":{"text":"음 저만의 강점은 어 아무래도 경력이라고 할 수 있겠습니다. 저는 이 일을 지난 이십 년 동안 계속 해왔고 어 지금도 하고 있으며 이 일에 대해서 열정을 지니고 있습니다. 어 이 일을 하기 위해서 저는 어 멈춰있는 것이 아니라 항상 준비하고 시장 조사를 하고 새로운 상품 개발에 대해서 몰두하고 있습니다. 어 저는 이 일을 해오면서 나름 노하우를 축적해 왔고 어 또한 일을 하면서 어 이 일과 관련된 네트워크를 가지고 있습니다. 일이라는 게 하다 보면 어 저 혼자 만에서 해결할 수 없는 일이다 보니 어 저는 제가 직접 경험을 못 해봤거나 제가 알지 못하는 거에 대해서는 제가 일을 하면서 쌓아온 네트워크를 이용해서 그 일을 해결하고 해결하려고 애를 쓰는 편입니다. 어 이것은 저는 그 무엇과도 바꿀 수 없는 저의 어 자산이라고 생각을 합니다. 어 이 일을 할 때 어 혼자서 할 수 있는 일이 아니다 보니 저는 주변으로부터 도움을 받고 또는 제가 도움을 주는 것을 즐겨 하고 있습니다. 저는 이 일을 하기 위해서 수많은 경험과 노하우와 네트워크를 가지고 있으며 이것이 곧 저의 강점이라고 생각합니다.","wordCount":161},"emotion":[],"intent":[{"text":"","expression":"","category":"attitude"}],"summary":{"text":"저는 이 일을 20 년 동안 계속 해왔고 지금도 하고 있으며 이 일과 관련된 네트워크를 가지고 있습니다. 일을 할 때 주변으로부터 도움을 받는 것을 즐겨 하고 있고 이 일을 위해 수많은 경험과 노하우와 네트워크를 가진 것이 저만의 강점이라고 생각합니다.","wordCount":39}}},"rawDataInfo":{"question":{"fileFormat":"wav","fileSize":671438,"duration":20980,"samplingBit":16,"channelCount":1,"samplingRate":"16kHz","audioPath":"/Mock/04.RND/Male/Experienced/ckmk_q_rnd_m_e_49553.wav"},"answer":{"fileFormat":"wav","fileSize":2759118,"duration":86220,"samplingBit":16,"channelCount":1,"samplingRate":"16kHz","audioPath":"/Mock/04.RND/Male/Experienced/ckmk_a_rnd_m_e_49553.wav"}}}