{"version":"1.0","dataSet":{"info":{"date":"20230116","occupation":"RND","channel":"MOCK","place":"ONLINE","gender":"MALE","ageRange":"45-54","experience":"EXPERIENCED"},"question":{"raw":{"text":"혹시나 이제 만약입니다 만약 자신이 아 게임 속에 있다면 그 게임 안에서 어떤 역할을 할 것인지 상상해 보시고 말씀해 주시겠어요","wordCount":20},"emotion":[],"intent":[]},"answer":{"raw":{"text":"만약 제 자신이 게임 속 안에 있다면 어떤 역할을 하고 있을까 라고 생각을 하면 역할에는 여러 가지 역할들이 있겠지만 팀 리더로서의 역할과 어 킹 메이커를 할 수 있는 팀 조력자로서의 역할이 있다고 생각을 합니다. 개인적으로는 중국 심찬사무소에서 어 팀 리더로서 직접 제가 아무도 없는 아무것도 없는 중국 심천 지역에 사무소를 직접 그 계약을 하고 그 계약을 한 후에 과 그 안에서 일을 해야 될 구성원들을 직접 면접하고 채용하였으며 그 안에서의 인원들과 함께 이렇게 영업 계획을 짜고 그 계획에 의거해서 영업 활동을 진행을 하였으며 꽌시를 형성을 하고 최종적으로는 그러한 역할들을 통해서 매출 창출을 이뤄냈습니다. 그러한 매출 창출을 일으켜 내려내면서 미수금까지 최종적으로 회수를 하는 일련의 과정들을 보면 팀 리더 역할이라고 할 수 있겠습니다. 물론 팀 리더 역할 이외에도 대부분의 많은 시간들은 팀 조력자로서 협업을 진행하면서 어 어떠한 목표 달성을 위해서 함께 노력하는 부분도 진행을 했었는데요. 개인적으로는 후자 부분이 저한테는 개인적인 성취감 또한 가장 좀 많 좀 더 많았지 않았나 라고 사려가 됩니다.","wordCount":150},"emotion":[{"text":"개인적으로는 중국 심찬사무소에서 어   팀 리더로서 직접 제가 아무도 없는 아무것도 없는 중국 심천 지역에   사무소를 직접 그 계약을 하고 그 계약을 한 후에 과 그 안에서 일을 해야 될 구성원들을 직접 면접하고 채용하였으며 그 안에서의 인원들과 함께   이렇게 영업 계획을 짜고 그 계획에 의거해서 영업 활동을 진행을 하였으며   꽌시를 형성을 하고 최종적으로는 그러한 역할들을 통해서 매출 창출을 이뤄냈습니다.","expression":"p-achievement","category":"positive"}],"intent":[{"text":"","expression":"","category":"attitude"}],"summary":{"text":"만약 자신이 게임 속 안에 있다면 어떤 역할을 하고 있을까 라고 생각을 하면 팀 리더로서의 역할과 팀 조력자로서의 역할이 있다고 생각을 합니다. 개인적으로 중국 심천 지역에 사무소를 직접 계약하고 그 안에서 일을 해야 될 구성원들을 직접 면접하고 채용하였으며 그 안에서 영업 활동을 하고 최종적으로는 매출 창출을 이뤄냈습니다.","wordCount":47}}},"rawDataInfo":{"question":{"fileFormat":"wav","fileSize":567118,"duration":17720,"samplingBit":16,"channelCount":1,"samplingRate":"16kHz","audioPath":"/Mock/04.RND/Male/Experienced/ckmk_q_rnd_m_e_49714.wav"},"answer":{"fileFormat":"wav","fileSize":2773838,"duration":86680,"samplingBit":16,"channelCount":1,"samplingRate":"16kHz","audioPath":"/Mock/04.RND/Male/Experienced/ckmk_a_rnd_m_e_49714.wav"}}}