{"version":"1.0","dataSet":{"info":{"date":"20230116","occupation":"RND","channel":"MOCK","place":"ONLINE","gender":"MALE","ageRange":"35-44","experience":"EXPERIENCED"},"question":{"raw":{"text":"면접자분 본인이 가장 자신 있는 기술 분야는 어떤 분야입니까","wordCount":9},"emotion":[],"intent":[]},"answer":{"raw":{"text":"저는 광석 광석을 잘 분석할 수 있습니다. 광석이라고 하면은 사람들이 돌덩이를 얘기하는 건가 라고 이렇게 생각을 할 수도 있어요. 그런데 광석이라고 하는 것은 어떤 에너지를 담고 있는 돌이라고 생각하면 편해요. 그러니까 영어로 표현하면 미네랄 미네랄이라고 영어론 표현을 하는데 광석에는 그 종류가 엄청 무 무궁무진해요. 우리나라에서 그런 광석을 찾기 위해서는 주로 이제 예전에 석탄을 캤던 그런 그런 광산 광산 쪽에 있는 주변에 산을 가다 보면은 그런 광석들을 많이 발견할 수 있는데 정말 운이 좋으면은 거기 미네랄 속에 박힌 보석도 가끔 발견할 수가 있습니다.","wordCount":82},"emotion":[],"intent":[{"text":"","expression":"","category":"attitude"}],"summary":{"text":"광석은 에너지를 담는 돌이라고 생각하면 편하고 종류도 무궁무진합니다. 우리나라에서 광석을 찾기 위해서는 광산 근처에 있는 주변에 산을 가다 보면 광석들과 미네랄 속에 박힌 보석도 발견할 수 있습니다.","wordCount":27}}},"rawDataInfo":{"question":{"fileFormat":"wav","fileSize":243278,"duration":7600,"samplingBit":16,"channelCount":1,"samplingRate":"16kHz","audioPath":"/Mock/04.RND/Male/Experienced/ckmk_q_rnd_m_e_205687.wav"},"answer":{"fileFormat":"wav","fileSize":1951438,"duration":60980,"samplingBit":16,"channelCount":1,"samplingRate":"16kHz","audioPath":"/Mock/04.RND/Male/Experienced/ckmk_a_rnd_m_e_205687.wav"}}}