{"version":"1.0","dataSet":{"info":{"date":"20230116","occupation":"RND","channel":"MOCK","place":"ONLINE","gender":"MALE","ageRange":"35-44","experience":"EXPERIENCED"},"question":{"raw":{"text":"혹시 베르누이 방정식을 아십니까 그 베르누이 방정식에 대해서 간단하게 설명해 주시고 그것을 업무에 어떤 식으로 적용하실 건지 어 거기에 대해서도 말씀해 주시면 감사하겠습니다","wordCount":23},"emotion":[],"intent":[]},"answer":{"raw":{"text":"아 예 어려운 질문입니다. 저는 이런 그 방정식이 그 참 그 옛날에 기억을 이제 더듬어 보면은 비행기가 공중으로 떠올라 비행할 수 있도록 만들어주는 힘이 양력이라고 하면은 이러한 양력을 발생할 수 있도록 그 베르누이 그 법칙에 의해 날개가 설계가 됐고 뭐 이루어졌다 이런 정도를 지금 기억을 하고 있는데 사실은 이게 우리 그런 법칙이 방정식이 우리 건설 제조업에 어떻게 활용될 수 있는지 잘 고민해 본 적이 없습니다. 그래서 뭐 딱 이거다 라고 말씀드릴 수 없고 왜냐하면 지금 제가 이쪽 건설 제조업에 종사하는 것이 아니고 어 또 다른 그 업종에 있다 보니까 이쪽에 좀 직접적인 답변은 조금 곤란한 것 같습니다. 어쨌든 어 양해 바랍니다 네.","wordCount":102},"emotion":[],"intent":[{"text":"","expression":"","category":"attitude"}],"summary":{"text":"베르누이의 법칙에 의해 날개가 설계됐다 이런 정도로 기억을 하는데 건설 제조업에 어떻게 활용될 수 있는지 생각해 본 적이 없습니다. 건설업에 종사하지 않아서 직접적 답변은 곤란하니 양해 바랍니다.","wordCount":27}}},"rawDataInfo":{"question":{"fileFormat":"wav","fileSize":657358,"duration":20540,"samplingBit":16,"channelCount":1,"samplingRate":"16kHz","audioPath":"/Mock/04.RND/Male/Experienced/ckmk_q_rnd_m_e_302572.wav"},"answer":{"fileFormat":"wav","fileSize":2019278,"duration":63100,"samplingBit":16,"channelCount":1,"samplingRate":"16kHz","audioPath":"/Mock/04.RND/Male/Experienced/ckmk_a_rnd_m_e_302572.wav"}}}