{"version":"1.0","dataSet":{"info":{"date":"20230116","occupation":"RND","channel":"MOCK","place":"ONLINE","gender":"MALE","ageRange":"45-54","experience":"EXPERIENCED"},"question":{"raw":{"text":"오늘 면접 준비하느라고 고생 많이 했을 텐데 지원자는 어떤 방식으로 면접을 준비했는지 한번 말씀해 주세요","wordCount":15},"emotion":[],"intent":[]},"answer":{"raw":{"text":"어 저는 경력직으로 지원한 만큼 외람되지만 면접 준비를 따로 하지는 않았습니다. 어 다만 제가 전에 직장 여태까지 직장생활을 하면서 제가 했던 뭐 프로젝트라든지 어 업무 같은 것을 다시 한번 쯤 정리를 했고 그리고 저만의 포트폴리오라고 해야 되나 요런 걸 따로 좀 준비를 했습니다. 그거는 이미 제가 경력직으로 회사에 지원을 하면서 제출을 한 고 내용 대로 입니다. 어 저는 어 제가 만약에 입사를 할 수 있다면 어 저는 제 업무에 대해서 누구보다 잘 할 자신이 있습니다. 저는 계속 이 일을 해 왔고 앞으로도 이 일을 하며 할 것이며 저는 제가 하는 일에 대해서 어 많이 어 재미있어 하고 흥미로워하고 도전해 볼 만한 가치가 있다 라고 생각을 합니다. 어 우리 쪽이 대체적으로 좀 인력이 없다 보니까 이직도 좀 잦고 경우에 따라서는 대우를 좀 못 받는 경우가 있다고 저는 생각을 합니다. 왜 그러냐면 저희는 현장에서 일하는 국 직원이다 보니까 현장에서 일하는 직원에 대해서 어 저 개인적으로는 본사나 회사 측에서 좀 배려가 없다고 생각을 합니다. 어 저희가 그 이후에는 뭐 이직이 많다 라는 뭐 그런 이유도 있지만 저는 개인적으로 프로젝트를 건건히 맡아서 하는 것보다는 회사에 소속이 돼 가지고 일하기를 원하고 있습니다.","wordCount":177},"emotion":[{"text":"저는 계속 이 일을 해 왔고 앞으로도 이 일을 하며   할 것이며 저는 제가 하는 일에 대해서 어 많이 어 재미있어 하고   흥미로워하고 도전해 볼 만한 가치가 있다 라고 생각을 합니다.","expression":"p-interest","category":"positive"}],"intent":[{"text":"","expression":"","category":"attitude"}],"summary":{"text":"경력직으로 지원한 만큼 면접 준비를 따로 하지는 않았습니다. 지금까지 직장생활을 하면서 했던 프로젝트나 업무 같은 것을 다시 한번 정리했고 포트폴리오도 따로 준비를 했습니다.","wordCount":23}}},"rawDataInfo":{"question":{"fileFormat":"wav","fileSize":375118,"duration":11720,"samplingBit":16,"channelCount":1,"samplingRate":"16kHz","audioPath":"/Mock/04.RND/Male/Experienced/ckmk_q_rnd_m_e_53783.wav"},"answer":{"fileFormat":"wav","fileSize":2832718,"duration":88520,"samplingBit":16,"channelCount":1,"samplingRate":"16kHz","audioPath":"/Mock/04.RND/Male/Experienced/ckmk_a_rnd_m_e_53783.wav"}}}