{"version":"1.0","dataSet":{"info":{"date":"20230116","occupation":"RND","channel":"MOCK","place":"ONLINE","gender":"MALE","ageRange":"35-44","experience":"EXPERIENCED"},"question":{"raw":{"text":"업무 중에 스케줄에 없던 일이 생길 때가 많이 있는데요 이런 상황이 생긴다면 어떻게 대처하실 건가요","wordCount":15},"emotion":[],"intent":[]},"answer":{"raw":{"text":"어 업무 간에 인제 저희가 예상치 못한 일이 많이 생길 때가 있습니다. 뭐 이런 상황을 뭐 우발 상황이다 응급 상황이다 비상 상황이다 뭐 이렇게 하는데 뭐 그런 것들은 어 저만의 이제 노하우가 있다면은 그렇게 말씀드리고 싶습니다. 어 업무 중에 이제 예상치 못한 일이 생긴다는 거는 하루에 한 두 건은 분명히 있을 겁니다. 그때를 대비해서 어 저는 이제 다이어리에 이제 메모를 했놓습니다. 오늘 해야 할 일에 대해서 일 번부터 뭐 구 번까지 뭐 이렇게 매깁니다. 맨 위에서부터 오늘 하면 절대 오늘 놓치면 안 되는 일을 먼저 해결해 나가다 보면은 이제 내일 해도 되는 일이 남을 겁니다. 이런 일은 이제 또 내일 오늘 해야 할 일을 우선순위로 바꿔주고 이런 식으로 하다 보면은 어 업무 중에 갑자기 생기는 이런 비상 상황에 대해서 당황하지 않고 어 조치할 수가 있습니다. 어 내가 해야 할 일이 마음적으로 아 나 오늘 저거 빨리 끝내 하는데 이 생각을 계속 갖고 있으면 이런 우발 상황이 생겼을 때 오히려 더 두 가지 일이 안 되는 상황이 만들어질 수 있습니다. 그렇기 때문에 저의 기본 업무 중에서 급한 거에 대한 우선순위를 정해서 이렇게 순위를 매겨논다면은 그렇게 업무를 하다 보면 놓치는 부분도 없을 것이고 또 어 이런 우발 상황에 대해서 대처도 가능할 것으로 판단되겠습니다. 이상입니다.","wordCount":192},"emotion":[],"intent":[{"text":"","expression":"","category":"attitude"}],"summary":{"text":"업무 간에 예상치 못한 일이 많이 생길 때가 있는데 그 때를 대비해서 다이어리에 오늘 해야 할 일에 대해 일 번부터 구 번까지 이렇게 메모를 해 놓으면 업무 중에 갑자기 생기는 비상 상황에 대해 대처에 도움이 될 수 있습니다. 그래서 기본 업무 중에서 우선순위를 정해서 순위를 매겨논다면 업무를 하다 보면 놓치는 부분도 없을 것이고 또 이런 우발 상황에 대해서 대처도 가능할 것으로 판단되겠습니다.","wordCount":62}}},"rawDataInfo":{"question":{"fileFormat":"wav","fileSize":339918,"duration":10620,"samplingBit":16,"channelCount":1,"samplingRate":"16kHz","audioPath":"/Mock/04.RND/Male/Experienced/ckmk_q_rnd_m_e_147690.wav"},"answer":{"fileFormat":"wav","fileSize":2748878,"duration":85900,"samplingBit":16,"channelCount":1,"samplingRate":"16kHz","audioPath":"/Mock/04.RND/Male/Experienced/ckmk_a_rnd_m_e_147690.wav"}}}