{"version":"1.0","dataSet":{"info":{"date":"20230116","occupation":"RND","channel":"MOCK","place":"ONLINE","gender":"MALE","ageRange":"45-54","experience":"EXPERIENCED"},"question":{"raw":{"text":"지원한 부서에서 자신이 어떤 일을 하고 있는지 알고 있습니까","wordCount":9},"emotion":[],"intent":[]},"answer":{"raw":{"text":"자신이 속할 팀은 어떤 일을 하고 있는지 알고 있냐는 질문에 대에서 어 해외 영업 팀으로 알고 있습니다. 특히 중국 지역의 신규 매출 창출이 미션으로 알고 있고요. 저의 경우는 거기에 어느 정도 특화가 되어있는 사람이라고 생각을 합니다. 저의 경우는 중국 심천 지역 광동성을 중심으로 하는 심천 지역에 아무도 없는 상태에서 지사 설립을 진행을 했었습니다. 지사 설립을 위해서는 현지에 있는 사무소를 구입을 구매 계약을 하고 그 사무실에서 일을 해야 되는 인원들을 직접 면접을 보고 채용을 했어야 했었습니다. 그리고 그 인원들과 함께 로칼 영업을 직접 진행을 해서 어 꽌시를 형성을 하고 당사의 제품을 프로모션하였으며 최종적으로는 매출 창출을 달성을 하면서 미수금 회수까지 진행을 했었습니다. 이러한 일들을 이 년여 동안 진행을 하면서 저보다 중국어를 잘하는 사람들은 많이 있겠지만 이러한 아무 것도 없는 무에서 유를 창출하는 업무를 진행을 해 본 사람은 많이 없다고 생각을 하기 때문에 아마 도 지금 제가 속할 팀에도 이러한 일을 잘 해 나갈 수 있을 거라 아 사려됩니다.","wordCount":146},"emotion":[],"intent":[{"text":"","expression":"","category":"attitude"}],"summary":{"text":"저는 중국 심천 지역에 아무도 없는 상태에서 지사 설립을 진행을 했습니다. 지사설립을 위해서는 아무런 것도 없는 무에서 유를 창출하는 업무를 진행을 해 본 사람은 많지 않다고 생각을 하기 때문에 지금 제가 속할 팀에도 이러한 일을 잘 해 나갈 수 있을 거라 아 사려됩니다.","wordCount":43}}},"rawDataInfo":{"question":{"fileFormat":"wav","fileSize":323278,"duration":10100,"samplingBit":16,"channelCount":1,"samplingRate":"16kHz","audioPath":"/Mock/04.RND/Male/Experienced/ckmk_q_rnd_m_e_46653.wav"},"answer":{"fileFormat":"wav","fileSize":2748558,"duration":85890,"samplingBit":16,"channelCount":1,"samplingRate":"16kHz","audioPath":"/Mock/04.RND/Male/Experienced/ckmk_a_rnd_m_e_46653.wav"}}}