{"version":"1.0","dataSet":{"info":{"date":"20230116","occupation":"RND","channel":"MOCK","place":"ONLINE","gender":"MALE","ageRange":"45-54","experience":"EXPERIENCED"},"question":{"raw":{"text":"본인이 지원한 업무의 전문가라고 생각을 하시나요","wordCount":6},"emotion":[],"intent":[]},"answer":{"raw":{"text":"아 저는 이 개발 업무에 가장 적합한 전문가라고 생각합니다. 왜냐하면은 저는 어 어렸을 때부터 이런 뭔가를 만드는 것을 취미로 어 하였고 그리고 그 쪽에 소질도 많이 있었습니다. 그래서 어 초등학교 때부터 어 납땜을 했었습니다. 그때 아 라디오 만들기 키트 이런 것들이 있었는데 어 그런 것들이 너무 재미있었습니다. 그래서 뭐 학교 대학교 다닐 때도 그런 작품 활동을 많이 했었고요. 어 실제로도 어 그 대회에서 수상을 한 경험도 있구요. 그래서 어 저는 지금 제가 지원한 이 하드웨어 개발 업무에 가장 최적화된 어 전문가라고 생각을 합니다.","wordCount":83},"emotion":[],"intent":[{"text":"그래서 어 초등학교 때부터 어 납땜을 했었습니다.","expression":"c_private","category":"background"}],"summary":{"text":"저는 어렸을 때부터 납땜을 하는 것을 좋아해서 라디오 만들기 키트 같은 것을 만들었고 수상을 한 경험도 있어서 지금 제가 지원한 하드웨어 개발 업무에 가장 적합한 전문가라고 생각합니다.","wordCount":27}}},"rawDataInfo":{"question":{"fileFormat":"wav","fileSize":232718,"duration":7270,"samplingBit":16,"channelCount":1,"samplingRate":"16kHz","audioPath":"/Mock/04.RND/Male/Experienced/ckmk_q_rnd_m_e_102062.wav"},"answer":{"fileFormat":"wav","fileSize":1947598,"duration":60860,"samplingBit":16,"channelCount":1,"samplingRate":"16kHz","audioPath":"/Mock/04.RND/Male/Experienced/ckmk_a_rnd_m_e_102062.wav"}}}