{"version":"1.0","dataSet":{"info":{"date":"20230116","occupation":"RND","channel":"MOCK","place":"ONLINE","gender":"MALE","ageRange":"45-54","experience":"EXPERIENCED"},"question":{"raw":{"text":"다른 계열사가 아닌 이 계열사에 지원한 이유는","wordCount":7},"emotion":[],"intent":[]},"answer":{"raw":{"text":"다른 계열사가 아닌 이 계열사에 지원한 이유는 다른 계열사 지역보다 이 계열사에서 어 중국 관련된 여러 가지 비즈니스를 진행하고 있다는 사실 때문입니다. 특히 중국 관련된 비즈니스에서 중국어를 잘하는 것만으로는 한계가 있습니다. 따라서 저의 에 개인적 역량과 기존에 했던 업무들이 이 계열사에 어 나름대로의 어느정도 일조를 할 수 있지 않을까 생각을 합니다. 특히 무에서 유를 창조하는 해외 영업의 경우에는 중국 지역 심천 지역에서 지사를 설립을 하고 그 지사에서 일을 할 인원 들을 면접을 하며 채용을 직접 채용을 관여하였으며 그 인원들과 함께 신규 매출 창출을 위해서 미팅을 어렌지 하며 거기에 꽌시를 형성을 하고 최종적으로는 매출을 창출을 일으키고 그 매출에 관련된 미수금까지 모든 업무를 진행을 하며 지금까지 어 근무를 해 왔었던 경력을 갖고 있기 때문에 그러한 경력들이 지금 이 계열사에 진행을 할 경우에 나름대로의 어느 정도 부분 일조를 할 수 있을 거라 생각을 해서 이 계열사에 진행 지원을 하게 되었습니다.","wordCount":137},"emotion":[],"intent":[{"text":"특히 무에서 유를 창조하는 해외 영업의 경우에는 중국 지역 심천 지역에서   지사를 설립을 하고 그 지사에서 일을 할 인원 들을 면접을 하며 채용을 직접 채용을 관여하였으며   그 인원들과 함께 신규 매출 창출을 위해서 미팅을 어렌지 하며   거기에 꽌시를 형성을 하고 최종적으로는 매출을 창출을 일으키고 그 매출에 관련된 미수금까지 모든 업무를 진행을 하며   지금까지 어 근무를 해 왔었던 경력을 갖고 있기 때문에 그러한 경력들이 지금 이 계열사에   진행을 할 경우에 나름대로의 어느 정도 부분 일조를 할 수 있을 거라 생각을 해서   이 계열사에 진행 지원을 하게 되었습니다.","expression":"c_sincere_job","category":"etc"}],"summary":{"text":"이 계열사에 지원한 이유는 이 계열사에서 중국 관련된 여러 가지 비즈니스를 진행하고 있기 때문입니다. 특히 중국 관련된 비즈니스에서 중국어를 잘하는 것만으로는 한계가 있습니다. 따라서 저의 개인적 역량과 기존에 했던 업무들이 이 계열에 어느정도 부분 일조를 할 수 있을 거라고 생각해서 진행 지원을 하게 되었습니다.","wordCount":44}}},"rawDataInfo":{"question":{"fileFormat":"wav","fileSize":191118,"duration":5970,"samplingBit":16,"channelCount":1,"samplingRate":"16kHz","audioPath":"/Mock/04.RND/Male/Experienced/ckmk_q_rnd_m_e_46654.wav"},"answer":{"fileFormat":"wav","fileSize":2840398,"duration":88760,"samplingBit":16,"channelCount":1,"samplingRate":"16kHz","audioPath":"/Mock/04.RND/Male/Experienced/ckmk_a_rnd_m_e_46654.wav"}}}