{"version":"1.0","dataSet":{"info":{"date":"20230116","occupation":"RND","channel":"MOCK","place":"ONLINE","gender":"MALE","ageRange":"45-54","experience":"EXPERIENCED"},"question":{"raw":{"text":"본인이 하고 싶은 직무 말고 다른 직무를 회사가 맡긴다면 어떻게 하실 건가요","wordCount":12},"emotion":[],"intent":[]},"answer":{"raw":{"text":"어 이 질문은 아까 좀 외람된 답변은 좀 외람될 수 있는데 제가 제가 맡고 있는 질문을 할 수 없다면 그거는 저에게나 회사에게나 좀 손해라고 생각을 합니다. 저는 경력직으로 지원한 것인 만큼 저는 이 업무에 대해서 뭐 이십 년 넘게 이 일을 해오면서 나름 노하우를 가지고 있고 저 역시 이 일을 누구보다 잘 해낼 자신이 있습니다. 그런데 제가 지원한 업무 외에 다른 일을 하게 된다라고 하면 일단 저는 흥미 일단 그 업무가 어떤 업무인지 잘 모르지만 일단 제가 잘 모르는 업무다 보니까 의욕도 떨어지고 어 흥미도 잃고 어 열심히 일할 것 같지가 않습니다. 어 그 직책이라는 게 그런 것 같습니다. 어떤 일을 제일 잘 할 수 있는 제일 잘 맞는 분야에서 그 일을 했을 때 가장 높은 어 효과를 나타낼 수 있고 어 저 스스로도 그것에 흥미를 느고 느끼고 열심히 할 수 있는 것 같습니다. 어 저는 에이 라는 일을 하고 싶은데 비라는 일을 어쩔 수 없게 한다 그러면 그 능동적이지 않아질 거고 어 결코 성과가 좋지 않을 거라고 생각이 됩니다. 저는 경력직인 만큼 제가 지원한 업무 파트에서 꼭 일을 해 보고 싶습니다.","wordCount":172},"emotion":[],"intent":[{"text":"","expression":"","category":"attitude"}],"summary":{"text":"저는 경력직인 만큼 이 업무에 대해서는 나름 노하우를 가지고 있고 저 역시 이 일을 누구보다 잘 해낼 자신이 있습니다. 그런데 제가 지원한 업무 외에 다른 일을 하게 된다면 의욕도 떨어지고 열심히 일할 것 같지가 않습니다. 어떤 일을 가장 잘 할 수 있는 분야에서 그 일을 했을 때 가장 높은 효과를 나타낼 수 있고 저 스스로도 흥미를 느고 느끼고 열심히 할 수 있을 것 같습니다.","wordCount":64}}},"rawDataInfo":{"question":{"fileFormat":"wav","fileSize":309198,"duration":9660,"samplingBit":16,"channelCount":1,"samplingRate":"16kHz","audioPath":"/Mock/04.RND/Male/Experienced/ckmk_q_rnd_m_e_49240.wav"},"answer":{"fileFormat":"wav","fileSize":2661198,"duration":83160,"samplingBit":16,"channelCount":1,"samplingRate":"16kHz","audioPath":"/Mock/04.RND/Male/Experienced/ckmk_a_rnd_m_e_49240.wav"}}}