{"version":"1.0","dataSet":{"info":{"date":"20230116","occupation":"RND","channel":"MOCK","place":"ONLINE","gender":"MALE","ageRange":"45-54","experience":"EXPERIENCED"},"question":{"raw":{"text":"저희 회사의 직무가 지원자분의 적성이 맞지 않을 수도 있습니다 그렇게 맞지 않는다면 지원자분은 어떻게 하실 건가요","wordCount":16},"emotion":[],"intent":[]},"answer":{"raw":{"text":"어 질문에는 외람되게도 아니오 라고 대답하겠습니다. 어 저는 경력직으로 지원하는 것인 만큼 이 제가 어 맡을 직무가 제가 지원한 직무가 무엇인지에 너무나 잘 알고 있습니다. 어 저가 저는 이 일을 이십 년 넘게 해왔고 이십 년 넘게 해오면서 나름의 노하우를 쌓고 그것을 지니고 있습니다. 어 제가 경력직으로 지원을 하는데 그 직무가 적성에 안 맞을 리는 절대로 없다 라고 생각합니다. 그러면 저는 다른 업무 다른 직무에 지원을 했겠죠. 그래서 저는 어 조금 질문에 어폐가 있다고 생각을 하고 뭐 면접관님께서는 좀 뭐 건방지다 생각할 수 있을지 모르겠지만 저는 제 직무에 가장 잘 적응하고 가장 잘 해낼 수 있는 자원이라고 저 스스로를 평가하고 싶습니다.","wordCount":101},"emotion":[],"intent":[{"text":"","expression":"","category":"attitude"}],"summary":{"text":"저는 경력직으로 지원하는 것 만큼 맡을 직무가 제가 지원한 직무가 무엇인지 잘 알고 있습니다. 저는 그 직무가 적성에 안 맞을 리는 절대로 없다고 생각합니다. 저는 제 직무에 가장 잘 적응하고 가장 잘 해낼 수 있는 자원이라고 스스로를 평가하고 싶습니다.","wordCount":39}}},"rawDataInfo":{"question":{"fileFormat":"wav","fileSize":327758,"duration":10240,"samplingBit":16,"channelCount":1,"samplingRate":"16kHz","audioPath":"/Mock/04.RND/Male/Experienced/ckmk_q_rnd_m_e_44925.wav"},"answer":{"fileFormat":"wav","fileSize":1856398,"duration":58010,"samplingBit":16,"channelCount":1,"samplingRate":"16kHz","audioPath":"/Mock/04.RND/Male/Experienced/ckmk_a_rnd_m_e_44925.wav"}}}