{"version":"1.0","dataSet":{"info":{"date":"20230116","occupation":"RND","channel":"MOCK","place":"ONLINE","gender":"MALE","ageRange":"35-44","experience":"EXPERIENCED"},"question":{"raw":{"text":"지원자님께서 일을 하다 보면 상사와 트러블이 생길 수 있는데요 어떻게 할 것입니까 또 상사가 혼내면 기분 나빠하진 않으실까요 설명 부탁드립니다","wordCount":20},"emotion":[],"intent":[]},"answer":{"raw":{"text":"상사와 일을 하다 보면 자연스럽게 부딪치게 돼 있습니다. 그런 트러블은 우리가 일상생활이나 회사 생활에서 필연적인 요소이고 그것을 이겨내는 것 또한 직장인의 덕목이라고 생각합니다. 상사의 기질 성향 업무 스타일 저의 업무 스타일이 완전히 다르기 때문에 그것을 적응해 내는 과정이고 그 적응을 하다 보면 트러블이 반드시 발생되게 됩니다. 상사가 어쨌건 저보다 직급이 높고 저희 윗사람이기 때문에 처음에는 상사의 의견 및 방향에 따르겠습니다. 그리고 상사가 혼을 낸다고 굳이 거기서 기분 나빠하지는 않을 것입니다. 왜냐하면 월급의 일부 중에 한 부분이 직장에서 생기는 인간관계에 소요되는 비용이라는 통계가 있습니다. 그런 것들을 봤을 때 누군가와 일했을 때 욕을 먹거나 혼이 난다는 것은 어렵고 힘든 일이 아니라 제가 그 회사에 맞춰가는 과정이라고 생각을 합니다.","wordCount":106},"emotion":[],"intent":[{"text":"","expression":"","category":"attitude"}],"summary":{"text":"직장인은 상사와 일하며 자연스럽게 트러블에 부딪칩니다. 상사의 기질 성향 업무 스타일 제 업무 스타일이 완전히 다르기 때문에 그것을 적응해 나가는 과정입니다. 상사가 혼을 낸다 해서 기분 나빠할 필요는 없습니다. 혼나는 것은 그 회사에 맞춰가는 과정이라고 생각합니다.","wordCount":36}}},"rawDataInfo":{"question":{"fileFormat":"wav","fileSize":472398,"duration":14760,"samplingBit":16,"channelCount":1,"samplingRate":"16kHz","audioPath":"/Mock/04.RND/Male/Experienced/ckmk_q_rnd_m_e_185474.wav"},"answer":{"fileFormat":"wav","fileSize":1966158,"duration":61440,"samplingBit":16,"channelCount":1,"samplingRate":"16kHz","audioPath":"/Mock/04.RND/Male/Experienced/ckmk_a_rnd_m_e_185474.wav"}}}