{"version":"1.0","dataSet":{"info":{"date":"20230116","occupation":"RND","channel":"MOCK","place":"ONLINE","gender":"MALE","ageRange":"45-54","experience":"EXPERIENCED"},"question":{"raw":{"text":"면접자분이 이 회사에 입사하게 되면 구체적으로 어떤 업무를 하게 될 것이라고 생각을 하시고 오셨나요","wordCount":14},"emotion":[],"intent":[]},"answer":{"raw":{"text":"입사하게 되면 구체적으로 어떤 업무를 하게 될 것인가에 대한 부분은 제가 해외 영업 중에서 중국 지역 신규 매출 창출하게 되는 업무를 하게 될 것으로 알고 있습니다. 저는 중국에서 상해에서 대학을 졸업하고 총 오 년간 생활을 하고 공부를 했었기 때문에 중국어에 대해서는 누구보다도 자신감을 가지고 있습니다. 하지만 중국어만 가지고서는 신규 매출을 창출하는 데는 분명히 한계를 느끼게 되구요. 그 저 같은 경우에는 중국 심천 지역에 중국 남부 광동성 지역의 심천이라는 지역에 아무 것도 없는 상태에서 지사 설립을 제가 직접 주도를 했었구요. 그 지사라는 부분들이 사무실을 그 사무실을 섭외를 하고 거기에 계약을 직접 하면서 그 안에 들어가서 음 업무를 해야 되는 인원들을 제가 직접 면접을 하고 채용을 하였고요. 그 인원들과 조직을 만들어 로컬 영업을 직접 진행을 했었습니다. 어 꽌시를 만들고 지속적인 영업 활동을 지장하 진행하면서 최종적으로는 매출 창출을 달성하였고 매출 창출로 인한 미수금 발생한 부분들도 직접 처리를 했던 경험이 있기 때문에 입사하게 되면 어 어떤 업무를 해야 될지의 부분은 그런 업무라고 생각합니다.","wordCount":149},"emotion":[],"intent":[{"text":"","expression":"","category":"attitude"}],"summary":{"text":"저는 중국 심천 지역에 아무 것도 없는 상태에서 지사 설립을 직접 주도를 했고, 지사라는 부분들이 사무실을 섭외하고 계약을 직접 하면서 업무를 해야 되는 인원들을 직접 면접하고 채용을 하였고, 그 인원들과 조직을 만들어 로컬 영업을 직접 진행을 했습니다. 매출 창출로 인한 미수금도 직접 처리를 했던 경험이 있어서 입사하게 되면 어떤 업무를 해야 될지의 부분은 그런 업무라고 생각합니다.","wordCount":56}}},"rawDataInfo":{"question":{"fileFormat":"wav","fileSize":320078,"duration":10000,"samplingBit":16,"channelCount":1,"samplingRate":"16kHz","audioPath":"/Mock/04.RND/Male/Experienced/ckmk_q_rnd_m_e_49644.wav"},"answer":{"fileFormat":"wav","fileSize":2784078,"duration":87000,"samplingBit":16,"channelCount":1,"samplingRate":"16kHz","audioPath":"/Mock/04.RND/Male/Experienced/ckmk_a_rnd_m_e_49644.wav"}}}