{"version":"1.0","dataSet":{"info":{"date":"20230116","occupation":"RND","channel":"MOCK","place":"ONLINE","gender":"MALE","ageRange":"45-54","experience":"EXPERIENCED"},"question":{"raw":{"text":"본인이 해당 직무에 지원한 이유가 있을 것 같은데요 뭐 다른 분과 좀 비교되는 특별한 이유가 있을까요 또는 그러한 이유가 생겼던 어떤 특별한 계기가 있다면 말씀해 주시면 감사하겠습니다","wordCount":27},"emotion":[],"intent":[]},"answer":{"raw":{"text":"제가 경력직으로 이 직무에 지원한 이유는 저는 제 일을 더 잘하고 싶기 때문입니다. 어 그럼 전에 직장에서 퇴사한 이유를 말씀드려야 되는데 전에 직장은 약 오십 년 정도 어 된 중견기업이었습니다. 어 외람된 말씀이지만 경영진이나 이사진들이 약간 나이도 많으시고 그러다보니 새 제품을 개발하려는 게 아니라 기존 제품을 계속 보완해서 새로 만들고 어 타 회사의 제품을 모방하거나 이러는 일을 어 계속 해오다 보니 저스로 제 일에 대한 긍지나 자부심을 잃게 됐습니다. 어 물론 모방은 새로운 것을 만들기 위해서 어 꼭 있어야 되는 과정이라고 생각을 합니다. 하지만 어 계속 이런 일을 반복하다 보니 저 스스로 정체되는 건 정체가 되고 저 스스로 일에 흥미를 느끼지 못하는 것 같아서 저는 이직을 선택했고 새로운 직장을 얻기 위해서 입사 준비를 했습니다. 어 제가 지금 지원한 직무는 어 이 회사는 제가 새로운 일을 무언가 새로운 것을 만들어내고 준비하고 하는데 적합한 회사라고 생각하기 때문에 어 이 회사에 지원을 하게 됐습니다.","wordCount":141},"emotion":[],"intent":[{"text":"어 제가 지금 지원한 직무는 어 이 회사는 제가 새로운 일을 무언가 새로운 것을 만들어내고 준비하고   하는데 적합한 회사라고 생각하기 때문에 어 이 회사에 지원을 하게 됐습니다.","expression":"c_sincere_job","category":"etc"}],"summary":{"text":"전 직장은 중견기업이었지만 기존 제품을 보완하여 새로 만들고 타 회사의 제품을 모방하는 일을 계속 하다 보니 제 일에 대한 긍지와 자부심을 잃었습니다. 새로운 일을 만들어내고 준비하는데 적합한 회사라 생각하여 경력직으로 이 직무에 지원하게 되었습니다.","wordCount":34}}},"rawDataInfo":{"question":{"fileFormat":"wav","fileSize":651918,"duration":20370,"samplingBit":16,"channelCount":1,"samplingRate":"16kHz","audioPath":"/Mock/04.RND/Male/Experienced/ckmk_q_rnd_m_e_49403.wav"},"answer":{"fileFormat":"wav","fileSize":2843278,"duration":88850,"samplingBit":16,"channelCount":1,"samplingRate":"16kHz","audioPath":"/Mock/04.RND/Male/Experienced/ckmk_a_rnd_m_e_49403.wav"}}}