{"version":"1.0","dataSet":{"info":{"date":"20230116","occupation":"RND","channel":"MOCK","place":"ONLINE","gender":"MALE","ageRange":"35-44","experience":"EXPERIENCED"},"question":{"raw":{"text":"만약 지원자님께서 지금 지원하신 이 업무가 아니라 회사에 들어온 후에 전혀 다른 부서로 배치가 된다면 그땐 어떻게 하시겠습니까 다른 부서에 배치가 되어도 상관없으시겠습니까","wordCount":23},"emotion":[],"intent":[]},"answer":{"raw":{"text":"네 만약에 제가 지원한 직무가 아닌 다른 부서에 배치된다 하더라도 어 전혀 문제될 건 없을 것 같습니다. 오히려 저한테는 더욱더 기회가 될 것이고 그 기회를 발판 삼아서 상급 업무나 뭐 이렇게 승진할 수 있는 기회도 있다고 생각합니다. 그래서 뭐 음 오히려 더 설레일 것 같고 할 것 같은데 물론 이제 처음에 그렇게 정말 예상치 못한 다른 부서에 배치가 되면은 일단 당황은 할 것 같습니다. 당황해서 쪼금은 어 부담도 되고 걱정도 되고 하겠지만 딱 일 년만 고생하면 된다고 생각합니다. 일 년이면 모든 사이클이 돌아가고 이렇게 되기 때문에 그런 부분에 있어서는 도움이 많이 되지 않을까 싶어서 어 저는 오히려 더 잘 된 일이라고 생각할 수도 있을 것 같습니다. 근데 제가 했던 직무를 하게 되면은 물론 저의 경험이나 스펙이나 갖고 있는 부분에서 더 빨리 적응하고 회사에 더 빠른 도움을 줄 수는 있겠지만 어 이런 다른 부서에 가더라도 또 분명히 거기에서 얻는 저의 그런 리스팩트 같은 그런 모습들이 있지 않을까 싶습니다. 네 이상입니다.","wordCount":149},"emotion":[],"intent":[{"text":"","expression":"","category":"attitude"}],"summary":{"text":"만약 제가 지원한 직무가 아닌 다른 부서에 배치된다 하더라도 전혀 문제될 건 없을 것 같습니다. 오히려 저한테 더욱더 기회가 될 것이고 그 기회를 발판 삼아서 상급 업무나 이렇게 승진할 수 있는 기회도 있다고 생각합니다.","wordCount":34}}},"rawDataInfo":{"question":{"fileFormat":"wav","fileSize":593678,"duration":18550,"samplingBit":16,"channelCount":1,"samplingRate":"16kHz","audioPath":"/Mock/04.RND/Male/Experienced/ckmk_q_rnd_m_e_236280.wav"},"answer":{"fileFormat":"wav","fileSize":2361678,"duration":73800,"samplingBit":16,"channelCount":1,"samplingRate":"16kHz","audioPath":"/Mock/04.RND/Male/Experienced/ckmk_a_rnd_m_e_236280.wav"}}}