{"version":"1.0","dataSet":{"info":{"date":"20230116","occupation":"RND","channel":"MOCK","place":"ONLINE","gender":"MALE","ageRange":"45-54","experience":"EXPERIENCED"},"question":{"raw":{"text":"어 면접자님은 지금 디자인 쪽으로 어 업무를 지원했어요 혹시 여기를 선택한 이유가 있나요","wordCount":13},"emotion":[],"intent":[]},"answer":{"raw":{"text":"건설 현장 관리 업무는 성격이 저랑 잘 맞는다고 생각해서 지원하게 되었습니다. 저는 굉장히 꼼꼼한 편입니다. 어떤 면에서는 강박 증세도 살짝 있습니다. 근데 저로 저의 이러한 성격이 건설 현장에서는 아주 필요합니다. 왜냐하면 신문 지상이나 티비에서 방송되고 있는 그러한 건설 현장의 사고들은 대다수가 건설 현장 관리자의 느슨함과 무사 안일함에서 비롯된다고 생각합니다. 건설 현장 관리자가 조금 더 꼼꼼히 조금 더 부지런히 현장의 구석구석을 확인한다면 그런 안전사고에 대한 것은 잘 일어나지 않을 것이라고 생각합니다. 저의 꼼꼼함과 그리고 조금은 강박이 있는 것이 분명 건설 현장의 무사고로 이어질 것이라고 생각합니다. 그래서 저는 이 직무를 지원했습니다.","wordCount":89},"emotion":[],"intent":[{"text":"저는 굉장히 꼼꼼한 편입니다.","expression":"c_person","category":"background"},{"text":"어떤 면에서는 강박 증세도 살짝 있습니다.","expression":"c_person","category":"background"},{"text":"저의 꼼꼼함과 그리고 조금은 강박이 있는 것이 분명 건설 현장의 무사고로 이어질 것이라고 생각합니다.","expression":"c_person","category":"background"}],"summary":{"text":"건설 현장 관리 업무는 성격이 잘 맞는다고 생각해서 지원하게 되었습니다. 저는 굉장히 꼼꼼한 편이지만 강박 증세도 조금 있습니다. 하지만 저로 저의 성격이 건설 현장에서는 아주 필요합니다. 그래서 저는 이 직무를 지원했습니다.","wordCount":31}}},"rawDataInfo":{"question":{"fileFormat":"wav","fileSize":335438,"duration":10480,"samplingBit":16,"channelCount":1,"samplingRate":"16kHz","audioPath":"/Mock/04.RND/Male/Experienced/ckmk_q_rnd_m_e_90029.wav"},"answer":{"fileFormat":"wav","fileSize":2665998,"duration":83310,"samplingBit":16,"channelCount":1,"samplingRate":"16kHz","audioPath":"/Mock/04.RND/Male/Experienced/ckmk_a_rnd_m_e_90029.wav"}}}