{"version":"1.0","dataSet":{"info":{"date":"20230116","occupation":"RND","channel":"MOCK","place":"ONLINE","gender":"MALE","ageRange":"35-44","experience":"EXPERIENCED"},"question":{"raw":{"text":"사람들은 하루에 평균 세 번 이상 거짓말을 하고 산다고 하는데요 지원자님이 그동안 해본 거짓말 중에 아직도 본인의 기억에 자리 잡은 역대급 거짓말이 있으신지 궁금합니다","wordCount":24},"emotion":[],"intent":[]},"answer":{"raw":{"text":"잘 기억이 나지 않는 것 같습니다. 기억이 안 나는 이유가 저는 그런 것들이 거짓말인지 거짓말이라고 생각을 하지 않고서 그렇게 말을 했기 때문에 저는 그렇게 거짓말을 핬던 했던 기억이 나지 않는 것 같애요. 왜냐하면 실제로 제가 거짓말을 했을 수도 있어요. 했을 수도 있는데 그 상황에서 저는 그 거짓말도 진심이었기 때문에 말을 발화하는 순간 그것이 거짓말이 아니게 됐을 것 같애요. 그러니까 내 마음속에서는 이렇게 거짓말을 하지만 인식으로는 이것은 내가 거짓말이지만 거짓말이 아니기 때문에 거짓말이 아닌 걸로 저에게 남아있는 거죠. 그렇게 거짓말이 아니니까 제가 거짓말을 했던 기억이 별로 안 나는 것 같애요. 그런데 반대로 말하면 그만큼 제가 거짓말을 많이 했다는 반증이 될 수도 있는 거예요. 그렇지만 우리 인간들은 그렇게 따지면 모든 인간들은 다 거짓말을 한다고 생각을 하고 있습니다.","wordCount":115},"emotion":[],"intent":[{"text":"","expression":"","category":"attitude"}],"summary":{"text":"제가 말을 했을 때 그것이 진실이었기 때문에 말을 발화하는 순간 그것이 거짓이 아니게 되었을 것 같습니다. 즉 인식으로는 이것은 제가 거짓말이지만 이것이 아니기 때문에 이것이 아닌 걸로 남아있는 것입니다.","wordCount":29}}},"rawDataInfo":{"question":{"fileFormat":"wav","fileSize":476878,"duration":14900,"samplingBit":16,"channelCount":1,"samplingRate":"16kHz","audioPath":"/Mock/04.RND/Male/Experienced/ckmk_q_rnd_m_e_205691.wav"},"answer":{"fileFormat":"wav","fileSize":2609998,"duration":81560,"samplingBit":16,"channelCount":1,"samplingRate":"16kHz","audioPath":"/Mock/04.RND/Male/Experienced/ckmk_a_rnd_m_e_205691.wav"}}}