{"version":"1.0","dataSet":{"info":{"date":"20230116","occupation":"RND","channel":"MOCK","place":"ONLINE","gender":"MALE","ageRange":"45-54","experience":"EXPERIENCED"},"question":{"raw":{"text":"지원자님께서 예상하셨던 것과 다르게 업무의 내용과 강도가 다르다면 어떻게 하실 건가요","wordCount":11},"emotion":[],"intent":[]},"answer":{"raw":{"text":"그 예상이라는 게 좀 약간 애매한 질문이시긴 한데 어 예상했던 것과 업무 내용이 업무 내용이 다르다 그러면 어 그것은 좀 다시 생각을 해 봐야 될 것 같습니다. 저는 경력직으로 지원하는 곳이기 때문에 어 제가 여태까지 해왔던 업무와 다른 업무 내용일 순 없을 거라고 생각을 합니다. 어 업무의 강도는 뭐 사람마다 기준이 다르다 보니까 제가 예상했던 거에 비해서 입사를 하게 되면 업무 강도가 더 높을 수는 있다 라고 생각을 합니다. 하지만 저는 경력직으로 지원한 것인 만큼 이 일에 대해서는 어 솔직히 누구보다 잘 해낼 자신이 있습니다. 그리고 무슨 일을 하고 어떤 일을 해야 되는지를 잘 알고 있기 때문에 업무 강도도 어 결코 뭐 제가 생각하는 거에서 벗어나지 않을 거라고 생각합니다. 하지만 업무 내용이 다르다 라는 거는 조금 다른 문제인 것 같습니다. 어 업무 내용이 다르다 라는 것은 제가 뭔가 잘못 알고 어 회사에 입사를 하려고 하거나 아니면 반대로 회사에서 저에 대해서 잘 모르고 어 저를 채용하려는 것이기 때문에 이 부분에 대해서는 좀 확인이 있어야 되지 않을까 생각합니다.","wordCount":156},"emotion":[],"intent":[{"text":"","expression":"","category":"attitude"}],"summary":{"text":"경력직으로 지원해서 누구보다 잘 해낼 자신이 있습니다. 하지만 업무 내용이 다르다는 부분에 대해서는 확인을 해봐야 될 것 같습니다.","wordCount":18}}},"rawDataInfo":{"question":{"fileFormat":"wav","fileSize":401358,"duration":12540,"samplingBit":16,"channelCount":1,"samplingRate":"16kHz","audioPath":"/Mock/04.RND/Male/Experienced/ckmk_q_rnd_m_e_53862.wav"},"answer":{"fileFormat":"wav","fileSize":2502158,"duration":78190,"samplingBit":16,"channelCount":1,"samplingRate":"16kHz","audioPath":"/Mock/04.RND/Male/Experienced/ckmk_a_rnd_m_e_53862.wav"}}}