{"version":"1.0","dataSet":{"info":{"date":"20230116","occupation":"RND","channel":"MOCK","place":"ONLINE","gender":"MALE","ageRange":"45-54","experience":"EXPERIENCED"},"question":{"raw":{"text":"면접자님께서는 문서화는 왜 해야 되는 작업이라고 생각하시나요","wordCount":7},"emotion":[],"intent":[]},"answer":{"raw":{"text":"문서화는 왜 해야 된다고 생각하느냐에 대한 질문은 모든 비즈니스 그리고 사람과의 관계 들을 구두상으로나 약속과 그리고 돈이 오가는 머니가 오가는 부분들 그리고 약속이라는 부분들은 기본적으로는 구두상으로는 했던 부분들은 왜곡되어지는 경우들을 많이 보아왔습니다. 따라서 본사 부서간의 부분 그리고 고객과의 부분들은 기본적으로는 문서화가 되어 있지 않으면 나중에라도 얼마든지 왜곡이 되어 그 부분이 발목을 잡는 경우들이 발생하는 경우가 있습니다. 따라서 이러한 부분들 특히 민감한 부분들 특히 해외 영어 영업 쪽에서 관련된 부분이라고 한다면 단가 납기 그리고 계약서상의 여러 가지 문구들은 꼭 문서화로 꼼꼼하게 에 해 놓아야 나중에 이런 부분들이 구두상으로 얘기를 했던 왜곡된 부분들을 문서화를 통해서 어 책임 소재를 정확하게 구분할 수 있기 때문에 이런 부분일수록 민감한 부분들 일수록 특히 이익과 관련된 부부 이해관계와 관련된 부분에 대해서는 문서화가 꼭 필요하다고 생각합니다.","wordCount":118},"emotion":[],"intent":[{"text":"","expression":"","category":"attitude"}],"summary":{"text":"본사 부서간의 부분, 고객과의 부분들은 문서화가 되어 있지 않으면 훗날에라도 왜곡이 되어 그 부분이 발목을 잡는 경우가 있기 때문에 민감한 부분들일수록 특히 이익과 관련된 부부 이해관계와 관련된 부분에 대해서는 문서화가 꼭 필요합니다.","wordCount":32}}},"rawDataInfo":{"question":{"fileFormat":"wav","fileSize":241358,"duration":7540,"samplingBit":16,"channelCount":1,"samplingRate":"16kHz","audioPath":"/Mock/04.RND/Male/Experienced/ckmk_q_rnd_m_e_46662.wav"},"answer":{"fileFormat":"wav","fileSize":2695758,"duration":84240,"samplingBit":16,"channelCount":1,"samplingRate":"16kHz","audioPath":"/Mock/04.RND/Male/Experienced/ckmk_a_rnd_m_e_46662.wav"}}}