{"version":"1.0","dataSet":{"info":{"date":"20230116","occupation":"RND","channel":"MOCK","place":"ONLINE","gender":"MALE","ageRange":"35-44","experience":"EXPERIENCED"},"question":{"raw":{"text":"어 지원자님께서 이제 원하시는 직무가 있으시겠지만 다른 직무를 맡게 되실 수도 있는데요 그렇게 된다면 어떻게 하실 건가요 그리고 그렇게 된다고 하더라도 괜찮으신가요","wordCount":22},"emotion":[],"intent":[]},"answer":{"raw":{"text":"예 만약에 제가 회사에 입사 후에 지금 제가 지원한 직무가 아닌 다른 직무를 맡게 된다고 해도 어 크게 불편할 건 없을 것 같습니다. 그 이유는 어 어차피 다른 업무도 해봐야 하고 다른 직무 다른 부서를 일을 또 경험을 해봐야 또 저만의 그런 능률이나 이런 것들이 올라가고 또 스펙이 강해지고 또 다른 무기가 만들어지는 거기 때문에 저는 여러 가지 업무를 다 할 줄 알아야 한다고 생각합니다. 제가 상급자 입장 제가 책임자 입장에서 봤을 때는 어 이 직원은 이것도 할 줄 알고 저것도 할 줄 알고 저기도 경험이 있고 이런 직원을 원하지 한 가지 일만 잘하는 직원은 그렇게 원하지 않을 것 같습니다. 저부터도 그렇게 원하기 때문에 분명히 회사에서도 그렇게 요구하고 원할 것을 알기 때문에 이런 다른 직무를 맡았을 때 처음에는 당황스럽고 어려운 건 사실입니다. 근데 딱 일 년 일 년만 집중하게 되면은 분명히 그 부분에 대해서도 다 전문가가 돼 있지 않을까 싶은 거고 알고 있기 때문에 어 저는 오히려 그 상황을 지혜로 발판 삼아서 더욱더 열심히 할 것 같습니다. 이상입니다.","wordCount":158},"emotion":[],"intent":[{"text":"","expression":"","category":"attitude"}],"summary":{"text":"저는 여러 가지 업무를 다 할 줄 알아야 한다고 생각합니다. 상급자 입장에서 봤을 때는 한 가지 일만 잘하는 직원들은 그렇게 원하지 않을 것 같습니다. 회사에서도 그렇게 요구하고 원할 것을 알기 때문에 다른 직무를 맡았을 때 처음에는 당황스럽고 어렵지만 그 상황을 지혜로 발판 삼아서 더욱더 열심히 할 것 같습니다. 이상입니다.","wordCount":49}}},"rawDataInfo":{"question":{"fileFormat":"wav","fileSize":539278,"duration":16850,"samplingBit":16,"channelCount":1,"samplingRate":"16kHz","audioPath":"/Mock/04.RND/Male/Experienced/ckmk_q_rnd_m_e_236277.wav"},"answer":{"fileFormat":"wav","fileSize":2580238,"duration":80630,"samplingBit":16,"channelCount":1,"samplingRate":"16kHz","audioPath":"/Mock/04.RND/Male/Experienced/ckmk_a_rnd_m_e_236277.wav"}}}