{"version":"1.0","dataSet":{"info":{"date":"20230116","occupation":"RND","channel":"MOCK","place":"ONLINE","gender":"MALE","ageRange":"35-44","experience":"EXPERIENCED"},"question":{"raw":{"text":"만약 일을 하다가 타 부서와 갈등 상황이 발생한다면 어떻게 해결하실 건가요 상황을 한 번 가정하고 말씀해 주세요","wordCount":17},"emotion":[],"intent":[]},"answer":{"raw":{"text":"업무를 하다 보면 타 부서와의 갈등은 반드시 발생할 수 밖에 없습니다. 그 이유는 부서 간의 이기주의 개인 간의 이기주의 또는 업무에 대한 책임 전가 회피 이런 것들이 가장 기본적인 것일 수가 있고 또는 서로 간의 소통의 부재일 수도 있습니다. 마지막으로 부서 간의 갈등 중에 가장 큰 문제는 회사의 구조적인 문제입니다. 예를 들어서 마케팅 부서에서는 일억 원에 예산을 집행해 달라고 하고 회계부서에서는 칠천만 원에 예산 밖에 줄 수 없었다고 하면 이것은 회사 자체의 구조적인 문제이기 때문에 이 문제를 해결하기 위해서는 가장 높은 선의 결정권자가 이것에 대한 중재안을 마련해 줘야 됩니다. 그렇게 해서 칠천이든 일억이든 아니면 중간 값이 팔천 오백에 마케팅을 진행하라 라고 하는 정확한 명령 하달이 없으면 이 문제는 부서간의 문제로 계속 남아 있을 수밖에 없습니다. 또는 부서 간의 갈등 중에 가장 큰 문제인 부서 이기주의는 서로에게 소통을 하면서 어떤 부분이 가장 최적의 중재안이 될 수 있는지 타협점이 될 수 있는지를 파악해야 됩니다. 예를 들어 나도 여기까지 양보할 테니 당신 팀도 이렇게 양보하세요 라고 하는 소통을 통해서 하나 하나 해결해 나갈 수 있고 이것은 큰 문제가 되지 않는 사안들입니다.","wordCount":168},"emotion":[],"intent":[{"text":"또는 부서 간의 갈등 중에 가장 큰 문제인 부서 이기주의는 서로에게 소통을 하면서 어떤 부분이 가장 최적의   중재안이 될 수 있는지 타협점이 될 수 있는지를 파악해야 됩니다.","expression":"c_confl_mg","category":"personality"}],"summary":{"text":"부서 간의 갈등 중 가장 큰 문제는 회사의 구조적인 문제인데, 정확한 명령 하달이 없으면 이 문제는 부서간의 문제로 계속 남아 있을 수밖에 없습니다. 또는 부서 이기주의는 서로에게 소통을 하면서 어떤 부분이 최적의 중재안이 될 수 있는지 타협점이 될 수 있는지를 파악해야 됩니다. 소통을 통해서 해결하면 큰 문제가 되지 않는 사안입니다.","wordCount":50}}},"rawDataInfo":{"question":{"fileFormat":"wav","fileSize":286798,"duration":8960,"samplingBit":16,"channelCount":1,"samplingRate":"16kHz","audioPath":"/Mock/04.RND/Male/Experienced/ckmk_q_rnd_m_e_185478.wav"},"answer":{"fileFormat":"wav","fileSize":2845518,"duration":88920,"samplingBit":16,"channelCount":1,"samplingRate":"16kHz","audioPath":"/Mock/04.RND/Male/Experienced/ckmk_a_rnd_m_e_185478.wav"}}}