{"version":"1.0","dataSet":{"info":{"date":"20230116","occupation":"RND","channel":"MOCK","place":"ONLINE","gender":"MALE","ageRange":"45-54","experience":"EXPERIENCED"},"question":{"raw":{"text":"당신은 제 이 외국어를 할 수 있습니까 어떠한 제 이 외국어를 할 수 있나요 그 중 영어에 자신이 있습니까 영어로 서류 작성이 가능한지 답변을 듣고 싶습니다","wordCount":26},"emotion":[],"intent":[]},"answer":{"raw":{"text":"영어로 작문을 하거나 어 어떤 글을 뭐 해석을 하거나 이런 부분에 대해서는 좀 어려움이 있을 수 있지만 영어로 된 서류를 작성하는 거는 크게 어렵지 않다라고 생각을 합니다. 어 기본 포맷이 있고 기본에 작성했던 그 룰과 규칙이 있는 문서라면 충분히 그것을 전에 서류를 검토하고 공부해 가지고 작성을 할 수 있다라고 생각을 합니다. 어 스스로 영어 실력이 많이 뛰어난 편은 아니지만 서류 작성을 하면서 어 포맷이 있고 틀이 있는 있는 서식에 대해서는 많이 해 본 경험이 있고 잘 할 자신도 있습니다. 또 모르는 것은 어 뭐 동료나 주변 사람들한테 물어서 충분히 해결할 수 있다 라고 생각을 합니다.","wordCount":95},"emotion":[],"intent":[{"text":"","expression":"","category":"attitude"}],"summary":{"text":"영어로 된 서류 작성은 기본 포맷이 있고 룰과 규칙이 있는 문서라면 충분히 작성할 수 있다고 생각합니다. 영어 실력이 부족한 편은 아니지만, 틀이 있는 서식에 대해서는 많이 해 본 경험이 있고 잘 할 자신도 있습니다.","wordCount":34}}},"rawDataInfo":{"question":{"fileFormat":"wav","fileSize":668878,"duration":20900,"samplingBit":16,"channelCount":1,"samplingRate":"16kHz","audioPath":"/Mock/04.RND/Male/Experienced/ckmk_q_rnd_m_e_49404.wav"},"answer":{"fileFormat":"wav","fileSize":1689678,"duration":52800,"samplingBit":16,"channelCount":1,"samplingRate":"16kHz","audioPath":"/Mock/04.RND/Male/Experienced/ckmk_a_rnd_m_e_49404.wav"}}}