{"version":"1.0","dataSet":{"info":{"date":"20230116","occupation":"RND","channel":"MOCK","place":"ONLINE","gender":"MALE","ageRange":"45-54","experience":"EXPERIENCED"},"question":{"raw":{"text":"직무에 지원한 이유는 무엇인가요","wordCount":4},"emotion":[],"intent":[]},"answer":{"raw":{"text":"본 직무에 지원한 이유는 제가 가장 잘 할 수 있고 잘 할 수 있다 라고 자신하기 때문입니다. 저는 지금 직무와 같은 일을 이십 여 여 간 이상 해왔고 어 불과 얼마 전까지도 전까지도 현역에서 어 이 일을 해왔습니다. 이 일을 해오면서 나름대로 자부심도 있고 어 함께 일을 해 왔던 노하우를 가지고 있습니다. 그 노하우를 이용해서 어 지금 이 직무에 대해서 누구보나 누구보다도 잘 해낼 자신이 있습니다.","wordCount":66},"emotion":[],"intent":[{"text":"","expression":"","category":"attitude"}],"summary":{"text":"본 직무에 지원한 이유는 제가 가장 잘 할 수 있고 잘할 수 있다고 자신하기 때문입니다. 그 노하우를 이용해서 지금 이 직무에 대해 누구보나 잘 해낼 자신이 있습니다.","wordCount":27}}},"rawDataInfo":{"question":{"fileFormat":"wav","fileSize":199118,"duration":6220,"samplingBit":16,"channelCount":1,"samplingRate":"16kHz","audioPath":"/Mock/04.RND/Male/Experienced/ckmk_q_rnd_m_e_34306.wav"},"answer":{"fileFormat":"wav","fileSize":1330638,"duration":41580,"samplingBit":16,"channelCount":1,"samplingRate":"16kHz","audioPath":"/Mock/04.RND/Male/Experienced/ckmk_a_rnd_m_e_34306.wav"}}}