{"version":"1.0","dataSet":{"info":{"date":"20230116","occupation":"RND","channel":"MOCK","place":"ONLINE","gender":"MALE","ageRange":"45-54","experience":"EXPERIENCED"},"question":{"raw":{"text":"가장 자신 있는 작업은 무엇인가요","wordCount":5},"emotion":[],"intent":[]},"answer":{"raw":{"text":"제가 가장 자신 있어 하는 작업은 제품 개발입니다. 어 저는 여태까지 계속 제품 개발을 해 왔고 저는 새로운 제품을 만들어서 이것에 시중에 내놓는 것을 무엇보다 보람되게 느낍니다. 새로운 제품을 만든다라는 것은 기존에 없던 제품을 만들어서 그것을 소비자가 사용을 하고 소비자가 그것을 사용함으로써 더 편리하게 더 작업에 능률이 오르게 하는 데 도움이 될 수 줄 수 있기 때문입니다. 어 새로운 제품을 만들기 위해서는 시장 조사가 있어야 되고 기존에 나왔던 제품에 대한 시장조사 뿐만 아니라 그것에 대한 피드백 그거에 대한 장점과 단점을 구분해서 그것보다 더 나은 제품을 더 적은 어 재산을 투자해 가지고 그것으로 새로운 제품을 만들어내는 것을 목표로 합니다. 저는 새로운 제품을 만들 때 그것이 어디에 소요가 되고 어 어떤 점에서 기존 제품과 다른지를 분명히 해서 그 제품이 시장에서 더 인기가 있고 더 호응이 좋도록 만드는 것에 대해서 재미를 느끼고 거기에 대해서 자부심을 느낍니다. 그래서 저는 가장 자신 있는 작업은 신제품을 개발하고 그것을 만들어내는 것입니다.","wordCount":144},"emotion":[],"intent":[{"text":"","expression":"","category":"attitude"}],"summary":{"text":"새로운 제품을 만든다는 것은 기존에 없던 제품을 만들어서 편리하게 작업에 능률이 오르게 하는 데 도움이 될 수 있기 때문에 가장 자신 있는 작업은 신제품을 개발하고 그것을 만들어내는 것입니다.","wordCount":28}}},"rawDataInfo":{"question":{"fileFormat":"wav","fileSize":203598,"duration":6360,"samplingBit":16,"channelCount":1,"samplingRate":"16kHz","audioPath":"/Mock/04.RND/Male/Experienced/ckmk_q_rnd_m_e_49976.wav"},"answer":{"fileFormat":"wav","fileSize":2707278,"duration":84600,"samplingBit":16,"channelCount":1,"samplingRate":"16kHz","audioPath":"/Mock/04.RND/Male/Experienced/ckmk_a_rnd_m_e_49976.wav"}}}