{"version":"1.0","dataSet":{"info":{"date":"20230116","occupation":"RND","channel":"MOCK","place":"ONLINE","gender":"MALE","ageRange":"35-44","experience":"EXPERIENCED"},"question":{"raw":{"text":"지원자님께서 글로벌 인재에게 필수인 요소는 무엇이고 면접자님께서 그것을 위해 노력했던 것은 무엇이라고 생각하십니까 간단히 설명 부탁드립니다","wordCount":16},"emotion":[],"intent":[]},"answer":{"raw":{"text":"글로벌 인재에게 필수적인 요소는 바로 외국어 능력입니다. 이제는 국경 없는 사회 국경 없는 시장에서 모든 사람과 경쟁을 해야 되기 때문에 글로벌 를 위한 언어를 배우는 것은 당연한 것입니다. 특히나 영어 스페인어 중국어 같은 특별한 외국어 능력을 가진다면 당연히 어느 시장에 가서도 적응하고 판매 전략을 세울 수가 있습니다. 저는 영어 공부를 위해서 이천 십 년도부터 지속적으로 영어 공부를 시작했습니다. 영어 회화 듣기 쓰기 말하기 논문 이런 것들을 지속적으로 공부하면서 현재는 비즈니스 미팅 컨퍼런스 모든 기술 교육에 제가 주도가 되어 프로젝트 리더로서 영어 업무를 맡고 있습니다. 특히나 저희 같은 기술직들은 영어 매뉴얼이나 서류 업무를 검토할 일들이 상당히 많습니다. 저는 외국인들과 한 달에 한 번씩 만나서 다섯 시간에서 일곱 시간 동안 같이 파티를 하고 같이 논문을 읽어가는 그런 모임을 갖고 있습니다. 처음에는 영어가 너무 어려웠지만 이제는 영어가 저의 일상이 돼서 여 한국어만큼 자연스럽게 하는 수준이 되어 어드벤스와 플런틀리의 중간에 레벨에 도달했습니다. 외국어는 글로벌 인재에게 필수적인 요소라고 생각합니다.","wordCount":144},"emotion":[],"intent":[{"text":"영어 회화   듣기 쓰기 말하기 논문 이런 것들을 지속적으로 공부하면서 현재는 비즈니스 미팅 컨퍼런스   모든 기술 교육에 제가 주도가 되어 프로젝트 리더로서 영어 업무를 맡고 있습니다.","expression":"r_prof","category":"attitude"},{"text":"저는 외국인들과 한 달에 한 번씩 만나서 다섯 시간에서 일곱 시간 동안 같이 파티를 하고 같이 논문을 읽어가는 그런 모임을 갖고 있습니다.","expression":"r_prof","category":"attitude"},{"text":"처음에는 영어가 너무 어려웠지만 이제는 영어가 저의 일상이 돼서 여 한국어만큼 자연스럽게 하는 수준이 되어 어드벤스와 플런틀리의 중간에 레벨에 도달했습니다.","expression":"r_prof","category":"attitude"}],"summary":{"text":"글로벌 인재에게 외국어 능력은 필수적인 요소입니다. 저는 영어 공부를 이천 십 년도부터 꾸준히 하면서 비즈니스 미팅 컨퍼런스 모든 기술 교육에 주도가 되어 프로젝트 리더로서 영어를 맡고 있습니다. 외국인들과 한 달에 한 번씩 만나서 다섯 시간에서 일곱 시간 동안 같이 파티를 하고 같이 논문을 읽어가는 모임을 갖고 있습니다. 외국어는 글로벌인재에게 필수적입니다.","wordCount":50}}},"rawDataInfo":{"question":{"fileFormat":"wav","fileSize":444878,"duration":13900,"samplingBit":16,"channelCount":1,"samplingRate":"16kHz","audioPath":"/Mock/04.RND/Male/Experienced/ckmk_q_rnd_m_e_185473.wav"},"answer":{"fileFormat":"wav","fileSize":2804558,"duration":87640,"samplingBit":16,"channelCount":1,"samplingRate":"16kHz","audioPath":"/Mock/04.RND/Male/Experienced/ckmk_a_rnd_m_e_185473.wav"}}}