{"version":"1.0","dataSet":{"info":{"date":"20230116","occupation":"RND","channel":"MOCK","place":"ONLINE","gender":"MALE","ageRange":"45-54","experience":"EXPERIENCED"},"question":{"raw":{"text":"지원자께서는 협업할 때 사교성이 좋은 편이라고 생각합니까","wordCount":7},"emotion":[],"intent":[]},"answer":{"raw":{"text":"저는 대체적으로 협업할 때 뭐 사교성이 좋은 편입니다. 협업이라는 것은 어 뭐 같은 팀원끼리의 협업도 있고 부서끼리의 협업도 있고 뭐 대외적인 뭐 거래처 또는 어 경쟁사와에도 협업이 있다 라고 생각을 합니다. 협업을 할 때 사교성은 큰 무기로 어 작용을 할 수 있다 라고 생각을 합니다. 사교성이라는 게 결국 다른 사람과의 관계를 뜻하는 거기 때문에 비즈니 현대의 비즈니스는 혼자서는 절대로 살아남을 수가 없습니다. 같이 협업을 하면서 윈윈 윈 윈 정책을 펼치고 어 내가 좋고 상대편도 좋은 게 좋은 비즈니스 모델이라고 저는 생각하고 있습니다.","wordCount":82},"emotion":[],"intent":[{"text":"","expression":"","category":"attitude"}],"summary":{"text":"협업 시 사교성이 큰 무기로 작용해 다른 사람과의 관계를 뜻하는 사교성은 비즈니 현대의 비즈니스에서는 혼자서는 절대로 살아남을 수 없습니다. 같이 협업을 하면서 정책을 펼치는 게 좋은 비즈니스 모델이라고 생각합니다.","wordCount":29}}},"rawDataInfo":{"question":{"fileFormat":"wav","fileSize":243278,"duration":7600,"samplingBit":16,"channelCount":1,"samplingRate":"16kHz","audioPath":"/Mock/04.RND/Male/Experienced/ckmk_q_rnd_m_e_34304.wav"},"answer":{"fileFormat":"wav","fileSize":1578958,"duration":49340,"samplingBit":16,"channelCount":1,"samplingRate":"16kHz","audioPath":"/Mock/04.RND/Male/Experienced/ckmk_a_rnd_m_e_34304.wav"}}}