{"version":"1.0","dataSet":{"info":{"date":"20230116","occupation":"RND","channel":"MOCK","place":"ONLINE","gender":"MALE","ageRange":"45-54","experience":"EXPERIENCED"},"question":{"raw":{"text":"최근에 본인이 재미있어 하는 일이 있으신가요","wordCount":6},"emotion":[],"intent":[]},"answer":{"raw":{"text":"제가 최근 관심을 갖고 재미있어 하는 일은 루어 낚시입니다. 어 예전에는 민물 낚시를 주로 했었는데 어 최근에 휴가를 다녀오면서 루어 낚시를 접하게 되면서 어 루어 낚시의 그 매력에 좀 빠졌습니다. 루어 낚시는 어 민물 낚시가 다 이 민물 낚시는 한 자리에 딱 고정돼서 그 안 자리 자리에 앉아 가지고 뭐 꾸준히 뭐 밑밥을 주고 하는 낚시 좀 약간 정적인 거에 비해 루어 낚시는 계속 이동을 하면서 하는 낚시다 보니까 어 좀 주변 풍광을 좀 볼 수도 있고 어 그때 그때 상황에 대해서 어 새롭게 대처를 해야 되는 뭐 물살이 얼마나 센지 깊은지 낮은지 뭐 루어는 어떤 게 잘 그 먹히는지 등을 계속 그때그때 상황에 맞춰서 이렇게 바꾸고 조절하고 그래야 되는 게 조금 더 제 성격에 맞고 재미있는 것 같습니다. 그러면서 다양한 어종을 만날 수도 있고 이게 이동을 하면서 하는 낚시다 보니까 어 민물 낚시보다는 민물 낚시보다는 조금 더 익사이팅한 게 어 저에게 더 맞는 것 같아서 저는 최근에 루어 낚시를 배우고 있고 이것에 대한 공부를 조금씩 하고 있는 편입니다.","wordCount":159},"emotion":[{"text":"어 예전에는 민물 낚시를 주로   했었는데 어 최근에 휴가를 다녀오면서 루어 낚시를 접하게 되면서   어 루어 낚시의 그 매력에 좀 빠졌습니다.","expression":"p-interest","category":"positive"},{"text":"루어 낚시는   어 민물 낚시가 다 이 민물 낚시는 한 자리에 딱 고정돼서 그 안 자리 자리에 앉아 가지고   뭐 꾸준히 뭐 밑밥을 주고 하는 낚시 좀 약간 정적인 거에 비해 루어 낚시는 계속 이동을 하면서   하는 낚시다 보니까 어 좀 주변 풍광을 좀 볼 수도 있고 어 그때 그때 상황에 대해서   어 새롭게 대처를 해야 되는 뭐 물살이 얼마나 센지 깊은지 낮은지 뭐   루어는 어떤 게 잘 그 먹히는지 등을 계속 그때그때 상황에 맞춰서   이렇게 바꾸고 조절하고 그래야 되는 게 조금 더 제 성격에 맞고 재미있는 것 같습니다.","expression":"p-interest","category":"positive"}],"intent":[{"text":"","expression":"","category":"attitude"}],"summary":{"text":"루어 낚시는 이동을 하면서 하는 낚시다 보니 주변 풍광을 볼 수도 있고, 물살이 얼마나 센지 깊은지 낮은지, 루어는 어떤 게 잘 먹는지 등을 그때그때 상황에 맞춰서 조절하고 조절해야 되는 게 조금 더 제 성격에 맞고 재미있는 것 같습니다. 그래서 최근에 루어 낚시를 배우고 있고 이것에 대한 공부를 조금씩 하고 있습니다.","wordCount":50}}},"rawDataInfo":{"question":{"fileFormat":"wav","fileSize":209358,"duration":6540,"samplingBit":16,"channelCount":1,"samplingRate":"16kHz","audioPath":"/Mock/04.RND/Male/Experienced/ckmk_q_rnd_m_e_49239.wav"},"answer":{"fileFormat":"wav","fileSize":2690958,"duration":84090,"samplingBit":16,"channelCount":1,"samplingRate":"16kHz","audioPath":"/Mock/04.RND/Male/Experienced/ckmk_a_rnd_m_e_49239.wav"}}}