{"version":"1.0","dataSet":{"info":{"date":"20230116","occupation":"RND","channel":"MOCK","place":"ONLINE","gender":"MALE","ageRange":"45-54","experience":"EXPERIENCED"},"question":{"raw":{"text":"패러데이 법칙에 대해 설명해 주시기 바랍니다","wordCount":6},"emotion":[],"intent":[]},"answer":{"raw":{"text":"아 패러데이의 법칙은 어 전자기 유도 현상이라고 어 그 볼 수 있겠는데요. 아 우리가 그 코일에 어 자석을 넣었다 뺐다 하면은 그 코일에 전기가 흐릅니다. 근데 그 자석을 어 움직이는 속도를 빠르게 하면 어 전긴 전류는 더 많이 흐르게 되고 그리고 또 코에 그 코일에 감는 수가 많을수록 그 전기 발생량은 증가하게 됩니다. 이런 것들이 이제 패러데이의 법칙인데요. 우리 생활에서 이 패러데이의 법칙을 볼 수 있는 것은 요즘은 어 그 스마트폰 무선 충전 스마트폰 어 이라고 생각합니다. 그 서로 접촉하지 않는 그러니까 실제로 컨텍되있지 않는 그 상태에서 무선으로 이 그 코일과 코일에서 이 전류가 흐르는 그 현상을 이용하는 그런 충전 방식이기 때문입니다","wordCount":102},"emotion":[],"intent":[{"text":"","expression":"","category":"attitude"}],"summary":{"text":"패러데이의 법칙은 전자기 유도 현상입니다. 코일에 자석을 넣었다 뺐다 하면 코일에 전기가 흐릅니다. 자석을 움직이는 속도를 빠르게 하면 전류가 더 많이 흐르게 되고 코에 감는 수가 많을수록 전기 발생량은 증가하게 됩니다.","wordCount":31}}},"rawDataInfo":{"question":{"fileFormat":"wav","fileSize":233678,"duration":7300,"samplingBit":16,"channelCount":1,"samplingRate":"16kHz","audioPath":"/Mock/04.RND/Male/Experienced/ckmk_q_rnd_m_e_102058.wav"},"answer":{"fileFormat":"wav","fileSize":2548558,"duration":79640,"samplingBit":16,"channelCount":1,"samplingRate":"16kHz","audioPath":"/Mock/04.RND/Male/Experienced/ckmk_a_rnd_m_e_102058.wav"}}}