{"version":"1.0","dataSet":{"info":{"date":"20230116","occupation":"RND","channel":"MOCK","place":"ONLINE","gender":"MALE","ageRange":"35-44","experience":"EXPERIENCED"},"question":{"raw":{"text":"지원자님께서 지금까지 인생을 살아오면서 여러 가지 갈등들을 겪어보셨을 텐데 그 갈등들 중에서 가장 심각했던 갈등을 한 가지 골라 말씀 부탁 드립니다","wordCount":21},"emotion":[],"intent":[]},"answer":{"raw":{"text":"가장 심각했던 갈등은 바로 결혼 때문에 부모님과 겪었던 불화입니다. 부모님은 참신하고 착하고 그런 여자를 만나길 원했지만 저는 그런 여자보다는 제가 좋아하는 이성상이 따로 있어 그 사람과 결혼에 대한 허락을 받기를 원했습니다. 하지만 부모님은 그 여자분이 너무 맘에 안 든다면서 만나려고 조차 안 했고 결국은 부모님의 반대와 저의 많은 상처 때문에 그 사람과 헤어지게 되었습니다. 그런데 지금 와서 생각해보면 부모님이 반대할 만한 이유가 있었지 않나 라고 생각은 듭니다.","wordCount":67},"emotion":[],"intent":[{"text":"","expression":"","category":"attitude"}],"summary":{"text":"가장 심각했던 갈등은 결혼 문제로 부모님과 겪었던 불화입니다. 부모님은 참신하고 착하고 그런 여자를 만나길 원했지만 저보다 좋아하는 이성상이 따로 있어 결혼에 대한 허락을 받길 원했습니다.","wordCount":25}}},"rawDataInfo":{"question":{"fileFormat":"wav","fileSize":616398,"duration":19260,"samplingBit":16,"channelCount":1,"samplingRate":"16kHz","audioPath":"/Mock/04.RND/Male/Experienced/ckmk_q_rnd_m_e_156613.wav"},"answer":{"fileFormat":"wav","fileSize":1282638,"duration":40080,"samplingBit":16,"channelCount":1,"samplingRate":"16kHz","audioPath":"/Mock/04.RND/Male/Experienced/ckmk_a_rnd_m_e_156613.wav"}}}