{"version":"1.0","dataSet":{"info":{"date":"20230116","occupation":"RND","channel":"MOCK","place":"ONLINE","gender":"MALE","ageRange":"-34","experience":"EXPERIENCED"},"question":{"raw":{"text":"최근에 재미있게 하고 있는 일이 있다면 무엇인가요 또한 왜 그 일이 요즘 재미있게 느껴지시는지도 함께 설명해 주시기 바랍니다","wordCount":18},"emotion":[],"intent":[]},"answer":{"raw":{"text":"최근에 블로그를 처음 시작하게 되었습니다. 블로그에 처음에는 굉장히 무겁고 어렵고 또 많은 수익을 기대하여 많은 노력을 들여 고품질의 퀄리티를 만들어 내야 된다고 생각했습니다. 물론 고품질의 글도 중요하지만 블로그의 경우 결국 노출이 되어야 하고 노출이 되기 위해서는 키워드와 사람들의 관심사를 파악하여 해당 주제로 글을 써야 합니다. 주제에 맞다면 글은 가볍고 짧더라도 방문자 수가 누적되고 광고 효과를 얻을 수 있습니다. 이러한 마음가짐으로 변하자 많은 글들을 블로그에 쉽게 올렸고 또 최근 이슈가 발생한다거나 속보 등과 같은 것을 바로바로 올렸습니다. 그러자 가시적인 성과가 나타났고 또한 광고 수익이 창출되자 더욱 힘을 내게 되었습니다. 이러한 성과 작게 시작하였지만 성과가 나오면서 더욱 재미있었고 그로 인하여 더욱 집중하게 되고 재미도 느끼는 것 같습니다.","wordCount":105},"emotion":[{"text":"이러한 성과 작게 시작하였지만 성과가 나오면서 더욱 재미있었고 그로 인하여 더욱 집중하게 되고 재미도 느끼는 것 같습니다.","expression":"p-interest","category":"positive"}],"intent":[{"text":"","expression":"","category":"attitude"}],"summary":{"text":"최근 블로그를 처음 시작하면서 고품질의 퀄리티를 만들어 내야 한다고 생각했습니다. 주제를 파악해 글을 쓰면 방문자 수가 누적되고 광고 효과를 얻을 수 있습니다. 이러한 마음가짐으로 변하자 글을 쉽게 올리고 바로 올렸더니 가시적인 성과가 나타났고 더욱 힘을 내게 되었습니다.","wordCount":37}}},"rawDataInfo":{"question":{"fileFormat":"wav","fileSize":601998,"duration":18810,"samplingBit":16,"channelCount":1,"samplingRate":"16kHz","audioPath":"/Mock/04.RND/Male/Experienced/ckmk_q_rnd_m_e_248517.wav"},"answer":{"fileFormat":"wav","fileSize":3793998,"duration":118560,"samplingBit":16,"channelCount":1,"samplingRate":"16kHz","audioPath":"/Mock/04.RND/Male/Experienced/ckmk_a_rnd_m_e_248517.wav"}}}