{"version":"1.0","dataSet":{"info":{"date":"20230116","occupation":"RND","channel":"MOCK","place":"ONLINE","gender":"MALE","ageRange":"35-44","experience":"EXPERIENCED"},"question":{"raw":{"text":"본인이 생각하기에 본인 스스로 숫자와 창의 중 어떤 것에 더 가깝다고 생각하시는지 그 이유와 함께 말씀해 주세요","wordCount":17},"emotion":[],"intent":[]},"answer":{"raw":{"text":"저는 숫자와 창의 중 당연히 창의로운 사람이라고 생각합니다. 창의적인 사람은 어느 한 곳에 머물러 있거나 아니면 남들이 만들어 놓은 데이터에 익숙하지 않습니다. 왜냐하면 내가 만들어낸 데이타 내가 만들어낸 연구 결과에 의해서 어떤 프로젝트가 많이 바뀌고 성장하고 성공할 것을 알기 때문이다. 그래서 저는 제가 항상 연구하고 그 연구를 기반으로 어떻게 하면 더 좋은 성과를 낼까 어떻게 하면 더 좋은 결과치를 가져 올까 라는 고민 속에서 항상 논문을 뒤져보고 논문을 연구하고 살아가고 있습니다. 그래서 저는 창의적인 사람이 되어 연구 개발에 힘을 쓰고 있습니다.","wordCount":81},"emotion":[],"intent":[{"text":"","expression":"","category":"attitude"}],"summary":{"text":"숫자와 창의 중 당연히 창의로운 사람이라고 생각합니다. 창의적인 사람은 제가 만들어낸 데이터에 의해서 어떤 프로젝트가 많이 바뀌고 성공할 것을 알기 때문에 남들이 만들어 놓은 데이터에 익숙하지 않습니다.","wordCount":27}}},"rawDataInfo":{"question":{"fileFormat":"wav","fileSize":404558,"duration":12640,"samplingBit":16,"channelCount":1,"samplingRate":"16kHz","audioPath":"/Mock/04.RND/Male/Experienced/ckmk_q_rnd_m_e_196699.wav"},"answer":{"fileFormat":"wav","fileSize":1372238,"duration":42880,"samplingBit":16,"channelCount":1,"samplingRate":"16kHz","audioPath":"/Mock/04.RND/Male/Experienced/ckmk_a_rnd_m_e_196699.wav"}}}