{"version":"1.0","dataSet":{"info":{"date":"20230116","occupation":"RND","channel":"MOCK","place":"ONLINE","gender":"MALE","ageRange":"-34","experience":"EXPERIENCED"},"question":{"raw":{"text":"혹시 이전 직장에서 퇴사한 것을 후회한 적은 없나요 있다면 왜 후회했는지 그 이유도 같이 말씀해 주세요","wordCount":16},"emotion":[],"intent":[]},"answer":{"raw":{"text":"직장에서 퇴사한 후에 힘들었던 점은 무엇보다도 금전적인 이유는 아닌 개인적인 생활에 후회가 있었습니다. 금전적인 부분이나 앞으로의 계획은 물론 퇴사 전에 충분히 고민하고 계획을 세워서 왔기에 대비할 수 있었습니다. 하지만 회사 안에서 규칙적으로 생활하고 사회생활을 하던 저에게 주어진 자유의 시간이 생각보다 효율적으로 쓰이지 못했고 그로 인해 사회의 구성원으로서 단체 생활에 대한 그리고 혹은 다시 참여하고 싶은 마음이 많이 들었습니다. 그로 인해 저는 제 자신의 시간에 대한 활용에 많은 고민이 되었고 오히려 자연스럽게 계획이 잡혔던 생활을 그리워 하며 후회 하기도 했습니다. 하지만 이내 잘 극복하였고 규칙적이고 올바르고 성장하는 방향으로 나아가고 있습니다.","wordCount":89},"emotion":[],"intent":[{"text":"","expression":"","category":"attitude"}],"summary":{"text":"직장에서 퇴사한 후 개인적인 생활에 후회가 있었습니다. 자유의 시간이 효율적으로 쓰이지 못했고 그로 인해 단체 생활에 다시 참여하고 싶은 마음이 들었습니다. 하지만 이내 잘 극복하였고 규칙적이고 올바르고 성장하는 방향으로 나아가고 있습니다.","wordCount":31}}},"rawDataInfo":{"question":{"fileFormat":"wav","fileSize":306638,"duration":9580,"samplingBit":16,"channelCount":1,"samplingRate":"16kHz","audioPath":"/Mock/04.RND/Male/Experienced/ckmk_q_rnd_m_e_248520.wav"},"answer":{"fileFormat":"wav","fileSize":3778638,"duration":118080,"samplingBit":16,"channelCount":1,"samplingRate":"16kHz","audioPath":"/Mock/04.RND/Male/Experienced/ckmk_a_rnd_m_e_248520.wav"}}}