{"version":"1.0","dataSet":{"info":{"date":"20230116","occupation":"RND","channel":"MOCK","place":"ONLINE","gender":"MALE","ageRange":"45-54","experience":"EXPERIENCED"},"question":{"raw":{"text":"그동안 일을 하면서 연구 윤리를 준수하기 위해 노력했던 경험이 있으신가요 있다면 어떤 노력을 했는지 자세히 말씀해 주세요","wordCount":17},"emotion":[],"intent":[]},"answer":{"raw":{"text":"어 저는 개인적으로 어 창조는 어 모방에서부터 시작한다고 생각을 합니다. 그러다보니 기존에 나와 있는 제품 소위 현재 시장에서 잘 나가는 인기 있는 제품을 어 모니터링하고 그거에 대한 피드백을 하고 어 그 상품에 대해서 어 모방을 합니다. 하지만 이 모방이 어 연구 윤리를 벗어나진 않으려고 합니다. 예를 들어서 제가 그걸 모방함으로써 기존에 있는 제품이라든지 그 개발자가 피해를 본다거나 하면 안 되겠죠. 그거는 어 제가 지적 재산권을 지켜야 되기 때문입니다. 지적 재산권을 잘못하면 소송으로도 발전할 수 있기 때문에 하지만 모방은 새로운 제품을 만들고 하는데 그 근간이 된다 라고 저는 생각합니다. 당연히 그 모방이나 이런 뭐 이게 모방이라는 것은 그것을 기준으로 그거와 보다 더 나은 다른 제품을 만든다 라는 거지 그 제품을 똑같이 만들거나 그거에 아류작을 만든다는 얘기는 아닙니다. 저는 기업 윤리를 당연히 지키고 지적 재산권을 당연히 지키려고 합니다. 그 지적 재산권을 남의 지적 재산권을 지켜야만 저 역시 저의 지적 재산권을 지킬 수 있기 때문입니다.","wordCount":142},"emotion":[],"intent":[{"text":"","expression":"","category":"attitude"}],"summary":{"text":"창조는 모방에서부터 시작됩니다. 기존 제품을 모니터링하고 피드백을 하고 그 상품에 대해 모방을 합니다. 하지만 모방이 연구 윤리를 벗어나진 않으려고 합니다. 모방은 새로운 제품을 만들고 하는데 그 근간이 됩니다. 그래서 모방은 그것을 기준으로 더 나은 제품을 만든다는 것이지 모방이 아류작을 만든다는 말은 아닙니다.","wordCount":42}}},"rawDataInfo":{"question":{"fileFormat":"wav","fileSize":457038,"duration":14280,"samplingBit":16,"channelCount":1,"samplingRate":"16kHz","audioPath":"/Mock/04.RND/Male/Experienced/ckmk_q_rnd_m_e_44580.wav"},"answer":{"fileFormat":"wav","fileSize":2685518,"duration":83920,"samplingBit":16,"channelCount":1,"samplingRate":"16kHz","audioPath":"/Mock/04.RND/Male/Experienced/ckmk_a_rnd_m_e_44580.wav"}}}