{"version":"1.0","dataSet":{"info":{"date":"20230116","occupation":"RND","channel":"MOCK","place":"ONLINE","gender":"MALE","ageRange":"35-44","experience":"EXPERIENCED"},"question":{"raw":{"text":"지원자님께서 지금까지 살아오면서 가장 후회했던 일이 있다면 어떤 일인지 한 가지만 골라서 말씀해 주시기 바랍니다","wordCount":15},"emotion":[],"intent":[]},"answer":{"raw":{"text":"인생에 있어 가장 후회했던 일은 바로 고등학교 때 공부를 잘하는 학교를 갈 수 있음에도 불구하고 남녀공학이라고 하는 이점 때문에 공부 못하는 남녀공학을 택한 것입니다. 고등학교 때는 한창 여자친구의 관심이 많고 그때는 여자친구를 사귀고 싶었기 때문에 부모님의 엄청난 반대에도 불구하고 맨 마지막 날 제가 원서를 바꿔 남녀공학으로 바꿨는데요. 그 남녀공학을 가서 결국 여자친구를 사귈 수도 없었고 성적은 성적대로 떨어졌고 결국 그래서 좋은 대학을 가지 못해서 재수를 했던 경험이 있습니다. 지금 와서 생각해보니 그 어린 나이에 공부에 조금 더 매진을 할 수 있었는데 왜 그때 부모님이 그렇게 바득바득 우기면서까지 가냐고 했을 때 그냥 되도 않는 이유를 댔던 것 같습니다.","wordCount":97},"emotion":[],"intent":[{"text":"","expression":"","category":"attitude"}],"summary":{"text":"고등학교 때 공부 잘하는 학교를 갈 수 있음에도 불구하고 남녀공학이라고 하는 이점 때문에 공부 못하는 남녀공학을 택했습니다. 부모님의 반대에도 불구하고 마지막 날 원서를 바꿔 남녀공학으로 바꿨는데 결국 여자친구를 사귈 수도 없었고 결국 재수를 했습니다.","wordCount":34}}},"rawDataInfo":{"question":{"fileFormat":"wav","fileSize":343118,"duration":10720,"samplingBit":16,"channelCount":1,"samplingRate":"16kHz","audioPath":"/Mock/04.RND/Male/Experienced/ckmk_q_rnd_m_e_156621.wav"},"answer":{"fileFormat":"wav","fileSize":1678158,"duration":52440,"samplingBit":16,"channelCount":1,"samplingRate":"16kHz","audioPath":"/Mock/04.RND/Male/Experienced/ckmk_a_rnd_m_e_156621.wav"}}}