{"version":"1.0","dataSet":{"info":{"date":"20230116","occupation":"RND","channel":"MOCK","place":"ONLINE","gender":"MALE","ageRange":"45-54","experience":"EXPERIENCED"},"question":{"raw":{"text":"회사의 이익과 반하에 상사가 행동을 한다 그럴 때는 어떻게 하시겠습니까","wordCount":10},"emotion":[],"intent":[]},"answer":{"raw":{"text":"일단 어 저는 가만히 보고 있지만은 않을 것 같습니다. 이것은 상사와의 관계 문제가 아니라 상사든 그 부하 직원이든 그거는 관계가 없다고 생각을 합니다. 어 상사 어쨌든 간에 상사든 부하 직원이든 회사에 소속된 사람으로서 그 회사의 이익에 반하는 행동을 하고 그것을 제가 알고 있다라고 하면 어 이것은 당연히 회사 측에 보고를 하고 조치를 받아야 된다라고 생각을 합니다. 어 이것은 개인적인 문제가 아니고 공적인 문제이기 때문에 그것으로 인해서 어 어떠한 피해가 그 개인한테 개인에게 갈 수도 있고 회사에도 영향을 미칠 수 있기 때문에 회사의 이익에 반하는 행동을 했을 때는 그것은 지체 없이 회사에 보고를 해야 된다라고 생각을 합니다. 그것은 회사도 마찬가지입니다. 회사가 사회에 공공에 반하는 행동을 한다면 그것 역시 옳지 않다고 생각하고 그것 역시 제재를 받아야 된다 라고 생각합니다.","wordCount":117},"emotion":[],"intent":[{"text":"","expression":"","category":"attitude"}],"summary":{"text":"상사든 부하 직원이든 회사의 이익에 반하는 행동을 하고 이것을 알고 있다면 회사 측에 보고하고 조치를 받아야 한다 생각합니다. 이는 공적인 문제이기 때문에 회사도 마찬가지입니다. 공공에 반하는 행동은 옳지 않다고 생각하고 제재를 받아야 합니다.","wordCount":33}}},"rawDataInfo":{"question":{"fileFormat":"wav","fileSize":269518,"duration":8420,"samplingBit":16,"channelCount":1,"samplingRate":"16kHz","audioPath":"/Mock/04.RND/Male/Experienced/ckmk_q_rnd_m_e_34312.wav"},"answer":{"fileFormat":"wav","fileSize":2298318,"duration":71820,"samplingBit":16,"channelCount":1,"samplingRate":"16kHz","audioPath":"/Mock/04.RND/Male/Experienced/ckmk_a_rnd_m_e_34312.wav"}}}