{"version":"1.0","dataSet":{"info":{"date":"20230116","occupation":"RND","channel":"MOCK","place":"ONLINE","gender":"MALE","ageRange":"35-44","experience":"EXPERIENCED"},"question":{"raw":{"text":"어 우리 회사에 들어오게 된다면 개인적으로 가장 가고 싶은 부서가 있으신가요 그리고 왜 그렇게 생각하셨는지 그 이유를 함께 말씀해 주시기를 바랍니다","wordCount":21},"emotion":[],"intent":[]},"answer":{"raw":{"text":"네 제가 여기 회사에 입사하게 된다면 가장 가고 싶은 부서는 안전 관리 팀에 가고 싶습니다. 아 그 이유는 어 저는 이 안전 관리 파트에서 좀 비전을 보았습니다. 어 인제 저거 그 아파트 붕괴 사고부터 시작해서 여러 가지 인제 건축물 불법적인 부분 뭐 이런 부분을 통해서 이 재해 재난법도 생기고 하면서 이 안전 관리 파트가 점점 더 커가지 않을까 그렇게 생각을 해서 안전 관리 팀에 들어가서 안전 관리자의 역할을 좀 해보고 싶습니다. 그렇게 해서 지금 자격증 취득부터 해서 세 가지 안전 관리와 필요한 요소에 대해서 자격증을 획득을 했고 또 그에 대한 경험도 전 회사에서 안전 관리팀 그리고 또 군 생활을 했을 때도 공병에서 그런 시설로 어 관리감독 이런 것들도 많은 경험이 있기 때문에 또 이에 따른 경험과 또 이에 따른 뭐 스펙 들을 많이 가졌다고 생각합니다. 그리고 또 이 안전 관리 하는 데에서 있어서 또 많은 뿌듯함도 느끼고 그런 데 대한 책임감도 분명히 느끼기 때문에 저는 흥미롭고 또 미래에 대한 비전도 있고 여러 가지로 저한테 많은 도움이 될 수 있을 것 같아서 지원하게 되었습니다. 이상입니다.","wordCount":164},"emotion":[{"text":"그리고 또 이 안전 관리 하는 데에서 있어서 또 많은 뿌듯함도 느끼고 그런 데 대한 책임감도 분명히 느끼기 때문에 저는 흥미롭고 또 미래에 대한 비전도 있고 여러 가지로 저한테 많은 도움이 될 수 있을 것 같아서 지원하게 되었습니다.","expression":"p-achievement","category":"positive"}],"intent":[{"text":"그렇게 해서 지금 자격증 취득부터 해서 세 가지 안전 관리와 필요한 요소에 대해서 자격증을 획득을 했고 또 그에 대한 경험도 전 회사에서 안전 관리팀 그리고 또 군 생활을 했을 때도 공병에서 그런 시설로 어 관리감독 이런 것들도 많은 경험이 있기 때문에 또 이에 따른 경험과 또 이에 따른 뭐 스펙 들을 많이 가졌다고 생각합니다.","expression":"r_prof","category":"attitude"},{"text":"그리고 또 이 안전 관리 하는 데에서 있어서 또 많은 뿌듯함도 느끼고 그런 데 대한 책임감도 분명히 느끼기 때문에 저는 흥미롭고 또 미래에 대한 비전도 있고 여러 가지로 저한테 많은 도움이 될 수 있을 것 같아서 지원하게 되었습니다.","expression":"c_sincere_job","category":"etc"}],"summary":{"text":"여기 회사에 입사하게 된다면 안전 관리 팀에 가고 싶습니다. 재해 재난법도 생기고 하면서 이 안전 관리 파트가 더 커가지 않을까 그렇게 생각을 해서 안전 관리자의 역할을 좀 해보고 싶기 때문입니다. 자격증도 취득했고 관리감독도 많은 경험이 있어서 스펙을 많이 가졌다고 생각합니다. 이 안전 관리에 있어서 뿌듯하고 책임감도 느껴져서 지원하게 되었습니다.","wordCount":49}}},"rawDataInfo":{"question":{"fileFormat":"wav","fileSize":428238,"duration":13380,"samplingBit":16,"channelCount":1,"samplingRate":"16kHz","audioPath":"/Mock/04.RND/Male/Experienced/ckmk_q_rnd_m_e_236273.wav"},"answer":{"fileFormat":"wav","fileSize":2678478,"duration":83700,"samplingBit":16,"channelCount":1,"samplingRate":"16kHz","audioPath":"/Mock/04.RND/Male/Experienced/ckmk_a_rnd_m_e_236273.wav"}}}