{"version":"1.0","dataSet":{"info":{"date":"20230116","occupation":"RND","channel":"MOCK","place":"ONLINE","gender":"MALE","ageRange":"35-44","experience":"EXPERIENCED"},"question":{"raw":{"text":"만약 타 부서와 갈등 상황이 발생하게 된다면 지원자님께서는 어떻게 해결하시는 편인가요 타 부서와의 갈등 상황을 가정하고 한번 말씀해 주십시오","wordCount":19},"emotion":[],"intent":[]},"answer":{"raw":{"text":"갈등의 문제점이 무엇인지를 먼저 파악해야 합니다. 타 부서의 이기주의 때문인지 아니면 우리 부서의 이기주의 때문인지 아니면 서로의 합일점이 없거나 회사의 구조적인 문제인지를 먼저 파악합니다. 사람과 사람이 만나서 일을 하다보면 각자 자신의 이익에 대변되는 쪽으로 움직이기 때문에 부서 간의 개인적인 이기주의 때문에 발생하는 일이라면 그것은 서로 대화와 타협을 통해서 합일점을 찾을 수 있다고 생각합니다. 하지만 회사 자체의 구조적인 문제 또는 사회의 구조적인 문제라고 하면 이것은 제가 해결할 수 있는 일이 아니기 때문에 대표이사 또는 생산 본부장 또는 개발 본부장들과 얘기를 해서 이 부분에 대해서 이번 만큼은 특별 케이스로 먼저 진행을 하고 추후에는 이러이러한 개선점을 찾아서 발전해 나가는 방법을 찾겠습니다 라고 보고를 하고 그거에 대한 확답을 듣겠습니다. 예를 들어서 저희 팀에서는 일억 원을 들여서 개발을 해야 되고 마케팅팀에서는 칠천만 원의 비용으로 개발을 완료했으면 좋겠다고 하는 경우가 있습니다. 이런 경우는 구조적인 문제지 개인 부서 간의 이기적인 문제가 아니기 때문에 이 부분에 대해서 일억과 칠천 사이에 있는 팔천 오백만 원으로 개발 및 모든 제품을 런칭하는 데까지의 협일점을 찾아서 그렇게 진행을 하면 좋을 것 같습니다.","wordCount":160},"emotion":[],"intent":[{"text":"사람과 사람이 만나서 일을 하다보면 각자 자신의 이익에 대변되는 쪽으로 움직이기 때문에 부서 간의 개인적인 이기주의 때문에 발생하는 일이라면 그것은 서로 대화와 타협을 통해서 합일점을 찾을 수 있다고 생각합니다.","expression":"c_cop","category":"personality"}],"summary":{"text":"부서 간의 개인적인 이기주의 때문에 발생하는 일이라면 서로 대화와 타협을 통해서 합일점을 찾을 수 있다고 생각합니다. 하지만 회사 자체의 구조적인 문제 또는 사회의 구조적인 문제라고 한다면 이것은 제가 해결할 수 있는 일이 아니기 때문에 대표이사 또는 생산 본부장 또는 개발 본부장들과 얘기를 해서 이 부분에 대해서 이번에는 특별 케이스로 먼저 진행을 하고 추후에 개선점을 찾아 발전해 나가는 방법을 찾겠습니다.","wordCount":59}}},"rawDataInfo":{"question":{"fileFormat":"wav","fileSize":542158,"duration":16940,"samplingBit":16,"channelCount":1,"samplingRate":"16kHz","audioPath":"/Mock/04.RND/Male/Experienced/ckmk_q_rnd_m_e_165089.wav"},"answer":{"fileFormat":"wav","fileSize":2761998,"duration":86310,"samplingBit":16,"channelCount":1,"samplingRate":"16kHz","audioPath":"/Mock/04.RND/Male/Experienced/ckmk_a_rnd_m_e_165089.wav"}}}