{"version":"1.0","dataSet":{"info":{"date":"20230116","occupation":"RND","channel":"MOCK","place":"ONLINE","gender":"MALE","ageRange":"45-54","experience":"EXPERIENCED"},"question":{"raw":{"text":"열심히 준비하신 이 면접에서 만약 떨어진다면 지원자님께서는 본인의 어떤 점이 부족해서 떨어졌다고 생각하실 건가요","wordCount":14},"emotion":[],"intent":[]},"answer":{"raw":{"text":"일단 제가 떨어진다면 뭐 첫 번째는 제 저의 자질이 부족했다 라고 생각하겠습니다. 어 일단 제가 지원한 어 업무와 회사에서 어 원하는 업무가 어 맞지 않았기 때문이라고 생각할 것 같습니다. 하지만 저는 어 제가 지원한 업무에 대해서 어 그 누구보다도 자부심을 갖고 있습니다. 자신도 있고요. 어 저는 이 일을 약 이십 오 년간 해왔으며 어 전에 직장에서도 꽤 좋은 성과를 많이 올렸고 어 성과가 좋았습니다. 어 제가 회사를 이직하려는 이유는 전에 직장에서 어 제품을 새로 만들거나 하는 것에 대해서 어 적극적이지 않다 보니 제 스스로 일하는데 어 좀 흥미가 감소해 가지고 저는 좀 더 제가 적극적으로 상품을 개발하고 무엇인가 새로운 제품을 만들어서 시중에 내보내고 하는 것을 하고 싶어서 어 회사를 옮기기로 결정했고 이 회사에 지원한 것입니다. 일단 제가 떨어진다면 어 아쉽겠지만 저는 이 직무를 제가 맡게 된다면 그 누구보다 잘 해낼 자신이 있습니다.","wordCount":132},"emotion":[{"text":"어 저는 이 일을 약 이십 오 년간 해왔으며 어 전에 직장에서도   꽤 좋은 성과를 많이 올렸고 어 성과가 좋았습니다.","expression":"p-achievement","category":"positive"},{"text":"보니 제 스스로 일하는데 어 좀 흥미가   감소해 가지고 저는 좀 더 제가 적극적으로 상품을 개발하고 무엇인가 새로운 제품을 만들어서 시중에 내보내고 하는 것을 하고 싶어서   어 회사를 옮기기로 결정했고 이 회사에 지원한 것입니다.","expression":"p-interest","category":"positive"}],"intent":[{"text":"보니 제 스스로 일하는데 어 좀 흥미가   감소해 가지고 저는 좀 더 제가 적극적으로 상품을 개발하고 무엇인가 새로운 제품을 만들어서 시중에 내보내고 하는 것을 하고 싶어서   어 회사를 옮기기로 결정했고 이 회사에 지원한 것입니다.","expression":"c_sincere_job","category":"etc"}],"summary":{"text":"지원한 업무와 회사에서 원하는 업무가 맞지 않아 스스로 일하는데 흥미가 감소했습니다. 이 직무를 맡게 된다면 그 누구보다 잘 해낼 자신이 있습니다.","wordCount":21}}},"rawDataInfo":{"question":{"fileFormat":"wav","fileSize":364878,"duration":11400,"samplingBit":16,"channelCount":1,"samplingRate":"16kHz","audioPath":"/Mock/04.RND/Male/Experienced/ckmk_q_rnd_m_e_53744.wav"},"answer":{"fileFormat":"wav","fileSize":2567118,"duration":80220,"samplingBit":16,"channelCount":1,"samplingRate":"16kHz","audioPath":"/Mock/04.RND/Male/Experienced/ckmk_a_rnd_m_e_53744.wav"}}}