{"version":"1.0","dataSet":{"info":{"date":"20230116","occupation":"RND","channel":"MOCK","place":"ONLINE","gender":"MALE","ageRange":"45-54","experience":"EXPERIENCED"},"question":{"raw":{"text":"본인이 제일 하고 싶은 업무가 있으신가요","wordCount":6},"emotion":[],"intent":[]},"answer":{"raw":{"text":"제가 하고 싶은 업무는 말 그대로 신 상품을 개발하고 신상품을 만들어내는 것입니다. 기존에 있던 상품을 모방하고 그것을 어 개선하는 게 아니라 기존에 없던 어 우리한테 꼭 필요한 새로운 제품을 준비하고 연구하고 만들어서 이것을 시장에 내놓는 것입니다. 어 새로운 제품을 만든다 라는 것은 많은 시간과 노력을 요합니다. 하지만 저는 그것을 꾸준히 어 힘들어 하지 않고 해낼 자신이 있습니다. 전에 회사에서는 기존 제품을 모방하고 어 그것을 변형해서 이렇게 만드는 일을 주로 해왔습니다. 그러다보니 제 스스로 제 능력이나 제 한계를 가두는 것 같아서 어 저는 별로 흥미를 느끼지 못했습니다. 저는 기존에 없던 새로운 상품을 만들 준비하고 만들어내서 그것이 이 시장에서 소비자들이 이용하고 좋은 호응을 얻고 그것으로 인해서 또 다시 새로운 제품을 만들어내는 것이 제가 하고 싶은 업무고 제가 제일 잘 할 수 있는 분야라고 저는 생각하고 있습니다.","wordCount":124},"emotion":[],"intent":[{"text":"","expression":"","category":"attitude"}],"summary":{"text":"신상품을 개발하고 신상품을 만들어내는 것이 제가 하고 싶은 업무입니다. 기존에 없던 상품을 모방하고 그것을 개선하는 게 아니라 기존에 없던 새로운 상품을 준비하고 연구하고 만들어서 시장에 내놓는 것입니다. 이것을 꾸준히 해낼 자신이 있습니다. 제가 가장 잘 할 수 있는 분야라고 생각하고 있습니다","wordCount":41}}},"rawDataInfo":{"question":{"fileFormat":"wav","fileSize":214478,"duration":6700,"samplingBit":16,"channelCount":1,"samplingRate":"16kHz","audioPath":"/Mock/04.RND/Male/Experienced/ckmk_q_rnd_m_e_49405.wav"},"answer":{"fileFormat":"wav","fileSize":2553998,"duration":79810,"samplingBit":16,"channelCount":1,"samplingRate":"16kHz","audioPath":"/Mock/04.RND/Male/Experienced/ckmk_a_rnd_m_e_49405.wav"}}}