{"version":"1.0","dataSet":{"info":{"date":"20230116","occupation":"RND","channel":"MOCK","place":"ONLINE","gender":"MALE","ageRange":"35-44","experience":"EXPERIENCED"},"question":{"raw":{"text":"지원자님께서는 남을 잘 이끄는 리더형인가요 아니면 남을 잘 따르는 팔로우 형인가요 본인의 유형은 어떤지 말씀해 주시고 그 이유도 같이 설명해 주세요","wordCount":21},"emotion":[],"intent":[]},"answer":{"raw":{"text":"저는 남을 아주 잘 이끄는 리더형에 속합니다. 왜냐하면 저는 창의력이 뛰어나고 추진력이 엄청 빠르고 업무에 대한 학습 능력이 남들보다 빠른 편입니다. 그렇기 때문에 빠르게 리더가 되어 업무를 배분하고 지시하고 인재를 적재적소에 배치하는 능력을 가졌습니다. 저 같은 사람은 팔로워형으로 살면 팀장의 못 미더운 지시나 업무 처리 때문에 답답해서 업무를 하면서 스스로 업무의 능률이 저하가 되는 경향이 있습니다.","wordCount":56},"emotion":[],"intent":[{"text":"","expression":"","category":"attitude"}],"summary":{"text":"창의력, 추진력, 업무 학습 능력이 빠른 저는 남을 잘 이끄는 리더형에 속하는데, 팔로워형으로 살 경우 업무가 힘들어 업무 능률이 떨어지는 경향이 있습니다.","wordCount":22}}},"rawDataInfo":{"question":{"fileFormat":"wav","fileSize":448078,"duration":14000,"samplingBit":16,"channelCount":1,"samplingRate":"16kHz","audioPath":"/Mock/04.RND/Male/Experienced/ckmk_q_rnd_m_e_156620.wav"},"answer":{"fileFormat":"wav","fileSize":1164238,"duration":36380,"samplingBit":16,"channelCount":1,"samplingRate":"16kHz","audioPath":"/Mock/04.RND/Male/Experienced/ckmk_a_rnd_m_e_156620.wav"}}}