{"version":"1.0","dataSet":{"info":{"date":"20230116","occupation":"RND","channel":"MOCK","place":"ONLINE","gender":"MALE","ageRange":"45-54","experience":"EXPERIENCED"},"question":{"raw":{"text":"특정 제품 한 가지와 현재의 문제점을 언급하고 기술적 개선 방안을 제시해 주시겠습니까","wordCount":12},"emotion":[],"intent":[]},"answer":{"raw":{"text":"어 특정 제품 한 가지에 문제점을 언급하라고 하시면 저는 우리 회사 제품 중에 그 올해 초에 만든 플라스틱 텀블러를 예를 들고 싶습니다. 이 텀블러라는 게 그 뜨거운 물 혹은 차가운 물을 음료수를 담는 건데 이거 재질 자체가 플라스틱으로 만들었다라는 게 좀 이해가 안 됩니다. 물론 열에 강한 플라스틱이고 무슨 뭐 인쇄라든지 그 모양을 이쁘게 하기 위해서 플라스틱으로 만든 거는 이해를 하겠는데 그래도 그 아무리 뭐 디자인이 예쁘고 어 뭐 그래도 이 텀블러의 원래 기능을 버리는 제품은 옳지 않다 라고 생각을 합니다. 그래서 이걸 스테인레스나 좀 좀 더 단단한 뭐 거기 뭐 꽃무늬 같은 게 안 들어가더라도 어 스탠레스나 이런 적당한 재질을 써야지 그 뜨거운 커피를 담고 뜨거운 음료를 담는데 플라스틱을 쓴다 라는 거는 어 손님 입장에서 봤을 때 어 이게 과연 내 건강을 해치지 않을까 이런 의심을 사게 됩니다. 아무리 그렇지 않다 라는 거를 우리가 거기 뭐 제품 설명서에 기재를 해도 일단 손님 입장에서는 플라스틱인데 뭐 뜨거운 거를 담는다 라는 건 거부반응을 느낄 수 있기 때문에 그 플라스틱 텀블러는 좀 잘못된 제품이라고 생각을 합니다.","wordCount":164},"emotion":[],"intent":[{"text":"","expression":"","category":"attitude"}],"summary":{"text":"올해 초에 만든 플라스틱 텀블러를 예로 들 수 있습니다. 이 텀블러는 재질 자체가 플라스틱이라 이해가 되지 않습니다. 디자인은 예쁜데 원래 기능을 버리는 것은 옳지 않다고 생각합니다. 그래서 스탠레스 같은 재질을 써야지 뜨거운 음료를 담는데 플라스틱을 쓴다는 것은 손님 입장에서는 거부반응을 느낄 수 있기 때문에 잘못된 제품이라고 생각합니다.","wordCount":47}}},"rawDataInfo":{"question":{"fileFormat":"wav","fileSize":327758,"duration":10240,"samplingBit":16,"channelCount":1,"samplingRate":"16kHz","audioPath":"/Mock/04.RND/Male/Experienced/ckmk_q_rnd_m_e_44929.wav"},"answer":{"fileFormat":"wav","fileSize":2677198,"duration":83660,"samplingBit":16,"channelCount":1,"samplingRate":"16kHz","audioPath":"/Mock/04.RND/Male/Experienced/ckmk_a_rnd_m_e_44929.wav"}}}