{"version":"1.0","dataSet":{"info":{"date":"20230116","occupation":"RND","channel":"MOCK","place":"ONLINE","gender":"MALE","ageRange":"35-44","experience":"EXPERIENCED"},"question":{"raw":{"text":"혹시 회사에 들어와서 선배를 만나게 된다면 어떤 모습의 선배를 그리고 있으신가요 그렇게 말씀하시는 이유도 같이 설명해 주시겠어요","wordCount":17},"emotion":[],"intent":[]},"answer":{"raw":{"text":"회사에 입사 후에 이제 많은 선배들을 만나게 될 것입니다. 그런 선배를 만나게 됐을 때 어떤 모습에 선배를 만나고 싶은가에 대해서 생각을 하는데 그 부에서 대해 답변 드리겠습니다. 일단 제가 원하는 선배는 선배가 아닌 형 같은 사람을 만나고 싶습니다. 그 이유는 업무적인 관계가 아니라 같이 일을 하고 같이 가는 동무이지만 제가 원하는 거는 어 사석에서도 어 쉽게 만날 수 있고 또 형처럼 쉽게 고민을 상담할 수 있고 그러한 선배를 만나고 싶습니다. 그렇게 그런 선배를 만나면서는 저도 그만큼 어 후배이지만 더욱더 좀 어 업무적으로나 여러 가지 면에서 그 성과를 보여야 그런 관계도 만들어지지 않을까 싶습니다. 그래서 이렇게 형처럼 다가와줄 수 있는 그런 선배를 만나서 의지도 많이 하고 싶고 저도 많은 도움을 주고 싶고 인생을 살아가면서 같이 헤쳐나가는 군인으로 따지자면 전우 같은 사람을 만나서 어 회사 생활을 오래 하면서 같이 커가는 그런 과정을 만들어 보고 싶습니다. 어 꼭 그런 선배를 만나도록 또 그런 선배가 될 수 있도록 또 후배로서 해줘야 할 역할들에 대해서 잘 적용시켜서 꼭 해보고 싶습니다. 이상입니다.","wordCount":156},"emotion":[],"intent":[{"text":"","expression":"","category":"attitude"}],"summary":{"text":"회사 입사 후에 많은 선배들을 만나게 될 것인데, 그 중에서도 형 같은 선배를 만나고 싶습니다. 형처럼 다가와줄 수 있는 선배를 만나 의지도 많이 하고 싶습니다. 전우 같은 사람을 만나서 회사 생활을 오래하면서 같이 커가는 과정을 만들어 보고 싶습니다. 꼭 그런 선배가 될 수 있도록 후배로서 해줘야 할 역할들에 대해서 잘 적용시켜서 꼭 해보고 싶습니다.","wordCount":54}}},"rawDataInfo":{"question":{"fileFormat":"wav","fileSize":418958,"duration":13090,"samplingBit":16,"channelCount":1,"samplingRate":"16kHz","audioPath":"/Mock/04.RND/Male/Experienced/ckmk_q_rnd_m_e_230222.wav"},"answer":{"fileFormat":"wav","fileSize":2860238,"duration":89380,"samplingBit":16,"channelCount":1,"samplingRate":"16kHz","audioPath":"/Mock/04.RND/Male/Experienced/ckmk_a_rnd_m_e_230222.wav"}}}