{"version":"1.0","dataSet":{"info":{"date":"20230116","occupation":"RND","channel":"MOCK","place":"ONLINE","gender":"MALE","ageRange":"45-54","experience":"EXPERIENCED"},"question":{"raw":{"text":"본인만의 창의적으로 문제를 해결한 경험이 있다면 그 경험에 대해서 설명해 주시겠습니까","wordCount":11},"emotion":[],"intent":[]},"answer":{"raw":{"text":"어 우리 공장의 공장을 보면 우리 공장의 대부분들이 독일이나 뭐 일본 등에서 수입해온 기계로 공장을 돌리는 경우가 많은데 어 기계를 돌리다 보면 그 저 소모품들이 발생을 합니다. 그런데 이게 외국에서 들여온 기계다 보니 그 소모품이 다 닳았거나 그런 경우에 그 기계를 멈추고 그 소모품이 오기까지를 기다려야 됩니다. 물론 소모품 같은 경우는 미리미리 재고를 확인해 가지고 주문할 수도 있지만 이 소모품들이 또 이게 유효기간이 있다 보니깐 그게 예측이 좀 잘 안 되는 편입니다. 그래서 저는 개인적으로 이것을 꼭 그렇게 본사에서 그 기계를 만든 본사에서 꼭 이거를 가져와야 되나 하는 거에 대한 좀 의문을 가졌고 이거를 우리나라에서도 그냥 단순한 뭐 소모품 정도면 만들 수 있지 않을까 하는 생각에 그 쓰리디 프린터를 이용해 가지고 어 그 견본을 떠 가지고 레이저로 제작을 한 적이 있었습니다. 그런데 이게 물론 기존에 원 제품보다는 못하지만 그래도 뭐 임시 방편으로라든지 당장 기계가 멈춰야 되는 거는 막을 수 있었습니다. 그래 가지고 저는 쓰리디 프린터 레이저를 이용해서 소모품을 만들어서 사용한 경험이 있습니다.","wordCount":152},"emotion":[],"intent":[{"text":"어 우리 공장의 공장을 보면 우리 공장의 대부분들이 독일이나 뭐 일본 등에서 수입해온 기계로   공장을 돌리는 경우가 많은데 어 기계를 돌리다 보면 그 저 소모품들이 발생을 합니다.","expression":"r_tech_skill","category":"technology"},{"text":"그런데 이게 외국에서   들여온 기계다 보니 그 소모품이 다 닳았거나 그런 경우에 그 기계를 멈추고 그 소모품이 오기까지를 기다려야 됩니다.","expression":"r_tech_skill","category":"technology"},{"text":"물론 소모품 같은 경우는 미리미리   재고를 확인해 가지고 주문할 수도 있지만 이 소모품들이 또 이게 유효기간이 있다 보니깐 그게 예측이 좀 잘 안 되는 편입니다.","expression":"r_tech_skill","category":"technology"},{"text":"그래서 저는 개인적으로 이것을 꼭 그렇게   본사에서 그 기계를 만든 본사에서 꼭 이거를 가져와야 되나 하는 거에 대한 좀 의문을 가졌고 이거를 우리나라에서도   그냥 단순한 뭐 소모품 정도면 만들 수 있지 않을까 하는 생각에 그 쓰리디 프린터를 이용해 가지고   어 그 견본을 떠 가지고 레이저로 제작을 한 적이 있었습니다.","expression":"r_tech_skill","category":"technology"},{"text":"그런데 이게 물론 기존에   원 제품보다는 못하지만 그래도 뭐 임시 방편으로라든지 당장 기계가 멈춰야 되는 거는 막을 수 있었습니다.","expression":"r_tech_skill","category":"technology"}],"summary":{"text":"공장의 대부분은 독일이나 일본 등에서 수입해온 기계로 공장을 돌리고 있는데, 기계를 돌리다 보면 소모품들이 발생합니다. 그래서 쓰리디 프린터를 이용해, 견본을 떠서 레이저로 제작을 한 적이 있습니다.","wordCount":26}}},"rawDataInfo":{"question":{"fileFormat":"wav","fileSize":323598,"duration":10110,"samplingBit":16,"channelCount":1,"samplingRate":"16kHz","audioPath":"/Mock/04.RND/Male/Experienced/ckmk_q_rnd_m_e_53855.wav"},"answer":{"fileFormat":"wav","fileSize":2854478,"duration":89200,"samplingBit":16,"channelCount":1,"samplingRate":"16kHz","audioPath":"/Mock/04.RND/Male/Experienced/ckmk_a_rnd_m_e_53855.wav"}}}