{"version":"1.0","dataSet":{"info":{"date":"20230116","occupation":"RND","channel":"MOCK","place":"ONLINE","gender":"MALE","ageRange":"-34","experience":"EXPERIENCED"},"question":{"raw":{"text":"귀하께서 앞으로 더 연구하고 개발하고 싶은 분야가 있다면 이게 어떤 분야인지 자세히 말씀해 주시겠습니까","wordCount":14},"emotion":[],"intent":[]},"answer":{"raw":{"text":"개인 주거 형태에 대한 연구가 더 이루어져야 된다고 생각을 해요. 지금 우리나라는 그 너무 부동산의 가치가 주목이 되어서 어떤 실 거주의 목적으로서의 아파트 보다는 어떤 투자의 개념으로서 어떤 자산 사다리의 상승의 목적으로서의 아파트 와 거주의 개념이 너무 그것을 무시하거나 부정하거나 좀 존중하지 않는 그런 태도는 아니지만 그런 생각을 갖고 있어요. 그래서 그것을 벗어나 주거 형태는 어떤 것이 있을까 그런데 그런 주거 형태를 우리가 선택하더라도 정체성과 개성이 드러나는 그런 주거 주거를 주거의 형태를 우리가 선택하더라도 놓치지 않을 수 있는 어떤 자산 증식의 기회를 어떻게 하면 제공할 수 있을까 이것은 경제의 관념과 더불어서 우리 회사가 충분히 이렇게 융복합 할 수 있는 개념이라고 생각을 합니다. 왜냐하면 집값은 계속 오르지는 않을 것이고 사람들은 더 안락한 삶의 공간을 추구하고자 하는 마음은 절대 사라지지 않을 것이라고 저는 생각을 하고 있기 때문입니다.","wordCount":125},"emotion":[],"intent":[{"text":"","expression":"","category":"attitude"}],"summary":{"text":"정체성과 개성이 드러나는 주거의 형태를 우리가 선택하더라도 놓치지 않을 수 있는 어떤 자산 증식의 기회를 어떻게 제공할 수 있을까 이것은 경제의 관념과 더불어서 우리 회사가 충분히 융복합 할 수 있는 개념이라고 생각합니다.","wordCount":32}}},"rawDataInfo":{"question":{"fileFormat":"wav","fileSize":361038,"duration":11280,"samplingBit":16,"channelCount":1,"samplingRate":"16kHz","audioPath":"/Mock/04.RND/Male/Experienced/ckmk_q_rnd_m_e_199901.wav"},"answer":{"fileFormat":"wav","fileSize":2868558,"duration":89640,"samplingBit":16,"channelCount":1,"samplingRate":"16kHz","audioPath":"/Mock/04.RND/Male/Experienced/ckmk_a_rnd_m_e_199901.wav"}}}