{"version":"1.0","dataSet":{"info":{"date":"20230116","occupation":"RND","channel":"MOCK","place":"ONLINE","gender":"MALE","ageRange":"45-54","experience":"EXPERIENCED"},"question":{"raw":{"text":"만약에 이직을 생각하는 직장 동료를 만나시게 된다면 그분에게 뭐라고 말씀을 하시겠습니까 왜 그렇게 말씀하게 되실지도 설명해 주시기 바랍니다","wordCount":18},"emotion":[],"intent":[]},"answer":{"raw":{"text":"음 뭐 섣부르게 어떠한 반응을 하기는 어려울 것 같습니다. 우선 이직을 생각한다는 거를 어떤 직접적인 경로가 아니라 다르게 듣는다면 사실 반응은 조금 최소화 해야 될 것 같다는 생각이 먼저 들고요. 그게 아니라 직접적으로 전달을 하면서 어떤 저의 뭐 반응을 듣는다던지 그냥 어떤 의견을 구하는 거라면 상황에 따라 다르겠지만 어 어떤 장기적인 성장 뭐 새로운 모험이라면 또 찬성을 하고 찬성이라기보다 응원을 하고 열심히 옆에서 파이팅을 하는 그런 자세를 취할 것 같고요. 그게 아니라 단순히 그런 어떤 회사 간의 어떤 비교와 경쟁으로 인한 단순이직인 거면 조금 신중하게 보도록 얘기를 할 수도 있을 것 같습니다. 네 워낙에 조금 바로 직속 업계 이직은 예민한 부분이니까요. 네","wordCount":102},"emotion":[],"intent":[{"text":"","expression":"","category":"attitude"}],"summary":{"text":"섣부르게 어떠한 반응을 하기는 어려울 것 같습니다. 찬성이라기보다는 응원의 자세를 취할 것 같습니다.","wordCount":13}}},"rawDataInfo":{"question":{"fileFormat":"wav","fileSize":598478,"duration":18700,"samplingBit":16,"channelCount":1,"samplingRate":"16kHz","audioPath":"/Mock/04.RND/Male/Experienced/ckmk_q_rnd_m_e_111796.wav"},"answer":{"fileFormat":"wav","fileSize":2868238,"duration":89630,"samplingBit":16,"channelCount":1,"samplingRate":"16kHz","audioPath":"/Mock/04.RND/Male/Experienced/ckmk_a_rnd_m_e_111796.wav"}}}