{"version":"1.0","dataSet":{"info":{"date":"20230116","occupation":"RND","channel":"MOCK","place":"ONLINE","gender":"MALE","ageRange":"35-44","experience":"EXPERIENCED"},"question":{"raw":{"text":"자 우리가 어떤 주제에 대해서 연구할 일이 많아요 그런데 연구는 그냥 무조건 연구 뭐 생각하고 내 마음대로 생각하고 한다고 해서 되는 게 아니고 기본적인 윤리가 있는데 그걸 준수하기 위해 노력했던 경험을 한번 말씀해 보시겠어요","wordCount":34},"emotion":[],"intent":[]},"answer":{"raw":{"text":"과거 제가 연구했던 장비는 엑스레이 가 발생되는 엑스레이 장치였습니다. 그런데 이 엑스레이 장치를 개발하면서 가장 문제가 되는 것이 바로 원자재비었는데요. 그 원자재는 엑스레이를 촬영했을 때 바깥으로 누설되지 않게끔 차폐를 완벽하게 해야 되는데 그 완벽하게 하기 위해서는 원자재 값이 너무 많이 들어갔습니다. 그러면 그 원자재 값이 상승하기 때문에 저희 개발비부터 제품의 단가가 높아져 고객에게 판매하기 어렵다는 마케팅 및 상품 기획 팀에 답변을 받았습니다. 그때 동료 이 다른 부서에서 원자재를 조금 줄이고 엑스레이를 최소한으로 나갈 수 있게끔 만들면 고객에게 많은 피해가 있지 않고 우리에게 많은 이득이 생기지 않을까 라고 하는 많은 사람들이 있어요. 저는 거기서 두 가지에 뭐 해저드 도덕적 해이를 느꼈습니다. 과연 내가 연구를 빠르게 진행하고 단가를 낮춤으로써 제품 생산에 있어서 박차를 가하고 이것을 단가를 저렴하게 해서 팔 것인가 아니면 원자재비를 높이고 단가를 높여서 고객들에게 방사전에 대한 피해를 줄일 수 있는 최쇠 최대한의 노력을 해야 되는 것인가에 대한 심각한 고민을 했던 것 같습니다.","wordCount":142},"emotion":[],"intent":[{"text":"과거 제가 연구했던 장비는 엑스레이 가 발생되는 엑스레이 장치였습니다.","expression":"r_res_prf","category":"technology"}],"summary":{"text":"엑스레이 장치를 개발하면서 원자재비가 많이 들어갔습니다. 원자재 값이 상승해서 고객에게 판매하기 어렵다는 마케팅 및 상품 기획 팀에 답변을 받았습니다. 거기서 해저드 도덕적 해이를 느꼈습니다. 과연 연구를 빠르게 진행하고 단가를 낮춤으로써 제품 생산에 박차를 가하고 단가는 낮추는 것인가, 원자재비는 높이고 단가는 높이는 것인가를 고민했던 것 같습니다.","wordCount":45}}},"rawDataInfo":{"question":{"fileFormat":"wav","fileSize":595918,"duration":18620,"samplingBit":16,"channelCount":1,"samplingRate":"16kHz","audioPath":"/Mock/04.RND/Male/Experienced/ckmk_q_rnd_m_e_156614.wav"},"answer":{"fileFormat":"wav","fileSize":2517838,"duration":78680,"samplingBit":16,"channelCount":1,"samplingRate":"16kHz","audioPath":"/Mock/04.RND/Male/Experienced/ckmk_a_rnd_m_e_156614.wav"}}}