{"version":"1.0","dataSet":{"info":{"date":"20230116","occupation":"RND","channel":"MOCK","place":"ONLINE","gender":"MALE","ageRange":"45-54","experience":"EXPERIENCED"},"question":{"raw":{"text":"지원자님께서는 문서화를 왜 해야 한다고 생각하시나요 그 생각을 말씀해 주세요","wordCount":10},"emotion":[],"intent":[]},"answer":{"raw":{"text":"문서화의 필요성은 일반적인 사람들도 구두상으로 말을 하면 나중에 그런 말 한 적 없다 특히 가격이나 민감한 부분에 대해서 비즈니스 상의 문서화는 어 꼭 필요하며 가장 기본이라고 할 수 있겠습니다. 아무리 내가 믿는 사람이라 할지라도 그걸 문서로 해 놨을 때와 그렇지 않을 때는 평상시에는 아무 문제 없습니다. 잘 됐을 때는 다 서로 웃고 지나갈 수도 있습니다. 하지만 서로 갈등이 발생을 했을 때 혹은 어떤 문 금액 금전적인 부분에 손해를 본다던가 민감한 사항이 발생을 했을 때는 모두 문서화를 기초로 해서 그거에 근거해서 진행을 하여야만 합니다. 그게 가장 기본이고 기본이 되어있지 않을 때는 아무리 작은 문제라 할지라도 크게 문제가 생길 수 있는 부분이 있기 때문에 예방 차원에서라도 문서화 작업은 꼭 필요하다고 생각합니다. 따라서 제가 입사 이후에 지금까지 특히 계약서 그리고 가격 납기 그리고 민감한 부분들 민감한 부분들이라고 하면 품질 쪽에서의 문제는 하나하나를 꼼꼼하게 문서화를 해 놓는 작업을 하고 있습니다.","wordCount":136},"emotion":[],"intent":[{"text":"","expression":"","category":"attitude"}],"summary":{"text":"비즈니스 상의 문서화는 꼭 필요하며 가장 기본이라고 할 수 있습니다. 문서화가 되어있지 않을 때는 아무리 작은 문제라 할지라도 크게 문제가 생길 수 있는 부분이 있기 때문에 예방 차원에서라도 문서화 작업은 꼭 필요하다고 생각합니다. 따라서 제가 입사 이후에 민감한 부분들이라고 하면 품질 쪽에서의 문제는 하나하나를 꼼꼼하게 문서화를 해 놓는 작업을 하고 있었습니다.","wordCount":51}}},"rawDataInfo":{"question":{"fileFormat":"wav","fileSize":283598,"duration":8860,"samplingBit":16,"channelCount":1,"samplingRate":"16kHz","audioPath":"/Mock/04.RND/Male/Experienced/ckmk_q_rnd_m_e_49720.wav"},"answer":{"fileFormat":"wav","fileSize":2723278,"duration":85100,"samplingBit":16,"channelCount":1,"samplingRate":"16kHz","audioPath":"/Mock/04.RND/Male/Experienced/ckmk_a_rnd_m_e_49720.wav"}}}