{"version":"1.0","dataSet":{"info":{"date":"20230116","occupation":"RND","channel":"MOCK","place":"ONLINE","gender":"MALE","ageRange":"45-54","experience":"EXPERIENCED"},"question":{"raw":{"text":"평소에 개인 작업을 많이 하시는 편인가요 네 그 개인 작업을 추진케 하는 원동력은 무엇일까요","wordCount":14},"emotion":[],"intent":[]},"answer":{"raw":{"text":"평소에 개인 작업을 많이 하는 편인가에 대한 부분은 아 여러 가지 협업하는 부분들도 있긴 하지만 개인적으로 하는 작업 또한 작지 않습니다. 개인 작업을 할 때는 기본적으로 많은 지식과 혼자서 고민을 해야 되는 부분들이 있긴 하지만 그런 지식과 고민을 해야 되는 부분에 바탕이 돼야 되는 부분은 어 혼자 개인 작업을 하다보니 자연 대 제가 그거를 할 역량이 안 된다거나 기본적인 체력이라든지 이런 부분들이 준비되어 있지 않으면 누구도 도와주지 못하는 부분들이 많습니다.따라서 저는 개인적으로는 그 원동력을 어 건전한 정신과 어 어 체력을 바탕으로 해야 된다고 생각을 합니다. 개인 작업을 많이 하는 부분들에 대한 기본 역량은 갖추고 있는 상태에서도 어 본인이 그걸 운영할 수 있는 하드웨어적인 부분 즉 체력이나 정신력이 동반되지 않으면 그 부분들은 달성하기 어렵다고 생각합니다. 따라서 개인적으로도 항상 몸은 정상적인 이상의 어 좋은 컨디션 유지를 위해서 어 고정적으로 운동과 어 명상과 그 이외에 여러 부분들을 통해서 항상 일을 할 수 있는 기본적인 하드웨어는 만들어 놓고 있는 상태입니다.","wordCount":146},"emotion":[],"intent":[{"text":"","expression":"","category":"attitude"}],"summary":{"text":"개인 작업을 많이 하는 편인가에 대한 부분은 개인적으로 하는 작업 또한 작지 않은데, 그 원동력은 건전한 정신과 체력을 바탕으로 해야 한다고 생각합니다. 개인 작업을 하는 부분들에 대한 기본 역량은 갖추고 있는 상태에서도 본인이 그것을 운영할 수 있는 하드웨어적인 부분 즉 체력이나 정신력이 동반되지 않으면 그 부분들은 달성하기 어렵다고 생각하기 때문입니다.","wordCount":50}}},"rawDataInfo":{"question":{"fileFormat":"wav","fileSize":363278,"duration":11350,"samplingBit":16,"channelCount":1,"samplingRate":"16kHz","audioPath":"/Mock/04.RND/Male/Experienced/ckmk_q_rnd_m_e_49647.wav"},"answer":{"fileFormat":"wav","fileSize":2673358,"duration":83540,"samplingBit":16,"channelCount":1,"samplingRate":"16kHz","audioPath":"/Mock/04.RND/Male/Experienced/ckmk_a_rnd_m_e_49647.wav"}}}