{"version":"1.0","dataSet":{"info":{"date":"20230116","occupation":"RND","channel":"MOCK","place":"ONLINE","gender":"MALE","ageRange":"-34","experience":"EXPERIENCED"},"question":{"raw":{"text":"본인이 다룰 수 있는 설계 프로그램에 대해서 설명하세요","wordCount":8},"emotion":[],"intent":[]},"answer":{"raw":{"text":"아니 저는 거기 프로필에도 적혀있듯이 제 포트폴리오에도 적혀 있듯이 제가 일러스트를 좀 많이 다뤄 왔었습니다. 디자인을 전문적으로 한 것은 아니지만 그 일러스트를 통해서 어떤 디자인의 밑그림을 그려야 하는 그런 부서에 있었기 때문에 그런 일러스트를 통한 밑그림 그리는 작업 어떤 큰 틀을 만드는 작업이라고 하죠. 그러니까 시나리오로 따지면은 어떤 큰 밑그림을 그리는 작업들 그런 것들을 이제 일러스트를 통해서 제가 많이 했었습니다. 일러스트가 어떻게 보면 사람들이 그림만 그림을 그리는 그런 어떤 프로그램으로 이해하고 계신데 그 제가 말씀드리고 싶은 그것은 뭐냐면은 응용력입니다. 응용력 응용을 통해서 일러스트를 통해서 이런 설계를 할 수 있다 는 그런 응용력을 저는 한 번 제가 겪었기 때문에 다른 프로그램을 접하면서도 그 프로그램이 어떤 다른 효과를 낼 수 있는지 저는 항상 그 응용력에 초점을 둘 것 같습니다. 한 번 그렇게 일러스트를 통해서 설계를 할 수 있다는 응용력이 한 번 그 경험이 생겼기 때문입니다.","wordCount":133},"emotion":[],"intent":[{"text":"아니 저는 거기 프로필에도 적혀있듯이 제 포트폴리오에도 적혀 있듯이 제가 일러스트를 좀 많이 다뤄 왔었습니다.","expression":"r_prof","category":"attitude"},{"text":"그러니까 시나리오로 따지면은 어떤 큰 밑그림을 그리는 작업들 그런 것들을 이제 일러스트를 통해서 제가 많이 했었습니다.","expression":"r_prof","category":"attitude"},{"text":"한 번 그렇게 일러스트를 통해서 설계를 할 수 있다는 응용력이 한 번 그 경험이 생겼기 때문입니다.","expression":"r_prof","category":"attitude"}],"summary":{"text":"디자인 전공은 아니지만, 디자인의 밑그림을 그려야 하는 부서에 있었기 때문에 일러스트를 통한 밑그림 작업들을 많이 했습니다. 응용력을 통해 다른 프로그램을 접하면서도 그 프로그램이 어떤 다른 효과를 낼 수 있는지 항상 그 응용력에 초점을 둘 것 같습니다.","wordCount":36}}},"rawDataInfo":{"question":{"fileFormat":"wav","fileSize":235278,"duration":7350,"samplingBit":16,"channelCount":1,"samplingRate":"16kHz","audioPath":"/Mock/04.RND/Male/Experienced/ckmk_q_rnd_m_e_199899.wav"},"answer":{"fileFormat":"wav","fileSize":2844878,"duration":88900,"samplingBit":16,"channelCount":1,"samplingRate":"16kHz","audioPath":"/Mock/04.RND/Male/Experienced/ckmk_a_rnd_m_e_199899.wav"}}}