{"version":"1.0","dataSet":{"info":{"date":"20230116","occupation":"RND","channel":"MOCK","place":"ONLINE","gender":"MALE","ageRange":"45-54","experience":"EXPERIENCED"},"question":{"raw":{"text":"당신은 업무량이 과하더라도 잘 버틸 수 있습니까","wordCount":7},"emotion":[],"intent":[]},"answer":{"raw":{"text":"그 업무량이 과다하다 라는 게 기준이 조금 애매합니다. 그러니까 예를 들어서 제가 능력이 부족해서 뭐 업무 능력이 딸려가지고 그 업무를 남들은 다 수행을 할 수 있는데 제가 개인적으로 과다라고 과다하다 라고 생각하는 건지 아니면 제 근까 뭐 평균 이상으로 이건 누가 봐도 정말 과다하다 라는 건지에 따라 좀 다를 수는 있겠지만 첫 번째 경우 같은 경우는 제 능력이 부족해 가지고 업무를 수용할 수 없다 그러면 그건 솔직히 말씀드려서 개인의 탓이라고 생각을 합니다. 어 제가 뭐 잔업을 하든 야근을 해던 제가 회사에서 급여를 받는 이상 회사에서 저를 어 채용한 이상 제가 그 업무에 맞는 그 역할을 해내야 되는 게 당연하다고 생각을 합니다. 하지만 이게 개인으로서 어 도저히 뭐 처리할 수 없는 그 정도의 업무량이라고 하면 그것은 당연히 상사나 어 뭐 선배한테 회사에 어 말이 건의를 해야 된다 라고 생각을 합니다. 이게 회사라는 게 결국은 각자의 역할이 있고 각자가 맡은 그 업무를 얼마나 잘 수행해 내느냐에 따라서 결과를 볼 수가 있는데 어 업무량이 너무 과다하게 편중이 돼 가지고 제가 그 업무량을 수행 못함으로써 다른 분들에게 회사에 피해를 줄 수 있기 때문입니다.","wordCount":169},"emotion":[],"intent":[{"text":"","expression":"","category":"attitude"}],"summary":{"text":"업무 능력이 부족해서 업무를 수용할 수 없다 그러면 개인의 탓이라고 생각합니다. 업무량이 너무 과다하게 편중이 돼 가지고 제가 그 업무량을 수행 못함으로써 다른 분들께 회사에 피해를 줄 수 있기 때문입니다.","wordCount":30}}},"rawDataInfo":{"question":{"fileFormat":"wav","fileSize":275278,"duration":8600,"samplingBit":16,"channelCount":1,"samplingRate":"16kHz","audioPath":"/Mock/04.RND/Male/Experienced/ckmk_q_rnd_m_e_53857.wav"},"answer":{"fileFormat":"wav","fileSize":2764238,"duration":86380,"samplingBit":16,"channelCount":1,"samplingRate":"16kHz","audioPath":"/Mock/04.RND/Male/Experienced/ckmk_a_rnd_m_e_53857.wav"}}}