{"version":"1.0","dataSet":{"info":{"date":"20230116","occupation":"RND","channel":"MOCK","place":"ONLINE","gender":"MALE","ageRange":"45-54","experience":"EXPERIENCED"},"question":{"raw":{"text":"지원자께서 입사해서 업무를 하는데 상사가 회사의 이익에 반하는 행동을 했을 때 어떻게 대처하시겠는가 그것에 대해서 말씀해 주십시오","wordCount":17},"emotion":[],"intent":[]},"answer":{"raw":{"text":"아무리 상사라고 하더라도 회사의 이익에 반하는 행동을 했을 때는 당연히 제재가 가해져야 된다고 생각을 합니다. 어 그게 뭐 상사든 동료든 뭐 부하 직원이든 그거는 뭐 똑같습니다. 어 회사에서 급여를 받는 이상 회사에 소속된 사람이고 회사의 이익 이익을 위해서 노력을 해야 한다고 생각을 합니다. 어 상사가 회사의 이익에 반하는 행동을 한다면 그것은 당연히 제재를 받고 경우에 따라서 그것을 제가 회사에 알려야 되는 위치에 있다면 당연히 알리고 고거에 대해서 제재를 받게 하는 것이 상사에게도 더 큰 어 뭐 범죄 또는 더 큰 잘못을 저지르지 않게 도와주는 길이라고 생각을 합니다. 어 직장에서 월급을 받고 직장에 소속되어 있는 이상 회사를 위해서 열심히 일하고 회사의 이익을 위해서 어 일하는 것이 맞다 라고 생각합니다. 어 개인적으로 좀 이런 것이 뭐 동료에게 혹은 나쁘게 비춰질 수 있을지 모르겠지만 저는 그것이 맞고 그렇게 행동하는 것이 옳다고 생각을 합니다.","wordCount":130},"emotion":[],"intent":[{"text":"","expression":"","category":"attitude"}],"summary":{"text":"상사가 회사의 이익에 반하는 행동을 했을 때는 당연히 제재가 가해져야 된다고 생각합니다. 직장에 소속되어 있는 이상 회사를 위해서 열심히 일하는 것이 옳다고 생각 합니다.","wordCount":24}}},"rawDataInfo":{"question":{"fileFormat":"wav","fileSize":468238,"duration":14630,"samplingBit":16,"channelCount":1,"samplingRate":"16kHz","audioPath":"/Mock/04.RND/Male/Experienced/ckmk_q_rnd_m_e_53786.wav"},"answer":{"fileFormat":"wav","fileSize":2342798,"duration":73210,"samplingBit":16,"channelCount":1,"samplingRate":"16kHz","audioPath":"/Mock/04.RND/Male/Experienced/ckmk_a_rnd_m_e_53786.wav"}}}