{"version":"1.0","dataSet":{"info":{"date":"20230116","occupation":"RND","channel":"MOCK","place":"ONLINE","gender":"MALE","ageRange":"35-44","experience":"EXPERIENCED"},"question":{"raw":{"text":"지원자께서 다루실 수 있는 프로그램은 무엇이고 어 일을 어느 수준 정도로 다루실 수 있는지 말씀해 주세요","wordCount":16},"emotion":[],"intent":[]},"answer":{"raw":{"text":"캐드 포토샵 일러스트레이터 같은 디자인 프로그램을 기본적으로 잘 사용합니다. 그리고 파이썬이라고 하는 시언어와 비슷한 프로그래밍도 할 줄 압니다. 파이썬은 시뿔뿔 이나 씨언어 시샵 같이 라이브러리를 가져와서 빅데이터라고 하는 데이터에 크롤링을 할 때 가장 필요한 프로그램입니다. 대학교 때부터 프로그래밍에 관심이 많아서 비주얼 베이직부터 다른 대 델파이 같은 거를 공부를 했는데요. 지금 현재 빅데이터를 사용하기 위해서는 파이썬이 필수적이고 또는 디지털 온라인 마케팅을 위해서 포토샵하고 일러스트레이터를 많이 사용하고 있습니다. 저는 공장 자동화 프로젝트를 사용하게 되면서 기구 설계팀하고도 같이 많이 일을 하게 돼서 캐드 프로그램도 쓸 수 있고 캐드는 기구 설계 및 건설 전기 전자 제품에서 도면을 보는 데 가장 기본적인 프로그램이기 때문에 꼭 필요합니다. 특히 포토샵하고 일러스트레이터는 온라인 마케팅을 할 때 디자인 작업이 필수인데요. 그때 포토샵하고 일러스테이를 사용하면 예쁜 사진을 만들거나 필요 없는 배경 같은 경우를 보정하거나 없앨 수 있고 없던 건물에 사람까지도 만들어 낼 수 있는 게 포토샵입니다.","wordCount":136},"emotion":[],"intent":[{"text":"캐드 포토샵 일러스트레이터 같은 디자인 프로그램을 기본적으로 잘 사용합니다.","expression":"r_prof","category":"attitude"},{"text":"그리고 파이썬이라고 하는 시언어와 비슷한 프로그래밍도 할 줄 압니다.","expression":"r_prof","category":"attitude"},{"text":"대학교 때부터 프로그래밍에 관심이 많아서 비주얼 베이직부터 다른 대 델파이 같은 거를 공부를 했는데요.","expression":"r_prof","category":"attitude"},{"text":"지금 현재 빅데이터를 사용하기 위해서는 파이썬이 필수적이고 또는 디지털 온라인 마케팅을 위해서   포토샵하고 일러스트레이터를 많이 사용하고 있습니다.","expression":"r_prof","category":"attitude"},{"text":"저는 공장 자동화 프로젝트를 사용하게 되면서   기구 설계팀하고도 같이 많이 일을 하게 돼서 캐드 프로그램도 쓸 수 있고 캐드는 기구 설계 및 건설   전기 전자 제품에서 도면을 보는 데 가장 기본적인 프로그램이기 때문에 꼭 필요합니다.","expression":"r_prof","category":"attitude"}],"summary":{"text":"빅데이터를 사용하기 위해서 파이썬이 필수적이고 또는 디지털 온라인 마케팅을 위해서 포토샵하고 일러스트레이터를 많이 사용하고 있습니다. 포토샵과 일러스테이를 사용하면 예쁜 사진을 만들거나 필요 없는 배경을 보정하거나 없앨 수 있고 없던 건물에 사람까지도 만들어 낼 수 있는 게 포토샵입니다.","wordCount":37}}},"rawDataInfo":{"question":{"fileFormat":"wav","fileSize":326478,"duration":10200,"samplingBit":16,"channelCount":1,"samplingRate":"16kHz","audioPath":"/Mock/04.RND/Male/Experienced/ckmk_q_rnd_m_e_165084.wav"},"answer":{"fileFormat":"wav","fileSize":2637198,"duration":82410,"samplingBit":16,"channelCount":1,"samplingRate":"16kHz","audioPath":"/Mock/04.RND/Male/Experienced/ckmk_a_rnd_m_e_165084.wav"}}}