{"version":"1.0","dataSet":{"info":{"date":"20230116","occupation":"RND","channel":"MOCK","place":"ONLINE","gender":"MALE","ageRange":"35-44","experience":"EXPERIENCED"},"question":{"raw":{"text":"스트레스를 받았을 때 등산 요리 음악 듣기 등 본인만의 스트레스 해소법이 있나요","wordCount":12},"emotion":[],"intent":[]},"answer":{"raw":{"text":"나만의 스트레스 해소법이라면 아무래도 저는 잠을 좀 좋아하는 편입니다. 또 휴일에 잠을 충분하게 잠을 자고 스트레스를 풀고 또 평일에 일을 할 때에는 어 원만하게 일을 하고 자신감에 장식 자신감 있게 일을 할 수 있도록 그렇게 스트레스를 풀고 있습니다.","wordCount":38},"emotion":[],"intent":[{"text":"","expression":"","category":"attitude"}],"summary":{"text":"나만의 스트레스 해소법이라면 저는 잠을 많이 자고 평일에 일을 할 때에는 자신감 있게 일을 할 수 있도록 스트레스를 풀고 있습니다.","wordCount":20}}},"rawDataInfo":{"question":{"fileFormat":"wav","fileSize":325838,"duration":10180,"samplingBit":16,"channelCount":1,"samplingRate":"16kHz","audioPath":"/Mock/04.RND/Male/Experienced/ckmk_q_rnd_m_e_84832.wav"},"answer":{"fileFormat":"wav","fileSize":846478,"duration":26450,"samplingBit":16,"channelCount":1,"samplingRate":"16kHz","audioPath":"/Mock/04.RND/Male/Experienced/ckmk_a_rnd_m_e_84832.wav"}}}