{"version":"1.0","dataSet":{"info":{"date":"20230116","occupation":"RND","channel":"MOCK","place":"ONLINE","gender":"MALE","ageRange":"35-44","experience":"EXPERIENCED"},"question":{"raw":{"text":"이전 직장에서 퇴사하신 후에 퇴사했던 것을 후회하신 적은 없나요 있다면 왜 후회 하셨었는지도 함께 말씀 부탁드립니다","wordCount":16},"emotion":[],"intent":[]},"answer":{"raw":{"text":"지금 어 기사에 지원하기 전 음 직장이 바로 제가 조금 퇴사한 것이 매우 후회되었던 어 회사입니다. 어 그 회사나 여러분들 어 여러분들도 잘 알다시피 이 건설 업종에서 어 어 건설업계 일 위의 회사였고 또한 저는 음 비록 계약직이기 하지만은 어 따른 뭐 정직원 못지않게 어 큰 대우를 어 좋은 대우를 받으면서 근무를 하였습니다. 또한 어 어 해외에서 근무할 수 있었기 때문에 저는 어 그 해외 경력 또한 소중히 여겨서 해외에서 근무하는 것 또한 저의 경력에 큰 도움이 된다고 믿 믿었기 때문에 그 회사에서 일을 했던 경험이 굉장히 소중했고 어 매우 만족스러웠던 일이었습니다. 그런 좋은 회사를 저는 비록 어 조금 개인적인 사유로 어 퇴사를 하게 됐지만 만약 개인적인 사유가 없다면은 그 이런 제가 지금까지 말씀드린 여러 가지 장점들로 인해 그 회사에서 퇴사 한 것이 조금 후회는 되기는 합니다. 하지만 그 회사가 조금 좋다고 해서 어 기사에 어 근무하는 것이 의 회사 그 회사에서 근무했던 것보다는 못하다고 할 수는 없습니다. 왜냐하면 기사 또한 그 회사에 못지않게 좋은 대우로 어 저를 어 저에게 이렇게 어 이직에 기회를 주셨기 때문입니다.","wordCount":166},"emotion":[],"intent":[{"text":"","expression":"","category":"attitude"}],"summary":{"text":"건설업계 1위의 회사였고 계약직이었지만 정직원만큼 좋은 대우를 받으며 근무했습니다. 해외근무도 경력에 큰 도움이 된다고 여겨 그 회사에서 일했던 경험이 매우 만족스러웠습니다. 그 회사가 조금 좋다고 해서 그 회사에서 근무했던 것보다는 못하다고 할 수 없습니다. 기사 또한 좋은 대우로 이직에 기회를 주었기 때문입니다.","wordCount":42}}},"rawDataInfo":{"question":{"fileFormat":"wav","fileSize":535758,"duration":16740,"samplingBit":16,"channelCount":1,"samplingRate":"16kHz","audioPath":"/Mock/04.RND/Male/Experienced/ckmk_q_rnd_m_e_247103.wav"},"answer":{"fileFormat":"wav","fileSize":3387918,"duration":105870,"samplingBit":16,"channelCount":1,"samplingRate":"16kHz","audioPath":"/Mock/04.RND/Male/Experienced/ckmk_a_rnd_m_e_247103.wav"}}}