{"version":"1.0","dataSet":{"info":{"date":"20230116","occupation":"RND","channel":"MOCK","place":"ONLINE","gender":"MALE","ageRange":"-34","experience":"EXPERIENCED"},"question":{"raw":{"text":"혹시 이전 직장을 그만두게 된 특별한 이유가 있을까요 그리고 지금 직장도 같은 이유로 그만두게 될 가능성이 있을까요","wordCount":17},"emotion":[],"intent":[]},"answer":{"raw":{"text":"제가 다녔던 전에 직장들을 다 그만두게 된 그 어떤 기간들을 보시면 다 이 년이 끝나고 업무가 종료된 그런 것입니다. 그게 이제 제가 특별히 어떤 이유에 있어서 제가 그만 둔 게 아니고 제가 다녔던 직장들이 다 저를 그렇게 계약직으로 채용을 해 줘 가지고 네 저는 뭐 계약 기간을 무사히 어 완수를 하고 그만둔 것이었기 때문에 또 개 제 개인적인 바램으로는 또 이렇게 계약 기간이 만료되어서 일을 종료시키는 일이 발생되지 않았으면 좋겠네요. 또 예 그런 거 없이 그런 이유 때문에 일을 그만두는 게 아니라 이제 그만둠없이 계속 일을 할 수 있는 그런 환경이 그런 환경이 조성이 되었으며는 제가 더 이상 바랄 게 없을 것 같습니다. 또 이 년이 만료가 되어 가지고 또 다른 직장을 알아봐야 되는 게 좀 계속 그래도 되나 싶을 정도로 조금 뭐 지치긴 하지만 못하겠다 라는 건 아닌데 솔직히 말해서 조금 안정적으로 또 직장을 알아봐야 된다 는 그런 걱정 없이 일을 좀 계속 해보고 싶네요. 네.","wordCount":147},"emotion":[],"intent":[{"text":"제가 다녔던 전에 직장들을 다 그만두게 된 그 어떤 기간들을 보시면 다 이 년이 끝나고 업무가 종료된 그런 것입니다.","expression":"c_private","category":"background"}],"summary":{"text":"직장들을 다 그만둔 기간은 이 년이 끝나고 업무가 종료된 것입니다. 개인적인 바램으로는 계약 기간이 만료되어서 일을 종료시키는 일이 발생되지 않았으면 좋겠습니다. 더 이상 바랄 게 없을 것 같습니다. 그리고 안정적인 직장을 알아봐야 된다는 그런 걱정 없이 일을 계속 해보고 싶습니다.","wordCount":40}}},"rawDataInfo":{"question":{"fileFormat":"wav","fileSize":312398,"duration":9760,"samplingBit":16,"channelCount":1,"samplingRate":"16kHz","audioPath":"/Mock/04.RND/Male/Experienced/ckmk_q_rnd_m_e_199893.wav"},"answer":{"fileFormat":"wav","fileSize":2848718,"duration":89020,"samplingBit":16,"channelCount":1,"samplingRate":"16kHz","audioPath":"/Mock/04.RND/Male/Experienced/ckmk_a_rnd_m_e_199893.wav"}}}