{"version":"1.0","dataSet":{"info":{"date":"20230116","occupation":"RND","channel":"MOCK","place":"ONLINE","gender":"MALE","ageRange":"35-44","experience":"EXPERIENCED"},"question":{"raw":{"text":"업무 시 분쟁이 발생할 때를 대비한 지원자님만의 대처법이 있으신가요 있다면 그것이 무엇인지 자세하게 설명 부탁드리겠습니다","wordCount":15},"emotion":[],"intent":[]},"answer":{"raw":{"text":"업무 분쟁 시 저만에 특별한 대처법은 바로 문제를 완벽하게 파악해 나가고 어디서 문제가 발생했는지를 찾는다는 것입니다. 예를 들어 부서간에 이기주의나 아니면 고객과의 갈등이 생긴다고 하면 그 문제점에는 반드시 무엇인가에 어떤 원인이 있습니다. 우리는 그걸 원인 소거 또는 원인 제거법이라고 합니다. 그 원인이 사람과 사람과에 관계 또는 사람과 사람과에 성향에 의해서 발견된 것이라면 오히려 해결될 확률이 더 높습니다. 예를 들어서 에이 부서와 비 부서 사람들이 일을 한다고 하면 에이 부서는 자기가 오십 퍼센트 만의 일을 하고 싶어하고 비 부서도 오십 퍼센트만큼의 일을 한다고 하면 우리가 중첩된 또 다른 오십 퍼센트는 업무가 중간에 붕 뜨거나 아무도 해결이 안 돼서 분쟁이 생기게 되어 있습니다. 이럴 때는 오십 퍼센트의 일이 아니라 각자 칠십 오 퍼센트의 일을 하고 결국 칠십 오 퍼센트의 일 일에 의해서 중첩된 부분이 해결되는 거를 서로가 이해해야 된다는 것입니다. 그리고 공동체 의식 또는 공동 책임 공동 보상에 대한 내용을 알려주면 사람들은 아 내가 어디까지 일을 해야 되고 내가 이렇게 일을 안 하면 나에게 인사 고과라든가 어떤 안 좋은 일이 생길 거라는 걸 인지하게 되면 자기도 모르게 그 업무에 열심히 하게 되고 부서간에 갈등은 없어지게 됩니다.","wordCount":174},"emotion":[],"intent":[{"text":"","expression":"","category":"attitude"}],"summary":{"text":"문제를 완벽하게 파악해 나가고 어디서 문제가 발생했는지를 찾는다는 것입니다. 공동체 의식 또는 공동 책임 공동 보상에 대한 내용을 알려주면 사람들은 자기도 모르게 그 업무에 열심히 하게 되고 부서간의 갈등은 없어지게 됩니다.","wordCount":31}}},"rawDataInfo":{"question":{"fileFormat":"wav","fileSize":454478,"duration":14200,"samplingBit":16,"channelCount":1,"samplingRate":"16kHz","audioPath":"/Mock/04.RND/Male/Experienced/ckmk_q_rnd_m_e_196701.wav"},"answer":{"fileFormat":"wav","fileSize":2809998,"duration":87810,"samplingBit":16,"channelCount":1,"samplingRate":"16kHz","audioPath":"/Mock/04.RND/Male/Experienced/ckmk_a_rnd_m_e_196701.wav"}}}