{"version":"1.0","dataSet":{"info":{"date":"20230116","occupation":"RND","channel":"MOCK","place":"ONLINE","gender":"MALE","ageRange":"35-44","experience":"EXPERIENCED"},"question":{"raw":{"text":"저희 회사에 들어오게 됐을 때 꼭 하고 싶은 연구가 있으신가요 그 하고 싶은 연구는 어떤 것인지 한번 말씀해 주시겠습니까","wordCount":19},"emotion":[],"intent":[]},"answer":{"raw":{"text":"제가 맡고 싶은 연구 분야는 빅데이터를 활용한 머신 러닝 딥러닝입니다. 구글에서 칠 년 전에 이세돌이라고 하는 우리나라 바둑 천재와 같이 알파고가 바둑을 두었을 때 그때는 이세돌 구 단이 한 판 밖에 이기지 못했지만 지금은 알파고와 바둑을 두면 그 누가 와도 한 판도 절대 이기지 못한다고 합니다. 그만큼 구글에서 만들고 있는 머신 러닝이나 딥 러닝도 엄청나게 많은 발전을 한 것처럼 저도 에이아이가 딥러닝과 머신 러닝을 통해서 성형외과 및 흉부외과 또는 피부과에서 어떤 사람의 몸을 촬영하거나 얼굴을 촬영했을 때 그 사람의 연대 측정에 따라서 어떻게 어떤 시스템으로 움직이게 되고 어떻게 변화하는지에 대한 데이터를 만들어 건강 관리를 하고 싶습니다. 예를 들어서 피부가 안 좋은 사십 대 후반의 여자분이 피부과에 와서 머신 러닝이 탑진된 얼굴 촬영 기기로 촬영을 했을 때 어떻게 관리를 해야 되고 현재 상태는 어떴으며 영양 관리를 위해서 어떤 시스템으로 피부 관리를 받아야 되는지에 대한 정확한 지침을 주고 그것을 양방향 통신으로 고객과 지속적으로 주고 받음으로써 피부가 노화가 되지 않는 방법을 케어 하는 것입니다.","wordCount":151},"emotion":[],"intent":[{"text":"","expression":"","category":"attitude"}],"summary":{"text":"저는 빅데이터를 활용한 머신 러닝 딥러닝 연구를 맡고 싶습니다. 알파고가 이세돌과 바둑을 두었을 때 이길 수 있었던 것처럼, 에이아이도 인공지능을 통해 성형외과, 흉부외과, 피부과에서 어떤 사람의 몸을 촬영하거나 얼굴을 촬영했을 때 어떤 시스템으로 움직이게 되고 어떻게 변화하는지에 대한 데이터를 만들어 건강 관리를 하고 싶다고 합니다.","wordCount":45}}},"rawDataInfo":{"question":{"fileFormat":"wav","fileSize":333518,"duration":10420,"samplingBit":16,"channelCount":1,"samplingRate":"16kHz","audioPath":"/Mock/04.RND/Male/Experienced/ckmk_q_rnd_m_e_173225.wav"},"answer":{"fileFormat":"wav","fileSize":2758478,"duration":86200,"samplingBit":16,"channelCount":1,"samplingRate":"16kHz","audioPath":"/Mock/04.RND/Male/Experienced/ckmk_a_rnd_m_e_173225.wav"}}}