{"version":"1.0","dataSet":{"info":{"date":"20230116","occupation":"RND","channel":"MOCK","place":"ONLINE","gender":"MALE","ageRange":"45-54","experience":"EXPERIENCED"},"question":{"raw":{"text":"네 팀원과의 불화를 어떻게 해결하시겠습니까","wordCount":5},"emotion":[],"intent":[]},"answer":{"raw":{"text":"어 팀원과 그런 일이 생기면 안 되겠지만 그래도 그런 일이 생긴다고 그러면 어 그걸 해결할 수 있는 방법은 소통밖에 없습니다. 어 서로 이야기를 하면서 함으로써 소통을 함으로써 저는 웬만한 문제는 이 업무적인 일이라면 업무적인 문제는 다 해결돼 해결이 된다 라고 생각을 합니다. 뭐 예를 들어서 그 직원이 뭐 과도한 업무 때문에 불만인 건지 아니면 뭐 본인이 배제되고 있다 라고 생각하는 건지 본인이 아시고 본인이 불만인 사항을 얘기하고 제가 팀장으로서 혹은 팀원으로서 어 그것을 해결해 줄 수 있으면 그것을 해결하면 어 불안은 없다 라고 생각합니다. 하지만 이게 개인적인 문제라면 조금 달라집니다. 제가 팀장을 맡고 있는 상태에서 그 팀원이 개인적인 뭐 감정으로 저를 혹은 뭐 다른 직원을 싫어한다라든지 이러면 저는 팀장으로서 당연히 그 직원을 배제할 것입니다. 어 계속 제가 하는 얘기지만 프로젝트는 같이 팀원이 공동의 목표를 이뤄가는 과정이기 때문에 그런 다른 생각을 갖고 있고 불만이 있는 생각을 갖고 있는 팀원이 같이 한다면 그 프로젝트는 잘 될 수가 없습니다. 일단 프로젝트의 성공 여부를 따진다면 어 소통을 통해서 해결해야 되고 그렇지도 않다 라고 그러면 전 팀장으로서 그 팀원을 배제할 것입니다.","wordCount":166},"emotion":[],"intent":[{"text":"","expression":"","category":"attitude"}],"summary":{"text":"팀원과 그런 일이 생기면 안 되겠지만 그런 일이 생긴다고 그러면 소통밖에 없습니다. 서로 이야기를 하면서 소통을 함으로써 저는 웬만한 문제는 이 업무적인 일이라면 업무적인 문제는 다 해결돼 해결이 된다고 생각합니다. 하지만 개인적인 문제라면 저는 팀장으로서 그 직원을 배제할 것입니다. 일단 프로젝트의 성공 여부를 따진다면 소통을 통해서 해결해야 되고 그렇지도 않다 라고 그러면 전 팀원을 배제할 것입니다.","wordCount":56}}},"rawDataInfo":{"question":{"fileFormat":"wav","fileSize":203278,"duration":6350,"samplingBit":16,"channelCount":1,"samplingRate":"16kHz","audioPath":"/Mock/04.RND/Male/Experienced/ckmk_q_rnd_m_e_44927.wav"},"answer":{"fileFormat":"wav","fileSize":2882638,"duration":90080,"samplingBit":16,"channelCount":1,"samplingRate":"16kHz","audioPath":"/Mock/04.RND/Male/Experienced/ckmk_a_rnd_m_e_44927.wav"}}}