{"version":"1.0","dataSet":{"info":{"date":"20230116","occupation":"RND","channel":"MOCK","place":"ONLINE","gender":"MALE","ageRange":"45-54","experience":"EXPERIENCED"},"question":{"raw":{"text":"현대사회에서 없어서는 안 될 직업은 무엇이라고 생각하시나요","wordCount":7},"emotion":[],"intent":[]},"answer":{"raw":{"text":"현대사회에서 없어서는 안 될 직업은 개인적으로 제가 경험한 부분에 의거해서 어 간병인이라고 생각을 합니다. 어 얼마 전에 어머님께서 친어머님 어머님께서 어 병으로 어 병원에 입원을 하셔야 되는 경우가 발생을 했는데요. 그 당시에 그 병원에서는 의사와 변호사 은 의사와 간호사가 이십사 시간 케어를 해줄 수 있는 상황은 아니었기 때문에 제가 직접 하던 가족이 직접 어머니를 케어를 하든가 아니면 간병인을 구해서 그 간병인을 통해서 어 케어를 해야 된 결정을 해야 될 부분이었습니다. 그래서 제가 직접 그 간병인을 면접을 보고 그분과 하루 일당이나 그런 부분들을 설명을 하고 하셔야 될 일들을 설명을 다 드린 후에 간병인께서 직접 어머니를 어 케어를 하는 경우가 발생을 했습니다. 물론 어머니 자체께서 의식이 없는 경우도 대부분이셨기 때문에 저처럼 간병인이 당연히 해주지 못한다 할지라도 그런 부분에 대해서는 제가 직접 어 이십 사 시간 다른 여러 가지 상황 때 못하는 경우가 있다면 향후에도 이 현대 사회에서 없어서는 안 될 직업 중의 하나는 간병인이라고 생각합니다.","wordCount":143},"emotion":[],"intent":[{"text":"","expression":"","category":"attitude"}],"summary":{"text":"현대사회에서 간병인은 필수적인 직업이라고 생각합니다. 제가 직접 간병인에게 어머니께 하루 일당이나 케어를 해야 될 일들을 설명드리고 간병인이 직접 어머니를 케어하는 경우가 발생했습니다. 어머니 자체가 의식이 없는 경우가 대부분이었기 때문에 간병인의 도움이 없지는 않겠지만, 만약 그렇다면 향후에도 간병인과 같은 직업은 필수일 것입니다.","wordCount":41}}},"rawDataInfo":{"question":{"fileFormat":"wav","fileSize":225998,"duration":7060,"samplingBit":16,"channelCount":1,"samplingRate":"16kHz","audioPath":"/Mock/04.RND/Male/Experienced/ckmk_q_rnd_m_e_49649.wav"},"answer":{"fileFormat":"wav","fileSize":2686158,"duration":83940,"samplingBit":16,"channelCount":1,"samplingRate":"16kHz","audioPath":"/Mock/04.RND/Male/Experienced/ckmk_a_rnd_m_e_49649.wav"}}}