{"version":"1.0","dataSet":{"info":{"date":"20230116","occupation":"RND","channel":"MOCK","place":"ONLINE","gender":"MALE","ageRange":"-34","experience":"EXPERIENCED"},"question":{"raw":{"text":"커뮤니케이션을 잘 할 수 있는 나만의 스킬이 있다면 한 번 소개해 주실 수 있을까요 가능하시다면 직접 한 번 보여주셔도 좋을 것 같습니다","wordCount":22},"emotion":[],"intent":[]},"answer":{"raw":{"text":"커뮤니케이션이란 어 굉장히 포괄적이고 다양한 상황이 이용될 수 있다고 생각합니다. 이미 친한 사이에서 원활한 의사소통이 이루어지는 혹은 상대방의 특징을 충분히 인지한 상태에서 커뮤니케이션이 잘 이루어집니다. 따라서 모르는 사람과의 커뮤니케이션을 잘 하기 위해서는 무엇보다도 직설적이어야 하며 명확해야 합니다. 대신에 서로 간의 감정이나 공감대의 교류 혹은 바탕이 매우 얇기 때문에 상대방이 감정을 건드리는 일은 절대적으로 피해야 합니다. 서로 공유되지 않은 상태에서 감정이 상하는 경우가 커뮤니케이션에서 가장 피해야 하는 상황이기 때문입니다. 그래서 전 최대한 그 사람의 표정과 행동을 살펴 사람이 저와 대화하는 당사자의 기분을 면밀히 관찰합니다. 그리하여 명확하게 커뮤니케이션 할 수 있도록 노력합니다.","wordCount":90},"emotion":[],"intent":[{"text":"","expression":"","category":"attitude"}],"summary":{"text":"모르는 사람과의 커뮤니케이션을 잘 하기 위해서는 직설적이며 명확해야 합니다. 대신에 상대방의 감정을 건드리는 일은 절대적으로 피해야 합니다. 그래서 최대한 그 사람의 표정과 행동을 살펴 사람이 저와 대화하는 당사자의 기분을 면밀히 관찰합니다.","wordCount":31}}},"rawDataInfo":{"question":{"fileFormat":"wav","fileSize":590158,"duration":18440,"samplingBit":16,"channelCount":1,"samplingRate":"16kHz","audioPath":"/Mock/04.RND/Male/Experienced/ckmk_q_rnd_m_e_248515.wav"},"answer":{"fileFormat":"wav","fileSize":3800398,"duration":118760,"samplingBit":16,"channelCount":1,"samplingRate":"16kHz","audioPath":"/Mock/04.RND/Male/Experienced/ckmk_a_rnd_m_e_248515.wav"}}}