{"version":"1.0","dataSet":{"info":{"date":"20230116","occupation":"RND","channel":"MOCK","place":"ONLINE","gender":"MALE","ageRange":"45-54","experience":"EXPERIENCED"},"question":{"raw":{"text":"평소에 검색을 많이 하나요 주로 어떤 검색을 많이 하나요","wordCount":9},"emotion":[],"intent":[]},"answer":{"raw":{"text":"검색을 하면 쉽고 빠르게 제가 알고 싶은 것들을 찾을 수 있어서 어 검색을 많이 하는 편입니다. 아 주로 하는 것들은 뭐 업무적인 어 궁금증이 있을 때도 많이 하지만 아 요새는 어 사람들이 어떤 것을 많이 필요로 하는지 다른 사람들은 어떤 것을 많이 찾는지 이런 것들에 좀 관심이 많아서 다른 사람들 많은 사람들이 무엇을 어 필요로 하고 어떤 것에 관심이 많은지 요런 것들을 아 주로 검색을 합니다.","wordCount":66},"emotion":[],"intent":[{"text":"","expression":"","category":"attitude"}],"summary":{"text":"많이 하는 편입니다. 사람들이 어떤 것을 많이 필요로 하고 찾는지 관심이 많아서 이러한 것들을 주로 검색을 합니다.","wordCount":17}}},"rawDataInfo":{"question":{"fileFormat":"wav","fileSize":294158,"duration":9190,"samplingBit":16,"channelCount":1,"samplingRate":"16kHz","audioPath":"/Mock/04.RND/Male/Experienced/ckmk_q_rnd_m_e_69190.wav"},"answer":{"fileFormat":"wav","fileSize":1478798,"duration":46210,"samplingBit":16,"channelCount":1,"samplingRate":"16kHz","audioPath":"/Mock/04.RND/Male/Experienced/ckmk_a_rnd_m_e_69190.wav"}}}