{"version":"1.0","dataSet":{"info":{"date":"20230116","occupation":"RND","channel":"MOCK","place":"ONLINE","gender":"MALE","ageRange":"45-54","experience":"EXPERIENCED"},"question":{"raw":{"text":"본인 프로그램 하면서 여러 가지 경험이 있겠지만 초기 설계 단계에서 문제가 발생했을 경우도 한 번 그런 경험도 있었을 것 같아요 그런 일이 벌어졌을 때는 대체로 어떤 방식으로 대처를 해 오셨을까요 특별하게 차별화된 어떤 경험이 있습니까","wordCount":35},"emotion":[],"intent":[]},"answer":{"raw":{"text":"어 설계시 문제가 발생한다면 이것은 어 전면 다 수정을 해야 된다라고 생각을 합니다. 설계라는 것은 말 그대로 그 건축물을 짓기 위한 그 기본 도면이고 그 뼈대와 같은 것인데 이것이 잘못됐다라고 하면 어 거기서부터 어 문제가 발생을 하게 될 거고 그것은 나중에는 정말 뭐 다 지어 놓은 건물을 허물어야 될 정도로 큰 일이 발생할 수 있고 그것은 곧 인명이나 어 지적 재 아니 인명이나 재산 재산에 피해를 줄 수 있기 때문에 설계시 문제가 발생을 한다면 이거는 당연히 전면 재수정을 해야 됩니다. 다시 검토하고 다시 준비해서 문제 설계 자체에 문제가 없도록 하는 게 맞다라고 생각을 합니다.","wordCount":94},"emotion":[],"intent":[{"text":"","expression":"","category":"attitude"}],"summary":{"text":"설계는 건축물을 짓기 위한 기본 도면이고 뼈대와 같은 것인데 설계시 문제가 발생한다면 전면 다 수정을 해야 됩니다. 설계는 인명이나 재산 재산에 피해를 줄 수 있기 때문에 설계 자체에 문제가 없도록 해야 합니다.","wordCount":32}}},"rawDataInfo":{"question":{"fileFormat":"wav","fileSize":646478,"duration":20200,"samplingBit":16,"channelCount":1,"samplingRate":"16kHz","audioPath":"/Mock/04.RND/Male/Experienced/ckmk_q_rnd_m_e_49556.wav"},"answer":{"fileFormat":"wav","fileSize":1779918,"duration":55620,"samplingBit":16,"channelCount":1,"samplingRate":"16kHz","audioPath":"/Mock/04.RND/Male/Experienced/ckmk_a_rnd_m_e_49556.wav"}}}