{"version":"1.0","dataSet":{"info":{"date":"20230116","occupation":"RND","channel":"MOCK","place":"ONLINE","gender":"MALE","ageRange":"35-44","experience":"EXPERIENCED"},"question":{"raw":{"text":"패러데이 법칙은 누가 발견한 법칙이고 또 어떠한 법칙이 포함되어 있는지 등 자세하게 설명해 주세요","wordCount":14},"emotion":[],"intent":[]},"answer":{"raw":{"text":"제가 아 이 패러디 패러데이 법칙 즉 전자기 유도 법칙에 대해서는 어 전공은 아니지만 어느 정도 기초적인 어 그 어 뜻을 저는 알고 있습니다. 이 패러데이 법칙이라 어 어떤 닫힌 회로를 생각했을 때 이 회로에 통과하는 자기 선속의 변화라는 곧 회로의 유도 기절력과 같다는 법칙인데요. 이것이 어떤 것에 주로 많이 사용이 되냐면 저는 음 이 하드디스크에 많이 사용을 한다고 저는 알고 있습니다. 우리가 일반적으로 사 많이 사용하는 즉 에스에스디 는 아닌 어 아주 전통적인 하드디스크는 이 자석 물질을 입힌 딱딱한 알루미늄 문판을 이제 기록 매체를 사용해서 정보를 기록하는 장치인데요. 어 이 헤드에 이 하드디스크의 헤드에 코일이 담겨져 있기 때문에 이 패러데이 법칙을 적용해서 자석 역할을 하는 플래터를 자기화 시켜서 어 어떤 그 자료나 데이터 등을 저장하는 것이 바로 이 하드 하드 디스크입니다.","wordCount":122},"emotion":[{"text":"이 패러데이 법칙이라 어 어떤 닫힌 회로를 생각했을 때 이 회로에 통과하는 자기 선속의 변화라는 곧 회로의 유도 기절력과 같다는 법칙인데요.","expression":"u-fact","category":"neutral"},{"text":"우리가 일반적으로 사 많이 사용하는 즉 에스에스디 는 아닌 어 아주 전통적인 하드디스크는 이 자석 물질을 입힌 딱딱한 알루미늄 문판을 이제 기록 매체를 사용해서 정보를 기록하는 장치인데요.","expression":"u-fact","category":"neutral"},{"text":"어 이 헤드에 이 하드디스크의 헤드에 코일이 담겨져 있기 때문에 이 패러데이 법칙을 적용해서 자석 역할을 하는 플래터를 자기화 시켜서 어 어떤 그 자료나 데이터 등을 저장하는 것이 바로 이 하드 하드 디스크입니다.","expression":"u-fact","category":"neutral"}],"intent":[{"text":"","expression":"","category":"attitude"}],"summary":{"text":"전자기 유도 법칙은 닫힌 회로를 생각했을 때 자기 선속의 변화라는 회로의 유도 기적력과 같다는 패러데이 법칙인데, 주로 하드디스크에 많이 사용합니다. 전통적인 하드디크는 자석 물질을 입힌 딱딱한 알루미늄 문판을 기록 매체로 기록하는 장치입니다.","wordCount":32}}},"rawDataInfo":{"question":{"fileFormat":"wav","fileSize":384078,"duration":12000,"samplingBit":16,"channelCount":1,"samplingRate":"16kHz","audioPath":"/Mock/04.RND/Male/Experienced/ckmk_q_rnd_m_e_247106.wav"},"answer":{"fileFormat":"wav","fileSize":2435918,"duration":76120,"samplingBit":16,"channelCount":1,"samplingRate":"16kHz","audioPath":"/Mock/04.RND/Male/Experienced/ckmk_a_rnd_m_e_247106.wav"}}}