{"version":"1.0","dataSet":{"info":{"date":"20230116","occupation":"RND","channel":"MOCK","place":"ONLINE","gender":"MALE","ageRange":"35-44","experience":"EXPERIENCED"},"question":{"raw":{"text":"이전 직장이나 대학에서 어떤 프로젝트를 해 봤는지 생각나시는 게 있으시면 한번 설명해 주시기 바랍니다","wordCount":14},"emotion":[],"intent":[]},"answer":{"raw":{"text":"이천 이십 년 이 월 대학 병원과 한 대당 이십 억 원이 넘는 장비 두 대를 설치하겠다 라는 계약서를 맺은 적이 있습니다. 그때 당시 코로나가 전세계에 창궐하여 각국에 있는 엔지니어들이 우리나라에 입국을 할 수 없는 절체절명의 순간이었습니다. 하지만 병원과 삼 개월 안에 장비에 대한 설치 운영 검수까지 모든 것을 마치겠다 라는 계약서를 맺은 상태였고 저는 기술부 총괄팀장을 맡은 상태에서 이 난항을 겪을 방법을 몰랐습니다. 그래서 몇 날 며칠을 고생을 하고 고민을 한 끝에 영화 마스를 보면서 나사의 직원들이 맷 데이먼에게 온라인으로 영상을 보여주면서 장비를 설치하는 것들을 시연하는 것을 봤습니다. 저는 여기서 착안하여 본사에 있는 엔지니어들이 우리나라 현장에 있는 엔지니어들에게 온라인 미팅을 통해서 지속적으로 설치에 대한 조언을 해주는 것을 방법을 알아내어 제가 기술 통역 및 문서 번역을 하면서 많은 조언을 할 수 있게끔 옆에서 지원을 하고 프로젝트 리딩을 했습니다. 그래서 결국 이 개월 반만에 이십 억 짜리 장비 두 대를 설치 운영 가동하여 최종 검수까지 했고 덕분에 저희는 지체 보상금을 물지 않을 수 있었습니다.","wordCount":153},"emotion":[{"text":"이천 이십 년 이 월 대학 병원과 한 대당 이십 억 원이 넘는 장비 두 대를 설치하겠다 라는 계약서를 맺은 적이 있습니다.","expression":"u-fact","category":"neutral"},{"text":"저는 여기서 착안하여   본사에 있는 엔지니어들이 우리나라 현장에 있는 엔지니어들에게 온라인 미팅을 통해서 지속적으로 설치에 대한 조언을 해주는 것을   방법을 알아내어 제가 기술 통역 및 문서 번역을 하면서 많은 조언을 할 수 있게끔 옆에서 지원을 하고 프로젝트 리딩을 했습니다.","expression":"u-fact","category":"neutral"}],"intent":[{"text":"이천 이십 년 이 월 대학 병원과 한 대당 이십 억 원이 넘는 장비 두 대를 설치하겠다 라는 계약서를 맺은 적이 있습니다.","expression":"c_private","category":"background"},{"text":"하지만 병원과 삼 개월 안에   장비에 대한 설치 운영 검수까지 모든 것을 마치겠다 라는 계약서를 맺은 상태였고   저는 기술부 총괄팀장을 맡은 상태에서 이 난항을 겪을 방법을 몰랐습니다.","expression":"c_private","category":"background"}],"summary":{"text":"대학 병원과 장비 설치 계약서를 맺은 적이 있습니다. 당시 코로나 때문에 각국 엔지니어들이 우리나라에 입국할 수 없는 상황이었습니다. 그래서 영화 마스를 보면서 나사 직원들이 장비를 설치하는 것을 봤습니다. 그래서 본사 엔지니어들이 우리나라 엔지니어들에게 온라인 미팅을 통해 조언을 하는 방법을 알아냈습니다. 덕분에 지체 보상금을 물지 않을 수 있었습니다.","wordCount":47}}},"rawDataInfo":{"question":{"fileFormat":"wav","fileSize":326478,"duration":10200,"samplingBit":16,"channelCount":1,"samplingRate":"16kHz","audioPath":"/Mock/04.RND/Male/Experienced/ckmk_q_rnd_m_e_173229.wav"},"answer":{"fileFormat":"wav","fileSize":2782158,"duration":86940,"samplingBit":16,"channelCount":1,"samplingRate":"16kHz","audioPath":"/Mock/04.RND/Male/Experienced/ckmk_a_rnd_m_e_173229.wav"}}}