{"version":"1.0","dataSet":{"info":{"date":"20230116","occupation":"RND","channel":"MOCK","place":"ONLINE","gender":"MALE","ageRange":"35-44","experience":"EXPERIENCED"},"question":{"raw":{"text":"만약 일을 하다가 직무가 적성에 맞지 않는다는 것을 알게 되었을 때 어떻게 하실 것인지 상황을 가정하고 말씀해 주세요","wordCount":18},"emotion":[],"intent":[]},"answer":{"raw":{"text":"현대의 어 젊은이들 지금 막 회사에 입사하는 이십 대 초반의 젊은이들은 제가 알기로는 그 사람들의 그 의사 표현이 굉장히 뚜렷한 것으로 알고 있습니다. 뭐 예를 들어서 어 직장 상사가 어 만약 어떤 일을 시켰는데 그 시킨 일이 지금 현재 그들의 업무가 아니라면 그 젊은이들은 분명히 아니라고 안 한다고 대답을 한다고 합니다. 그래서 어 그 젊은이들은 자신의 직무가 적성에 맞지 않는다면 그것을 바로 직장 상사에게 말해서 업무를 바꿔주세요 라든지 아니면 어렵게 회사에 입사를 했지만 직무가 직무가 적성에 맞지 않는다고 하여 퇴사를 하는 경우가 많다고 저는 알고 있는데요. 저는 조금 그들과는 다르게 어 옛날 사람이기 때문에 직무가 적성에 맞지 않는다고 하여서 그들처럼 음 적성에 맞지 않기 때문에 직무를 바꿔주세요 라든지 아니면은 음 어렵게 어렵게 찾은 어 좋은 회사인데 바로 회사를 퇴사하거나 그런 일은 하지 않습니다. 왜냐하면 저에게는 일단 어 제가 먹 먹여 살려야 되는 어 식구가 가족이 있기 때문에 함부로 그렇게 할 수 없고 또한 저의 오랜 경력을 통해서 아주 다양한 직무를 겪었기 때문에 어떠한 직무도 성실히 수행해 나갈 수 있는 준비가 되어 있기 때문입니다.","wordCount":163},"emotion":[],"intent":[{"text":"","expression":"","category":"attitude"}],"summary":{"text":"현대의 젊은이들은 자신의 직무가 적성에 맞지 않는다고 해서 바로 직장 상사에게 말해서 업무를 바꿔달라고 하거나, 어렵게 회사에 입사했지만 직무가 적다고 하여 퇴사를 하는 경우가 많다고 알고 있는데, 저는 옛날 사람이기 때문에 그런 일은 하지 않습니다. 왜냐하면 저는 아주 다양한 직무를 겪었기 때문에 어떠한 직무도 성실히 수행해 나갈 수 있는 준비가 되어 있기 때문입니다.","wordCount":53}}},"rawDataInfo":{"question":{"fileFormat":"wav","fileSize":327758,"duration":10240,"samplingBit":16,"channelCount":1,"samplingRate":"16kHz","audioPath":"/Mock/04.RND/Male/Experienced/ckmk_q_rnd_m_e_247110.wav"},"answer":{"fileFormat":"wav","fileSize":2923598,"duration":91360,"samplingBit":16,"channelCount":1,"samplingRate":"16kHz","audioPath":"/Mock/04.RND/Male/Experienced/ckmk_a_rnd_m_e_247110.wav"}}}