{"version":"1.0","dataSet":{"info":{"date":"20230116","occupation":"RND","channel":"MOCK","place":"ONLINE","gender":"MALE","ageRange":"35-44","experience":"EXPERIENCED"},"question":{"raw":{"text":"본인의 생각이 아닌 다른 주변 사람들이 생각하는 혹은 때로 그렇게 표현하는 지원자님의 장점과 단점에 대해 최대한 많이 이야기 해 주세요","wordCount":20},"emotion":[],"intent":[]},"answer":{"raw":{"text":"아 주변 사람들이 봤을 때 저의 장점과 단점을 한번 생각을 해 보았습니다. 아마 좀 동일하게 여겨질 것 같은데 어 장점과 단점이 동일할 것 같은데 그 부분에 대해서 답변 드리도록 하겠습니다. 일단 저의 장점과 단점은 여유롭게 생각하는 생각과 항상 여유로운 자세를 갖고 있는 것이 저의 장점이자 단점이 될 것 같습니다. 그 이유는 제가 항상 업무를 어 이제 그날 해야 할 일 중에서 쉬운 일 빨리 끝낼 수 있는 일들을 미리미리 좀 끝내 놓는 업무 스타일을 갖고 있다 보니까 솔직히 어려운 일들 같은 경우는 오늘 최대한 하고 내일 또 할 수 있는 거기 때문에 조급하지가 않은 겁니다. 그래서 내가 우선순위를 해야 할 일을 어려운 일부터가 아닌 쉬운 일부터 정해 놓으면 그런 여유로운 자세를 가지고 있을 수가 있습니다. 그 부분을 갖고 장점으로 봐주는 사람이 있고 그 부분으로 봤을 때 저 사람은 한가로워 보이고 일을 많이 안 한다 그렇게 보일 수도 있기 때문에 이게 동시에 장점이 될 수도 있고 단점이 될 수도 있는 것입니다. 예 그래서 어 이런 단점도 장점으로 보이게끔 하는 그런 성과 있는 업무 자세가 좋을 것 같습니다. 이상입니다.","wordCount":167},"emotion":[],"intent":[{"text":"일단 저의 장점과 단점은 여유롭게 생각하는 생각과 항상 여유로운 자세를 갖고 있는 것이 저의 장점이자 단점이 될 것 같습니다.","expression":"c_person","category":"background"}],"summary":{"text":"주변에서는 제 장점과 단점을 동일하게 여길 것 같습니다. 하지만 저는 항상 쉬운 일부터 빨리 끝내는 업무 스타일을 갖고 있습니다. 그래서 어려운 일은 오늘 최대한 하고 내일도 할 수 있는 것이므로 조급하지 않습니다. 단점도 장점으로 보이게끔 성과 있는 업무 자세를 갖는 것이 좋겠습니다. 이상입니다.","wordCount":43}}},"rawDataInfo":{"question":{"fileFormat":"wav","fileSize":585678,"duration":18300,"samplingBit":16,"channelCount":1,"samplingRate":"16kHz","audioPath":"/Mock/04.RND/Male/Experienced/ckmk_q_rnd_m_e_230214.wav"},"answer":{"fileFormat":"wav","fileSize":2753038,"duration":86030,"samplingBit":16,"channelCount":1,"samplingRate":"16kHz","audioPath":"/Mock/04.RND/Male/Experienced/ckmk_a_rnd_m_e_230214.wav"}}}