{"version":"1.0","dataSet":{"info":{"date":"20230116","occupation":"RND","channel":"MOCK","place":"ONLINE","gender":"MALE","ageRange":"45-54","experience":"EXPERIENCED"},"question":{"raw":{"text":"어제 뉴스에 구급대원이 주치자에게 폭행을 당했다는 소식이 있었습니다 이 사건에 대해서 본인이 생각하는 바를 말씀해 주시기 바랍니다","wordCount":17},"emotion":[],"intent":[]},"answer":{"raw":{"text":"네 알고 있습니다. 너무 화가 났었었죠. 아 뭐 화가 납니다 그냥 이거는. 우리나라는 어 너무 어 처벌에 대한 법이 약하다고 생각을 합니다. 왜 주취를 한 사람 그 당사자에게 어떤 심신미약이라든지 이런 부분으로 감형에 어떤 해당하는 거를 만드는지도 모르겠구요. 아 최소한의 그 공공 공공 업으로서 희생을 하고 있는 정말 대의를 위해 희생을 하는 업종에 계신 분들에게는 최소한의 어떤 보호를 위한 테두리 그런 걸 좀 마련을 해야 된다고 생각을 합니다. 얼마나 얼마나 안타까운 희생이고 말할 수 없는 이거는 고통입니다 이런 사건은. 정말 강력하게 엄벌해야 되고 처벌해야 된다고 생각합니다. 화가 납니다.","wordCount":88},"emotion":[{"text":"너무 화가 났었었죠.","expression":"n-anger","category":"negative"},{"text":"아 뭐 화가 납니다 그냥 이거는.","expression":"n-anger","category":"negative"},{"text":"화가 납니다.","expression":"n-anger","category":"negative"}],"intent":[{"text":"아 최소한의 그   공공 공공 업으로서 희생을 하고 있는   정말 대의를 위해 희생을 하는 업종에 계신 분들에게는 최소한의 어떤 보호를 위한 테두리   그런 걸 좀 마련을 해야 된다고 생각을 합니다.","expression":"c_value","category":"background"}],"summary":{"text":"우리나라는 처벌에 대한 법이 약하다고 생각하며 주취를 한 사람 당사자에게 어떤 심신미약다든지 이런 부분으로 심신미약에 해당하는 부분을 만드는지 모르겠습니다. 최소한의 이익을 위해 희생을 하는 업종에 계신 분들을 보호하기 위한 테두리 마련이 필요합니다.","wordCount":32}}},"rawDataInfo":{"question":{"fileFormat":"wav","fileSize":355918,"duration":11120,"samplingBit":16,"channelCount":1,"samplingRate":"16kHz","audioPath":"/Mock/04.RND/Male/Experienced/ckmk_q_rnd_m_e_111800.wav"},"answer":{"fileFormat":"wav","fileSize":2840718,"duration":88770,"samplingBit":16,"channelCount":1,"samplingRate":"16kHz","audioPath":"/Mock/04.RND/Male/Experienced/ckmk_a_rnd_m_e_111800.wav"}}}