{"version":"1.0","dataSet":{"info":{"date":"20230116","occupation":"RND","channel":"MOCK","place":"ONLINE","gender":"MALE","ageRange":"35-44","experience":"EXPERIENCED"},"question":{"raw":{"text":"만약에 일을 하던 중에 직무가 적성에 맞지 않는다는 사실을 알게 되시면 어 어떻게 대처를 하실 건가요 이렇다고 상황을 한번 가정해 보시고 어 말씀해 주시기를 바랍니다","wordCount":25},"emotion":[],"intent":[]},"answer":{"raw":{"text":"어 만약에 제가 이 회사에 입사해서 어떤 보직을 받고 어떤 직무를 맡을지는 모르지만 그 직무가 적성에 맞지 않을 경우를 가정하고 어 답변 드리도록 하겠습니다. 어 제가 그 업무에 맞춰야지 업무가 저한테 맞출 수는 없습니다. 그러기 때문에 그 업무에 제가 맞추지 못한 저를 탓하고 제가 적응하기 위해서 무엇을 노력하고 무엇을 보완해야 할지를 고민해야 하는 것이지 직무가 적성에 맞지 않겠다고 또 다른 회사로 이직을 고민하고 그만둬야 하지 않냐 뭐 이런 걸 고민하는 거는 정말 잘못된 생각입니다. 그렇게 하면은 다음 이직에서 그 회사에 가서도 똑같은 상황이 또 올 것이고 그 상황에서 또 하게 되면 악순환이 반복이 될 것이기 때문에 이 위기도 극복해낼 수 있는 습관을 만들어야 합니다. 그래서 모든 직무를 다 해봐야 정통할 수 있고 또 다음 상급 단계 업무를 진출할 수 있는 자격 요건이 만들어진다고 생각하면서 아 즈 주어지는 임무에 맞춰서 내가 적응하고 그 분야에도 전문가가 돼야 어 여러 가지 면으로 봤을 때 나한테 기회가 될 수 있는 상황이 올 수 있기 때문에 그런 부분들이 그렇게 대응할 것 같습니다. 이상입니다.","wordCount":158},"emotion":[],"intent":[{"text":"","expression":"","category":"attitude"}],"summary":{"text":"직무가 적성에 맞지 않는다고 다른 회사로 이직을 고민하는 것은 잘못된 생각합니다. 모든 직무에 정통하고 다음 상급 단계 업무를 진출할 수 있는 자격 요건이 만들어진다고 생각하면서 주어진 임무에 맞춰서 제가 적응하고 그 분야에도 전문가가 돼 여러 가지 면으로 봤을 때 제가 기회가 될 수 있는 상황이 올 수 있기 때문에 그렇게 대응할 것 같습니다.","wordCount":53}}},"rawDataInfo":{"question":{"fileFormat":"wav","fileSize":486478,"duration":15200,"samplingBit":16,"channelCount":1,"samplingRate":"16kHz","audioPath":"/Mock/04.RND/Male/Experienced/ckmk_q_rnd_m_e_230217.wav"},"answer":{"fileFormat":"wav","fileSize":2774478,"duration":86700,"samplingBit":16,"channelCount":1,"samplingRate":"16kHz","audioPath":"/Mock/04.RND/Male/Experienced/ckmk_a_rnd_m_e_230217.wav"}}}