{"version":"1.0","dataSet":{"info":{"date":"20230116","occupation":"RND","channel":"MOCK","place":"ONLINE","gender":"MALE","ageRange":"45-54","experience":"EXPERIENCED"},"question":{"raw":{"text":"귀하께서 최근에 본 뉴스 중 가장 인상 깊었던 뉴스는 무엇인가요 그것에 대해 말씀해 주세요","wordCount":14},"emotion":[],"intent":[]},"answer":{"raw":{"text":"어 바로 어제 본 뉴스인데 그 프리미얼 리그에 있는 손흥민 선수가 어 선발 출전을 못하고 후반에 교체로 출전을 해 가지고 십 삼 분 만에 세 골을 넣는 해트 트릭을 했다 라는 뉴스였습니다. 어 손흥민 선수는 전년도에 프리미어 그 득점왕을 했을 정도로 올 시즌이 되게 기대되는 선수였습니다. 당연히 우리나라 선수이면서 우리나라의 자랑인 것 자랑인 선수죠. 어 그래서 국민 모 대다수가 이 손흥민 선수를 응원을 하는데 손흥민 선수는 어 씨즌이 시작하고 여덟 게임 동안 득점이 없었습니다. 나름대로의 고민도 많았고 현지에서는 손흥민 선수를 질타하는 과대 표장 포장이라는 매체로 매체가 매체에서 어 과대 포장이라는 뉴스를 내보내서 아마 손흥민 선수가 뭐 개인적으로 많이 힘들었을 겁니다. 그런데 아홉 게임째 교체로 선발 출장도 아닌 교체로 어 출전을 해 가지고 십 삼 분 만에 세 꼴 넣습니다. 역시 대단한 선수라고 느끼고 우리 국민들은 많이 그 흥분했죠. 그런데 정말 아이러니하게도 그 영국의 매체에서는 토트넘의 쓰리 톱 중에 가장 낮은 점수인 육 점 삼을 주었습니다. 어 다른 선수한테 더 양보할 수 있었는데 양보하지 않았다 라는 거죠.","wordCount":156},"emotion":[{"text":"어 바로 어제 본 뉴스인데 그 프리미얼 리그에 있는 손흥민 선수가   어 선발 출전을 못하고 후반에 교체로 출전을 해 가지고 십 삼 분 만에 세 골을 넣는 해트 트릭을 했다 라는 뉴스였습니다.","expression":"u-fact","category":"neutral"}],"intent":[{"text":"","expression":"","category":"attitude"}],"summary":{"text":"어제 본 뉴스인데 프리미얼 리그에 있는 케인 선수가 후반 교체로 경기를 통해 세 골을 넣은 해트 트릭을 했다 라는 뉴스였습니다. 우리나라 선수이자 우리나라의 자랑인 케인 선수지만 8게임 동안 득점이 없었습니다. 현지에서는 과대 포장이라는 매체로 질타를 했습니다. 그런데 아이러니하게도 영국 매체에서는 케인에게 가장 낮은 점수인 육 점 삼을 주었습니다.","wordCount":48}}},"rawDataInfo":{"question":{"fileFormat":"wav","fileSize":461198,"duration":14410,"samplingBit":16,"channelCount":1,"samplingRate":"16kHz","audioPath":"/Mock/04.RND/Male/Experienced/ckmk_q_rnd_m_e_44577.wav"},"answer":{"fileFormat":"wav","fileSize":2864718,"duration":89520,"samplingBit":16,"channelCount":1,"samplingRate":"16kHz","audioPath":"/Mock/04.RND/Male/Experienced/ckmk_a_rnd_m_e_44577.wav"}}}