{"version":"1.0","dataSet":{"info":{"date":"20230116","occupation":"RND","channel":"MOCK","place":"ONLINE","gender":"MALE","ageRange":"35-44","experience":"EXPERIENCED"},"question":{"raw":{"text":"지원자님께서 입사하셔서 업무를 하시다 보면 업무 중에 어떤 스케줄이 생길 경우가 많이 발생하게 되는데요 이런 상황이 발생하게 된다면 지원자님께서는 어떻게 하시겠습니까","wordCount":21},"emotion":[],"intent":[]},"answer":{"raw":{"text":"네 업무 간에 이제 스케줄에 없던 일이 생기는 상황이 많이 있을 겁니다. 이런 상황이 생긴다면 어떻게 대처할 것인가에 대해서 한번 생각을 해 보았는데 그 부분에 대해서 답변 드리겠습니다. 업무 간에 이제 자기가 그 날에 있어야 할 스케줄 어 아침 회의부터 시작해서 어 퇴근 전까지 해야 할 일들을 스케줄을 정하기 나름인데 그분에서 이제 갑자기 치고 들어오는 응급 상황이라든지 우발 상황이라 상황이 생길 수가 있습니다. 그런 상황들이 생겼을 때 대처하고 또 대응하기 제일 좋은 방법은 제가 그날 하루에 해야 할 일들을 빨른 시간 내에 처리할 수 있는 쉬운 일들을 미리미리 몇 건을 끝내 놓면은 그날 안 해도 되는 일만 남을 겁니다. 이렇게 놨두는 상황이 되면 이런 우발상황이 생겼을 때 그 부분에 더 대응할 수 있는 시간적 여유가 생기고 이게 멘탈 쪽으로도 내가 급한 일들을 다 끝내놨기 때문에 이 일에 집중할 수 있다는 것을 무의식적으로 알게 됩니다. 그런 상황이 만들어 놓는 상황이 되면 이제 여유로운 자세가 되는데 그런 자세에서 임하다 보면은 이런 일 응급 상황에 대해서 대응할 수 있는 시간이 어 만들어질 것 같습니다. 이상입니다.","wordCount":162},"emotion":[],"intent":[{"text":"","expression":"","category":"attitude"}],"summary":{"text":"업무 간에 스케줄에 없던 일이 생기는 상황이 생기면 어떻게 대처할 것인가에 대해서 답변 드리겠습니다. 업무 간에 응급 상황, 우발 상황이라 상황이 생길 수가 있습니다. 대처하고 대응하는 제일 좋은 방법은 제가 빨리 처리해야 할 일들을 빨리 끝내 놓으면 그날 안 해도 되는 일만 남게 됩니다. 그렇게 놓아두면 시간적 여유가 생기고 멘탈 쪽으로도 이 일에 집중할 수 있다는 것을 알게 됩니다.","wordCount":59}}},"rawDataInfo":{"question":{"fileFormat":"wav","fileSize":535118,"duration":16720,"samplingBit":16,"channelCount":1,"samplingRate":"16kHz","audioPath":"/Mock/04.RND/Male/Experienced/ckmk_q_rnd_m_e_230213.wav"},"answer":{"fileFormat":"wav","fileSize":2704398,"duration":84510,"samplingBit":16,"channelCount":1,"samplingRate":"16kHz","audioPath":"/Mock/04.RND/Male/Experienced/ckmk_a_rnd_m_e_230213.wav"}}}