{"version":"1.0","dataSet":{"info":{"date":"20230116","occupation":"RND","channel":"MOCK","place":"ONLINE","gender":"MALE","ageRange":"35-44","experience":"EXPERIENCED"},"question":{"raw":{"text":"학교에서의 연구와 기업에서의 연구는 어떻게 다르다고 생각하는지 말씀해 주시겠습니까","wordCount":9},"emotion":[],"intent":[]},"answer":{"raw":{"text":"학교에서의 연구는 진정한 연구자 알엔디 센터의 직원으로 일하여 영리가 아닌 연구를 목적으로 데이터를 확보하고 논문 또는 표절 위조 변조 같은 거를 하지 않고 살아갈 수가 있습니다. 하지만 기업에서의 연구는 결국 회사의 생산성 판매 매출과 관계되기 때문에 앞서 말한 것처럼 지속적으로 데이터를 만들어내야 되는 부담이 있습니다. 예를 들어 백이라는 숫자의 수치가 나오지 않으면 백이 나올 때까지 지속적으로 연구를 지속한다거나 아니면 백이 나오는 방향으로 계속 연구를 조금씩 수정하거나 덧붙이기도 합니다. 그럴 때 학교에 있는 연구자들은 양심에 가치에 따라서 스스로 연구에 대한 최선을 다하지만 기업에서의 연구는 매출을 일으키고 회사가 생존하는 방향으로 하기 때문에 이것은 연구자이기 보다는 마케팅 또는 판매자에 가까운 실적을 낼 수 밖에 없었습니다.","wordCount":102},"emotion":[],"intent":[{"text":"","expression":"","category":"attitude"}],"summary":{"text":"학교에서의 연구는 진정한 연구자 알엔디 센터의 직원으로 일하여 영리가 아닌 연구를 목적으로 데이터를 확보하고 논문이나 표절 위조 변조 같은 것을 하지 않고 살아갈 수가 있습니다. 하지만 기업의 연구는 결국 회사의 생산성 판매 매출과 관계되기 때문에 지속적인 데이터를 만들어내야 되는 부담이 있었습니다.","wordCount":41}}},"rawDataInfo":{"question":{"fileFormat":"wav","fileSize":252558,"duration":7890,"samplingBit":16,"channelCount":1,"samplingRate":"16kHz","audioPath":"/Mock/04.RND/Male/Experienced/ckmk_q_rnd_m_e_196698.wav"},"answer":{"fileFormat":"wav","fileSize":2059918,"duration":64370,"samplingBit":16,"channelCount":1,"samplingRate":"16kHz","audioPath":"/Mock/04.RND/Male/Experienced/ckmk_a_rnd_m_e_196698.wav"}}}