{"version":"1.0","dataSet":{"info":{"date":"20230116","occupation":"RND","channel":"MOCK","place":"ONLINE","gender":"MALE","ageRange":"35-44","experience":"EXPERIENCED"},"question":{"raw":{"text":"어 우리 회사에 들어와서 본인이 하고 싶은 업무가 있으신가요 또 있으시다면 그 이유를 함께 설명해 주시기를 바랍니다","wordCount":17},"emotion":[],"intent":[]},"answer":{"raw":{"text":"어 저는 지금까지 이 건설 현장에서 안전 즉 현장을 뛰면서 어 현 현장의 건설 현장의 안전을 관리하는 업무를 지금까지 계속 어 이어 왔는데요. 어 귀사에 들어가 입사를 하게 되면은 저는 음 현장에서 뛰기보다는 한 번쯤은 이 제가 가졌 지금까지 겪었던 현장 안전 경력을 경력과 경험을 다른 후임 안전관리자들에게 들에게 교육하는 현장 관리 현장 안전관리 교육 업무를 담당하고 싶습니다. 어 제가 지금까지 어 현장을 다니면서 다른 사람들과는 물론 다른 사람도 보편적으로 많이 알고 있는 현장 안전 관리 업무지만은 저만의 노하우가 있지 않겠습니까. 이러한 노하우를 후임자들에게 많이 전수시켜서 우리 회사가 건설 현장에서 더욱더 안전적이고 그리고 사고가 없는 어 건설 현장으로 만들어서 어 회사에 큰 이익을 이뤄내고 싶습니다. 또한 많은 훌륭한 안전 관리자를 양성하는 데 크게 일조를 하고 싶습니다.","wordCount":116},"emotion":[],"intent":[{"text":"","expression":"","category":"attitude"}],"summary":{"text":"저는 지금까지 건설 현장에서 안전 관리 업무를 해 왔는데, 귀사에 입사하면 지금까지 경험했던 현장 안전 경력을 후임 안전관리자들에게 교육하는 업무를 담당하고 싶습니다. 저만의 노하우를 후임자들에게 전수시켜서 회사가 더 안전적이고 사고가 없는 건설 현장이 되면 좋겠습니다.","wordCount":35}}},"rawDataInfo":{"question":{"fileFormat":"wav","fileSize":389198,"duration":12160,"samplingBit":16,"channelCount":1,"samplingRate":"16kHz","audioPath":"/Mock/04.RND/Male/Experienced/ckmk_q_rnd_m_e_247109.wav"},"answer":{"fileFormat":"wav","fileSize":2801358,"duration":87540,"samplingBit":16,"channelCount":1,"samplingRate":"16kHz","audioPath":"/Mock/04.RND/Male/Experienced/ckmk_a_rnd_m_e_247109.wav"}}}