{"version":"1.0","dataSet":{"info":{"date":"20230116","occupation":"RND","channel":"MOCK","place":"ONLINE","gender":"MALE","ageRange":"35-44","experience":"EXPERIENCED"},"question":{"raw":{"text":"지원자님이 배달의 민족을 사용하시면서 서비스에서 좀 아쉬웠던 부분이 있으셨어요 만약에 있었으면 그게 무엇인지에 대해 말씀해 주세요","wordCount":16},"emotion":[],"intent":[]},"answer":{"raw":{"text":"아 배달의 민족 우아한 형제 회사에서 하는 어 플루 플랫폼 사업으로 알고 있는데 어 지금 이 배달의 민족이 이 우리나라 사회에 흡수돼 있는 그 영향력 그 파이가 굉장한 것 같습니다. 어느 순간에 코로나 시대를 통해서 이런 배달의 민족 배달의 문화가 엄청나게 성장한 것 같은데 어 그런 부분에서 봤을 때 이제 배달의 민족이 그만큼 이제 성장을 하고 이렇게 됐으면은 좀 뭔가 고객들에게 좀 이렇게 보답하는 그런 느낌이 있어야 하는데 오히려 배달비가 더 올라가거나 그 자영업 하시는 분들에 대한 뭐 수입률을 늘린다던지 그런 것들에 대해서 뭐 뉴스도 많이 나오고 하는 모습을 보면서 아 이게 정말 사람의 욕심은 끝이 없구나 그걸 느꼈고 어 회사 입장에서도 충분히 많이 발전해고 회사의 이익도 많이 커졌을 걸로 판단이 되면은 더 이상의 이제 수입은 늘리지 않고 아 이제 보답하려는 방향으로 가야 할 것 같은데 그러다 보니까 요즘에 배달하는 쪽이 많이 하향하는 것 같습니다. 그러다 보니까 좀 위험성이 있지 않을까 라는 생각을 해 보았습니다. 네 이상입니다","wordCount":147},"emotion":[],"intent":[{"text":"","expression":"","category":"attitude"}],"summary":{"text":"배달의 민족이 우리나라 사회에 흡수돼 있는 영향력은 엄청난 것 같습니다. 고객들에게 보답하는 느낌이 있어야 하는데 배달비가 더 올라가거나 자영업에 대한 수입률을 늘린다던지 하는 것을 보면서 사람의 욕심은 끝이 없음을 느꼈습니다. 더 이상 수입을 늘리지 않고 보답하려는 방향으로 가야 할 것 같은데 요즘은 배달하는 쪽이 많이 하향하는 것 같았습니다.","wordCount":48}}},"rawDataInfo":{"question":{"fileFormat":"wav","fileSize":485838,"duration":15180,"samplingBit":16,"channelCount":1,"samplingRate":"16kHz","audioPath":"/Mock/04.RND/Male/Experienced/ckmk_q_rnd_m_e_107528.wav"},"answer":{"fileFormat":"wav","fileSize":2705678,"duration":84550,"samplingBit":16,"channelCount":1,"samplingRate":"16kHz","audioPath":"/Mock/04.RND/Male/Experienced/ckmk_a_rnd_m_e_107528.wav"}}}