{"version":"1.0","dataSet":{"info":{"date":"20230116","occupation":"RND","channel":"MOCK","place":"ONLINE","gender":"MALE","ageRange":"45-54","experience":"EXPERIENCED"},"question":{"raw":{"text":"입사 후 쉬운 일 어려운 일이 있을 때 이 일에 대해서 분배를 어떻게 하시겠습니까","wordCount":14},"emotion":[],"intent":[]},"answer":{"raw":{"text":"어 입사 후 쉬운 일도 있을 수 있고 어려운 일도 있을 수 있습니다. 이런 쉬운 이런 어 업무적인 일이 주어졌을 때 저는 주로 쉬운 일을 먼저 어 하는 편입니다. 어 동시에 할 수도 있구요. 예를 들어서 쉬운 일과 어려운 일이 동시에 닥쳤을 때 어 저는 쉬운 일을 먼저 진행을 하면서 어려운 일도 그 어려운 일 가운데서도 바로바로 처리할 수 있는 일이 있구요. 음 파트를 나눠서 어 쉬운 어려 바로 처리할 수 있는 파트는 쉬운 일과 같이 동시에 진행을 하는 편이고 어 그러고 어려운 일은 천천히 시간을 두고 준비를 철저히 한다면 그 어려운 파트도 충분히 어 빠른 시간 내에 진행할 수 있을 거라고 생각합니다. 그래서 저는 만약에 쉬운 일이 어려운 일이 같이 있을 때는 분배를 하는 게 아니고 할 수 있는 일을 먼저 하면서 어려운 파트는 또 준비 시간을 어 충분히 둬서 진행을 했을 때 어 다 그 빠른 시간 내에 처리할 수 있게 그렇게 하는 편입니다. 이상입니다.","wordCount":147},"emotion":[],"intent":[{"text":"","expression":"","category":"attitude"}],"summary":{"text":"업무적인 일이 주어졌을 때 저는 쉬운 일을 먼저 하는 편입니다. 동시에 할 수도 있습니다. 파트를 나눠 처리할 수 있는 파트는 쉬운 일과 같이 동시 진행을 하는 편이고 어려운 일은 천천히 시간을 두고 준비를 철저히 한다면 빠르게 진행할 수 있을 것입니다. 할 수 있는 일을 먼저 하고 어려운 파트는 준비 시간을 충분히 둬서 진행했습니다.","wordCount":53}}},"rawDataInfo":{"question":{"fileFormat":"wav","fileSize":396878,"duration":12400,"samplingBit":16,"channelCount":1,"samplingRate":"16kHz","audioPath":"/Mock/04.RND/Male/Experienced/ckmk_q_rnd_m_e_77133.wav"},"answer":{"fileFormat":"wav","fileSize":2865678,"duration":89550,"samplingBit":16,"channelCount":1,"samplingRate":"16kHz","audioPath":"/Mock/04.RND/Male/Experienced/ckmk_a_rnd_m_e_77133.wav"}}}