{"version":"1.0","dataSet":{"info":{"date":"20230116","occupation":"RND","channel":"MOCK","place":"ONLINE","gender":"MALE","ageRange":"35-44","experience":"EXPERIENCED"},"question":{"raw":{"text":"열역학 영 법칙에 대해서 본인이 아는 대로 설명을 한번 해 보십시오","wordCount":11},"emotion":[],"intent":[]},"answer":{"raw":{"text":"아 열역학 영 법칙에 대해서 말씀드리겠습니다. 아 열역학 말 그대로입니다. 열 뜨거운 열을 가하고 역 일을 하게 되고 그게 계속 집중이 됐을 때는 영이 된다는 뜻이 되겠습니다. 그래서 뭐 그걸 예를 들자면 뭐 물에다가 열을 냄비에다 넣고 물을 계속 끓이게 되면은 어 일단 열을 가스렌지에 켰을 때 그게 열이 되는 것이고 역은 어 이 계속 켜면은 그게 인제 온도가 가열되는 일을 하게 되고 그게 계속 이어지면은 어 결국은 다 증발해서 없어지지 않겠습니까. 그게 이제 영이 된다는 법칙이 되는 건데 그 여러 가지 이제 학문적으로 봤을 때 이런 품목을 많이 적용을 합니다. 그래서 뭐 오늘 제가 방 안에서 갇혀 있을 때 이제 산소라는 것이 이제 열이 되는 거고 또 역이라는 것이 이제 제가 숨을 쉬는 행동 그런 일을 하게 되는 것이고 그게 지속되면 이 산소가 떨어져서 어 숨을 못쉬게 되는 상황까지 오게 됩니다. 그런 것들이 인제 여러 가지를 접목시켜서 많이 적용을 하고 있는데 그게 열역학 영 법칙이 되고 그거를 지금 현재 사회에서도 여러 가지를 많이 적용하고 있습니다. 네 그 법칙 학문적인 내용을 되겠습니다. 이상입니다.","wordCount":163},"emotion":[],"intent":[{"text":"","expression":"","category":"attitude"}],"summary":{"text":"열역학 영 법칙은 뜨거운 열을 가하고 역 일을 하게 되고 집중이 됐을 때는 영이 된다는 의미입니다. 산소가 열이 되는 것이고 역이 숨을 쉬는 행동인 것이 지속되면 산소가 떨어져서 숨 못쉬게 되는 상황까지 옵니다. 이런 것들이 접목되어 많이 적용을 하고 있습니다. 그 법칙 학문적인 내용이 되겠습니다.","wordCount":45}}},"rawDataInfo":{"question":{"fileFormat":"wav","fileSize":241358,"duration":7540,"samplingBit":16,"channelCount":1,"samplingRate":"16kHz","audioPath":"/Mock/04.RND/Male/Experienced/ckmk_q_rnd_m_e_107529.wav"},"answer":{"fileFormat":"wav","fileSize":2820558,"duration":88140,"samplingBit":16,"channelCount":1,"samplingRate":"16kHz","audioPath":"/Mock/04.RND/Male/Experienced/ckmk_a_rnd_m_e_107529.wav"}}}