{"version":"1.0","dataSet":{"info":{"date":"20230116","occupation":"RND","channel":"MOCK","place":"ONLINE","gender":"MALE","ageRange":"35-44","experience":"EXPERIENCED"},"question":{"raw":{"text":"일을 하다 보면 중국으로 출장을 가게 될 일이 생길 수도 있는데 혹시 면접자님은 중국으로 출장을 가는 것도 괜찮으신가요","wordCount":18},"emotion":[],"intent":[]},"answer":{"raw":{"text":"네 업무를 하게 되면 중국으로 출장갈 부분이나 여러 가지 부분에서 많은 일이 생길 수 있다고 생각합니다. 근데 이런 출장하는 부분에 대해서는 전혀 부담감이 없고 어 진행하는 데 제한 사항도 없을 것 같습니다. 어 그래서 이렇게 가게 된다면 오히려 더 기회가 될 수 있을 것이고 또 해외 업무나 뭐 이런 것들에 대해서 판단할 수 있는 좋은 기회 라고 생각하기 때문에 어 갈 일이 생긴다면 한번 가서 중국의 절차라든지 규정이라든지 그 나라만이 갖고 있는 특징에 대해서 꼭 배워서 우리나라에 와서도 우리 회사에 적용시켜서 그 부분은 잘된 점은 벤치마킹해서 어 잘 해보고 싶습니다. 그 중국 출장을 가게 되면 이제 주거 환경이나 모든 것들이 바뀌게 되는데 그런 부분에서는 어 환경이 바뀌는 부분에서는 또 경험이 많이 있고 하기 때문에 전혀 문제될 게 없을 것 같습니다. 이상입니다.","wordCount":121},"emotion":[],"intent":[{"text":"","expression":"","category":"attitude"}],"summary":{"text":"업무를 하게 되면 중국 출장에 대해 부담감이 없고 제한 사항도 없을 것 같습니다. 중국 출장을 가게 되면 주거 환경이나 모든 것들이 바뀌게 되는데 그런 부분에서는 경험이 많이 있고 하기 때문에 전혀 문제될 게 없습니다.","wordCount":34}}},"rawDataInfo":{"question":{"fileFormat":"wav","fileSize":302158,"duration":9440,"samplingBit":16,"channelCount":1,"samplingRate":"16kHz","audioPath":"/Mock/04.RND/Male/Experienced/ckmk_q_rnd_m_e_236278.wav"},"answer":{"fileFormat":"wav","fileSize":1955278,"duration":61100,"samplingBit":16,"channelCount":1,"samplingRate":"16kHz","audioPath":"/Mock/04.RND/Male/Experienced/ckmk_a_rnd_m_e_236278.wav"}}}