{"version":"1.0","dataSet":{"info":{"date":"20230116","occupation":"RND","channel":"MOCK","place":"ONLINE","gender":"MALE","ageRange":"45-54","experience":"EXPERIENCED"},"question":{"raw":{"text":"기억에 남는 프로젝트가 있다면 하나만 말씀해 보시겠습니까 그리고 또 그 이유가 뭔지도 같이","wordCount":13},"emotion":[],"intent":[]},"answer":{"raw":{"text":"아 그동안 많은 프로젝트를 진행했는데 기억에 남는 프로젝트라 하면 역시 좀 힘들게 진행했던 프로젝트가 기억에 많이 남습니다. 아 그 프로젝트의 경우에는 인력도 많이 모자랐고 개발 기간도 충분하지 않았기 때문에 뭐 대부분의 시간을 어 밤샘 작업도 많이 하고 아 출장 가서 많이 있기도 하고 그래서 참 어 힘들었습니다. 네 힘들었던 프로젝트가 지나고 나니까 가장 기억에 남습니다.","wordCount":55},"emotion":[{"text":"아 그 프로젝트의 경우에는 인력도 많이 모자랐고 개발 기간도   충분하지 않았기 때문에 뭐 대부분의 시간을 어   밤샘 작업도 많이 하고 아 출장 가서   많이 있기도 하고 그래서 참 어 힘들었습니다.","expression":"n-distress","category":"negative"}],"intent":[{"text":"","expression":"","category":"attitude"}],"summary":{"text":"그동안 많은 프로젝트를 진행했는데 가장 기억에 남는 프로젝트는 인력도 많이 모자랐고 개발 기간도 충분하지 않았던 힘든 프로젝트가 가장 기억에 남습니다.","wordCount":20}}},"rawDataInfo":{"question":{"fileFormat":"wav","fileSize":257998,"duration":8060,"samplingBit":16,"channelCount":1,"samplingRate":"16kHz","audioPath":"/Mock/04.RND/Male/Experienced/ckmk_q_rnd_m_e_69188.wav"},"answer":{"fileFormat":"wav","fileSize":1615438,"duration":50480,"samplingBit":16,"channelCount":1,"samplingRate":"16kHz","audioPath":"/Mock/04.RND/Male/Experienced/ckmk_a_rnd_m_e_69188.wav"}}}