{"version":"1.0","dataSet":{"info":{"date":"20230116","occupation":"RND","channel":"MOCK","place":"ONLINE","gender":"MALE","ageRange":"45-54","experience":"EXPERIENCED"},"question":{"raw":{"text":"우리 업무에 활용되는 다양한 설계 해석 프로그램이 있습니다 아 본인도 잘 아시겠지만 그중에 혹시 본인이 사용할 수 있는 설계 해석 프로그램이 있을까요","wordCount":22},"emotion":[],"intent":[]},"answer":{"raw":{"text":"설계 프로그램은 알리베르 카드라 브릭스 브릭스 카드 비아엘 카드 어 오토카드 등이 있는데 전 그중에서 오토카드를 어 잘 사용할 수 있습니다. 오토카드는 투디디더블유지 기계 설비를 상용화한 프로그램으로서 이것은 어 디더블유지를 기반으로 하는 설계 프로그램입니다. 어 오토카드에서 오토카드사에서 서비스한 제품으로써 도면을 그리는 사람이면 누구나 알고 있는 프로그램입니다. 어 승합차를 설계할 때 이것을 평면과 입체적인 것을 같이 표현할 수 있는 프로그램인데 저는 이것을 주로 잘 사용하고 이것을 건물 내측 외측을 어 저 설계할 때 주로 사용하는 편입니다. 이 프로그램은 어 사용이 단순한 반면 그 기대값이나 기대치를 어 측정할 수 있는 장점이 있습니다. 어 설계 사용하기도 편리하고 그 기대치 기대값을 예측함으로써 나중에 설계를 할 때 그거에 대한 값을 좀 더 쉽게 구하고 여러 방면으로 사용할 수가 있어 저는 요 프로그램을 잘 사용하고 좋아라 하는 편입니다.","wordCount":122},"emotion":[],"intent":[{"text":"","expression":"","category":"attitude"}],"summary":{"text":"설계 프로그램은 알리베르 카드라 브릭스 브릭스 카드 비아엘 카드 어 오토카드 등이 있는데 전 여기서 오토카드를 잘 사용할 수 있습니다. 이는 투디디더블유지 기계 설비를 상용화한 프로그램으로서 이것은 어 디더블유지를 기반으로 하는 설계 프로그램입니다.","wordCount":33}}},"rawDataInfo":{"question":{"fileFormat":"wav","fileSize":531278,"duration":16600,"samplingBit":16,"channelCount":1,"samplingRate":"16kHz","audioPath":"/Mock/04.RND/Male/Experienced/ckmk_q_rnd_m_e_49558.wav"},"answer":{"fileFormat":"wav","fileSize":2699598,"duration":84360,"samplingBit":16,"channelCount":1,"samplingRate":"16kHz","audioPath":"/Mock/04.RND/Male/Experienced/ckmk_a_rnd_m_e_49558.wav"}}}