{"version":"1.0","dataSet":{"info":{"date":"20230116","occupation":"RND","channel":"MOCK","place":"ONLINE","gender":"MALE","ageRange":"45-54","experience":"EXPERIENCED"},"question":{"raw":{"text":"다른 직무로 배정된다면 어떻게 하겠는지 설명해 주시겠습니까","wordCount":7},"emotion":[],"intent":[]},"answer":{"raw":{"text":"제가 지원한 직무와 업무가 다르고 또 그 업무에 따르는 다른 부서에 배치된다면 저는 그 다른 부서에서 하는 일을 기회로 삼을 것 같습니다. 왜냐하면 지금은 하나의 능력보다는 여러 가지를 두루 경험한 그런 인재가 회사에서 주목 받는다고 생각합니다. 제가 있었던 그 부서의 노하우를 새로운 부서로 옮겨졌을 때 분명히 접목시킬 수 있는 그런 기회가 저에게는 찾아올 거라고 생각합니다. 그때서야 제가 전에 업무 배웠던 것을 새로운 것과 접목시키며 이 회사에 색다른 그리고 신선한 그런 창조적인 일을 갖다가 해 나갈 수 있을 거라고 생각이 듭니다.","wordCount":80},"emotion":[],"intent":[{"text":"","expression":"","category":"attitude"}],"summary":{"text":"저는 하나의 능력보다 여러 가지를 두루 경험한 인재가 회사에서 주목 받는다고 생각합니다. 제가 전 부서의 노하우를 새로운 부서에서 접목시킨다면, 회사에 신선한 창조적인 일을 가져다 할 수 있을 것이라 생각합니다.","wordCount":29}}},"rawDataInfo":{"question":{"fileFormat":"wav","fileSize":275918,"duration":8620,"samplingBit":16,"channelCount":1,"samplingRate":"16kHz","audioPath":"/Mock/04.RND/Male/Experienced/ckmk_q_rnd_m_e_90024.wav"},"answer":{"fileFormat":"wav","fileSize":2325838,"duration":72680,"samplingBit":16,"channelCount":1,"samplingRate":"16kHz","audioPath":"/Mock/04.RND/Male/Experienced/ckmk_a_rnd_m_e_90024.wav"}}}