{"version":"1.0","dataSet":{"info":{"date":"20230116","occupation":"RND","channel":"MOCK","place":"ONLINE","gender":"MALE","ageRange":"35-44","experience":"EXPERIENCED"},"question":{"raw":{"text":"어 지원자님께서는 어떤 문제에 부딪치셨을 때 혼자 해결 하는 편이신지 아니면 여러 사람들에게 이야기를 해서 조언을 구하는 편이신지 궁금합니다","wordCount":19},"emotion":[],"intent":[]},"answer":{"raw":{"text":"일단 저는 부딪치면 항상 보험을 불렀었어요. 부딪치는 경우가 이제 제가 잘못해서 부딪치는 경우도 있었고 상대가 저를 부딪친 경우도 있었어요. 어쨌든 간에 내가 비중이 크든 상대가 비중이 더 크던 부딪친 상황에서는 그 문제에서는 제가 해결하는 것은 대개 좀 손해를 많이 보게 되는 일 같애요. 말을 잘못해 가지고 섣불르게 이렇게 합의를 받다가는 손해를 볼 수도 있어요. 반면에 어떻게 해 가지고 상대 측에 더 큰 손해를 끼치게 될 수도 있어요. 그래서 그런 일들을 좀 미연에 방지하고자 우리는 그렇게 보험을 가입하게 된 것 같거든요. 돈을 내고 보험을 사용하고 있는 경우가 왜 그런가 하니 가 하니 하면은 이렇게 부딪치는 경우가 발생했을 때 나 혼자의 힘보다는 주변 사람의 도움을 통해서 그 문제를 극복할 수 있다는 그런 사례를 잘 보여주는 것 같애요. 그러니까 부딪쳤을 땐 일단 밖으로 나가지 말고 전화부터 해서 도움을 요청을 해야 된다고 저는 항상 생각합니다.","wordCount":131},"emotion":[],"intent":[{"text":"","expression":"","category":"attitude"}],"summary":{"text":"저는 부딪칠 경우 보험을 불렀었는데, 부딪친 상황에서는 제가 해결하는 것은 대개 손해를 많이 보게 되는 일입니다. 그래서 보험을 가입하게 된 것 같은데, 이는 부딪칠 때 나 혼자의 힘보다는 주변 사람의 도움을 통해서 극복할 수 있다는 것을 잘 보여주는 것 같습니다.","wordCount":40}}},"rawDataInfo":{"question":{"fileFormat":"wav","fileSize":416078,"duration":13000,"samplingBit":16,"channelCount":1,"samplingRate":"16kHz","audioPath":"/Mock/04.RND/Male/Experienced/ckmk_q_rnd_m_e_205683.wav"},"answer":{"fileFormat":"wav","fileSize":2851918,"duration":89120,"samplingBit":16,"channelCount":1,"samplingRate":"16kHz","audioPath":"/Mock/04.RND/Male/Experienced/ckmk_a_rnd_m_e_205683.wav"}}}