{"version":"1.0","dataSet":{"info":{"date":"20230116","occupation":"RND","channel":"MOCK","place":"ONLINE","gender":"MALE","ageRange":"35-44","experience":"EXPERIENCED"},"question":{"raw":{"text":"어 지원자님께서 이제 본인의 전공과 관련해서 최근에 부족하다고 느끼는 분야가 있으신가요 있으시다면 어 그 분야를 따로 공부하고 계신지 궁금합니다","wordCount":19},"emotion":[],"intent":[]},"answer":{"raw":{"text":"이전 직장에서 제가 근무를 하면서 어 물론 저는 이제 현장에서 주로 이제 음 뛰는 업무를 맡았지만은 그렇다고 해서 이 도면을 읽는 것이 제가 했던 현장 업무와 뭐 크게 다 어 연관이 없지는 않았습니다. 물론 이제 어 캐드 능력 즉 어 어떻게 캐드 프로그램을 다루는 것은 어 다루는 능력 또한 저도 이제 대학교에서 배웠고 종종 업무를 통해서 익혀 두었지만은 지금 제가 여러 어 지원하고 지원하는 포지션에는 이 캐드 오토 캐드를 다루는 능력이 이전 회사에서 맡았던 일보다 조금 더 중요하다고 생각하고 있습니다. 그래서 저는 이 오토 캐드를 어 지금 음 이 여 귀사에 지원함과 동시에 많이 익혀두고 있습니다. 어 개인적으로 공부를 하는 것은 조금 음 부족하다고 여겼기 때문에 지금 저는 어 오토캐드를 전문으로 교육하는 학원을 다니고 있습니다. 그래서 이 회 기획 여러분께서 제가 마음에 들어서 저를 뽑게 되신다면 제가 이 회사 회사에 입사하는 할 시기쯤에는 다른 어 다른 경력자와 똑같이 오토 캐드 능력을 지니고 있을 거라고 저는 굳게 믿고 있습니다.","wordCount":148},"emotion":[],"intent":[{"text":"어 개인적으로 공부를 하는 것은 조금 음 부족하다고 여겼기 때문에 지금 저는 어 오토캐드를 전문으로 교육하는 학원을 다니고 있습니다.","expression":"r_prof","category":"attitude"}],"summary":{"text":"이전 직장에서 근무를 하면서 도면을 읽는 것이 현장 업무와 연관이 없지는 않았습니다. 캐드 능력을 배웠고 지금은 이전 회사보다 오토 캐드를 다루는 능력이 더 중요하다고 생각합니다. 그래서 저는 오토캐드를 전문으로 교육하는 학원을 다니고 있습니다. 여러분께서 저를 뽑는다면 다른 경력자와 똑같이 능력을 지니고 있을 거라 믿습니다.","wordCount":44}}},"rawDataInfo":{"question":{"fileFormat":"wav","fileSize":448078,"duration":14000,"samplingBit":16,"channelCount":1,"samplingRate":"16kHz","audioPath":"/Mock/04.RND/Male/Experienced/ckmk_q_rnd_m_e_247105.wav"},"answer":{"fileFormat":"wav","fileSize":3107918,"duration":97120,"samplingBit":16,"channelCount":1,"samplingRate":"16kHz","audioPath":"/Mock/04.RND/Male/Experienced/ckmk_a_rnd_m_e_247105.wav"}}}